{
"type": "FeatureCollection",
"name": "Country_Parks_EnglandPolygon",
"features": [
{ "type": "Feature", "properties": { "ref_code": 1421884.0, "theme": "country parks", "name": "GRAND WESTERN CANAL", "status": "Accredited", "measure": 48.56, "gridref": "ST018129", "label": "GRAND WESTERN CANAL (Country Park)", "hyperlink": "GSP001884" }, "geometry": { "type": "Polygon", "coordinates": [ [ [ -3.400236, 50.9087972 ], [ -3.4005858, 50.9089584 ], [ -3.4005612, 50.9089953 ], [ -3.400846, 50.9090883 ], [ -3.4008875, 50.9090511 ], [ -3.400969, 50.9090676 ], [ -3.4011654, 50.9091321 ], [ -3.4012608, 50.9091608 ], [ -3.4013904, 50.9092084 ], [ -3.4014876, 50.9092399 ], [ -3.4016354, 50.9092819 ], [ -3.4017001, 50.9092997 ], [ -3.4017414, 50.909308 ], [ -3.4017842, 50.9093144 ], [ -3.4018228, 50.9093209 ], [ -3.4019271, 50.9093378 ], [ -3.4020228, 50.9093512 ], [ -3.4020328, 50.909352 ], [ -3.4021415, 50.9093661 ], [ -3.4022073, 50.9093766 ], [ -3.4022159, 50.9093782 ], [ -3.4022873, 50.9093895 ], [ -3.4023347, 50.9093944 ], [ -3.4023636, 50.9093965 ], [ -3.4024214, 50.9093992 ], [ -3.4024519, 50.9093996 ], [ -3.4024736, 50.9093986 ], [ -3.4026414, 50.9093964 ], [ -3.4028642, 50.9093826 ], [ -3.4028874, 50.9094337 ], [ -3.4029041, 50.9094592 ], [ -3.4029265, 50.9094746 ], [ -3.4029706, 50.9094943 ], [ -3.4030292, 50.9095082 ], [ -3.4031553, 50.9095389 ], [ -3.4032798, 50.9095679 ], [ -3.4033904, 50.9095883 ], [ -3.4034474, 50.909595 ], [ -3.4035201, 50.9096015 ], [ -3.4035581, 50.9096037 ], [ -3.4042342, 50.9094784 ], [ -3.4043715, 50.909465 ], [ -3.4048554, 50.909347 ], [ -3.4058212, 50.9091459 ], [ -3.4058335, 50.9091431 ], [ -3.405881, 50.9091334 ], [ -3.4059701, 50.9091144 ], [ -3.4060458, 50.9090972 ], [ -3.4062939, 50.9090541 ], [ -3.4066431, 50.909101 ], [ -3.40703, 50.90915 ], [ -3.4070691, 50.9091556 ], [ -3.4071235, 50.909163 ], [ -3.4071903, 50.9091697 ], [ -3.407266, 50.9091749 ], [ -3.4073133, 50.9091734 ], [ -3.4073124, 50.9091068 ], [ -3.4073671, 50.9091087 ], [ -3.4074914, 50.9091376 ], [ -3.4075642, 50.9091614 ], [ -3.408063, 50.9092771 ], [ -3.4084756, 50.9093572 ], [ -3.4086005, 50.9093745 ], [ -3.4087278, 50.9093962 ], [ -3.4089811, 50.9094432 ], [ -3.4090518, 50.9094582 ], [ -3.4094523, 50.9095427 ], [ -3.4094903, 50.9095551 ], [ -3.4096073, 50.9095756 ], [ -3.4095948, 50.9096718 ], [ -3.4095905, 50.9097057 ], [ -3.4095712, 50.909743 ], [ -3.4095537, 50.9098565 ], [ -3.4096006, 50.9098531 ], [ -3.4096757, 50.9098564 ], [ -3.4097329, 50.9098609 ], [ -3.4097901, 50.9098666 ], [ -3.4098758, 50.9098766 ], [ -3.4099615, 50.9098867 ], [ -3.4101505, 50.9099095 ], [ -3.4102778, 50.9099283 ], [ -3.410421, 50.9099517 ], [ -3.4105286, 50.909971 ], [ -3.4106746, 50.9099997 ], [ -3.4110928, 50.9101104 ], [ -3.4115198, 50.9102576 ], [ -3.4115969, 50.9102895 ], [ -3.4116702, 50.9103173 ], [ -3.4117507, 50.9103349 ], [ -3.4117889, 50.9103067 ], [ -3.4118314, 50.9103336 ], [ -3.4118608, 50.9103345 ], [ -3.4118809, 50.9103299 ], [ -3.4119167, 50.9103108 ], [ -3.4119987, 50.9102638 ], [ -3.4121702, 50.9101521 ], [ -3.4122877, 50.9100681 ], [ -3.4123947, 50.9100847 ], [ -3.4126851, 50.9101109 ], [ -3.4128751, 50.9101322 ], [ -3.413085, 50.910151 ], [ -3.4133735, 50.9101723 ], [ -3.4135613, 50.9101867 ], [ -3.4137657, 50.9102102 ], [ -3.4139918, 50.91025 ], [ -3.4142423, 50.9103109 ], [ -3.4144389, 50.9103702 ], [ -3.4146499, 50.9104353 ], [ -3.4150505, 50.910559 ], [ -3.4152979, 50.9106346 ], [ -3.4156112, 50.910729 ], [ -3.415917, 50.9108277 ], [ -3.4160882, 50.9108817 ], [ -3.416231, 50.9109368 ], [ -3.4163203, 50.9109761 ], [ -3.4164171, 50.911021 ], [ -3.4165297, 50.9110867 ], [ -3.4165725, 50.911119 ], [ -3.4166001, 50.9111407 ], [ -3.4166411, 50.9111764 ], [ -3.4166998, 50.9112346 ], [ -3.4167282, 50.9112725 ], [ -3.4167574, 50.9113085 ], [ -3.4167261, 50.911346 ], [ -3.4167047, 50.9113819 ], [ -3.4166901, 50.9114023 ], [ -3.4166813, 50.9114214 ], [ -3.4166785, 50.9114512 ], [ -3.4167883, 50.9116614 ], [ -3.4168471, 50.9118615 ], [ -3.4169659, 50.9121168 ], [ -3.4170196, 50.9122138 ], [ -3.4170528, 50.9122526 ], [ -3.4171508, 50.9123228 ], [ -3.4172677, 50.9123915 ], [ -3.4173773, 50.9124407 ], [ -3.4174887, 50.9124747 ], [ -3.4175167, 50.91249 ], [ -3.4175314, 50.9124949 ], [ -3.4175462, 50.9125027 ], [ -3.4175598, 50.912513 ], [ -3.4175657, 50.9125254 ], [ -3.4175657, 50.9125428 ], [ -3.4175729, 50.9125626 ], [ -3.4176095, 50.9125754 ], [ -3.4177657, 50.9126617 ], [ -3.4177965, 50.9126934 ], [ -3.4179027, 50.912783 ], [ -3.4180264, 50.9128889 ], [ -3.418096, 50.9129302 ], [ -3.4181528, 50.9129538 ], [ -3.4182167, 50.9129753 ], [ -3.4183205, 50.9129961 ], [ -3.4184154, 50.9130028 ], [ -3.4185081, 50.9129983 ], [ -3.4186111, 50.9129882 ], [ -3.4188218, 50.9129609 ], [ -3.4188744, 50.9129489 ], [ -3.4189734, 50.9129111 ], [ -3.4192822, 50.9129472 ], [ -3.4192808, 50.912948 ], [ -3.4192675, 50.9130308 ], [ -3.4194247, 50.9130351 ], [ -3.4196372, 50.9130434 ], [ -3.4200205, 50.9130619 ], [ -3.4205855, 50.9130876 ], [ -3.4207127, 50.9131016 ], [ -3.4213479, 50.9131716 ], [ -3.4217568, 50.913212 ], [ -3.4219738, 50.9132311 ], [ -3.4221478, 50.9132274 ], [ -3.4222996, 50.9132318 ], [ -3.4225009, 50.9132356 ], [ -3.4227225, 50.9132639 ], [ -3.4229343, 50.9132876 ], [ -3.4231339, 50.9133224 ], [ -3.4233291, 50.9133603 ], [ -3.4234359, 50.9133934 ], [ -3.4236123, 50.9134345 ], [ -3.4238346, 50.9134939 ], [ -3.424035, 50.9135548 ], [ -3.4243486, 50.9136602 ], [ -3.4245439, 50.9137336 ], [ -3.4247717, 50.9138401 ], [ -3.4248801, 50.913902 ], [ -3.4249807, 50.913969 ], [ -3.425019, 50.9139974 ], [ -3.4251067, 50.9140698 ], [ -3.425185, 50.9141463 ], [ -3.4252245, 50.9141905 ], [ -3.4253718, 50.9143506 ], [ -3.4255506, 50.9145541 ], [ -3.4256134, 50.9146397 ], [ -3.4257309, 50.9147433 ], [ -3.4257941, 50.9147886 ], [ -3.4259731, 50.9149077 ], [ -3.4261546, 50.9150228 ], [ -3.4263151, 50.9151172 ], [ -3.4263014, 50.9151473 ], [ -3.4262748, 50.915237 ], [ -3.4262725, 50.9152419 ], [ -3.4269074, 50.9154087 ], [ -3.4270453, 50.9154443 ], [ -3.4271358, 50.9154633 ], [ -3.4272216, 50.9154957 ], [ -3.4274244, 50.9155699 ], [ -3.4279063, 50.915733 ], [ -3.4282899, 50.9158576 ], [ -3.4283272, 50.9157882 ], [ -3.429088, 50.9157524 ], [ -3.4295787, 50.9155552 ], [ -3.4304834, 50.9151933 ], [ -3.4312278, 50.9148666 ], [ -3.4317374, 50.914623 ], [ -3.431965, 50.914519 ], [ -3.4321859, 50.9144093 ], [ -3.4322495, 50.9143759 ], [ -3.4323145, 50.9143316 ], [ -3.4323706, 50.9142827 ], [ -3.4324172, 50.91423 ], [ -3.4324535, 50.9141741 ], [ -3.4324617, 50.9141582 ], [ -3.4324668, 50.9141541 ], [ -3.4325268, 50.9141033 ], [ -3.4325811, 50.9140517 ], [ -3.4326534, 50.9139771 ], [ -3.4327214, 50.9139007 ], [ -3.4327407, 50.913874 ], [ -3.4327982, 50.9137734 ], [ -3.4328089, 50.9137478 ], [ -3.4328184, 50.9137213 ], [ -3.4328351, 50.9136504 ], [ -3.4328435, 50.9135867 ], [ -3.4328431, 50.9135612 ], [ -3.4328493, 50.9134613 ], [ -3.43285, 50.9134351 ], [ -3.432844, 50.9133653 ], [ -3.4328307, 50.9132856 ], [ -3.4328306, 50.9132774 ], [ -3.4328195, 50.9132286 ], [ -3.4328039, 50.9131708 ], [ -3.4327627, 50.9130552 ], [ -3.4326996, 50.9129182 ], [ -3.4326549, 50.9128355 ], [ -3.4326046, 50.9127545 ], [ -3.4325704, 50.9126952 ], [ -3.432529, 50.9126371 ], [ -3.432479, 50.9125737 ], [ -3.432429, 50.9125111 ], [ -3.4323835, 50.9124593 ], [ -3.4323234, 50.9123968 ], [ -3.4322589, 50.9123317 ], [ -3.4321813, 50.9122578 ], [ -3.4320965, 50.9121803 ], [ -3.4319871, 50.9120869 ], [ -3.4318659, 50.9119869 ], [ -3.4318546, 50.9119778 ], [ -3.4318174, 50.9119482 ], [ -3.4311351, 50.9113732 ], [ -3.4307367, 50.911062 ], [ -3.4306523, 50.9109826 ], [ -3.430641, 50.9109727 ], [ -3.4306811, 50.9109524 ], [ -3.4307187, 50.9109336 ], [ -3.4307325, 50.9109235 ], [ -3.4307448, 50.9109124 ], [ -3.4307545, 50.9109042 ], [ -3.4307781, 50.9108856 ], [ -3.430785, 50.910872 ], [ -3.4304008, 50.9105592 ], [ -3.4293404, 50.9097407 ], [ -3.429273, 50.9096888 ], [ -3.4291558, 50.9096008 ], [ -3.4291295, 50.9095805 ], [ -3.4291003, 50.9095618 ], [ -3.4290813, 50.9095504 ], [ -3.4290508, 50.9095326 ], [ -3.4290348, 50.909525 ], [ -3.4290325, 50.9094437 ], [ -3.4290332, 50.9093425 ], [ -3.4290332, 50.909313 ], [ -3.4290355, 50.9092883 ], [ -3.4284187, 50.9091948 ], [ -3.4281499, 50.909146 ], [ -3.4276271, 50.9090459 ], [ -3.4275255, 50.9090375 ], [ -3.4273034, 50.9090177 ], [ -3.4272156, 50.9090092 ], [ -3.4271719, 50.9090041 ], [ -3.4271457, 50.9090044 ], [ -3.4270895, 50.9090112 ], [ -3.4270794, 50.9089573 ], [ -3.4268867, 50.9089067 ], [ -3.4268773, 50.9089048 ], [ -3.4264563, 50.9088176 ], [ -3.4261006, 50.9087427 ], [ -3.4260832, 50.9087396 ], [ -3.4260327, 50.9087258 ], [ -3.4259913, 50.9087079 ], [ -3.4260047, 50.9086367 ], [ -3.4260319, 50.9086123 ], [ -3.4260542, 50.9085961 ], [ -3.4260799, 50.9085661 ], [ -3.4266478, 50.9077429 ], [ -3.4266528, 50.9077355 ], [ -3.4268674, 50.9074301 ], [ -3.427068, 50.9071418 ], [ -3.4271939, 50.9069418 ], [ -3.4272595, 50.9067999 ], [ -3.4273579, 50.9065467 ], [ -3.4274029, 50.9064318 ], [ -3.4274182, 50.9063962 ], [ -3.4274312, 50.9063611 ], [ -3.427438, 50.906315 ], [ -3.4274415, 50.9062407 ], [ -3.4274466, 50.9061888 ], [ -3.4274451, 50.9061418 ], [ -3.4274477, 50.9061146 ], [ -3.4274544, 50.9060119 ], [ -3.4274455, 50.9059947 ], [ -3.4276009, 50.906082 ], [ -3.4276103, 50.9057981 ], [ -3.4275966, 50.9055867 ], [ -3.427574, 50.9055172 ], [ -3.4275512, 50.905483 ], [ -3.427539, 50.9054679 ], [ -3.4275136, 50.9054496 ], [ -3.4274877, 50.905362 ], [ -3.4274833, 50.9052945 ], [ -3.4275279, 50.905289 ], [ -3.4275466, 50.9052873 ], [ -3.4275738, 50.9052849 ], [ -3.4275929, 50.9052841 ], [ -3.4276121, 50.9052206 ], [ -3.4276059, 50.9051812 ], [ -3.4275727, 50.905018 ], [ -3.4275038, 50.9048483 ], [ -3.4274986, 50.9048368 ], [ -3.4274748, 50.904807 ], [ -3.4274517, 50.9047768 ], [ -3.42743, 50.9047464 ], [ -3.4274104, 50.9047154 ], [ -3.4273923, 50.9046842 ], [ -3.4273744, 50.9046528 ], [ -3.4273568, 50.9046214 ], [ -3.4272922, 50.904505 ], [ -3.4272767, 50.9044727 ], [ -3.4272636, 50.9044399 ], [ -3.4270965, 50.9042107 ], [ -3.4270124, 50.9040934 ], [ -3.4269166, 50.9039511 ], [ -3.4268251, 50.9037526 ], [ -3.4267932, 50.9036808 ], [ -3.4267479, 50.9035664 ], [ -3.4266973, 50.9033928 ], [ -3.4266838, 50.9032636 ], [ -3.4266782, 50.903138 ], [ -3.4266762, 50.9030435 ], [ -3.4266821, 50.9029207 ], [ -3.4266848, 50.9028457 ], [ -3.4266871, 50.9027224 ], [ -3.4266903, 50.9026899 ], [ -3.4267019, 50.9026098 ], [ -3.4267488, 50.9024149 ], [ -3.4267973, 50.9022245 ], [ -3.4268825, 50.902167 ], [ -3.4268305, 50.9021209 ], [ -3.426946, 50.9018309 ], [ -3.427031, 50.9016811 ], [ -3.4270391, 50.9016696 ], [ -3.4270846, 50.901626 ], [ -3.4270984, 50.901617 ], [ -3.4271153, 50.9016169 ], [ -3.4271365, 50.9015682 ], [ -3.4271079, 50.9015465 ], [ -3.4271077, 50.9015386 ], [ -3.4271186, 50.9015243 ], [ -3.4272956, 50.9012445 ], [ -3.4273273, 50.901197 ], [ -3.4273483, 50.9011633 ], [ -3.427366, 50.9011496 ], [ -3.4273872, 50.9011231 ], [ -3.4274163, 50.9010811 ], [ -3.4274415, 50.9010455 ], [ -3.4274572, 50.9010219 ], [ -3.4275026, 50.900968 ], [ -3.4275281, 50.9009414 ], [ -3.4275545, 50.900905 ], [ -3.4276016, 50.9008574 ], [ -3.427672, 50.9007754 ], [ -3.4276047, 50.9007615 ], [ -3.4275531, 50.9007521 ], [ -3.427652, 50.9006545 ], [ -3.4276933, 50.9006187 ], [ -3.4277898, 50.9005486 ], [ -3.4278355, 50.9005154 ], [ -3.4278409, 50.9005137 ], [ -3.4279031, 50.9005174 ], [ -3.4279687, 50.9005171 ], [ -3.4280117, 50.9004758 ], [ -3.4280928, 50.9004042 ], [ -3.4281843, 50.9003172 ], [ -3.4284158, 50.9001257 ], [ -3.4286443, 50.8999765 ], [ -3.428685, 50.8999526 ], [ -3.4289175, 50.8998231 ], [ -3.4290661, 50.8997493 ], [ -3.4296764, 50.8994808 ], [ -3.4297346, 50.8994567 ], [ -3.4298456, 50.8994248 ], [ -3.429887, 50.8994117 ], [ -3.4299267, 50.899395 ], [ -3.429968, 50.8993837 ], [ -3.4300108, 50.8993733 ], [ -3.4302525, 50.8992948 ], [ -3.4308803, 50.8991805 ], [ -3.4308978, 50.8991784 ], [ -3.4309257, 50.899177 ], [ -3.4311603, 50.8991761 ], [ -3.4314324, 50.8991914 ], [ -3.4322639, 50.8992896 ], [ -3.4323485, 50.899297 ], [ -3.4325503, 50.8993453 ], [ -3.4326625, 50.8993699 ], [ -3.4326893, 50.8993703 ], [ -3.4327079, 50.8993709 ], [ -3.432796, 50.8993794 ], [ -3.4328344, 50.8993852 ], [ -3.4330309, 50.899413 ], [ -3.4332341, 50.8994258 ], [ -3.4333178, 50.899428 ], [ -3.4333635, 50.8994295 ], [ -3.433402, 50.8994274 ], [ -3.4334332, 50.8994245 ], [ -3.4334932, 50.8994223 ], [ -3.4335872, 50.8994172 ], [ -3.4336682, 50.8994094 ], [ -3.4337479, 50.8994052 ], [ -3.4338176, 50.8993976 ], [ -3.4339824, 50.899373 ], [ -3.4340563, 50.8993636 ], [ -3.4343398, 50.899295 ], [ -3.4345223, 50.899236 ], [ -3.4347509, 50.8991588 ], [ -3.4353598, 50.8989404 ], [ -3.4354432, 50.8989122 ], [ -3.4355356, 50.8988924 ], [ -3.4355823, 50.8988837 ], [ -3.4356382, 50.8988694 ], [ -3.4358387, 50.8988123 ], [ -3.4359322, 50.898792 ], [ -3.4360497, 50.8987757 ], [ -3.4363524, 50.8987516 ], [ -3.4367829, 50.898746 ], [ -3.4368434, 50.8987479 ], [ -3.4369469, 50.8987533 ], [ -3.4370362, 50.8987587 ], [ -3.4371056, 50.8987645 ], [ -3.4371822, 50.898772 ], [ -3.4373101, 50.8987879 ], [ -3.4375238, 50.8988166 ], [ -3.4375855, 50.8988285 ], [ -3.4376081, 50.8988352 ], [ -3.4377856, 50.8988803 ], [ -3.4378242, 50.898889 ], [ -3.4378441, 50.8988952 ], [ -3.4379626, 50.8989239 ], [ -3.4381181, 50.8989632 ], [ -3.4381723, 50.8989763 ], [ -3.4382094, 50.898985 ], [ -3.438382, 50.8990286 ], [ -3.4384533, 50.8990461 ], [ -3.4385832, 50.8990784 ], [ -3.4386377, 50.8990933 ], [ -3.4387494, 50.8991213 ], [ -3.4388425, 50.8991448 ], [ -3.4391962, 50.8992331 ], [ -3.4392463, 50.8992453 ], [ -3.4393206, 50.8992616 ], [ -3.4394983, 50.8992996 ], [ -3.4396825, 50.8993457 ], [ -3.4399108, 50.8994078 ], [ -3.4401473, 50.8994646 ], [ -3.440232, 50.8994867 ], [ -3.4404013, 50.8995295 ], [ -3.4404877, 50.8995504 ], [ -3.4406497, 50.8995935 ], [ -3.4407687, 50.8996253 ], [ -3.4408664, 50.8996507 ], [ -3.4410707, 50.8997048 ], [ -3.4412584, 50.8997521 ], [ -3.4415785, 50.8998301 ], [ -3.4418623, 50.8998888 ], [ -3.4421372, 50.8999526 ], [ -3.4421793, 50.8999626 ], [ -3.4423694, 50.9000071 ], [ -3.4424673, 50.9000399 ], [ -3.4425532, 50.9000501 ], [ -3.442592, 50.9000553 ], [ -3.4428467, 50.9001153 ], [ -3.4428869, 50.9001204 ], [ -3.4430172, 50.9001253 ], [ -3.4431365, 50.9001215 ], [ -3.4432524, 50.9001006 ], [ -3.4433528, 50.9000682 ], [ -3.4436507, 50.8999577 ], [ -3.4438372, 50.8998783 ], [ -3.4439454, 50.8998305 ], [ -3.4440532, 50.8997823 ], [ -3.4440983, 50.8997622 ], [ -3.444143, 50.899742 ], [ -3.4441867, 50.8997209 ], [ -3.444234, 50.8996953 ], [ -3.444281, 50.8996696 ], [ -3.4443443, 50.8996377 ], [ -3.4443713, 50.8996224 ], [ -3.4443976, 50.8996066 ], [ -3.444425, 50.8995916 ], [ -3.4444622, 50.8995741 ], [ -3.4445005, 50.8995578 ], [ -3.4445608, 50.8995341 ], [ -3.4446813, 50.8994864 ], [ -3.4447994, 50.8994466 ], [ -3.4448688, 50.8994227 ], [ -3.4449378, 50.8993984 ], [ -3.4450065, 50.8993736 ], [ -3.4450749, 50.8993485 ], [ -3.4451351, 50.8993251 ], [ -3.4451941, 50.8993003 ], [ -3.4452521, 50.8992743 ], [ -3.4454663, 50.8991924 ], [ -3.4456234, 50.8991445 ], [ -3.4457604, 50.899123 ], [ -3.4458916, 50.8991117 ], [ -3.4461536, 50.8991003 ], [ -3.4463981, 50.899112 ], [ -3.4465754, 50.8991373 ], [ -3.4469453, 50.8992423 ], [ -3.4469473, 50.8992429 ], [ -3.4472008, 50.8993169 ], [ -3.4474347, 50.8993857 ], [ -3.4476493, 50.8994502 ], [ -3.4478431, 50.8995038 ], [ -3.4479782, 50.8995382 ], [ -3.4481699, 50.899585 ], [ -3.4484572, 50.8996314 ], [ -3.4486777, 50.8996509 ], [ -3.4488478, 50.8996581 ], [ -3.4490541, 50.8996567 ], [ -3.4493735, 50.8996516 ], [ -3.4496555, 50.8996493 ], [ -3.4498242, 50.8996515 ], [ -3.4498571, 50.899673 ], [ -3.4498815, 50.8996869 ], [ -3.4499026, 50.8996975 ], [ -3.449955, 50.8997047 ], [ -3.4499663, 50.8996721 ], [ -3.4501699, 50.8996754 ], [ -3.450771, 50.8997667 ], [ -3.4509415, 50.899808 ], [ -3.4510957, 50.8998414 ], [ -3.4512866, 50.8998888 ], [ -3.4514722, 50.8999371 ], [ -3.4516719, 50.8999985 ], [ -3.4518667, 50.9000525 ], [ -3.4519141, 50.9000654 ], [ -3.4521874, 50.9001523 ], [ -3.4523219, 50.9001956 ], [ -3.4523667, 50.9002088 ], [ -3.4524004, 50.9002175 ], [ -3.4524554, 50.900229 ], [ -3.4524653, 50.9002309 ], [ -3.4525204, 50.9002407 ], [ -3.4526005, 50.9002527 ], [ -3.4527065, 50.9002668 ], [ -3.4527699, 50.9002748 ], [ -3.4527969, 50.900278 ], [ -3.4528956, 50.9002867 ], [ -3.4529776, 50.9002924 ], [ -3.4530882, 50.9002958 ], [ -3.4531789, 50.9002999 ], [ -3.4532569, 50.900301 ], [ -3.4533401, 50.9003013 ], [ -3.4534107, 50.9002998 ], [ -3.453508, 50.900299 ], [ -3.4536292, 50.9002884 ], [ -3.4536884, 50.9002828 ], [ -3.4537158, 50.9002791 ], [ -3.4538445, 50.9002705 ], [ -3.4542319, 50.9002248 ], [ -3.4542343, 50.9002155 ], [ -3.4544695, 50.9001965 ], [ -3.454472, 50.9001964 ], [ -3.4547171, 50.9001925 ], [ -3.4547185, 50.9001925 ], [ -3.4549436, 50.9002079 ], [ -3.4552088, 50.900226 ], [ -3.4552173, 50.9002266 ], [ -3.4554547, 50.9002586 ], [ -3.4554549, 50.9002587 ], [ -3.4556735, 50.9003024 ], [ -3.4557565, 50.9003189 ], [ -3.4559025, 50.9003591 ], [ -3.4559445, 50.9003707 ], [ -3.4561826, 50.9004363 ], [ -3.4563574, 50.9004845 ], [ -3.4564136, 50.9005148 ], [ -3.4566132, 50.9006228 ], [ -3.4566877, 50.9006631 ], [ -3.4567593, 50.9007075 ], [ -3.4568605, 50.9007704 ], [ -3.4569453, 50.9008325 ], [ -3.4569825, 50.9008598 ], [ -3.4570656, 50.9009269 ], [ -3.4570882, 50.9009452 ], [ -3.4571615, 50.9010075 ], [ -3.4571829, 50.9010281 ], [ -3.4572344, 50.9010778 ], [ -3.4572868, 50.9011275 ], [ -3.4573258, 50.9011644 ], [ -3.4574167, 50.9012351 ], [ -3.4574407, 50.9012539 ], [ -3.4575816, 50.9013444 ], [ -3.4576517, 50.9013864 ], [ -3.4577545, 50.901448 ], [ -3.4578407, 50.9014983 ], [ -3.4578427, 50.9014994 ], [ -3.4580278, 50.9015798 ], [ -3.4580352, 50.901583 ], [ -3.4582303, 50.9016601 ], [ -3.4582323, 50.9016609 ], [ -3.4584232, 50.9017217 ], [ -3.4584677, 50.9017359 ], [ -3.4586176, 50.9017732 ], [ -3.4586207, 50.9017739 ], [ -3.4588148, 50.9018172 ], [ -3.4588197, 50.9018178 ], [ -3.4589542, 50.9018334 ], [ -3.4590199, 50.9018372 ], [ -3.4591725, 50.9018462 ], [ -3.4592186, 50.9018438 ], [ -3.4593729, 50.9018359 ], [ -3.45943, 50.9018315 ], [ -3.4594849, 50.9018272 ], [ -3.4596416, 50.9018001 ], [ -3.4597714, 50.9017671 ], [ -3.4598134, 50.9017563 ], [ -3.4599491, 50.9016963 ], [ -3.4600056, 50.9016684 ], [ -3.4602271, 50.9015591 ], [ -3.4603764, 50.9014724 ], [ -3.460384, 50.901467 ], [ -3.4604157, 50.9014447 ], [ -3.4604574, 50.9014514 ], [ -3.4605049, 50.9014435 ], [ -3.4605092, 50.9014293 ], [ -3.4605172, 50.9014075 ], [ -3.460524, 50.9013957 ], [ -3.4605487, 50.9013666 ], [ -3.4605843, 50.9013257 ], [ -3.460613, 50.9012866 ], [ -3.4606406, 50.9012584 ], [ -3.4606528, 50.9012412 ], [ -3.4606733, 50.901213 ], [ -3.4606776, 50.9011992 ], [ -3.460738, 50.9011254 ], [ -3.4608069, 50.9010348 ], [ -3.4609546, 50.900841 ], [ -3.461171, 50.9005087 ], [ -3.4612227, 50.9003957 ], [ -3.4612219, 50.9003724 ], [ -3.4612179, 50.9003486 ], [ -3.4612049, 50.9003311 ], [ -3.4611956, 50.9003227 ], [ -3.4612383, 50.9002662 ], [ -3.4613506, 50.9001627 ], [ -3.4613584, 50.9001556 ], [ -3.4614649, 50.9000965 ], [ -3.4614931, 50.9000869 ], [ -3.4615755, 50.900059 ], [ -3.4617033, 50.9000318 ], [ -3.4618695, 50.9000146 ], [ -3.4618742, 50.9000145 ], [ -3.4619348, 50.900014 ], [ -3.4620337, 50.9000267 ], [ -3.4622231, 50.9000842 ], [ -3.462248, 50.9000926 ], [ -3.462362, 50.9001312 ], [ -3.4624823, 50.900172 ], [ -3.4625694, 50.9002014 ], [ -3.4626062, 50.9002141 ], [ -3.4627159, 50.900252 ], [ -3.462828, 50.9002906 ], [ -3.4629504, 50.9003329 ], [ -3.4630563, 50.9003695 ], [ -3.4630732, 50.9003749 ], [ -3.4631872, 50.9004117 ], [ -3.4632493, 50.9004318 ], [ -3.4633, 50.9004493 ], [ -3.4636594, 50.9005739 ], [ -3.463715, 50.9005932 ], [ -3.4637834, 50.9006169 ], [ -3.464185, 50.9007558 ], [ -3.4644113, 50.900829 ], [ -3.4644982, 50.9008571 ], [ -3.4645222, 50.9008636 ], [ -3.4645519, 50.9008718 ], [ -3.4646, 50.9008866 ], [ -3.4646461, 50.9009026 ], [ -3.4647646, 50.900944 ], [ -3.4647805, 50.9009496 ], [ -3.4648929, 50.9009909 ], [ -3.4650435, 50.9010462 ], [ -3.465058, 50.901051 ], [ -3.4651944, 50.9010964 ], [ -3.4654251, 50.9011733 ], [ -3.4654264, 50.9011737 ], [ -3.4654648, 50.9011843 ], [ -3.4654768, 50.9011875 ], [ -3.4657522, 50.9012764 ], [ -3.4657681, 50.9012561 ], [ -3.4657951, 50.9012653 ], [ -3.4657791, 50.9012847 ], [ -3.4659722, 50.901341 ], [ -3.4660582, 50.9013777 ], [ -3.466059, 50.901378 ], [ -3.4661302, 50.9013999 ], [ -3.4662215, 50.9014278 ], [ -3.466332, 50.9014571 ], [ -3.4663595, 50.9014634 ], [ -3.4663654, 50.9014648 ], [ -3.4665249, 50.901495 ], [ -3.4666328, 50.9015155 ], [ -3.4667009, 50.9015324 ], [ -3.4667237, 50.9015365 ], [ -3.4667312, 50.9015379 ], [ -3.4667393, 50.9015423 ], [ -3.4668336, 50.9015573 ], [ -3.4669279, 50.9015705 ], [ -3.4669507, 50.9015729 ], [ -3.4670107, 50.9015803 ], [ -3.4670478, 50.9015843 ], [ -3.4670632, 50.9015857 ], [ -3.4671605, 50.9015946 ], [ -3.4672576, 50.9016051 ], [ -3.467269, 50.9016067 ], [ -3.4672718, 50.9016076 ], [ -3.4673147, 50.9016124 ], [ -3.4673231, 50.9016132 ], [ -3.4673392, 50.9016145 ], [ -3.4673817, 50.9016179 ], [ -3.4673873, 50.9016178 ], [ -3.4675196, 50.9016188 ], [ -3.4676236, 50.901622 ], [ -3.4676791, 50.901624 ], [ -3.4676819, 50.901624 ], [ -3.4676861, 50.901624 ], [ -3.467743, 50.9016241 ], [ -3.4677787, 50.9016246 ], [ -3.4677942, 50.9016235 ], [ -3.4678241, 50.9016222 ], [ -3.4678325, 50.9016212 ], [ -3.4678623, 50.9016172 ], [ -3.467892, 50.9016124 ], [ -3.4680548, 50.9015869 ], [ -3.4681821, 50.9015674 ], [ -3.4682798, 50.9015517 ], [ -3.4683179, 50.9015441 ], [ -3.4684872, 50.9014996 ], [ -3.4686324, 50.9014591 ], [ -3.4690344, 50.9013534 ], [ -3.4691487, 50.9013267 ], [ -3.4691825, 50.9013164 ], [ -3.4692385, 50.9013337 ], [ -3.4692421, 50.9013017 ], [ -3.469351, 50.9012806 ], [ -3.4694824, 50.9012547 ], [ -3.4695064, 50.9012499 ], [ -3.4695814, 50.9012372 ], [ -3.4696041, 50.9012343 ], [ -3.4697004, 50.9012214 ], [ -3.4697527, 50.9012153 ], [ -3.469808, 50.9012101 ], [ -3.4698819, 50.9012056 ], [ -3.4698847, 50.9012055 ], [ -3.4700083, 50.9011995 ], [ -3.4700494, 50.9011972 ], [ -3.4701276, 50.9011953 ], [ -3.470166, 50.9011957 ], [ -3.4702329, 50.9011967 ], [ -3.4702742, 50.9011979 ], [ -3.4702884, 50.9011987 ], [ -3.4703397, 50.9012007 ], [ -3.4703511, 50.9012015 ], [ -3.4703938, 50.9012054 ], [ -3.4704082, 50.901207 ], [ -3.470451, 50.9012128 ], [ -3.4705152, 50.901221 ], [ -3.4707268, 50.9012613 ], [ -3.4708838, 50.9012978 ], [ -3.4709814, 50.9013206 ], [ -3.4710465, 50.9013357 ], [ -3.471068, 50.9013417 ], [ -3.4710996, 50.9013521 ], [ -3.4711135, 50.9013571 ], [ -3.4711174, 50.9013585 ], [ -3.4711212, 50.9013599 ], [ -3.4711255, 50.9013616 ], [ -3.4711817, 50.9013834 ], [ -3.4712075, 50.9013939 ], [ -3.4714103, 50.9014634 ], [ -3.4715058, 50.9014962 ], [ -3.4716048, 50.9015303 ], [ -3.4716362, 50.901541 ], [ -3.471695, 50.901561 ], [ -3.4717797, 50.9015899 ], [ -3.4717814, 50.9015905 ], [ -3.4718562, 50.9016167 ], [ -3.4718589, 50.9016177 ], [ -3.4719378, 50.9016369 ], [ -3.4719463, 50.9016391 ], [ -3.4720269, 50.9016558 ], [ -3.4721167, 50.9016747 ], [ -3.4721174, 50.9016748 ], [ -3.4721925, 50.9016899 ], [ -3.4721964, 50.9016907 ], [ -3.4722743, 50.9017054 ], [ -3.4722769, 50.9017059 ], [ -3.4723642, 50.9017201 ], [ -3.4723649, 50.9017203 ], [ -3.4724484, 50.9017343 ], [ -3.472456, 50.9017353 ], [ -3.4724658, 50.9017365 ], [ -3.4724799, 50.9017384 ], [ -3.4725441, 50.9017448 ], [ -3.4725449, 50.9017448 ], [ -3.4725483, 50.9017449 ], [ -3.4726351, 50.9017481 ], [ -3.4727262, 50.9017517 ], [ -3.4727392, 50.9017522 ], [ -3.4728201, 50.9017539 ], [ -3.4728488, 50.9017544 ], [ -3.472912, 50.9017544 ], [ -3.4729454, 50.9017543 ], [ -3.4730048, 50.9017507 ], [ -3.4730348, 50.9017489 ], [ -3.473078, 50.9017438 ], [ -3.4731412, 50.9017364 ], [ -3.4731583, 50.9017342 ], [ -3.4731623, 50.9017337 ], [ -3.473195, 50.9017294 ], [ -3.4732205, 50.9017291 ], [ -3.4732482, 50.9017362 ], [ -3.4732636, 50.9017401 ], [ -3.4732708, 50.9017419 ], [ -3.4733191, 50.9017422 ], [ -3.4733465, 50.9017411 ], [ -3.4733518, 50.9017409 ], [ -3.4734247, 50.9017351 ], [ -3.4735229, 50.9017225 ], [ -3.4736489, 50.9017221 ], [ -3.4737433, 50.9017236 ], [ -3.4738137, 50.9017285 ], [ -3.4738247, 50.9017308 ], [ -3.4738475, 50.9017356 ], [ -3.4739976, 50.9017818 ], [ -3.4741298, 50.9019493 ], [ -3.4742413, 50.9019686 ], [ -3.4744976, 50.9020057 ], [ -3.4747557, 50.9020384 ], [ -3.4749823, 50.9020654 ], [ -3.4750554, 50.9020715 ], [ -3.4751097, 50.9020761 ], [ -3.4752472, 50.9020918 ], [ -3.4754961, 50.9021236 ], [ -3.4755384, 50.9021286 ], [ -3.4755618, 50.9021312 ], [ -3.4755769, 50.9021316 ], [ -3.4755862, 50.9021313 ], [ -3.4755998, 50.9021305 ], [ -3.4756139, 50.9021289 ], [ -3.4756258, 50.9021258 ], [ -3.4756874, 50.9021045 ], [ -3.4757498, 50.902082 ], [ -3.4758978, 50.9020285 ], [ -3.4759067, 50.9020253 ], [ -3.4759337, 50.9020155 ], [ -3.4761239, 50.9019524 ], [ -3.47633, 50.901879 ], [ -3.4764166, 50.9018481 ], [ -3.4764251, 50.901845 ], [ -3.4765393, 50.9018021 ], [ -3.4766736, 50.9017517 ], [ -3.4769715, 50.9016448 ], [ -3.4770946, 50.9016013 ], [ -3.4771463, 50.9015853 ], [ -3.4772035, 50.9015716 ], [ -3.4772642, 50.9015612 ], [ -3.4772648, 50.9015569 ], [ -3.4772622, 50.9015527 ], [ -3.4771074, 50.9015028 ], [ -3.4771086, 50.9014959 ], [ -3.4771057, 50.9014878 ], [ -3.4770994, 50.9014787 ], [ -3.4770908, 50.9014715 ], [ -3.4770836, 50.9014675 ], [ -3.4770626, 50.9014584 ], [ -3.4768691, 50.9013849 ], [ -3.4767381, 50.9013375 ], [ -3.4766582, 50.9013159 ], [ -3.4766563, 50.9013146 ], [ -3.4765523, 50.9012938 ], [ -3.4764353, 50.9012689 ], [ -3.4764285, 50.9012687 ], [ -3.4764222, 50.9012699 ], [ -3.4763933, 50.9012828 ], [ -3.4763261, 50.9012521 ], [ -3.476305, 50.9012468 ], [ -3.476066, 50.9012106 ], [ -3.4760355, 50.9012077 ], [ -3.4758932, 50.9011856 ], [ -3.4758944, 50.9011886 ], [ -3.4758927, 50.9011944 ], [ -3.475883, 50.9012031 ], [ -3.4758365, 50.9012244 ], [ -3.4757866, 50.9012385 ], [ -3.475762, 50.9012463 ], [ -3.4757542, 50.9012487 ], [ -3.4757086, 50.9012585 ], [ -3.4756551, 50.9012678 ], [ -3.4755966, 50.9012781 ], [ -3.4754554, 50.9013018 ], [ -3.475345, 50.9013169 ], [ -3.475329, 50.9013187 ], [ -3.4753127, 50.9013195 ], [ -3.4752377, 50.9013264 ], [ -3.4751594, 50.9013288 ], [ -3.4750495, 50.9013241 ], [ -3.4750488, 50.901324 ], [ -3.4750125, 50.9013211 ], [ -3.4748108, 50.9013048 ], [ -3.4747984, 50.901304 ], [ -3.4747237, 50.9012996 ], [ -3.4746602, 50.9012958 ], [ -3.4745213, 50.9012875 ], [ -3.4745153, 50.9012877 ], [ -3.4741535, 50.9012968 ], [ -3.4739553, 50.9013015 ], [ -3.4738192, 50.9013047 ], [ -3.4738323, 50.9013982 ], [ -3.4738347, 50.9014149 ], [ -3.4737453, 50.9014026 ], [ -3.4737359, 50.9014012 ], [ -3.4736739, 50.9013918 ], [ -3.4736512, 50.9013859 ], [ -3.4736306, 50.9013834 ], [ -3.473598, 50.9013808 ], [ -3.4735732, 50.9013804 ], [ -3.4735518, 50.9013832 ], [ -3.4735244, 50.9013893 ], [ -3.4735013, 50.901395 ], [ -3.4734897, 50.9013978 ], [ -3.4734833, 50.9013999 ], [ -3.4734721, 50.9014032 ], [ -3.4734375, 50.9014143 ], [ -3.4734198, 50.9014227 ], [ -3.4733732, 50.9014462 ], [ -3.473349, 50.9014587 ], [ -3.4733301, 50.9014688 ], [ -3.4733126, 50.9014779 ], [ -3.4733003, 50.9014842 ], [ -3.4732805, 50.901493 ], [ -3.4732617, 50.9015 ], [ -3.4732203, 50.9015109 ], [ -3.4731726, 50.9015227 ], [ -3.473144, 50.901526 ], [ -3.4731208, 50.9015285 ], [ -3.4731166, 50.9015289 ], [ -3.4730912, 50.9015314 ], [ -3.4730632, 50.9015342 ], [ -3.4730219, 50.901538 ], [ -3.4729877, 50.901542 ], [ -3.4729519, 50.9015454 ], [ -3.4729205, 50.9015478 ], [ -3.4728827, 50.9015497 ], [ -3.4728217, 50.901552 ], [ -3.4727861, 50.9015542 ], [ -3.4727547, 50.9015554 ], [ -3.4727219, 50.9015562 ], [ -3.4726724, 50.9015564 ], [ -3.4726469, 50.9015563 ], [ -3.4726117, 50.9015558 ], [ -3.4725287, 50.9015515 ], [ -3.472484, 50.9015488 ], [ -3.472409, 50.9015428 ], [ -3.4723741, 50.9015401 ], [ -3.4722858, 50.9015287 ], [ -3.4722063, 50.9015153 ], [ -3.4721277, 50.9015015 ], [ -3.4720979, 50.9014956 ], [ -3.4720443, 50.9014825 ], [ -3.4719862, 50.9014661 ], [ -3.4719854, 50.9014659 ], [ -3.4719746, 50.9014621 ], [ -3.4719375, 50.9014457 ], [ -3.4718817, 50.9014247 ], [ -3.4716949, 50.9013588 ], [ -3.4715511, 50.9013119 ], [ -3.4714192, 50.901261 ], [ -3.4712999, 50.9012221 ], [ -3.4712765, 50.9012182 ], [ -3.4712572, 50.9012171 ], [ -3.4712463, 50.9012171 ], [ -3.4712311, 50.9012183 ], [ -3.4712164, 50.9012201 ], [ -3.4712081, 50.9012216 ], [ -3.4712034, 50.9012221 ], [ -3.4711914, 50.9012226 ], [ -3.4711803, 50.9012221 ], [ -3.471155, 50.9012193 ], [ -3.4711537, 50.9012191 ], [ -3.4711417, 50.901217 ], [ -3.4711288, 50.9012134 ], [ -3.4711208, 50.9012098 ], [ -3.4711202, 50.9012096 ], [ -3.4711105, 50.9012023 ], [ -3.4710975, 50.9011936 ], [ -3.4710775, 50.9011821 ], [ -3.4710561, 50.901167 ], [ -3.4710445, 50.9011613 ], [ -3.4710367, 50.9011593 ], [ -3.4710723, 50.9010289 ], [ -3.4708978, 50.9010076 ], [ -3.470784, 50.9009927 ], [ -3.4706918, 50.900965 ], [ -3.4706649, 50.9010007 ], [ -3.470604, 50.900984 ], [ -3.4704893, 50.900954 ], [ -3.4704636, 50.9009481 ], [ -3.4703516, 50.9009153 ], [ -3.4702498, 50.9008878 ], [ -3.470181, 50.9008702 ], [ -3.4701133, 50.9008557 ], [ -3.4699398, 50.9008112 ], [ -3.4699323, 50.9008098 ], [ -3.4699279, 50.900809 ], [ -3.469924, 50.9008083 ], [ -3.4699213, 50.9008078 ], [ -3.4699127, 50.9008071 ], [ -3.4699027, 50.9008062 ], [ -3.4698842, 50.9008065 ], [ -3.4698658, 50.9008076 ], [ -3.4698251, 50.9008075 ], [ -3.4698063, 50.9008096 ], [ -3.4697852, 50.9008118 ], [ -3.4697582, 50.9008166 ], [ -3.4697314, 50.9008223 ], [ -3.4697259, 50.9008242 ], [ -3.4696892, 50.9008345 ], [ -3.4696838, 50.9008366 ], [ -3.469771, 50.9008847 ], [ -3.4696518, 50.9009122 ], [ -3.4695965, 50.9009228 ], [ -3.4695804, 50.9009244 ], [ -3.4695396, 50.9009075 ], [ -3.4695125, 50.9009209 ], [ -3.4694449, 50.9009469 ], [ -3.4693508, 50.9009805 ], [ -3.4693099, 50.9009945 ], [ -3.4692762, 50.9010057 ], [ -3.4692338, 50.901017 ], [ -3.469215, 50.9010212 ], [ -3.4692111, 50.9010221 ], [ -3.4692042, 50.9010237 ], [ -3.4691632, 50.9010314 ], [ -3.469149, 50.9010343 ], [ -3.4690289, 50.9010556 ], [ -3.4688947, 50.9010878 ], [ -3.4687606, 50.9011183 ], [ -3.4686802, 50.9011391 ], [ -3.4685189, 50.9011814 ], [ -3.4685039, 50.9011853 ], [ -3.4683794, 50.9012161 ], [ -3.468395, 50.9012481 ], [ -3.4684193, 50.901298 ], [ -3.4682832, 50.9013205 ], [ -3.4682751, 50.9013218 ], [ -3.4682721, 50.9013223 ], [ -3.4682099, 50.9013321 ], [ -3.4681519, 50.9013445 ], [ -3.4681209, 50.9013503 ], [ -3.4681111, 50.901352 ], [ -3.4680614, 50.9013609 ], [ -3.4680076, 50.9013688 ], [ -3.4679342, 50.9013782 ], [ -3.4679213, 50.9013798 ], [ -3.4678362, 50.9013889 ], [ -3.4678092, 50.901392 ], [ -3.4677696, 50.9013961 ], [ -3.4677529, 50.9013975 ], [ -3.4677327, 50.9013992 ], [ -3.467656, 50.9014038 ], [ -3.4676447, 50.9014048 ], [ -3.4675422, 50.9014016 ], [ -3.4675342, 50.9014015 ], [ -3.4675238, 50.9014014 ], [ -3.4674284, 50.9014004 ], [ -3.4673501, 50.9013968 ], [ -3.4672902, 50.9013931 ], [ -3.467199, 50.9013862 ], [ -3.4671747, 50.9013838 ], [ -3.4670735, 50.9013742 ], [ -3.4670683, 50.9013446 ], [ -3.4666497, 50.9012384 ], [ -3.4667535, 50.9011834 ], [ -3.466746, 50.9011839 ], [ -3.4667028, 50.9011804 ], [ -3.4665952, 50.9011586 ], [ -3.4665781, 50.9011558 ], [ -3.4665674, 50.901156 ], [ -3.4665643, 50.9011572 ], [ -3.466533, 50.9011485 ], [ -3.466532, 50.9011462 ], [ -3.4665299, 50.9011446 ], [ -3.4665255, 50.9011432 ], [ -3.4665226, 50.9011427 ], [ -3.4665165, 50.9011419 ], [ -3.4663596, 50.90117 ], [ -3.4661206, 50.9010947 ], [ -3.4660877, 50.9010843 ], [ -3.4659206, 50.9010324 ], [ -3.4659239, 50.9010165 ], [ -3.465707, 50.9009829 ], [ -3.4655136, 50.9009645 ], [ -3.4654537, 50.9009471 ], [ -3.465441, 50.9009442 ], [ -3.4652474, 50.9008573 ], [ -3.4650531, 50.9007858 ], [ -3.4650487, 50.9007842 ], [ -3.4649075, 50.9007441 ], [ -3.4649031, 50.9007427 ], [ -3.464764, 50.9006989 ], [ -3.4646222, 50.9006542 ], [ -3.4646165, 50.9006523 ], [ -3.4644772, 50.900607 ], [ -3.4643274, 50.9005582 ], [ -3.4643218, 50.9005564 ], [ -3.4641868, 50.9005104 ], [ -3.4641818, 50.9005086 ], [ -3.4640378, 50.9004603 ], [ -3.4640367, 50.9004598 ], [ -3.4638995, 50.9004124 ], [ -3.4638916, 50.9004096 ], [ -3.4637646, 50.9003737 ], [ -3.4636839, 50.9003509 ], [ -3.4636429, 50.9003395 ], [ -3.4635505, 50.9003136 ], [ -3.4634136, 50.9002756 ], [ -3.4632796, 50.9002384 ], [ -3.4632702, 50.9002358 ], [ -3.4631429, 50.9001936 ], [ -3.4630032, 50.9001473 ], [ -3.4629924, 50.9001438 ], [ -3.4627442, 50.9000647 ], [ -3.4627352, 50.9000619 ], [ -3.4625354, 50.8999874 ], [ -3.4625334, 50.8999867 ], [ -3.4623211, 50.8999128 ], [ -3.4623204, 50.8999125 ], [ -3.4620915, 50.8998525 ], [ -3.46209, 50.899852 ], [ -3.4618719, 50.8997903 ], [ -3.4616109, 50.8997153 ], [ -3.4615176, 50.8996868 ], [ -3.4613901, 50.8997046 ], [ -3.4613686, 50.8996809 ], [ -3.4613309, 50.899712 ], [ -3.4613004, 50.8997825 ], [ -3.4611568, 50.8999624 ], [ -3.4610961, 50.9000688 ], [ -3.461041, 50.9001477 ], [ -3.4610891, 50.9002543 ], [ -3.4609209, 50.9004483 ], [ -3.4608317, 50.9005959 ], [ -3.4607389, 50.9007428 ], [ -3.4606953, 50.9008075 ], [ -3.4606514, 50.9008648 ], [ -3.4606009, 50.9009273 ], [ -3.4605387, 50.9009956 ], [ -3.4604442, 50.9011101 ], [ -3.4604149, 50.9011457 ], [ -3.4602713, 50.9012574 ], [ -3.4601686, 50.9013273 ], [ -3.4600942, 50.9013817 ], [ -3.4600345, 50.9014209 ], [ -3.4599898, 50.9014482 ], [ -3.4599197, 50.9014844 ], [ -3.4598482, 50.9015227 ], [ -3.4597345, 50.9015626 ], [ -3.4595541, 50.9016127 ], [ -3.4595363, 50.9016255 ], [ -3.4593391, 50.9017033 ], [ -3.4592259, 50.9017092 ], [ -3.4591194, 50.9017094 ], [ -3.458985, 50.9016959 ], [ -3.4587798, 50.9016666 ], [ -3.4586114, 50.9016355 ], [ -3.4584937, 50.9016059 ], [ -3.4584392, 50.9015927 ], [ -3.458381, 50.901572 ], [ -3.4582953, 50.9015335 ], [ -3.4581871, 50.9014835 ], [ -3.4580978, 50.9014366 ], [ -3.4579997, 50.9013865 ], [ -3.4578982, 50.9013299 ], [ -3.4577998, 50.9012734 ], [ -3.4577117, 50.9012115 ], [ -3.4575956, 50.9011221 ], [ -3.4574967, 50.9010442 ], [ -3.4573297, 50.9008933 ], [ -3.4571958, 50.9007916 ], [ -3.456879, 50.9005743 ], [ -3.4567354, 50.900488 ], [ -3.4566039, 50.9004222 ], [ -3.4563832, 50.9003197 ], [ -3.4562393, 50.9002658 ], [ -3.4559981, 50.900195 ], [ -3.455883, 50.9001726 ], [ -3.4556942, 50.9001428 ], [ -3.4555125, 50.9001184 ], [ -3.4553648, 50.9001009 ], [ -3.4552172, 50.9000899 ], [ -3.454907, 50.9000627 ], [ -3.4548662, 50.90006 ], [ -3.4546344, 50.9000522 ], [ -3.4545262, 50.9000535 ], [ -3.4544197, 50.9000613 ], [ -3.4542833, 50.900079 ], [ -3.4542347, 50.9000925 ], [ -3.4540831, 50.9001094 ], [ -3.4539868, 50.900117 ], [ -3.4539124, 50.9001179 ], [ -3.4538043, 50.9001225 ], [ -3.4536827, 50.9001262 ], [ -3.4535626, 50.9001309 ], [ -3.4534413, 50.9001421 ], [ -3.4533537, 50.9001528 ], [ -3.4533047, 50.9001544 ], [ -3.4531519, 50.9001393 ], [ -3.4529792, 50.9001317 ], [ -3.4528977, 50.9001242 ], [ -3.4528044, 50.9001146 ], [ -3.452711, 50.9000998 ], [ -3.4526344, 50.9000847 ], [ -3.4524683, 50.9000493 ], [ -3.4524211, 50.9000385 ], [ -3.4522171, 50.8999779 ], [ -3.4518609, 50.8998653 ], [ -3.4517515, 50.8998194 ], [ -3.4516198, 50.8997822 ], [ -3.4515067, 50.8997571 ], [ -3.4513788, 50.8997348 ], [ -3.4511593, 50.8996792 ], [ -3.4510077, 50.8996378 ], [ -3.4508224, 50.8996025 ], [ -3.4506653, 50.8995784 ], [ -3.450574, 50.8995545 ], [ -3.4504844, 50.8995412 ], [ -3.4503465, 50.8995432 ], [ -3.450149, 50.8995452 ], [ -3.4499897, 50.8995396 ], [ -3.449945, 50.899536 ], [ -3.4499002, 50.8995298 ], [ -3.4498491, 50.8995237 ], [ -3.4497491, 50.8995195 ], [ -3.4496129, 50.8995146 ], [ -3.4494669, 50.8995097 ], [ -3.4493776, 50.8995095 ], [ -3.449265, 50.8995055 ], [ -3.4491805, 50.899503 ], [ -3.4491, 50.899505 ], [ -3.4490234, 50.8995047 ], [ -3.448964, 50.8995055 ], [ -3.4488811, 50.8995051 ], [ -3.4488022, 50.8994994 ], [ -3.4486936, 50.8994899 ], [ -3.4485528, 50.8994756 ], [ -3.44838, 50.8994508 ], [ -3.4482195, 50.8994192 ], [ -3.4481089, 50.8993952 ], [ -3.4480278, 50.8993788 ], [ -3.447968, 50.8993649 ], [ -3.4478231, 50.8993253 ], [ -3.4477061, 50.8992873 ], [ -3.447569, 50.8992381 ], [ -3.4474853, 50.8992097 ], [ -3.4474252, 50.8991902 ], [ -3.4473435, 50.8991604 ], [ -3.4472883, 50.8991397 ], [ -3.447067, 50.8990632 ], [ -3.4469, 50.8990182 ], [ -3.4467628, 50.898985 ], [ -3.4465485, 50.8989385 ], [ -3.4464938, 50.8989319 ], [ -3.4464275, 50.8989211 ], [ -3.4463857, 50.8989144 ], [ -3.4462921, 50.8989048 ], [ -3.4462171, 50.8988948 ], [ -3.4461712, 50.8988927 ], [ -3.4460566, 50.898894 ], [ -3.4460208, 50.8988971 ], [ -3.4459639, 50.8989034 ], [ -3.4456897, 50.8989427 ], [ -3.4454201, 50.898984 ], [ -3.4453733, 50.8989923 ], [ -3.445339, 50.8990004 ], [ -3.4452979, 50.8990113 ], [ -3.4452552, 50.8990204 ], [ -3.4452052, 50.8990342 ], [ -3.4451228, 50.8990614 ], [ -3.4450815, 50.8990777 ], [ -3.4450459, 50.8990948 ], [ -3.4449874, 50.8991206 ], [ -3.4448765, 50.8991753 ], [ -3.4447197, 50.899251 ], [ -3.4446883, 50.8992662 ], [ -3.4446549, 50.899284 ], [ -3.4445848, 50.8993273 ], [ -3.4444926, 50.8993799 ], [ -3.4443953, 50.8994255 ], [ -3.4443089, 50.8994668 ], [ -3.444171, 50.899532 ], [ -3.4438186, 50.8996927 ], [ -3.4435943, 50.8997941 ], [ -3.4434769, 50.8998462 ], [ -3.4433246, 50.8999053 ], [ -3.4432372, 50.8999309 ], [ -3.443176, 50.899946 ], [ -3.443115, 50.8999559 ], [ -3.4430741, 50.8999589 ], [ -3.4430355, 50.8999596 ], [ -3.442978, 50.8999616 ], [ -3.4429204, 50.8999585 ], [ -3.4428463, 50.8999542 ], [ -3.4427599, 50.8999447 ], [ -3.4426649, 50.8999303 ], [ -3.4426133, 50.8999232 ], [ -3.4425328, 50.8999086 ], [ -3.4424544, 50.8998808 ], [ -3.4423998, 50.8998654 ], [ -3.4423247, 50.8998417 ], [ -3.4422837, 50.8998282 ], [ -3.4422669, 50.8998228 ], [ -3.4421443, 50.8997878 ], [ -3.4419875, 50.8997511 ], [ -3.4418684, 50.8997255 ], [ -3.4416437, 50.8996753 ], [ -3.4415373, 50.8996546 ], [ -3.4414913, 50.899645 ], [ -3.4413175, 50.8996001 ], [ -3.4411515, 50.8995581 ], [ -3.4409402, 50.8995 ], [ -3.4408642, 50.8994796 ], [ -3.4406914, 50.8994382 ], [ -3.4405076, 50.8993927 ], [ -3.440466, 50.8993812 ], [ -3.4399655, 50.8992561 ], [ -3.4397259, 50.899188 ], [ -3.4396961, 50.8991801 ], [ -3.4396818, 50.8991769 ], [ -3.43958, 50.8991552 ], [ -3.4394216, 50.8991193 ], [ -3.4392682, 50.899081 ], [ -3.4390089, 50.8990139 ], [ -3.438826, 50.8989681 ], [ -3.4386439, 50.8989232 ], [ -3.4384606, 50.8988781 ], [ -3.4382869, 50.898834 ], [ -3.4378267, 50.8987184 ], [ -3.4376028, 50.8986631 ], [ -3.4375914, 50.8986603 ], [ -3.4375136, 50.8986445 ], [ -3.4373745, 50.8986231 ], [ -3.4373346, 50.8986188 ], [ -3.4372984, 50.8986148 ], [ -3.4371634, 50.8985953 ], [ -3.4371407, 50.8985928 ], [ -3.4370327, 50.8985793 ], [ -3.4370214, 50.8985789 ], [ -3.4369889, 50.8985779 ], [ -3.4369507, 50.8985765 ], [ -3.4367826, 50.8985738 ], [ -3.436614, 50.8985744 ], [ -3.436579, 50.8985749 ], [ -3.4364259, 50.898578 ], [ -3.4362718, 50.8985865 ], [ -3.4362661, 50.8985875 ], [ -3.4361765, 50.898596 ], [ -3.436112, 50.8986041 ], [ -3.4360914, 50.8986068 ], [ -3.436031, 50.8986144 ], [ -3.4359064, 50.8986306 ], [ -3.4358811, 50.8986367 ], [ -3.4358744, 50.8986383 ], [ -3.4358555, 50.8986422 ], [ -3.4357696, 50.8986579 ], [ -3.4354915, 50.8987061 ], [ -3.435477, 50.8987101 ], [ -3.4353968, 50.8987346 ], [ -3.4352827, 50.8987723 ], [ -3.43513, 50.8988297 ], [ -3.4350534, 50.8988534 ], [ -3.4350158, 50.8988666 ], [ -3.4349302, 50.8989007 ], [ -3.4348566, 50.8989246 ], [ -3.4347607, 50.8989658 ], [ -3.4346816, 50.8989961 ], [ -3.4345643, 50.899042 ], [ -3.4344102, 50.8990934 ], [ -3.434331, 50.8991148 ], [ -3.4342517, 50.8991406 ], [ -3.4341357, 50.8991737 ], [ -3.4340577, 50.8991923 ], [ -3.4339472, 50.8992165 ], [ -3.4338602, 50.8992261 ], [ -3.4334747, 50.8992573 ], [ -3.4334349, 50.8992573 ], [ -3.4332624, 50.8992463 ], [ -3.433244, 50.8992463 ], [ -3.4331271, 50.8992426 ], [ -3.4329683, 50.8992435 ], [ -3.4328677, 50.8992454 ], [ -3.4328218, 50.8992287 ], [ -3.4327837, 50.8992359 ], [ -3.4327668, 50.8992381 ], [ -3.4327038, 50.899229 ], [ -3.4326317, 50.8992196 ], [ -3.4325056, 50.8991894 ], [ -3.4321762, 50.8991324 ], [ -3.4321231, 50.8991216 ], [ -3.4320312, 50.8990918 ], [ -3.431964, 50.8990646 ], [ -3.4317502, 50.8989721 ], [ -3.4316243, 50.8989379 ], [ -3.431576, 50.8989317 ], [ -3.4315267, 50.8989325 ], [ -3.4315093, 50.8989346 ], [ -3.4313017, 50.8989672 ], [ -3.4310563, 50.8989976 ], [ -3.4308801, 50.8990173 ], [ -3.4308522, 50.8989648 ], [ -3.4306675, 50.8989917 ], [ -3.4304721, 50.8990229 ], [ -3.4303153, 50.8990554 ], [ -3.430237, 50.8990743 ], [ -3.4301188, 50.8991008 ], [ -3.4298765, 50.8991515 ], [ -3.4297657, 50.8991734 ], [ -3.4297259, 50.8991829 ], [ -3.4296847, 50.899196 ], [ -3.4295879, 50.8992359 ], [ -3.4294927, 50.899264 ], [ -3.4294415, 50.8992754 ], [ -3.4292809, 50.8993241 ], [ -3.4292581, 50.8993343 ], [ -3.4292412, 50.8993363 ], [ -3.4292041, 50.8993484 ], [ -3.4291587, 50.8993678 ], [ -3.4291259, 50.8993826 ], [ -3.4290249, 50.8994271 ], [ -3.428988, 50.8994419 ], [ -3.4289724, 50.8994484 ], [ -3.4288998, 50.8994881 ], [ -3.4288699, 50.899503 ], [ -3.428809, 50.8995361 ], [ -3.4287691, 50.8995546 ], [ -3.428384, 50.8997716 ], [ -3.4283037, 50.8998222 ], [ -3.4282745, 50.8998486 ], [ -3.4282044, 50.8998958 ], [ -3.4281107, 50.8999674 ], [ -3.4280791, 50.8999946 ], [ -3.4280117, 50.9000464 ], [ -3.4279473, 50.9000998 ], [ -3.4279089, 50.9001281 ], [ -3.42788, 50.9001526 ], [ -3.4278723, 50.900161 ], [ -3.427722, 50.9002886 ], [ -3.4276895, 50.9003143 ], [ -3.4276503, 50.9003483 ], [ -3.4276353, 50.9003648 ], [ -3.4275486, 50.9004626 ], [ -3.4276409, 50.900485 ], [ -3.4275381, 50.9005988 ], [ -3.4274955, 50.9006379 ], [ -3.4274465, 50.9006803 ], [ -3.427379, 50.9007276 ], [ -3.4273552, 50.9007288 ], [ -3.4273214, 50.900724 ], [ -3.4270669, 50.9010699 ], [ -3.4268722, 50.9013516 ], [ -3.4268793, 50.9013603 ], [ -3.4269304, 50.9013765 ], [ -3.4268898, 50.9014378 ], [ -3.4268498, 50.9015115 ], [ -3.4266786, 50.9018318 ], [ -3.4265953, 50.9020485 ], [ -3.4265097, 50.9023086 ], [ -3.426487, 50.9024277 ], [ -3.4264686, 50.9024872 ], [ -3.4264308, 50.9028161 ], [ -3.4264195, 50.9030563 ], [ -3.4264177, 50.9030715 ], [ -3.4264116, 50.903137 ], [ -3.4264162, 50.9031751 ], [ -3.4264137, 50.9031706 ], [ -3.4264247, 50.9032279 ], [ -3.4264572, 50.9034215 ], [ -3.4264606, 50.9034476 ], [ -3.4264731, 50.9034979 ], [ -3.4265191, 50.9036498 ], [ -3.4265227, 50.9036813 ], [ -3.4265349, 50.9037163 ], [ -3.4265641, 50.903791 ], [ -3.4265977, 50.9038656 ], [ -3.4266356, 50.9039393 ], [ -3.4266793, 50.9040137 ], [ -3.4267113, 50.9040639 ], [ -3.426746, 50.9041104 ], [ -3.4267651, 50.9041413 ], [ -3.4268525, 50.9042662 ], [ -3.4269005, 50.9043303 ], [ -3.4269476, 50.9044031 ], [ -3.4269759, 50.9044311 ], [ -3.4270013, 50.9044659 ], [ -3.4270247, 50.9044883 ], [ -3.4270408, 50.9045125 ], [ -3.4270455, 50.9045282 ], [ -3.4270595, 50.9045572 ], [ -3.427078, 50.9045935 ], [ -3.4270988, 50.9046291 ], [ -3.4271154, 50.9046658 ], [ -3.427138, 50.9047192 ], [ -3.4271082, 50.9047415 ], [ -3.4271758, 50.9051252 ], [ -3.4271862, 50.9051833 ], [ -3.4272174, 50.9053088 ], [ -3.4272171, 50.9053116 ], [ -3.4272102, 50.9053185 ], [ -3.4272006, 50.905324 ], [ -3.427194, 50.9053996 ], [ -3.4271843, 50.90557 ], [ -3.4271903, 50.9056558 ], [ -3.4271956, 50.9056884 ], [ -3.4272138, 50.9057557 ], [ -3.4272216, 50.9057994 ], [ -3.427218, 50.9058434 ], [ -3.427214, 50.9058583 ], [ -3.4271803, 50.9061282 ], [ -3.4271449, 50.9062473 ], [ -3.427127, 50.9062997 ], [ -3.4271088, 50.9063716 ], [ -3.427088, 50.9064437 ], [ -3.4270699, 50.9064944 ], [ -3.4270003, 50.9066739 ], [ -3.4268819, 50.9069249 ], [ -3.4267021, 50.9072185 ], [ -3.4266122, 50.9073647 ], [ -3.4263945, 50.9077009 ], [ -3.4263682, 50.9077463 ], [ -3.4263458, 50.9077827 ], [ -3.4262487, 50.9079207 ], [ -3.426058, 50.9081766 ], [ -3.4257819, 50.9085631 ], [ -3.4255975, 50.9087276 ], [ -3.4256145, 50.908745 ], [ -3.4256211, 50.9087651 ], [ -3.4256163, 50.9087853 ], [ -3.425552, 50.9089527 ], [ -3.4255511, 50.9089582 ], [ -3.4255488, 50.9090031 ], [ -3.4255578, 50.9090475 ], [ -3.4255777, 50.9090904 ], [ -3.4256006, 50.9091079 ], [ -3.4256539, 50.9091404 ], [ -3.4257143, 50.9091673 ], [ -3.4257807, 50.9091882 ], [ -3.4258513, 50.9092024 ], [ -3.4259245, 50.9092098 ], [ -3.4262358, 50.9092356 ], [ -3.426515, 50.9092505 ], [ -3.4269079, 50.9092649 ], [ -3.4273544, 50.9092945 ], [ -3.4276052, 50.9093266 ], [ -3.4276262, 50.9093309 ], [ -3.4277691, 50.9093613 ], [ -3.4279102, 50.9093946 ], [ -3.4281241, 50.9094765 ], [ -3.4282532, 50.9095304 ], [ -3.4283758, 50.9095902 ], [ -3.4287937, 50.9098539 ], [ -3.4288383, 50.9098856 ], [ -3.4288517, 50.9098753 ], [ -3.429191, 50.9101443 ], [ -3.4294475, 50.9103639 ], [ -3.4297351, 50.9106045 ], [ -3.4299777, 50.9108123 ], [ -3.4302748, 50.911078 ], [ -3.4303303, 50.9110326 ], [ -3.43076, 50.9113897 ], [ -3.4315859, 50.9120607 ], [ -3.4317586, 50.9121803 ], [ -3.4318732, 50.9122955 ], [ -3.4319243, 50.9123612 ], [ -3.4320153, 50.912476 ], [ -3.4320874, 50.9125655 ], [ -3.4321494, 50.9126554 ], [ -3.4321909, 50.9127246 ], [ -3.4323365, 50.9129247 ], [ -3.432347, 50.9129417 ], [ -3.4324046, 50.9130344 ], [ -3.4324345, 50.9130947 ], [ -3.432484, 50.913201 ], [ -3.4325207, 50.9132413 ], [ -3.4325281, 50.9132548 ], [ -3.4325431, 50.9132845 ], [ -3.4325523, 50.9133171 ], [ -3.4325594, 50.9133724 ], [ -3.43256, 50.9133941 ], [ -3.4325648, 50.9134231 ], [ -3.4325655, 50.9134475 ], [ -3.4325704, 50.9134738 ], [ -3.4325708, 50.9135527 ], [ -3.4325743, 50.9135781 ], [ -3.4325733, 50.9136045 ], [ -3.4325502, 50.9137064 ], [ -3.4325409, 50.913731 ], [ -3.4325121, 50.9137814 ], [ -3.4324873, 50.9138153 ], [ -3.4324499, 50.913863 ], [ -3.4324277, 50.9138898 ], [ -3.4323873, 50.9139294 ], [ -3.4323065, 50.9140024 ], [ -3.4322535, 50.9140531 ], [ -3.432195, 50.9141048 ], [ -3.4321516, 50.9141353 ], [ -3.4316849, 50.9143748 ], [ -3.4316521, 50.9143906 ], [ -3.4310952, 50.9146428 ], [ -3.4307264, 50.9148021 ], [ -3.4301797, 50.9150248 ], [ -3.4298514, 50.9151731 ], [ -3.4296581, 50.915244 ], [ -3.4294422, 50.9153183 ], [ -3.4291407, 50.9154026 ], [ -3.4290387, 50.9154265 ], [ -3.4288975, 50.915453 ], [ -3.4287501, 50.9154731 ], [ -3.4286312, 50.9154829 ], [ -3.4285113, 50.9154856 ], [ -3.4283918, 50.9154812 ], [ -3.4282347, 50.9154662 ], [ -3.4280775, 50.9154441 ], [ -3.4279229, 50.9154152 ], [ -3.4276507, 50.9153499 ], [ -3.4272115, 50.9152422 ], [ -3.4268919, 50.9151449 ], [ -3.4268135, 50.9151127 ], [ -3.4266322, 50.9150322 ], [ -3.4264579, 50.9149459 ], [ -3.4263367, 50.9148879 ], [ -3.4262083, 50.9148193 ], [ -3.4261016, 50.9147473 ], [ -3.4259997, 50.9146704 ], [ -3.4258966, 50.9145944 ], [ -3.4258318, 50.9145361 ], [ -3.4257655, 50.9144651 ], [ -3.4257087, 50.9143909 ], [ -3.4256388, 50.9142889 ], [ -3.4254906, 50.9141065 ], [ -3.4253758, 50.9139795 ], [ -3.4252814, 50.9138971 ], [ -3.4252465, 50.9138708 ], [ -3.4251535, 50.9138086 ], [ -3.4250524, 50.9137515 ], [ -3.4248553, 50.913652 ], [ -3.4248202, 50.913634 ], [ -3.4247192, 50.9135889 ], [ -3.4246124, 50.9135496 ], [ -3.4243846, 50.9134729 ], [ -3.4240461, 50.9133685 ], [ -3.4238289, 50.9133072 ], [ -3.4236713, 50.9132642 ], [ -3.4233691, 50.9131888 ], [ -3.4230411, 50.913117 ], [ -3.4227441, 50.9130628 ], [ -3.4223831, 50.9130088 ], [ -3.4222173, 50.9129881 ], [ -3.4220174, 50.9129689 ], [ -3.4218257, 50.9129579 ], [ -3.4214279, 50.9129272 ], [ -3.4210996, 50.912904 ], [ -3.4208785, 50.9128751 ], [ -3.4207746, 50.9128584 ], [ -3.420753, 50.9128987 ], [ -3.4206654, 50.9128943 ], [ -3.4206626, 50.9128754 ], [ -3.4206578, 50.9128451 ], [ -3.4203992, 50.9128306 ], [ -3.419998, 50.9127973 ], [ -3.4197669, 50.9127777 ], [ -3.4193547, 50.9127468 ], [ -3.4191964, 50.9127315 ], [ -3.41914, 50.9127182 ], [ -3.4189014, 50.912599 ], [ -3.4186801, 50.9124692 ], [ -3.4184817, 50.9123567 ], [ -3.4184391, 50.9123272 ], [ -3.4183798, 50.9123293 ], [ -3.418329, 50.9123061 ], [ -3.4182358, 50.9122805 ], [ -3.4180343, 50.9122464 ], [ -3.4178534, 50.912212 ], [ -3.4177524, 50.9121766 ], [ -3.4176904, 50.9121466 ], [ -3.4176361, 50.9121096 ], [ -3.417555, 50.9120167 ], [ -3.4174663, 50.9118911 ], [ -3.4174649, 50.9118891 ], [ -3.417376, 50.911733 ], [ -3.4172202, 50.9114917 ], [ -3.4171345, 50.9113357 ], [ -3.4170363, 50.9111963 ], [ -3.4169897, 50.9111349 ], [ -3.4168699, 50.9110179 ], [ -3.4167089, 50.9109156 ], [ -3.4166104, 50.9108644 ], [ -3.4165072, 50.9108212 ], [ -3.4164046, 50.910777 ], [ -3.4161925, 50.9107034 ], [ -3.4157966, 50.9105876 ], [ -3.415604, 50.9105295 ], [ -3.4153659, 50.9104594 ], [ -3.4151984, 50.9104051 ], [ -3.4148195, 50.9102762 ], [ -3.414766, 50.9102571 ], [ -3.4145456, 50.9101947 ], [ -3.414287, 50.9101315 ], [ -3.4140663, 50.9100788 ], [ -3.4138427, 50.910027 ], [ -3.4135739, 50.9099858 ], [ -3.413257, 50.90995 ], [ -3.4129689, 50.9099357 ], [ -3.412861, 50.9099321 ], [ -3.4127966, 50.909923 ], [ -3.412726, 50.909911 ], [ -3.4126582, 50.909895 ], [ -3.4126061, 50.9098777 ], [ -3.4125885, 50.9098682 ], [ -3.4124561, 50.9098536 ], [ -3.4124001, 50.9098427 ], [ -3.4122706, 50.9098174 ], [ -3.4117997, 50.9097468 ], [ -3.4114931, 50.9096919 ], [ -3.4113064, 50.9096568 ], [ -3.4109707, 50.9095899 ], [ -3.4107739, 50.9095456 ], [ -3.4107063, 50.9095311 ], [ -3.4106446, 50.9095164 ], [ -3.4104758, 50.9094768 ], [ -3.4103993, 50.9094628 ], [ -3.4103722, 50.9094587 ], [ -3.4103525, 50.9094545 ], [ -3.4096269, 50.9093227 ], [ -3.4094826, 50.9093001 ], [ -3.409474, 50.9092988 ], [ -3.4093846, 50.9092834 ], [ -3.4092099, 50.909262 ], [ -3.4090947, 50.9092483 ], [ -3.4089966, 50.9092327 ], [ -3.4088958, 50.9092206 ], [ -3.4088871, 50.9092189 ], [ -3.4088006, 50.909207 ], [ -3.4087054, 50.9091938 ], [ -3.4086363, 50.9091861 ], [ -3.4086118, 50.9091835 ], [ -3.4085684, 50.9091747 ], [ -3.4085177, 50.9091651 ], [ -3.408477, 50.9091554 ], [ -3.4083678, 50.9091461 ], [ -3.4082083, 50.909114 ], [ -3.4081198, 50.9090938 ], [ -3.4078839, 50.9090589 ], [ -3.4076665, 50.9090261 ], [ -3.4074034, 50.9089807 ], [ -3.407392, 50.9089767 ], [ -3.407363, 50.9089711 ], [ -3.407316, 50.9089617 ], [ -3.4072634, 50.9089505 ], [ -3.4072184, 50.9089416 ], [ -3.4071799, 50.908932 ], [ -3.4071245, 50.9089198 ], [ -3.406899, 50.9088817 ], [ -3.4063822, 50.9087698 ], [ -3.4061841, 50.9087952 ], [ -3.4061246, 50.9087987 ], [ -3.4060253, 50.9088047 ], [ -3.4060257, 50.9088193 ], [ -3.4060042, 50.9088187 ], [ -3.4059946, 50.9088211 ], [ -3.4059924, 50.9088232 ], [ -3.4059906, 50.9088263 ], [ -3.4059925, 50.9088274 ], [ -3.4058861, 50.9088272 ], [ -3.4058269, 50.9088275 ], [ -3.4057618, 50.9088285 ], [ -3.4055188, 50.9088428 ], [ -3.4051701, 50.9088942 ], [ -3.4049365, 50.9087759 ], [ -3.4048423, 50.9088042 ], [ -3.4047814, 50.9088139 ], [ -3.4047065, 50.9088226 ], [ -3.4045705, 50.9088281 ], [ -3.4038706, 50.908819 ], [ -3.4035653, 50.9088851 ], [ -3.4032869, 50.9089449 ], [ -3.4029365, 50.9090622 ], [ -3.40285, 50.9090813 ], [ -3.4028664, 50.9091094 ], [ -3.4026684, 50.9091594 ], [ -3.4025656, 50.9091849 ], [ -3.4025111, 50.909194 ], [ -3.4024313, 50.9091969 ], [ -3.40238, 50.9091904 ], [ -3.4021761, 50.909168 ], [ -3.4018927, 50.9091351 ], [ -3.4016967, 50.9090889 ], [ -3.4015129, 50.9090331 ], [ -3.4013022, 50.9089645 ], [ -3.4010746, 50.9088626 ], [ -3.4010432, 50.9088822 ], [ -3.4010155, 50.9088838 ], [ -3.4009964, 50.9088844 ], [ -3.4009869, 50.9088839 ], [ -3.4009648, 50.9088802 ], [ -3.4009358, 50.9088742 ], [ -3.400919, 50.9088695 ], [ -3.4008939, 50.9088616 ], [ -3.4008698, 50.9088528 ], [ -3.4008477, 50.9088483 ], [ -3.4008242, 50.9088438 ], [ -3.4007953, 50.9088395 ], [ -3.4007745, 50.9088338 ], [ -3.4007298, 50.9088215 ], [ -3.4006657, 50.9088027 ], [ -3.4006251, 50.9087901 ], [ -3.4005857, 50.9087773 ], [ -3.4005802, 50.9087749 ], [ -3.4005252, 50.9087532 ], [ -3.4005138, 50.9087474 ], [ -3.4004343, 50.9087114 ], [ -3.4004028, 50.908695 ], [ -3.4003727, 50.9086786 ], [ -3.4003654, 50.9086735 ], [ -3.4003523, 50.9086669 ], [ -3.4003406, 50.9086602 ], [ -3.4003303, 50.9086535 ], [ -3.40032, 50.9086459 ], [ -3.4002006, 50.9085791 ], [ -3.4001586, 50.9085674 ], [ -3.3993558, 50.9082784 ], [ -3.3993062, 50.908313 ], [ -3.399245, 50.9083029 ], [ -3.3991836, 50.9082893 ], [ -3.3989359, 50.908202 ], [ -3.3989229, 50.9081511 ], [ -3.3986685, 50.9080815 ], [ -3.3986537, 50.9080775 ], [ -3.3985836, 50.9080613 ], [ -3.3980124, 50.9079214 ], [ -3.3980069, 50.9079199 ], [ -3.3979608, 50.9079077 ], [ -3.397504, 50.9078379 ], [ -3.3972201, 50.9077981 ], [ -3.3971688, 50.9077939 ], [ -3.3969093, 50.9077756 ], [ -3.3967291, 50.9077707 ], [ -3.3963573, 50.9077753 ], [ -3.3961083, 50.9077791 ], [ -3.3956168, 50.9078094 ], [ -3.3955796, 50.9078128 ], [ -3.3955426, 50.907817 ], [ -3.3955057, 50.9078217 ], [ -3.3954692, 50.9078271 ], [ -3.3954329, 50.9078331 ], [ -3.3953967, 50.9078398 ], [ -3.3953611, 50.9078472 ], [ -3.3953255, 50.9078552 ], [ -3.3952905, 50.9078638 ], [ -3.3952558, 50.907873 ], [ -3.3952218, 50.9078828 ], [ -3.3952163, 50.9078844 ], [ -3.3949374, 50.9079463 ], [ -3.3947458, 50.9079942 ], [ -3.3942892, 50.9081223 ], [ -3.3942474, 50.9081344 ], [ -3.3939627, 50.9082306 ], [ -3.3936154, 50.9083714 ], [ -3.3935023, 50.9084279 ], [ -3.3933099, 50.9085347 ], [ -3.393177, 50.9086181 ], [ -3.3930969, 50.9086799 ], [ -3.3929862, 50.9087799 ], [ -3.3928269, 50.9089397 ], [ -3.3927426, 50.9090339 ], [ -3.3926777, 50.909124 ], [ -3.3925859, 50.9092775 ], [ -3.3924302, 50.9095648 ], [ -3.3922954, 50.9098634 ], [ -3.3921761, 50.910148 ], [ -3.3920393, 50.9104658 ], [ -3.3918634, 50.9108788 ], [ -3.3917189, 50.9111965 ], [ -3.3915404, 50.9116265 ], [ -3.3914442, 50.9118832 ], [ -3.3913363, 50.9121517 ], [ -3.3912298, 50.9125484 ], [ -3.3911849, 50.9128245 ], [ -3.3911439, 50.9129908 ], [ -3.3911174, 50.9130355 ], [ -3.3910875, 50.9130997 ], [ -3.3910937, 50.9131239 ], [ -3.3910957, 50.9131505 ], [ -3.3910628, 50.9132461 ], [ -3.3909631, 50.913481 ], [ -3.3908497, 50.913728 ], [ -3.3907578, 50.913862 ], [ -3.3906735, 50.9139678 ], [ -3.3905769, 50.9140612 ], [ -3.3904281, 50.9141838 ], [ -3.3902476, 50.9142976 ], [ -3.3901306, 50.9143528 ], [ -3.3899196, 50.9144316 ], [ -3.3898084, 50.9144637 ], [ -3.3894928, 50.9145327 ], [ -3.3893781, 50.9145538 ], [ -3.3889299, 50.9146191 ], [ -3.3884933, 50.9146754 ], [ -3.3882458, 50.9147103 ], [ -3.3880165, 50.9147554 ], [ -3.3877779, 50.9148133 ], [ -3.3874406, 50.9149126 ], [ -3.3872231, 50.9149867 ], [ -3.3869352, 50.9150938 ], [ -3.3866356, 50.9152253 ], [ -3.3863827, 50.9153426 ], [ -3.386024, 50.9155226 ], [ -3.3856984, 50.9156946 ], [ -3.3853221, 50.915898 ], [ -3.3852225, 50.9159514 ], [ -3.3851299, 50.9159054 ], [ -3.3850417, 50.915941 ], [ -3.3849736, 50.9159856 ], [ -3.3843497, 50.9163352 ], [ -3.3840154, 50.9165296 ], [ -3.3835976, 50.9167613 ], [ -3.3831946, 50.9169937 ], [ -3.3829782, 50.9171419 ], [ -3.3828011, 50.9172635 ], [ -3.3827124, 50.9173307 ], [ -3.3826115, 50.9174152 ], [ -3.3825327, 50.9174838 ], [ -3.3824545, 50.9175564 ], [ -3.3824044, 50.9176111 ], [ -3.3823083, 50.9177643 ], [ -3.3822555, 50.9178294 ], [ -3.382167, 50.9179132 ], [ -3.382062, 50.9180524 ], [ -3.3820037, 50.9181174 ], [ -3.3820146, 50.9181334 ], [ -3.382023, 50.9181494 ], [ -3.3820305, 50.9181655 ], [ -3.3820358, 50.9181797 ], [ -3.3820394, 50.9181942 ], [ -3.3819946, 50.9182474 ], [ -3.3818803, 50.9183833 ], [ -3.3818092, 50.9185245 ], [ -3.3818023, 50.9185355 ], [ -3.3816836, 50.9186843 ], [ -3.3816065, 50.9187742 ], [ -3.3815748, 50.918793 ], [ -3.3814754, 50.9188651 ], [ -3.3814397, 50.918948 ], [ -3.3814064, 50.9189791 ], [ -3.3813242, 50.9190751 ], [ -3.381322, 50.9190775 ], [ -3.3812946, 50.9191072 ], [ -3.3812686, 50.9191357 ], [ -3.3812608, 50.9191446 ], [ -3.3811769, 50.919241 ], [ -3.381147, 50.9192722 ], [ -3.3811119, 50.9193079 ], [ -3.3810752, 50.9193433 ], [ -3.3809152, 50.9195189 ], [ -3.3807249, 50.9197295 ], [ -3.3806283, 50.9198541 ], [ -3.3804274, 50.9201557 ], [ -3.3803594, 50.9202628 ], [ -3.3802977, 50.92037 ], [ -3.3802406, 50.9204397 ], [ -3.3801764, 50.9205016 ], [ -3.3801116, 50.9205807 ], [ -3.3800706, 50.9206247 ], [ -3.3800438, 50.9206501 ], [ -3.3800194, 50.9206668 ], [ -3.3799366, 50.9207237 ], [ -3.3797873, 50.9208125 ], [ -3.3797452, 50.9208367 ], [ -3.3797139, 50.9208548 ], [ -3.3796198, 50.9209125 ], [ -3.3794867, 50.9209691 ], [ -3.3793435, 50.9210311 ], [ -3.3792407, 50.9210718 ], [ -3.3791882, 50.921014 ], [ -3.3791545, 50.9209776 ], [ -3.3791215, 50.9209545 ], [ -3.3790482, 50.920894 ], [ -3.3790231, 50.9208611 ], [ -3.3789992, 50.920824 ], [ -3.3789812, 50.9207819 ], [ -3.378978, 50.9207788 ], [ -3.3789416, 50.9207815 ], [ -3.3789086, 50.9207802 ], [ -3.3788759, 50.9207817 ], [ -3.378846, 50.9207821 ], [ -3.3788204, 50.9207834 ], [ -3.3787947, 50.920783 ], [ -3.3787, 50.9207779 ], [ -3.3786404, 50.9208266 ], [ -3.378624, 50.9208386 ], [ -3.378572, 50.9208743 ], [ -3.3785308, 50.920899 ], [ -3.378485, 50.9209213 ], [ -3.3784185, 50.9209545 ], [ -3.3783217, 50.9210035 ], [ -3.3782381, 50.9209663 ], [ -3.3774931, 50.9206122 ], [ -3.3774279, 50.9206623 ], [ -3.3773995, 50.9206843 ], [ -3.3772687, 50.9207801 ], [ -3.3772987, 50.9208714 ], [ -3.3773178, 50.9208815 ], [ -3.3773528, 50.9209087 ], [ -3.3773665, 50.9209188 ], [ -3.3773769, 50.9209286 ], [ -3.3774718, 50.9210309 ], [ -3.3775333, 50.9210874 ], [ -3.3775388, 50.9210924 ], [ -3.3776446, 50.9211796 ], [ -3.3776638, 50.9211954 ], [ -3.3777342, 50.9212602 ], [ -3.3777414, 50.9212668 ], [ -3.3778473, 50.9213722 ], [ -3.3778562, 50.9214062 ], [ -3.3776397, 50.9214407 ], [ -3.3774922, 50.921468 ], [ -3.3773731, 50.9214921 ], [ -3.3772217, 50.9215165 ], [ -3.3770443, 50.9215525 ], [ -3.3768538, 50.9216055 ], [ -3.3767702, 50.9216247 ], [ -3.3764509, 50.921717 ], [ -3.3763977, 50.9217383 ], [ -3.376337, 50.921757 ], [ -3.3762962, 50.9217718 ], [ -3.3762384, 50.9217905 ], [ -3.3762131, 50.9217998 ], [ -3.3761934, 50.9218082 ], [ -3.3761723, 50.9218166 ], [ -3.3761526, 50.9218249 ], [ -3.3761358, 50.9218314 ], [ -3.376109, 50.9218425 ], [ -3.376095, 50.921848 ], [ -3.3760346, 50.9218754 ], [ -3.375911, 50.9219284 ], [ -3.375755, 50.9219923 ], [ -3.3757394, 50.9219988 ], [ -3.3756958, 50.9220155 ], [ -3.3756579, 50.9220312 ], [ -3.3756355, 50.9220422 ], [ -3.3756103, 50.9220551 ], [ -3.3755906, 50.9220635 ], [ -3.3755668, 50.9220763 ], [ -3.3755067, 50.9221157 ], [ -3.3754647, 50.9221396 ], [ -3.3754534, 50.9221461 ], [ -3.3754454, 50.9221518 ], [ -3.375371, 50.9221826 ], [ -3.3752404, 50.9222439 ], [ -3.3751995, 50.9222596 ], [ -3.3750402, 50.9223191 ], [ -3.3749025, 50.9223687 ], [ -3.3748181, 50.9224003 ], [ -3.3747456, 50.9224244 ], [ -3.3746942, 50.9224427 ], [ -3.3746477, 50.9224584 ], [ -3.3746238, 50.9224676 ], [ -3.374576, 50.9224896 ], [ -3.3744834, 50.9225308 ], [ -3.3744483, 50.9225481 ], [ -3.3744376, 50.9225531 ], [ -3.3739738, 50.9227985 ], [ -3.3738137, 50.9228736 ], [ -3.3738086, 50.9228768 ], [ -3.3737279, 50.9229293 ], [ -3.3733911, 50.923137 ], [ -3.3730725, 50.923304 ], [ -3.3729945, 50.9233511 ], [ -3.3729298, 50.923379 ], [ -3.3728793, 50.9234013 ], [ -3.3728414, 50.9234208 ], [ -3.3727531, 50.9234608 ], [ -3.3726661, 50.9235016 ], [ -3.3725945, 50.9235332 ], [ -3.3725355, 50.9235575 ], [ -3.3724877, 50.9235806 ], [ -3.3723977, 50.9236152 ], [ -3.3723274, 50.9236413 ], [ -3.3722584, 50.9236683 ], [ -3.3722289, 50.9236796 ], [ -3.3722035, 50.9236898 ], [ -3.372133, 50.9237132 ], [ -3.3721062, 50.9237226 ], [ -3.3720598, 50.9237395 ], [ -3.3720314, 50.9237471 ], [ -3.3719904, 50.9237593 ], [ -3.3719355, 50.9237771 ], [ -3.3719114, 50.9237847 ], [ -3.371899, 50.9237884 ], [ -3.3718635, 50.9237988 ], [ -3.3718266, 50.9238083 ], [ -3.3717772, 50.9238215 ], [ -3.3717641, 50.9238248 ], [ -3.3715415, 50.9238839 ], [ -3.3712654, 50.9239562 ], [ -3.3712001, 50.923971 ], [ -3.3711343, 50.9239851 ], [ -3.3710682, 50.9239986 ], [ -3.3710018, 50.9240114 ], [ -3.3709352, 50.9240235 ], [ -3.3708683, 50.9240349 ], [ -3.3707782, 50.9240491 ], [ -3.3706927, 50.9240633 ], [ -3.3706069, 50.924077 ], [ -3.3705208, 50.9240899 ], [ -3.3704346, 50.9241021 ], [ -3.3704092, 50.9241056 ], [ -3.3703424, 50.924115 ], [ -3.3702756, 50.9241237 ], [ -3.3702085, 50.9241318 ], [ -3.3701411, 50.9241392 ], [ -3.3700736, 50.9241459 ], [ -3.3700061, 50.9241519 ], [ -3.3699504, 50.9241565 ], [ -3.3699326, 50.9241621 ], [ -3.3698481, 50.9241759 ], [ -3.3696078, 50.9242144 ], [ -3.3688116, 50.9243199 ], [ -3.3685304, 50.92435 ], [ -3.368504, 50.9243528 ], [ -3.3684591, 50.9243587 ], [ -3.3683804, 50.9243694 ], [ -3.3683158, 50.9243793 ], [ -3.3682596, 50.9243874 ], [ -3.3681768, 50.9244017 ], [ -3.3681051, 50.9244143 ], [ -3.3680503, 50.9244223 ], [ -3.3679893, 50.9244324 ], [ -3.3679335, 50.9244425 ], [ -3.3678765, 50.9244527 ], [ -3.3678222, 50.9244628 ], [ -3.3677705, 50.9244736 ], [ -3.367716, 50.9244872 ], [ -3.3676659, 50.9244989 ], [ -3.3676086, 50.9245117 ], [ -3.3675557, 50.9245253 ], [ -3.3675124, 50.9245359 ], [ -3.367465, 50.9245494 ], [ -3.3674065, 50.9245666 ], [ -3.3673492, 50.9245838 ], [ -3.3672992, 50.9245982 ], [ -3.3672595, 50.9246075 ], [ -3.3668998, 50.9247152 ], [ -3.3667151, 50.9247846 ], [ -3.3665802, 50.9248366 ], [ -3.3664371, 50.9248908 ], [ -3.366296, 50.9249439 ], [ -3.3661442, 50.9250008 ], [ -3.366048, 50.9250387 ], [ -3.3659623, 50.9250701 ], [ -3.3658478, 50.9251067 ], [ -3.3657302, 50.9251443 ], [ -3.3656596, 50.9251677 ], [ -3.3655764, 50.9251966 ], [ -3.3655231, 50.925214 ], [ -3.3654545, 50.9252342 ], [ -3.3653902, 50.9252528 ], [ -3.3653341, 50.9252671 ], [ -3.3652759, 50.9252788 ], [ -3.3651938, 50.9252924 ], [ -3.3650854, 50.9253094 ], [ -3.3649767, 50.9253212 ], [ -3.3648577, 50.9253353 ], [ -3.3646289, 50.9253583 ], [ -3.3645136, 50.9253658 ], [ -3.3644582, 50.9253692 ], [ -3.3644119, 50.9253684 ], [ -3.3643487, 50.9253567 ], [ -3.3642674, 50.925337 ], [ -3.3641619, 50.9252966 ], [ -3.3641163, 50.9253386 ], [ -3.364081, 50.9253865 ], [ -3.3639446, 50.9253869 ], [ -3.3636887, 50.9253954 ], [ -3.3633819, 50.9253957 ], [ -3.3628659, 50.9254159 ], [ -3.362551, 50.9254372 ], [ -3.3623377, 50.9254623 ], [ -3.3620597, 50.9254899 ], [ -3.3617789, 50.9255338 ], [ -3.3614648, 50.9256024 ], [ -3.3612236, 50.9256569 ], [ -3.3607088, 50.9257928 ], [ -3.3602511, 50.9259407 ], [ -3.359657, 50.9261633 ], [ -3.359003, 50.9264336 ], [ -3.3587633, 50.9265387 ], [ -3.3584422, 50.9266864 ], [ -3.3581615, 50.9268183 ], [ -3.3580148, 50.9268895 ], [ -3.3576462, 50.9270889 ], [ -3.3575482, 50.9271385 ], [ -3.3571927, 50.9273502 ], [ -3.3571075, 50.9274126 ], [ -3.3568344, 50.9276147 ], [ -3.3567839, 50.9276402 ], [ -3.3565899, 50.9277098 ], [ -3.356587, 50.9277483 ], [ -3.3565129, 50.9277502 ], [ -3.3564407, 50.9277715 ], [ -3.3564299, 50.9277691 ], [ -3.3564188, 50.927767 ], [ -3.3564075, 50.927766 ], [ -3.3563965, 50.9277659 ], [ -3.3563856, 50.9277663 ], [ -3.3563495, 50.9277686 ], [ -3.3563102, 50.9277723 ], [ -3.356271, 50.927777 ], [ -3.3562318, 50.9277822 ], [ -3.3561929, 50.9277874 ], [ -3.3558069, 50.9278533 ], [ -3.355239, 50.9279432 ], [ -3.3552449, 50.9279538 ], [ -3.3552299, 50.9279854 ], [ -3.3551231, 50.9279993 ], [ -3.3550185, 50.9280155 ], [ -3.3550017, 50.9280184 ], [ -3.3549736, 50.9280242 ], [ -3.3549172, 50.9280376 ], [ -3.3548906, 50.9280451 ], [ -3.3548046, 50.9280745 ], [ -3.3545508, 50.9281541 ], [ -3.3543413, 50.9282252 ], [ -3.3541207, 50.9283022 ], [ -3.3540803, 50.9283158 ], [ -3.3539586, 50.928367 ], [ -3.3536901, 50.9284865 ], [ -3.3536124, 50.928521 ], [ -3.3531502, 50.9287157 ], [ -3.3529583, 50.9287937 ], [ -3.3527941, 50.9288608 ], [ -3.3526342, 50.928927 ], [ -3.3524775, 50.9289976 ], [ -3.3522045, 50.9291199 ], [ -3.3520532, 50.929193 ], [ -3.3519472, 50.9292445 ], [ -3.3518044, 50.9293193 ], [ -3.3517429, 50.9293529 ], [ -3.3516211, 50.929417 ], [ -3.3514061, 50.9295291 ], [ -3.3510869, 50.9296984 ], [ -3.3508827, 50.9298121 ], [ -3.3503061, 50.9301323 ], [ -3.3502958, 50.930138 ], [ -3.3499031, 50.9303621 ], [ -3.3495592, 50.9305746 ], [ -3.3493137, 50.9307324 ], [ -3.3490946, 50.9308857 ], [ -3.349014, 50.9309462 ], [ -3.348557, 50.9313232 ], [ -3.3482576, 50.9315636 ], [ -3.3480573, 50.9317332 ], [ -3.3479117, 50.9318462 ], [ -3.3478649, 50.9318797 ], [ -3.3476681, 50.9319965 ], [ -3.3473816, 50.9321577 ], [ -3.3473582, 50.9321728 ], [ -3.3472137, 50.9322663 ], [ -3.3469727, 50.932441 ], [ -3.3465938, 50.9327222 ], [ -3.3462748, 50.9329608 ], [ -3.3459006, 50.9332462 ], [ -3.34577, 50.9333527 ], [ -3.34567, 50.9334342 ], [ -3.3454699, 50.9335903 ], [ -3.3454328, 50.9336163 ], [ -3.3453391, 50.9336867 ], [ -3.3451987, 50.9338031 ], [ -3.3450198, 50.9339499 ], [ -3.3449069, 50.9340464 ], [ -3.3447791, 50.9341441 ], [ -3.3446276, 50.9340831 ], [ -3.344607, 50.9341005 ], [ -3.3445865, 50.934132 ], [ -3.3447266, 50.9341826 ], [ -3.3446737, 50.9342305 ], [ -3.3446056, 50.9342851 ], [ -3.3443393, 50.9344848 ], [ -3.3441308, 50.9346486 ], [ -3.3437867, 50.9348993 ], [ -3.3434068, 50.9351728 ], [ -3.3433875, 50.9351678 ], [ -3.3433495, 50.9351676 ], [ -3.3432781, 50.935219 ], [ -3.3431461, 50.9353136 ], [ -3.3430374, 50.9353937 ], [ -3.3426038, 50.9357185 ], [ -3.3424489, 50.9358352 ], [ -3.3421688, 50.936043 ], [ -3.3421679, 50.9360449 ], [ -3.34216, 50.9360603 ], [ -3.3421436, 50.9360849 ], [ -3.3421331, 50.9360993 ], [ -3.3421212, 50.9361128 ], [ -3.3421079, 50.9361265 ], [ -3.3420147, 50.9362074 ], [ -3.3416238, 50.9365057 ], [ -3.3405749, 50.9372769 ], [ -3.3400398, 50.9376844 ], [ -3.3394687, 50.9380984 ], [ -3.3391964, 50.9383216 ], [ -3.3391571, 50.9383546 ], [ -3.3389865, 50.9384743 ], [ -3.3387978, 50.9385881 ], [ -3.3386594, 50.9386793 ], [ -3.3385003, 50.9387706 ], [ -3.3384241, 50.9388231 ], [ -3.3384215, 50.9388354 ], [ -3.3383291, 50.9388921 ], [ -3.3383004, 50.9389022 ], [ -3.338247, 50.9389355 ], [ -3.3381513, 50.9389868 ], [ -3.3380721, 50.9390314 ], [ -3.3379602, 50.9390917 ], [ -3.3378714, 50.9391421 ], [ -3.3378312, 50.9391655 ], [ -3.3378077, 50.9391785 ], [ -3.3378045, 50.93918 ], [ -3.3377412, 50.9392126 ], [ -3.3375498, 50.9392997 ], [ -3.3374627, 50.9393339 ], [ -3.3374088, 50.9393523 ], [ -3.3373401, 50.939372 ], [ -3.337229, 50.9394028 ], [ -3.3371416, 50.939428 ], [ -3.3370403, 50.9394511 ], [ -3.3369701, 50.9394638 ], [ -3.3369235, 50.9394703 ], [ -3.336787, 50.9394805 ], [ -3.3365251, 50.939483 ], [ -3.3364336, 50.9394816 ], [ -3.3363235, 50.9394778 ], [ -3.3361633, 50.9394775 ], [ -3.3360607, 50.9394763 ], [ -3.3359197, 50.9394683 ], [ -3.3357823, 50.9394578 ], [ -3.3356489, 50.9394474 ], [ -3.3355422, 50.9394337 ], [ -3.3353666, 50.939407 ], [ -3.3352555, 50.9393866 ], [ -3.3351161, 50.9393556 ], [ -3.3350301, 50.9393388 ], [ -3.3349454, 50.9393165 ], [ -3.3348112, 50.9392944 ], [ -3.3346751, 50.9392723 ], [ -3.3344435, 50.9392316 ], [ -3.3341583, 50.9391764 ], [ -3.3339211, 50.9391331 ], [ -3.333476, 50.9390551 ], [ -3.3333165, 50.939025 ], [ -3.3332095, 50.9390978 ], [ -3.3330848, 50.9390766 ], [ -3.3330838, 50.9390764 ], [ -3.3330975, 50.9389902 ], [ -3.3330877, 50.938986 ], [ -3.3330481, 50.9389713 ], [ -3.3329938, 50.9389666 ], [ -3.3328646, 50.9389467 ], [ -3.3325914, 50.9389081 ], [ -3.3322771, 50.938862 ], [ -3.332052, 50.9388167 ], [ -3.3318159, 50.938778 ], [ -3.3316145, 50.9387486 ], [ -3.3314326, 50.9387215 ], [ -3.3311806, 50.9386732 ], [ -3.3310295, 50.938648 ], [ -3.3309174, 50.9386347 ], [ -3.3307593, 50.9386267 ], [ -3.330581, 50.9386273 ], [ -3.330459, 50.9386274 ], [ -3.3303507, 50.9386318 ], [ -3.3302509, 50.938635 ], [ -3.330167, 50.9386404 ], [ -3.3301091, 50.9386622 ], [ -3.330083, 50.9386879 ], [ -3.3300209, 50.9386943 ], [ -3.3299193, 50.9387012 ], [ -3.3297633, 50.9387233 ], [ -3.3296235, 50.9387487 ], [ -3.3295453, 50.9387638 ], [ -3.32942, 50.9387916 ], [ -3.329361, 50.938807 ], [ -3.3292838, 50.938832 ], [ -3.3291828, 50.9388753 ], [ -3.3290939, 50.9389106 ], [ -3.3289992, 50.9389512 ], [ -3.3289168, 50.9389877 ], [ -3.3288489, 50.9390203 ], [ -3.3287666, 50.9390666 ], [ -3.3287083, 50.9390951 ], [ -3.3286807, 50.9391117 ], [ -3.3286641, 50.9391218 ], [ -3.3286053, 50.9391091 ], [ -3.3286023, 50.9391184 ], [ -3.328595, 50.9391263 ], [ -3.3284915, 50.9391846 ], [ -3.3284379, 50.93923 ], [ -3.3283609, 50.9392927 ], [ -3.3283058, 50.9393466 ], [ -3.3282269, 50.9394179 ], [ -3.3281608, 50.9394789 ], [ -3.3280843, 50.9395545 ], [ -3.3280771, 50.9395653 ], [ -3.3279624, 50.9397092 ], [ -3.3278751, 50.9398203 ], [ -3.3278249, 50.9398853 ], [ -3.3277652, 50.9399682 ], [ -3.3277491, 50.9399654 ], [ -3.3277619, 50.9400075 ], [ -3.3276929, 50.9401637 ], [ -3.3276009, 50.940352 ], [ -3.3275484, 50.9404665 ], [ -3.3274758, 50.9406053 ], [ -3.327345, 50.9408766 ], [ -3.3272263, 50.9411317 ], [ -3.3270945, 50.9414305 ], [ -3.32698, 50.9416779 ], [ -3.3268503, 50.9419886 ], [ -3.3266452, 50.942516 ], [ -3.3265116, 50.9428618 ], [ -3.3263513, 50.9432528 ], [ -3.3263545, 50.9432548 ], [ -3.3262809, 50.9434288 ], [ -3.3261652, 50.9437227 ], [ -3.3261281, 50.943826 ], [ -3.3260928, 50.9439548 ], [ -3.3260933, 50.9439587 ], [ -3.3260922, 50.9439684 ], [ -3.3260995, 50.94397 ], [ -3.3260959, 50.9440384 ], [ -3.3260803, 50.944087 ], [ -3.3260755, 50.944134 ], [ -3.3260458, 50.9442094 ], [ -3.3260432, 50.9442159 ], [ -3.3259231, 50.944441 ], [ -3.3258905, 50.9445228 ], [ -3.3258753, 50.9445708 ], [ -3.3258034, 50.9447853 ], [ -3.3257702, 50.9449037 ], [ -3.325729, 50.9450507 ], [ -3.3256829, 50.945163 ], [ -3.3256474, 50.945278 ], [ -3.3256142, 50.945385 ], [ -3.325569, 50.9453719 ], [ -3.3255241, 50.9454584 ], [ -3.3254389, 50.9457233 ], [ -3.3253657, 50.9459405 ], [ -3.3253473, 50.9459953 ], [ -3.3252213, 50.9463451 ], [ -3.3251938, 50.9464138 ], [ -3.3250495, 50.9468462 ], [ -3.3250489, 50.9468575 ], [ -3.3250521, 50.9468671 ], [ -3.3250623, 50.9468754 ], [ -3.3250252, 50.9469798 ], [ -3.3249544, 50.9471794 ], [ -3.3248194, 50.9475808 ], [ -3.3247285, 50.9478487 ], [ -3.324706, 50.9479129 ], [ -3.3246866, 50.9479671 ], [ -3.3246288, 50.9481601 ], [ -3.3245236, 50.9485386 ], [ -3.3245036, 50.9485997 ], [ -3.3244737, 50.9485983 ], [ -3.3244725, 50.9486025 ], [ -3.3244051, 50.9488664 ], [ -3.3243495, 50.9491013 ], [ -3.3242924, 50.9493389 ], [ -3.3242544, 50.9494815 ], [ -3.3242066, 50.9496312 ], [ -3.3241285, 50.9500388 ], [ -3.324056, 50.9503134 ], [ -3.3239936, 50.9505957 ], [ -3.323965, 50.9508923 ], [ -3.3239497, 50.9513254 ], [ -3.3239795, 50.9515174 ], [ -3.324034, 50.9515147 ], [ -3.3240558, 50.9515727 ], [ -3.3239597, 50.9516039 ], [ -3.3238544, 50.9516398 ], [ -3.3237544, 50.9516848 ], [ -3.323613, 50.9517577 ], [ -3.3234935, 50.9518331 ], [ -3.3234415, 50.9518757 ], [ -3.3233653, 50.9519392 ], [ -3.3233583, 50.9519495 ], [ -3.3233599, 50.9519558 ], [ -3.3233678, 50.9519756 ], [ -3.3233809, 50.9519712 ], [ -3.3234059, 50.951964 ], [ -3.3234385, 50.9519569 ], [ -3.3235474, 50.9519425 ], [ -3.3235813, 50.9519344 ], [ -3.3236891, 50.9518954 ], [ -3.3237386, 50.9518762 ], [ -3.3237562, 50.9518717 ], [ -3.3237754, 50.9518672 ], [ -3.3237919, 50.9518656 ], [ -3.323813, 50.951864 ], [ -3.3238312, 50.9518643 ], [ -3.323851, 50.9518656 ], [ -3.3238659, 50.9518671 ], [ -3.3239275, 50.9518783 ], [ -3.3239376, 50.9518802 ], [ -3.3240035, 50.9518925 ], [ -3.3239997, 50.9519104 ], [ -3.3239321, 50.9524062 ], [ -3.3238911, 50.9527418 ], [ -3.3238736, 50.9529333 ], [ -3.3238616, 50.9530194 ], [ -3.3238583, 50.9530544 ], [ -3.3238536, 50.9531433 ], [ -3.323839, 50.9533392 ], [ -3.3238245, 50.953587 ], [ -3.3237824, 50.9535852 ], [ -3.3237512, 50.9535855 ], [ -3.3237245, 50.9535873 ], [ -3.3237234, 50.9537182 ], [ -3.3237282, 50.953791 ], [ -3.3237176, 50.9537913 ], [ -3.3236715, 50.9537991 ], [ -3.3236268, 50.9538052 ], [ -3.3236383, 50.9539207 ], [ -3.3236473, 50.9539877 ], [ -3.3236513, 50.9540167 ], [ -3.3236474, 50.9541207 ], [ -3.3236396, 50.9541849 ], [ -3.3236238, 50.954302 ], [ -3.3235609, 50.9547013 ], [ -3.3235493, 50.9547724 ], [ -3.3234576, 50.9556842 ], [ -3.3233067, 50.9571557 ], [ -3.3233028, 50.9572104 ], [ -3.3232904, 50.957524 ], [ -3.3232808, 50.9576088 ], [ -3.3232728, 50.9576794 ], [ -3.3232628, 50.9577687 ], [ -3.323251, 50.9578305 ], [ -3.3232679, 50.9582871 ], [ -3.3232784, 50.9583156 ], [ -3.32329, 50.9583354 ], [ -3.3233073, 50.9583518 ], [ -3.3233187, 50.9583585 ], [ -3.3233345, 50.9583626 ], [ -3.3233678, 50.9583693 ], [ -3.3233823, 50.9583718 ], [ -3.3233331, 50.9584313 ], [ -3.3233143, 50.9584387 ], [ -3.3232955, 50.9584522 ], [ -3.3232521, 50.9585003 ], [ -3.3232462, 50.9585139 ], [ -3.3232365, 50.9585374 ], [ -3.3232246, 50.9585683 ], [ -3.3232103, 50.9586063 ], [ -3.3232039, 50.9586191 ], [ -3.3231822, 50.9586881 ], [ -3.3231718, 50.9587261 ], [ -3.3231604, 50.9587703 ], [ -3.3231483, 50.9588362 ], [ -3.3231241, 50.9590832 ], [ -3.3230934, 50.959292 ], [ -3.3230638, 50.9595135 ], [ -3.3230456, 50.9596478 ], [ -3.3230276, 50.9597798 ], [ -3.323019, 50.9598441 ], [ -3.3230172, 50.9599179 ], [ -3.3230197, 50.959954 ], [ -3.3230311, 50.9600774 ], [ -3.3230411, 50.9601831 ], [ -3.3230585, 50.9603088 ], [ -3.3230787, 50.9604346 ], [ -3.3230984, 50.9605148 ], [ -3.3231617, 50.9606973 ], [ -3.3231698, 50.9607382 ], [ -3.3231782, 50.9607586 ], [ -3.3232038, 50.9608157 ], [ -3.3232137, 50.9608383 ], [ -3.3232734, 50.9609422 ], [ -3.3233719, 50.9610963 ], [ -3.3234629, 50.9612307 ], [ -3.323515, 50.9613104 ], [ -3.3235512, 50.9613632 ], [ -3.3236084, 50.9614385 ], [ -3.3236425, 50.9614781 ], [ -3.3236935, 50.9615333 ], [ -3.3237527, 50.9615978 ], [ -3.3238713, 50.961742 ], [ -3.3239074, 50.9617803 ], [ -3.323923, 50.9617959 ], [ -3.3239746, 50.9618537 ], [ -3.3248022, 50.9627429 ], [ -3.3248288, 50.9628999 ], [ -3.3250337, 50.9636371 ], [ -3.3250816, 50.9636682 ], [ -3.3251264, 50.9636975 ], [ -3.3252334, 50.9637555 ], [ -3.3251822, 50.9638512 ], [ -3.3251873, 50.9639525 ], [ -3.3252065, 50.9640122 ], [ -3.3252611, 50.964004 ], [ -3.3252537, 50.9640324 ], [ -3.3252124, 50.964103 ], [ -3.3251683, 50.9641956 ], [ -3.3251078, 50.9642895 ], [ -3.3250431, 50.9644607 ], [ -3.324942, 50.9646641 ], [ -3.324861, 50.964766 ], [ -3.3247903, 50.9648606 ], [ -3.3247329, 50.9649393 ], [ -3.3246084, 50.9650615 ], [ -3.3245622, 50.9650977 ], [ -3.3243685, 50.9652718 ], [ -3.3241596, 50.9654443 ], [ -3.3240455, 50.9655346 ], [ -3.323878, 50.9656782 ], [ -3.3237778, 50.9657919 ], [ -3.3235185, 50.9660152 ], [ -3.3233456, 50.9661522 ], [ -3.323229, 50.9662693 ], [ -3.323081, 50.9664015 ], [ -3.3229531, 50.9665393 ], [ -3.322836, 50.966669 ], [ -3.3226725, 50.966795 ], [ -3.3226, 50.9668463 ], [ -3.3225396, 50.9668878 ], [ -3.3224916, 50.9669194 ], [ -3.3223633, 50.9670307 ], [ -3.3221845, 50.967185 ], [ -3.3221578, 50.9672029 ], [ -3.3220964, 50.9671686 ], [ -3.3220429, 50.9671388 ], [ -3.3217646, 50.967351 ], [ -3.3215632, 50.9675028 ], [ -3.3212835, 50.9677086 ], [ -3.3210386, 50.9678876 ], [ -3.3209564, 50.9678807 ], [ -3.320832, 50.9679742 ], [ -3.3207024, 50.9680937 ], [ -3.320651, 50.9681314 ], [ -3.3206119, 50.9681583 ], [ -3.3204539, 50.9682542 ], [ -3.3204011, 50.9682849 ], [ -3.3202696, 50.9683369 ], [ -3.320125, 50.96838 ], [ -3.3200932, 50.9684104 ], [ -3.3200655, 50.9684349 ], [ -3.3200233, 50.9684494 ], [ -3.3199516, 50.9684655 ], [ -3.3198826, 50.9684704 ], [ -3.3197189, 50.9684622 ], [ -3.319589, 50.9684461 ], [ -3.3195212, 50.9684427 ], [ -3.3194619, 50.9684346 ], [ -3.3194466, 50.9684314 ], [ -3.3194908, 50.9684782 ], [ -3.3195848, 50.9685392 ], [ -3.3196676, 50.9686078 ], [ -3.319719, 50.9686474 ], [ -3.3197465, 50.968693 ], [ -3.3197537, 50.9686984 ], [ -3.3198591, 50.9687702 ], [ -3.319875, 50.9687966 ], [ -3.3199309, 50.9688573 ], [ -3.3200001, 50.9689229 ], [ -3.320135, 50.9690344 ], [ -3.3202044, 50.9690667 ], [ -3.3203401, 50.969141 ], [ -3.3204659, 50.9692118 ], [ -3.3205335, 50.9692415 ], [ -3.3205831, 50.9692545 ], [ -3.3206612, 50.9692631 ], [ -3.3207475, 50.9692637 ], [ -3.3208337, 50.9692598 ], [ -3.3208753, 50.969257 ], [ -3.3209495, 50.9692408 ], [ -3.321016, 50.9692204 ], [ -3.3210483, 50.9692044 ], [ -3.3211231, 50.9691573 ], [ -3.3212014, 50.9691095 ], [ -3.3212588, 50.9690826 ], [ -3.3213141, 50.9690629 ], [ -3.321317, 50.9690621 ], [ -3.3213671, 50.9690495 ], [ -3.3214148, 50.9690416 ], [ -3.3214525, 50.969037 ], [ -3.3214731, 50.9690093 ], [ -3.3214694, 50.9689812 ], [ -3.3214648, 50.9689566 ], [ -3.3214613, 50.9689284 ], [ -3.3214397, 50.9688599 ], [ -3.3214342, 50.9688221 ], [ -3.321435, 50.9687723 ], [ -3.3214301, 50.9687249 ], [ -3.3214195, 50.9686665 ], [ -3.3213754, 50.9685437 ], [ -3.3213589, 50.9684878 ], [ -3.3213597, 50.9684441 ], [ -3.3213717, 50.9683919 ], [ -3.3213999, 50.968389 ], [ -3.3213613, 50.9683621 ], [ -3.3213029, 50.9683476 ], [ -3.3212277, 50.9683655 ], [ -3.3211968, 50.9683403 ], [ -3.3210954, 50.968262 ], [ -3.3213023, 50.9681294 ], [ -3.3215131, 50.9679617 ], [ -3.3217025, 50.9678212 ], [ -3.3218154, 50.9677368 ], [ -3.3218842, 50.9676975 ], [ -3.3219221, 50.9677267 ], [ -3.3219913, 50.9677782 ], [ -3.322052, 50.9677625 ], [ -3.322094, 50.9677448 ], [ -3.3221374, 50.9677208 ], [ -3.3221956, 50.9676832 ], [ -3.3222206, 50.9676656 ], [ -3.3222412, 50.9676394 ], [ -3.3223203, 50.9675737 ], [ -3.3223749, 50.9675199 ], [ -3.3224227, 50.9674678 ], [ -3.322473, 50.9674112 ], [ -3.3225207, 50.9673538 ], [ -3.3225599, 50.9673091 ], [ -3.3225844, 50.9672573 ], [ -3.3226153, 50.9671697 ], [ -3.3226354, 50.9671368 ], [ -3.3226542, 50.9671152 ], [ -3.3226842, 50.9670832 ], [ -3.3227014, 50.9670486 ], [ -3.3227919, 50.9669626 ], [ -3.3230262, 50.9667838 ], [ -3.3231555, 50.9666468 ], [ -3.323188, 50.9666166 ], [ -3.323209, 50.9665924 ], [ -3.3232403, 50.9665742 ], [ -3.3232743, 50.966568 ], [ -3.323218, 50.9664881 ], [ -3.3231949, 50.9664807 ], [ -3.3235699, 50.9661125 ], [ -3.3237949, 50.9659129 ], [ -3.3239127, 50.9658367 ], [ -3.3241405, 50.9656392 ], [ -3.3244047, 50.9654278 ], [ -3.3246392, 50.965285 ], [ -3.3246909, 50.9652416 ], [ -3.3247789, 50.9651593 ], [ -3.3248326, 50.965084 ], [ -3.3249189, 50.9649843 ], [ -3.3250261, 50.9648769 ], [ -3.3250935, 50.9648169 ], [ -3.3251286, 50.9647621 ], [ -3.3251514, 50.9647017 ], [ -3.3251945, 50.9646172 ], [ -3.3252884, 50.9644946 ], [ -3.3253573, 50.9644041 ], [ -3.3254263, 50.9642117 ], [ -3.325447, 50.9641175 ], [ -3.3254366, 50.9640444 ], [ -3.3254301, 50.9639241 ], [ -3.325468, 50.9638435 ], [ -3.3254436, 50.9638361 ], [ -3.3254519, 50.9637735 ], [ -3.3254394, 50.9637192 ], [ -3.3254242, 50.9636779 ], [ -3.3253672, 50.9636278 ], [ -3.3253531, 50.9636234 ], [ -3.3253201, 50.9636209 ], [ -3.3253291, 50.9635907 ], [ -3.3253298, 50.9635559 ], [ -3.3253113, 50.9634542 ], [ -3.3252788, 50.9633052 ], [ -3.3252606, 50.9632199 ], [ -3.3252133, 50.9630588 ], [ -3.3251814, 50.9629569 ], [ -3.3251549, 50.9628962 ], [ -3.3251396, 50.9628572 ], [ -3.3251137, 50.9627886 ], [ -3.3251079, 50.9627598 ], [ -3.325106, 50.9627454 ], [ -3.325095, 50.9626942 ], [ -3.3250892, 50.9626645 ], [ -3.325116, 50.9626225 ], [ -3.3250206, 50.9624713 ], [ -3.3249799, 50.9624028 ], [ -3.3249546, 50.962381 ], [ -3.3249408, 50.9623646 ], [ -3.3249187, 50.9623298 ], [ -3.3248594, 50.962298 ], [ -3.3248055, 50.9622671 ], [ -3.324746, 50.962197 ], [ -3.3246599, 50.9620874 ], [ -3.3246004, 50.9620138 ], [ -3.3245576, 50.9619663 ], [ -3.3244899, 50.9618934 ], [ -3.3241604, 50.9615769 ], [ -3.3241442, 50.9615523 ], [ -3.324026, 50.9613995 ], [ -3.3238744, 50.9612264 ], [ -3.3237924, 50.9611353 ], [ -3.3237584, 50.9610871 ], [ -3.3237258, 50.9610351 ], [ -3.3236315, 50.9608638 ], [ -3.3235987, 50.960793 ], [ -3.3235501, 50.9606736 ], [ -3.3234987, 50.9605178 ], [ -3.3234539, 50.9604327 ], [ -3.3234473, 50.9604162 ], [ -3.3234342, 50.9603877 ], [ -3.3234311, 50.9603807 ], [ -3.3234243, 50.9603695 ], [ -3.3233549, 50.9602906 ], [ -3.323346, 50.9602579 ], [ -3.3233264, 50.9601648 ], [ -3.3233196, 50.9601269 ], [ -3.3233194, 50.9600915 ], [ -3.323323, 50.9599372 ], [ -3.3233406, 50.9597133 ], [ -3.3233423, 50.959685 ], [ -3.3233641, 50.9595938 ], [ -3.3233771, 50.9595317 ], [ -3.3233816, 50.9595116 ], [ -3.3233846, 50.9594823 ], [ -3.3233983, 50.9593402 ], [ -3.3234027, 50.9593173 ], [ -3.3234086, 50.9592954 ], [ -3.3235171, 50.9586692 ], [ -3.3235375, 50.9586643 ], [ -3.3235442, 50.9586108 ], [ -3.3234631, 50.9585945 ], [ -3.3234826, 50.9584184 ], [ -3.3234873, 50.9583819 ], [ -3.3234968, 50.9583684 ], [ -3.3235027, 50.9583578 ], [ -3.3235477, 50.9581488 ], [ -3.3235642, 50.9580541 ], [ -3.3235933, 50.9579809 ], [ -3.3236004, 50.9579573 ], [ -3.3236046, 50.9579472 ], [ -3.3236059, 50.9579382 ], [ -3.3236058, 50.9579291 ], [ -3.323611, 50.9578667 ], [ -3.3236209, 50.9578148 ], [ -3.3236292, 50.9577753 ], [ -3.3236549, 50.9576653 ], [ -3.3236695, 50.9575974 ], [ -3.3236772, 50.9575117 ], [ -3.323689, 50.9572819 ], [ -3.3237114, 50.9569928 ], [ -3.3237526, 50.9564236 ], [ -3.3237695, 50.9564223 ], [ -3.323796, 50.9561845 ], [ -3.3238019, 50.956122 ], [ -3.3238114, 50.9559979 ], [ -3.3238213, 50.9558215 ], [ -3.3238248, 50.9556142 ], [ -3.3238306, 50.9554892 ], [ -3.3238412, 50.9553442 ], [ -3.3238612, 50.9552038 ], [ -3.3238991, 50.9550316 ], [ -3.3239127, 50.9549348 ], [ -3.3239153, 50.9549176 ], [ -3.324, 50.9549202 ], [ -3.3240053, 50.9549217 ], [ -3.3240008, 50.9548367 ], [ -3.3240046, 50.9548046 ], [ -3.3240114, 50.9547716 ], [ -3.3240159, 50.9547546 ], [ -3.3240256, 50.9547225 ], [ -3.3240348, 50.9547011 ], [ -3.3240572, 50.9545008 ], [ -3.3241028, 50.954022 ], [ -3.3240902, 50.9540026 ], [ -3.3240747, 50.9539752 ], [ -3.3240614, 50.9539345 ], [ -3.3240621, 50.9539159 ], [ -3.3240585, 50.9538989 ], [ -3.324054, 50.9538898 ], [ -3.3240228, 50.9538505 ], [ -3.3240001, 50.953829 ], [ -3.3240009, 50.953818 ], [ -3.3240159, 50.9538118 ], [ -3.3240244, 50.9538064 ], [ -3.3240356, 50.9537974 ], [ -3.3240538, 50.9537793 ], [ -3.3240873, 50.9537425 ], [ -3.324132, 50.9536948 ], [ -3.3241443, 50.9536758 ], [ -3.3241553, 50.9536569 ], [ -3.3241594, 50.9536471 ], [ -3.3241661, 50.9536273 ], [ -3.3241722, 50.953595 ], [ -3.3241783, 50.9535536 ], [ -3.3242117, 50.9532087 ], [ -3.324251, 50.9528646 ], [ -3.3242997, 50.9523816 ], [ -3.3243174, 50.9522718 ], [ -3.3243464, 50.9521813 ], [ -3.3243815, 50.9520948 ], [ -3.3243923, 50.9520417 ], [ -3.324435, 50.9518142 ], [ -3.3244532, 50.951634 ], [ -3.3244116, 50.9515774 ], [ -3.3243927, 50.9515572 ], [ -3.3243656, 50.9515311 ], [ -3.324322, 50.9515342 ], [ -3.3242737, 50.9515373 ], [ -3.3242527, 50.9515389 ], [ -3.3242306, 50.9514861 ], [ -3.324197, 50.9514981 ], [ -3.3242287, 50.951346 ], [ -3.3242654, 50.9511866 ], [ -3.324293, 50.9510022 ], [ -3.3243396, 50.9506836 ], [ -3.3243746, 50.9504104 ], [ -3.3244017, 50.9502385 ], [ -3.3244221, 50.950125 ], [ -3.3244746, 50.9499036 ], [ -3.3245057, 50.9497748 ], [ -3.3245342, 50.9496528 ], [ -3.3245539, 50.9495752 ], [ -3.3245788, 50.9494403 ], [ -3.3246391, 50.9491983 ], [ -3.3248884, 50.9492902 ], [ -3.3249365, 50.9493073 ], [ -3.3250207, 50.9493371 ], [ -3.3251549, 50.9493901 ], [ -3.3252799, 50.9494415 ], [ -3.3255708, 50.9495481 ], [ -3.3258059, 50.9496301 ], [ -3.3258338, 50.949627 ], [ -3.3261482, 50.9495885 ], [ -3.326193, 50.9495875 ], [ -3.3262252, 50.9495924 ], [ -3.326255, 50.9496033 ], [ -3.3262878, 50.9496206 ], [ -3.3263444, 50.949669 ], [ -3.3263668, 50.9496883 ], [ -3.3263939, 50.9496997 ], [ -3.3264568, 50.9496075 ], [ -3.3265407, 50.9494562 ], [ -3.3265724, 50.9493948 ], [ -3.3266036, 50.9493476 ], [ -3.3266999, 50.9492243 ], [ -3.3267629, 50.9491407 ], [ -3.3268247, 50.9490722 ], [ -3.3269051, 50.9490021 ], [ -3.3270293, 50.9489021 ], [ -3.3271598, 50.9488106 ], [ -3.3271981, 50.9487792 ], [ -3.3270929, 50.9487505 ], [ -3.3270774, 50.9487462 ], [ -3.3266835, 50.9486578 ], [ -3.3260874, 50.9485071 ], [ -3.3253583, 50.9483239 ], [ -3.3252472, 50.9482926 ], [ -3.3248672, 50.9481995 ], [ -3.3249623, 50.9479264 ], [ -3.32496, 50.9479077 ], [ -3.3249508, 50.947888 ], [ -3.3249325, 50.9478574 ], [ -3.3249285, 50.947843 ], [ -3.3249296, 50.9478217 ], [ -3.3250207, 50.9475334 ], [ -3.3250386, 50.9474901 ], [ -3.3250573, 50.947411 ], [ -3.3251378, 50.9471732 ], [ -3.3252101, 50.9469852 ], [ -3.3253076, 50.9467221 ], [ -3.3254651, 50.9463005 ], [ -3.3256038, 50.945955 ], [ -3.3256584, 50.9458326 ], [ -3.3256724, 50.945791 ], [ -3.3257059, 50.9456875 ], [ -3.3257208, 50.9456505 ], [ -3.3257922, 50.9455644 ], [ -3.3258178, 50.9455094 ], [ -3.3258867, 50.9455197 ], [ -3.3260599, 50.9456273 ], [ -3.3261709, 50.9456871 ], [ -3.3262242, 50.9454921 ], [ -3.3262363, 50.9454452 ], [ -3.3262548, 50.9453417 ], [ -3.3262692, 50.9452805 ], [ -3.3262673, 50.9452754 ], [ -3.32625, 50.945245 ], [ -3.3262431, 50.945227 ], [ -3.3262374, 50.9452106 ], [ -3.3261839, 50.9450898 ], [ -3.3261613, 50.9450207 ], [ -3.3261554, 50.9449704 ], [ -3.326157, 50.944937 ], [ -3.3261676, 50.9448992 ], [ -3.3262104, 50.9447416 ], [ -3.3262597, 50.9446155 ], [ -3.3263092, 50.9444824 ], [ -3.3263453, 50.9443904 ], [ -3.3263813, 50.9442876 ], [ -3.3264414, 50.9443043 ], [ -3.3264805, 50.9442499 ], [ -3.3264339, 50.9442341 ], [ -3.3264598, 50.9441928 ], [ -3.3265068, 50.9442063 ], [ -3.3265296, 50.9441462 ], [ -3.3265072, 50.9441426 ], [ -3.3264736, 50.9441383 ], [ -3.3264587, 50.9441353 ], [ -3.3264489, 50.9441315 ], [ -3.3264433, 50.9441278 ], [ -3.3264401, 50.9441207 ], [ -3.3264507, 50.9440871 ], [ -3.3264555, 50.9440719 ], [ -3.3265356, 50.9438491 ], [ -3.3266685, 50.9434918 ], [ -3.3267354, 50.9433076 ], [ -3.3267482, 50.9432644 ], [ -3.3267083, 50.9432606 ], [ -3.3266768, 50.9432546 ], [ -3.3266593, 50.9432512 ], [ -3.3266206, 50.943244 ], [ -3.3267844, 50.9428331 ], [ -3.3268728, 50.9426244 ], [ -3.3269448, 50.9424395 ], [ -3.3270658, 50.9421596 ], [ -3.3273613, 50.9421846 ], [ -3.3274239, 50.9418394 ], [ -3.3274433, 50.9416525 ], [ -3.3274539, 50.9414866 ], [ -3.327506, 50.9413705 ], [ -3.3275314, 50.941327 ], [ -3.3275669, 50.9412364 ], [ -3.3276066, 50.9411651 ], [ -3.3276728, 50.9410777 ], [ -3.3277198, 50.9409919 ], [ -3.3277731, 50.940864 ], [ -3.3278185, 50.9407194 ], [ -3.3279775, 50.9404156 ], [ -3.3280379, 50.9403285 ], [ -3.3281145, 50.9402734 ], [ -3.3281761, 50.9401666 ], [ -3.3281591, 50.9400983 ], [ -3.3282564, 50.9399736 ], [ -3.3283251, 50.9399768 ], [ -3.3284113, 50.9398852 ], [ -3.3284977, 50.939805 ], [ -3.3286402, 50.9396879 ], [ -3.3288469, 50.9395525 ], [ -3.3290285, 50.9393865 ], [ -3.3291054, 50.9393774 ], [ -3.3291008, 50.9393577 ], [ -3.3290813, 50.9393389 ], [ -3.329058, 50.9393209 ], [ -3.3290455, 50.9393073 ], [ -3.3289861, 50.939286 ], [ -3.3290051, 50.9392724 ], [ -3.3290396, 50.9392488 ], [ -3.3291833, 50.9391457 ], [ -3.3293403, 50.9390733 ], [ -3.3296959, 50.9389514 ], [ -3.3297757, 50.9389347 ], [ -3.3298366, 50.9389237 ], [ -3.3298989, 50.9389129 ], [ -3.3299557, 50.9389054 ], [ -3.3300209, 50.9388995 ], [ -3.3301077, 50.9388899 ], [ -3.3301784, 50.9388856 ], [ -3.3302844, 50.938881 ], [ -3.3304361, 50.9388766 ], [ -3.3305031, 50.9388794 ], [ -3.3305775, 50.9388823 ], [ -3.3307029, 50.9388913 ], [ -3.3309025, 50.9389177 ], [ -3.3310162, 50.9389381 ], [ -3.3312702, 50.9389955 ], [ -3.3314496, 50.9390327 ], [ -3.3315848, 50.9390638 ], [ -3.3316726, 50.9390838 ], [ -3.3326177, 50.9392915 ], [ -3.3327825, 50.9393211 ], [ -3.3329388, 50.9392452 ], [ -3.3330644, 50.9392677 ], [ -3.3330308, 50.9393537 ], [ -3.3330463, 50.9393628 ], [ -3.3330858, 50.9393747 ], [ -3.3331184, 50.9393805 ], [ -3.3332172, 50.9393953 ], [ -3.3334121, 50.9394284 ], [ -3.3335661, 50.9394515 ], [ -3.3339798, 50.939521 ], [ -3.3342497, 50.939564 ], [ -3.3345021, 50.9396059 ], [ -3.3346558, 50.9396286 ], [ -3.3347012, 50.9396343 ], [ -3.3347607, 50.9396477 ], [ -3.3348526, 50.9396646 ], [ -3.3348995, 50.9396756 ], [ -3.3349623, 50.9396876 ], [ -3.3350474, 50.9396981 ], [ -3.3351225, 50.9397087 ], [ -3.3352115, 50.9397195 ], [ -3.3353184, 50.939732 ], [ -3.3353952, 50.9397399 ], [ -3.3354717, 50.939746 ], [ -3.3355882, 50.9397536 ], [ -3.335645, 50.9397547 ], [ -3.3357074, 50.9397593 ], [ -3.3357613, 50.9397586 ], [ -3.3358208, 50.9397595 ], [ -3.3358845, 50.9397585 ], [ -3.3360342, 50.939754 ], [ -3.3360894, 50.9397514 ], [ -3.336157, 50.9397447 ], [ -3.3362276, 50.9397389 ], [ -3.3362811, 50.9397326 ], [ -3.336322, 50.9397266 ], [ -3.3363597, 50.939719 ], [ -3.3364715, 50.9398157 ], [ -3.3366921, 50.9400153 ], [ -3.3367325, 50.9400496 ], [ -3.3367505, 50.9400562 ], [ -3.3367675, 50.9400664 ], [ -3.3368449, 50.9401059 ], [ -3.3372635, 50.9402501 ], [ -3.3372761, 50.9402231 ], [ -3.3372913, 50.940168 ], [ -3.3372982, 50.9401344 ], [ -3.3373165, 50.9399868 ], [ -3.3373239, 50.9399205 ], [ -3.3373305, 50.9398413 ], [ -3.3373327, 50.9398009 ], [ -3.337338, 50.9397691 ], [ -3.3373448, 50.9397346 ], [ -3.3373537, 50.93971 ], [ -3.3373622, 50.9396921 ], [ -3.3373789, 50.9396621 ], [ -3.3374049, 50.9396201 ], [ -3.3374247, 50.939601 ], [ -3.3374523, 50.9395823 ], [ -3.3374739, 50.939571 ], [ -3.3375052, 50.9395578 ], [ -3.3375411, 50.9395457 ], [ -3.3376194, 50.9395142 ], [ -3.3376543, 50.9395026 ], [ -3.3377247, 50.9394774 ], [ -3.3377802, 50.9394569 ], [ -3.3378411, 50.9394306 ], [ -3.3379334, 50.9393917 ], [ -3.3380002, 50.9393615 ], [ -3.3381402, 50.9392987 ], [ -3.3381355, 50.9392915 ], [ -3.338154, 50.9392791 ], [ -3.3381781, 50.9392668 ], [ -3.3382476, 50.9392266 ], [ -3.3383128, 50.9391872 ], [ -3.3383292, 50.939175 ], [ -3.3383988, 50.939123 ], [ -3.3384608, 50.9390751 ], [ -3.3384958, 50.9390464 ], [ -3.3385064, 50.939036 ], [ -3.338513, 50.9390277 ], [ -3.3385153, 50.9390187 ], [ -3.3385047, 50.9389986 ], [ -3.3384916, 50.938982 ], [ -3.3384724, 50.9389631 ], [ -3.338547, 50.9389372 ], [ -3.3385856, 50.9389149 ], [ -3.3386594, 50.938868 ], [ -3.3387114, 50.938833 ], [ -3.3387615, 50.9388055 ], [ -3.3388455, 50.938766 ], [ -3.338901, 50.9387433 ], [ -3.3389505, 50.9387153 ], [ -3.3389976, 50.938691 ], [ -3.3390616, 50.93865 ], [ -3.3391109, 50.9386167 ], [ -3.3391373, 50.9385946 ], [ -3.3392032, 50.9385566 ], [ -3.3392947, 50.9385084 ], [ -3.3393441, 50.9384789 ], [ -3.3393622, 50.938445 ], [ -3.3393953, 50.9384072 ], [ -3.3394854, 50.9383383 ], [ -3.3395857, 50.9382705 ], [ -3.3396971, 50.9381854 ], [ -3.339816, 50.9380924 ], [ -3.3399925, 50.9379538 ], [ -3.3401666, 50.9378236 ], [ -3.3403523, 50.9376846 ], [ -3.3404414, 50.937615 ], [ -3.3405488, 50.937535 ], [ -3.3406657, 50.9374514 ], [ -3.3412302, 50.9370416 ], [ -3.3418176, 50.9366207 ], [ -3.3425449, 50.9361011 ], [ -3.3427034, 50.9359832 ], [ -3.3430108, 50.9357138 ], [ -3.3434186, 50.9353972 ], [ -3.343653, 50.9352187 ], [ -3.3442235, 50.9347872 ], [ -3.3443257, 50.9347127 ], [ -3.3445595, 50.9345236 ], [ -3.3446018, 50.9345096 ], [ -3.3446306, 50.9344949 ], [ -3.3446488, 50.9344796 ], [ -3.3446736, 50.934438 ], [ -3.3448192, 50.9343395 ], [ -3.3448426, 50.9343208 ], [ -3.3448936, 50.9342848 ], [ -3.3449508, 50.9342531 ], [ -3.3449929, 50.9342829 ], [ -3.345091, 50.9343517 ], [ -3.3451379, 50.9343421 ], [ -3.3451407, 50.9343401 ], [ -3.3451582, 50.9343159 ], [ -3.3450954, 50.9342783 ], [ -3.3450254, 50.9342427 ], [ -3.3450067, 50.9342343 ], [ -3.3450678, 50.9341988 ], [ -3.3451155, 50.9341697 ], [ -3.3454979, 50.9338994 ], [ -3.3457353, 50.9337312 ], [ -3.346114, 50.9334589 ], [ -3.3465173, 50.9331606 ], [ -3.3467902, 50.9329504 ], [ -3.3474515, 50.9324466 ], [ -3.3477648, 50.9321983 ], [ -3.3480823, 50.9319443 ], [ -3.3483112, 50.9317897 ], [ -3.3483822, 50.9317358 ], [ -3.3487309, 50.9314623 ], [ -3.3491496, 50.931144 ], [ -3.3494064, 50.9309611 ], [ -3.3496323, 50.9307974 ], [ -3.3497025, 50.9307519 ], [ -3.3499565, 50.9305935 ], [ -3.3501745, 50.9304588 ], [ -3.3503768, 50.9303328 ], [ -3.3506392, 50.9301733 ], [ -3.3509471, 50.9299891 ], [ -3.3512155, 50.9298351 ], [ -3.3514165, 50.9297095 ], [ -3.3516511, 50.9295889 ], [ -3.3517597, 50.9295261 ], [ -3.3518285, 50.9294891 ], [ -3.3518434, 50.9294803 ], [ -3.351863, 50.9294715 ], [ -3.3518735, 50.9294675 ], [ -3.3518971, 50.9294595 ], [ -3.3519353, 50.9294449 ], [ -3.3520004, 50.9294183 ], [ -3.3520131, 50.9294144 ], [ -3.35207, 50.9293908 ], [ -3.3520789, 50.9293866 ], [ -3.3522081, 50.9293152 ], [ -3.352251, 50.9292998 ], [ -3.3524833, 50.9292016 ], [ -3.3525601, 50.9291643 ], [ -3.3528068, 50.9290571 ], [ -3.353048, 50.9289601 ], [ -3.3531559, 50.9289126 ], [ -3.3540494, 50.928531 ], [ -3.3540888, 50.9285129 ], [ -3.3543719, 50.9284003 ], [ -3.3543939, 50.9283923 ], [ -3.3547203, 50.9282742 ], [ -3.3549818, 50.9282019 ], [ -3.3551681, 50.9281521 ], [ -3.3558083, 50.9280088 ], [ -3.3559879, 50.9279731 ], [ -3.3565105, 50.927853 ], [ -3.3565529, 50.9278413 ], [ -3.3565902, 50.9278403 ], [ -3.3566366, 50.9278384 ], [ -3.3566828, 50.9278309 ], [ -3.3567496, 50.9278151 ], [ -3.356844, 50.9277878 ], [ -3.3569107, 50.9277678 ], [ -3.3569612, 50.9277453 ], [ -3.3570137, 50.9277171 ], [ -3.3570823, 50.9276819 ], [ -3.3571528, 50.9276329 ], [ -3.3572369, 50.9275687 ], [ -3.3573139, 50.9275045 ], [ -3.3574005, 50.9274486 ], [ -3.3574892, 50.9273898 ], [ -3.3575669, 50.9273462 ], [ -3.3576284, 50.9273119 ], [ -3.3577153, 50.9272592 ], [ -3.3578133, 50.927203 ], [ -3.3578865, 50.9271637 ], [ -3.357978, 50.9271173 ], [ -3.3580718, 50.9270654 ], [ -3.3582614, 50.9269654 ], [ -3.3584331, 50.9268837 ], [ -3.358582, 50.926816 ], [ -3.358692, 50.9267638 ], [ -3.358984, 50.9266335 ], [ -3.3590173, 50.9266351 ], [ -3.3590637, 50.9266333 ], [ -3.3591203, 50.9266287 ], [ -3.359191, 50.9266125 ], [ -3.3592352, 50.9266056 ], [ -3.3592858, 50.9266025 ], [ -3.3593929, 50.9265987 ], [ -3.3593915, 50.9265907 ], [ -3.3593912, 50.9265778 ], [ -3.3593972, 50.9265666 ], [ -3.3594094, 50.9265512 ], [ -3.3594624, 50.9265305 ], [ -3.3596767, 50.9264298 ], [ -3.3597466, 50.9264044 ], [ -3.359795, 50.9264023 ], [ -3.3598563, 50.9264185 ], [ -3.3599473, 50.9264558 ], [ -3.3599956, 50.9264722 ], [ -3.3600393, 50.926442 ], [ -3.3600676, 50.9264194 ], [ -3.3600694, 50.9264141 ], [ -3.3600756, 50.9264088 ], [ -3.3600816, 50.9263996 ], [ -3.3600854, 50.9263916 ], [ -3.3600892, 50.9263797 ], [ -3.3600933, 50.9263745 ], [ -3.3601009, 50.926356 ], [ -3.360103, 50.9263534 ], [ -3.3601129, 50.9263363 ], [ -3.3601371, 50.9263124 ], [ -3.3601697, 50.9262937 ], [ -3.36019, 50.9262843 ], [ -3.3602208, 50.9262721 ], [ -3.3602515, 50.9262613 ], [ -3.3602804, 50.9262558 ], [ -3.3602992, 50.9262556 ], [ -3.3603053, 50.9262541 ], [ -3.3603301, 50.9262525 ], [ -3.3603797, 50.9262428 ], [ -3.3604001, 50.926236 ], [ -3.3604164, 50.9262227 ], [ -3.3604323, 50.9262042 ], [ -3.3604548, 50.9261882 ], [ -3.3604853, 50.9261735 ], [ -3.3605325, 50.9261572 ], [ -3.3605673, 50.9261398 ], [ -3.3606123, 50.9261209 ], [ -3.3606553, 50.9261033 ], [ -3.3606902, 50.9260899 ], [ -3.3607313, 50.9260776 ], [ -3.3607786, 50.9260691 ], [ -3.3608446, 50.9260513 ], [ -3.3608998, 50.9260271 ], [ -3.3610126, 50.9259968 ], [ -3.3621819, 50.9257071 ], [ -3.3622035, 50.9257033 ], [ -3.3627197, 50.925623 ], [ -3.3629375, 50.9256085 ], [ -3.363181, 50.9255931 ], [ -3.3635455, 50.9255715 ], [ -3.3638477, 50.9255701 ], [ -3.3638608, 50.9255615 ], [ -3.363902, 50.9255236 ], [ -3.3640039, 50.9255119 ], [ -3.3641046, 50.9255129 ], [ -3.3643173, 50.925512 ], [ -3.3645612, 50.9255058 ], [ -3.3647328, 50.9254956 ], [ -3.364918, 50.9254754 ], [ -3.3650997, 50.9254536 ], [ -3.3651644, 50.9254559 ], [ -3.3651913, 50.9254556 ], [ -3.3652041, 50.9254536 ], [ -3.3652112, 50.9254518 ], [ -3.3652197, 50.9254499 ], [ -3.3652323, 50.9254452 ], [ -3.3652436, 50.9254415 ], [ -3.3652634, 50.9254359 ], [ -3.3652831, 50.925432 ], [ -3.3652987, 50.9254274 ], [ -3.3653156, 50.9254227 ], [ -3.3653326, 50.9254189 ], [ -3.3653494, 50.9254142 ], [ -3.3653678, 50.9254086 ], [ -3.3653876, 50.9254029 ], [ -3.3653976, 50.9254005 ], [ -3.3654173, 50.9253954 ], [ -3.3654456, 50.9253915 ], [ -3.3654626, 50.9253895 ], [ -3.3654768, 50.9253884 ], [ -3.3654981, 50.9253863 ], [ -3.3655194, 50.9253833 ], [ -3.3655377, 50.9253813 ], [ -3.365559, 50.9253793 ], [ -3.3655817, 50.9253754 ], [ -3.3656015, 50.9253725 ], [ -3.3656172, 50.9253705 ], [ -3.3656511, 50.9253638 ], [ -3.3656651, 50.9253565 ], [ -3.3656762, 50.9253473 ], [ -3.3656859, 50.9253373 ], [ -3.3657054, 50.9253218 ], [ -3.3658109, 50.9252916 ], [ -3.3659947, 50.9252271 ], [ -3.3661702, 50.9251626 ], [ -3.3664008, 50.9250794 ], [ -3.3666718, 50.9249867 ], [ -3.3669461, 50.9248899 ], [ -3.3670835, 50.9248448 ], [ -3.3671996, 50.9248053 ], [ -3.367221, 50.9248422 ], [ -3.3672478, 50.9248885 ], [ -3.3672687, 50.9249212 ], [ -3.3672919, 50.9249747 ], [ -3.3673799, 50.925147 ], [ -3.3674107, 50.9252066 ], [ -3.3674205, 50.9251782 ], [ -3.3674578, 50.9251039 ], [ -3.3674746, 50.9250769 ], [ -3.3674911, 50.9250463 ], [ -3.3675039, 50.9250249 ], [ -3.3675556, 50.924919 ], [ -3.3675797, 50.9248727 ], [ -3.3676308, 50.9247785 ], [ -3.3676801, 50.9246806 ], [ -3.3678776, 50.9246451 ], [ -3.3681165, 50.9245991 ], [ -3.3683039, 50.9245648 ], [ -3.3685104, 50.9245373 ], [ -3.3686839, 50.9245127 ], [ -3.3688411, 50.9244887 ], [ -3.3690702, 50.9244524 ], [ -3.3690926, 50.9244304 ], [ -3.3693256, 50.9243937 ], [ -3.3699148, 50.9243086 ], [ -3.3702702, 50.9242638 ], [ -3.3703621, 50.9242924 ], [ -3.3704375, 50.9242731 ], [ -3.3704468, 50.9242708 ], [ -3.3705207, 50.9242575 ], [ -3.3706767, 50.9242332 ], [ -3.3706842, 50.924232 ], [ -3.3715771, 50.9241401 ], [ -3.3717057, 50.924111 ], [ -3.3717623, 50.9240995 ], [ -3.3717892, 50.9240928 ], [ -3.3718727, 50.9240764 ], [ -3.3719195, 50.9240685 ], [ -3.3719549, 50.9240645 ], [ -3.3720045, 50.9240593 ], [ -3.372043, 50.9240561 ], [ -3.3720757, 50.9240538 ], [ -3.3720927, 50.9240536 ], [ -3.3721452, 50.9240474 ], [ -3.3722176, 50.9240401 ], [ -3.3722688, 50.924034 ], [ -3.3723211, 50.9240261 ], [ -3.3723551, 50.9240212 ], [ -3.3724162, 50.9240105 ], [ -3.3724629, 50.9240027 ], [ -3.3725025, 50.9239941 ], [ -3.3725762, 50.9239796 ], [ -3.3726554, 50.9239623 ], [ -3.3727092, 50.9239499 ], [ -3.3727501, 50.9239386 ], [ -3.3727685, 50.9239338 ], [ -3.372784, 50.9239291 ], [ -3.3728066, 50.9239225 ], [ -3.3728278, 50.9239151 ], [ -3.372839, 50.9239086 ], [ -3.3728516, 50.923903 ], [ -3.3728755, 50.9238883 ], [ -3.3728978, 50.9238736 ], [ -3.3729118, 50.9238618 ], [ -3.3729424, 50.9238379 ], [ -3.3729562, 50.9238242 ], [ -3.3729771, 50.9238042 ], [ -3.3729924, 50.9237913 ], [ -3.3730008, 50.923784 ], [ -3.373009, 50.9237758 ], [ -3.3730173, 50.9237695 ], [ -3.3730285, 50.923763 ], [ -3.3730424, 50.9237538 ], [ -3.3730595, 50.9237464 ], [ -3.373075, 50.923739 ], [ -3.3731017, 50.9237287 ], [ -3.3731186, 50.923723 ], [ -3.3731312, 50.9237174 ], [ -3.373204, 50.9236706 ], [ -3.3732264, 50.9236568 ], [ -3.3732326, 50.9236216 ], [ -3.3732382, 50.9236197 ], [ -3.3732481, 50.9236169 ], [ -3.3732508, 50.9236159 ], [ -3.3732535, 50.9236123 ], [ -3.373255, 50.9236096 ], [ -3.3732549, 50.9236078 ], [ -3.3732563, 50.9236051 ], [ -3.3732588, 50.923597 ], [ -3.3732613, 50.9235852 ], [ -3.3732626, 50.9235825 ], [ -3.373264, 50.9235807 ], [ -3.3732669, 50.9235798 ], [ -3.3732683, 50.9235789 ], [ -3.3732853, 50.9235786 ], [ -3.3732882, 50.9235776 ], [ -3.3732896, 50.9235767 ], [ -3.3733215, 50.9235466 ], [ -3.3733452, 50.9235283 ], [ -3.3733759, 50.9235036 ], [ -3.3734009, 50.9234844 ], [ -3.3734259, 50.9234625 ], [ -3.3734497, 50.923445 ], [ -3.373479, 50.9234239 ], [ -3.3735013, 50.9234102 ], [ -3.3735251, 50.9233935 ], [ -3.3735517, 50.923377 ], [ -3.3735839, 50.9233577 ], [ -3.3736273, 50.9233319 ], [ -3.3736551, 50.9233117 ], [ -3.3736801, 50.9232978 ], [ -3.3737151, 50.9232757 ], [ -3.3737961, 50.9232304 ], [ -3.3738396, 50.9232037 ], [ -3.3738674, 50.9231885 ], [ -3.3738616, 50.9231814 ], [ -3.3738569, 50.9231743 ], [ -3.3738552, 50.923168 ], [ -3.373855, 50.9231608 ], [ -3.3738531, 50.9231501 ], [ -3.3738522, 50.9231321 ], [ -3.3738535, 50.9231258 ], [ -3.3738518, 50.9231204 ], [ -3.37385, 50.9231133 ], [ -3.3738469, 50.9231071 ], [ -3.3738423, 50.9230964 ], [ -3.3738382, 50.9230863 ], [ -3.3738829, 50.9230622 ], [ -3.3739151, 50.9230429 ], [ -3.3739417, 50.9230264 ], [ -3.373957, 50.9230154 ], [ -3.373989, 50.9229935 ], [ -3.3740071, 50.9229771 ], [ -3.3740349, 50.9229579 ], [ -3.3740517, 50.9229469 ], [ -3.3740796, 50.9229304 ], [ -3.3740889, 50.9229255 ], [ -3.3743553, 50.9227812 ], [ -3.3746762, 50.9226247 ], [ -3.3748522, 50.9225397 ], [ -3.3749974, 50.9224808 ], [ -3.3751456, 50.9224119 ], [ -3.3753608, 50.9223106 ], [ -3.3753989, 50.9222889 ], [ -3.3754586, 50.9222587 ], [ -3.3755383, 50.9222501 ], [ -3.3755962, 50.9222245 ], [ -3.3757049, 50.9221816 ], [ -3.375801, 50.9221444 ], [ -3.3758669, 50.9221179 ], [ -3.3759426, 50.9220923 ], [ -3.3760301, 50.9220613 ], [ -3.3761197, 50.9220303 ], [ -3.3761867, 50.922009 ], [ -3.3762656, 50.9219787 ], [ -3.3763387, 50.9219523 ], [ -3.3764207, 50.9219243 ], [ -3.3764683, 50.9219085 ], [ -3.3764936, 50.9218975 ], [ -3.3766131, 50.9218436 ], [ -3.3766579, 50.9218254 ], [ -3.3766911, 50.9218136 ], [ -3.3767326, 50.9218047 ], [ -3.376801, 50.9217864 ], [ -3.3768741, 50.9217751 ], [ -3.376932, 50.92176 ], [ -3.3770101, 50.9217365 ], [ -3.3771063, 50.9217117 ], [ -3.3771932, 50.9216904 ], [ -3.377292, 50.9216659 ], [ -3.3774107, 50.9216393 ], [ -3.3775493, 50.9216114 ], [ -3.3778067, 50.9215633 ], [ -3.3779182, 50.9215426 ], [ -3.378074, 50.9215136 ], [ -3.3781368, 50.921503 ], [ -3.3782715, 50.9214802 ], [ -3.3783354, 50.9214694 ], [ -3.3784679, 50.9214441 ], [ -3.3785704, 50.9214243 ], [ -3.3786352, 50.9214108 ], [ -3.378676, 50.9214028 ], [ -3.3787959, 50.9213792 ], [ -3.3789498, 50.9213405 ], [ -3.3789982, 50.9213283 ], [ -3.3790767, 50.9213043 ], [ -3.3791446, 50.9212852 ], [ -3.3791799, 50.9212753 ], [ -3.3792923, 50.9212413 ], [ -3.3793254, 50.9212793 ], [ -3.3793603, 50.9213203 ], [ -3.3793691, 50.9213322 ], [ -3.3795007, 50.9212781 ], [ -3.3795963, 50.9212411 ], [ -3.3796498, 50.9212207 ], [ -3.3797046, 50.9211994 ], [ -3.3797651, 50.9211762 ], [ -3.3799409, 50.9211084 ], [ -3.380217, 50.9210033 ], [ -3.3803419, 50.9209544 ], [ -3.3806446, 50.9208374 ], [ -3.3807779, 50.9207855 ], [ -3.3806983, 50.9206428 ], [ -3.3804808, 50.920657 ], [ -3.380476, 50.9206477 ], [ -3.3804754, 50.9206273 ], [ -3.3804728, 50.9205913 ], [ -3.3804818, 50.9205457 ], [ -3.3805093, 50.9204811 ], [ -3.380561, 50.9203865 ], [ -3.3806393, 50.9202461 ], [ -3.3807545, 50.9200541 ], [ -3.3807722, 50.9200265 ], [ -3.3807846, 50.9200038 ], [ -3.3807901, 50.9199961 ], [ -3.3808082, 50.9199719 ], [ -3.3808304, 50.9199462 ], [ -3.3808567, 50.9199127 ], [ -3.3808938, 50.9198688 ], [ -3.3809345, 50.9198171 ], [ -3.3809896, 50.9197486 ], [ -3.38107, 50.9196542 ], [ -3.381105, 50.9196816 ], [ -3.3811388, 50.9196403 ], [ -3.3811809, 50.9195861 ], [ -3.3812295, 50.9195248 ], [ -3.3812575, 50.9194886 ], [ -3.3812992, 50.9194371 ], [ -3.3813338, 50.9193976 ], [ -3.3813642, 50.9193652 ], [ -3.381471, 50.9192327 ], [ -3.3814973, 50.9192044 ], [ -3.3815305, 50.9191621 ], [ -3.3815523, 50.9191392 ], [ -3.3815724, 50.9191153 ], [ -3.3815869, 50.9190961 ], [ -3.3815961, 50.9190859 ], [ -3.381637, 50.9190354 ], [ -3.3816614, 50.9190078 ], [ -3.3816743, 50.9189913 ], [ -3.3816962, 50.9189678 ], [ -3.3817172, 50.918973 ], [ -3.3816954, 50.9189479 ], [ -3.3817604, 50.9188729 ], [ -3.3818311, 50.9187771 ], [ -3.3819192, 50.91867 ], [ -3.3819492, 50.9186428 ], [ -3.3819801, 50.9186158 ], [ -3.3820118, 50.9185893 ], [ -3.3820612, 50.9185443 ], [ -3.3821609, 50.9184756 ], [ -3.3822436, 50.918417 ], [ -3.3822791, 50.9183918 ], [ -3.3823643, 50.91833 ], [ -3.3824726, 50.9182524 ], [ -3.3824817, 50.9182584 ], [ -3.382493, 50.9182037 ], [ -3.3825683, 50.9181679 ], [ -3.3825878, 50.9181577 ], [ -3.3827498, 50.9180674 ], [ -3.3828342, 50.9180167 ], [ -3.3828257, 50.9180117 ], [ -3.3828114, 50.9180029 ], [ -3.382751, 50.9179641 ], [ -3.3826663, 50.9179091 ], [ -3.3826403, 50.9178933 ], [ -3.3825944, 50.9178653 ], [ -3.3825592, 50.9178448 ], [ -3.3826914, 50.9176985 ], [ -3.3827543, 50.9176325 ], [ -3.3828915, 50.917525 ], [ -3.3829389, 50.9174894 ], [ -3.3829933, 50.917451 ], [ -3.3830475, 50.9174099 ], [ -3.3830977, 50.917376 ], [ -3.3831256, 50.9173577 ], [ -3.3831434, 50.9173439 ], [ -3.3832233, 50.9172926 ], [ -3.3832652, 50.9172661 ], [ -3.3832777, 50.9172578 ], [ -3.383563, 50.9170908 ], [ -3.383757, 50.9169848 ], [ -3.3837632, 50.9169814 ], [ -3.3845411, 50.91659 ], [ -3.3851666, 50.9162512 ], [ -3.3851795, 50.9162443 ], [ -3.3854439, 50.9160936 ], [ -3.3861923, 50.9156666 ], [ -3.3866986, 50.9154187 ], [ -3.3870861, 50.9152486 ], [ -3.3874729, 50.9150975 ], [ -3.3878465, 50.9149841 ], [ -3.3882588, 50.9148821 ], [ -3.3884641, 50.9148481 ], [ -3.3886509, 50.9148172 ], [ -3.3894234, 50.9147225 ], [ -3.3897036, 50.9146752 ], [ -3.3898588, 50.914632 ], [ -3.389895, 50.9146897 ], [ -3.3899891, 50.9146454 ], [ -3.3900835, 50.9146071 ], [ -3.3901754, 50.9145679 ], [ -3.3903044, 50.9145007 ], [ -3.3905265, 50.9143761 ], [ -3.3906499, 50.9142969 ], [ -3.3907448, 50.9142214 ], [ -3.3908936, 50.9140726 ], [ -3.3910035, 50.9139451 ], [ -3.3911204, 50.9137838 ], [ -3.3912242, 50.9136276 ], [ -3.3913654, 50.913387 ], [ -3.3913874, 50.9132709 ], [ -3.3913793, 50.9132256 ], [ -3.3913457, 50.9131923 ], [ -3.3912747, 50.9131532 ], [ -3.3912952, 50.9131152 ], [ -3.3913254, 50.9130804 ], [ -3.3913391, 50.9130505 ], [ -3.3913668, 50.9129699 ], [ -3.3914153, 50.9128183 ], [ -3.3914783, 50.9125795 ], [ -3.3915444, 50.9122825 ], [ -3.3916273, 50.9120679 ], [ -3.3917329, 50.9118031 ], [ -3.3917951, 50.9116239 ], [ -3.3919006, 50.9113967 ], [ -3.3919196, 50.9113515 ], [ -3.3919454, 50.9113221 ], [ -3.3919687, 50.9112943 ], [ -3.3920155, 50.9112511 ], [ -3.3921507, 50.9111249 ], [ -3.3921694, 50.9111025 ], [ -3.3921762, 50.9110864 ], [ -3.3921783, 50.9110734 ], [ -3.3921789, 50.9110528 ], [ -3.3921759, 50.9110337 ], [ -3.3921556, 50.9109571 ], [ -3.3921355, 50.9108511 ], [ -3.392137, 50.910822 ], [ -3.3921719, 50.9107361 ], [ -3.3922797, 50.9104631 ], [ -3.3923361, 50.9103344 ], [ -3.3924538, 50.9100643 ], [ -3.3925293, 50.9098886 ], [ -3.3926339, 50.9096698 ], [ -3.3927326, 50.9094585 ], [ -3.3928597, 50.9092282 ], [ -3.3929526, 50.9091025 ], [ -3.393039, 50.9090005 ], [ -3.3931347, 50.908907 ], [ -3.3933705, 50.9087322 ], [ -3.3934611, 50.9086813 ], [ -3.3935566, 50.9086206 ], [ -3.3937447, 50.9085193 ], [ -3.3940006, 50.9084 ], [ -3.3941158, 50.908352 ], [ -3.3943294, 50.9082725 ], [ -3.3945685, 50.9082001 ], [ -3.394828, 50.9081275 ], [ -3.395221, 50.9080405 ], [ -3.3953016, 50.9080243 ], [ -3.3953872, 50.9080057 ], [ -3.3954556, 50.9079926 ], [ -3.3955282, 50.9079809 ], [ -3.395661, 50.9079629 ], [ -3.3958067, 50.9079462 ], [ -3.3959525, 50.9079336 ], [ -3.3960555, 50.9079283 ], [ -3.3962422, 50.9079248 ], [ -3.3963968, 50.9079216 ], [ -3.39665, 50.9079199 ], [ -3.3967833, 50.9079207 ], [ -3.3969909, 50.9079249 ], [ -3.3970821, 50.9079292 ], [ -3.3971776, 50.9079387 ], [ -3.3972965, 50.9079521 ], [ -3.3973943, 50.9079669 ], [ -3.3975518, 50.9079945 ], [ -3.3978657, 50.9080577 ], [ -3.3979113, 50.908074 ], [ -3.3979612, 50.90809 ], [ -3.3983749, 50.9081974 ], [ -3.398568, 50.9082462 ], [ -3.3986731, 50.9082778 ], [ -3.3988884, 50.9083433 ], [ -3.3990723, 50.9083976 ], [ -3.399289, 50.908478 ], [ -3.3994332, 50.9085316 ], [ -3.3996527, 50.9086057 ], [ -3.399816, 50.9086592 ], [ -3.4000024, 50.9087253 ], [ -3.4000411, 50.9087383 ], [ -3.4000584, 50.9087453 ], [ -3.400093, 50.9087582 ], [ -3.4001016, 50.9087617 ], [ -3.4001295, 50.908771 ], [ -3.400236, 50.9087972 ] ] ] } }
]
}
