{"type":"FeatureCollection","features":[{"type":"Feature","geometry":{"bbox":[-3.5811252306057755,50.70505293684855,-3.5079549571104267,50.74829559037429],"type":"Polygon","coordinates":[[[-3.582122599290706,50.741826246098704],[-3.579108019603629,50.7419660588926],[-3.5770909850617163,50.74226318976204],[-3.576023547625038,50.742979179767495],[-3.5725798948398775,50.74385315462172],[-3.571370658840976,50.74457101384421],[-3.568458384704344,50.744808102276195],[-3.566780862092167,50.74551422346003],[-3.5663970816845434,50.74548340292476],[-3.565823324982286,50.74570697282454],[-3.5629101504943517,50.745494219747926],[-3.560473387356802,50.7451131214755],[-3.558012059836766,50.745271957858016],[-3.556958139212211,50.74512413933668],[-3.5544345156624977,50.74425838362372],[-3.5528154269402434,50.74330857580248],[-3.551618686848867,50.74312663413151],[-3.5498013313731573,50.74217942311141],[-3.5485834119245325,50.74221359473527],[-3.5481594891865034,50.74268360297871],[-3.548153530597141,50.743361571172755],[-3.5477684217884375,50.743582553197704],[-3.547603689783266,50.74431327654015],[-3.5469307223250337,50.74496979531175],[-3.545291152945224,50.74468573184925],[-3.544299285366162,50.74469887358889],[-3.542507446469687,50.74538816937009],[-3.540393199669036,50.7453261785226],[-3.538940808957426,50.745129495472874],[-3.538450173371446,50.74529786729916],[-3.537317110311597,50.74619425081203],[-3.5366995155699215,50.746382277607275],[-3.5344133627893113,50.74670020281793],[-3.5339953086572984,50.74692156607984],[-3.532336797626579,50.74692538612623],[-3.5294005060989764,50.74730572082845],[-3.526784692017402,50.747951612916836],[-3.525767651617586,50.748063856762],[-3.5257119563593493,50.74765985037579],[-3.5253660188526177,50.747484491502995],[-3.525035278779398,50.746904191317974],[-3.5248988398983867,50.74619542955088],[-3.525020092738064,50.745564245632615],[-3.525353158777965,50.74534402654151],[-3.5252888830843183,50.74511101668765],[-3.525790227824327,50.74483462919521],[-3.525881957448152,50.74416785348263],[-3.5253560783842026,50.74368904452443],[-3.5250852560756245,50.743206897212495],[-3.5251226537994964,50.74261278673209],[-3.5247083992448895,50.742078549059116],[-3.5243885090294316,50.74183089258537],[-3.5235979735480036,50.741931168501395],[-3.5232740057926297,50.741557642604384],[-3.5219149726010888,50.741611367645966],[-3.5199115505180627,50.741025892305274],[-3.518242404878516,50.740256145004984],[-3.517303804897757,50.74016043261528],[-3.5163206100523348,50.73956161415643],[-3.5151524354704673,50.73937892745781],[-3.5142797280214015,50.73868871339345],[-3.513481841461525,50.736801284941116],[-3.513098713227798,50.73634755057865],[-3.5138920033506973,50.735455814569846],[-3.5151195472965666,50.73484624673996],[-3.5151830790871332,50.734179845398415],[-3.5147348040040076,50.73390310212144],[-3.513736429142499,50.73150935174419],[-3.5135048508971773,50.73135945580145],[-3.5129098904804326,50.73136717819944],[-3.5122102484498288,50.730764645188174],[-3.5122475131575177,50.730161545765974],[-3.511819914204409,50.729204704699214],[-3.511469535569417,50.72888545412628],[-3.5115359795552132,50.72742752057461],[-3.511833981655988,50.72656020607517],[-3.5115255369523193,50.72622242324663],[-3.5114058351187913,50.72514466213418],[-3.5107603588338003,50.7244604695405],[-3.5102707003216196,50.724214974411154],[-3.5096489571709983,50.72338655977641],[-3.508810156187684,50.72285776250602],[-3.5082257689686465,50.72142624011275],[-3.5080845115435637,50.71967418293476],[-3.5078160293158196,50.71925492469033],[-3.5072137213249754,50.719028862389266],[-3.5072513325848007,50.718434753463],[-3.5077348797358656,50.71805074040339],[-3.507256004837454,50.71769716182688],[-3.5073051520849523,50.71746267496517],[-3.50694970262028,50.716981579153114],[-3.5070668044810045,50.71621555103928],[-3.5074520684854087,50.71585979239044],[-3.5082381629083317,50.71563376127683],[-3.5080318291903057,50.71538459069161],[-3.5087974155550765,50.714520226518765],[-3.5092190814489865,50.71353439027943],[-3.5097155676288545,50.71311422372101],[-3.5094979740818726,50.712514424054454],[-3.5099609273355674,50.711932793264324],[-3.5098964882338315,50.71169078201726],[-3.511061628608125,50.7109201631357],[-3.510634526260494,50.70997230347166],[-3.5096861496068215,50.70955286392199],[-3.5102039806012266,50.708035113845696],[-3.5109824163388472,50.70757531071396],[-3.5112782939149616,50.70708578262517],[-3.5119977565984595,50.706554782694994],[-3.5127698257254565,50.70677861706471],[-3.513867865563196,50.70744792842913],[-3.5156637010251757,50.706618663428415],[-3.5155234589525928,50.707442577278044],[-3.5149134787563128,50.70794595957749],[-3.515593061152136,50.70832615604505],[-3.515769468001073,50.70830651310198],[-3.5161872113022525,50.706595801970984],[-3.517103675776318,50.70763928737864],[-3.516666734997406,50.70711233786221],[-3.5166780568627707,50.70682299839221],[-3.5160603132522477,50.70618720689024],[-3.5168918333230432,50.70590655948832],[-3.5175980278042642,50.70628412874215],[-3.5180725762011975,50.70694352813435],[-3.520257393792559,50.708803858010995],[-3.521666504055793,50.709451050244745],[-3.5229763640523917,50.710531249086976],[-3.5243087397963584,50.71230370041027],[-3.5244508935943184,50.71319227761202],[-3.5242686911203687,50.71368934700384],[-3.5246832667906123,50.714241571978036],[-3.5275969094415,50.71671283648745],[-3.5287791909561634,50.717344926996965],[-3.529828890286401,50.71738512165963],[-3.5305182163130846,50.716800437711434],[-3.529912538970627,50.71560315163797],[-3.529037725831132,50.71484111961298],[-3.528404714499514,50.71454361477439],[-3.528730235200332,50.71409862518653],[-3.528689922313971,50.713730387283604],[-3.530536032105926,50.713868059937795],[-3.531857229900907,50.71311317163662],[-3.5336901871276134,50.71415039824078],[-3.533200947426165,50.71478643586637],[-3.53318318709219,50.715110464589905],[-3.5326734020325254,50.715117168496384],[-3.5331222776092734,50.71584879897087],[-3.534671624121437,50.71644002456527],[-3.535630463716363,50.71630147688719],[-3.536857134527051,50.716555140135554],[-3.537555696963962,50.71712156400375],[-3.538256107176641,50.71687847143101],[-3.539190156498679,50.71684815333278],[-3.539509925764563,50.717194708790835],[-3.540187023535769,50.71743760528452],[-3.540868250715408,50.717041847130766],[-3.5418795990998393,50.717640087586275],[-3.5418099726672048,50.71810871274241],[-3.542770004760621,50.71800606789023],[-3.5433984269168644,50.718159646881816],[-3.5439979596646705,50.71872734354125],[-3.5447390981929403,50.71886143372364],[-3.545430100091724,50.71919405879184],[-3.54624265109233,50.71934518131631],[-3.5468049821390983,50.71921180061669],[-3.547441132669742,50.71959910753088],[-3.5477385336107266,50.71959515927549],[-3.5505041840421927,50.71925259972801],[-3.554009287794409,50.71942178960253],[-3.554593375505072,50.71909020612977],[-3.556686929638915,50.71899031304607],[-3.5599614323234707,50.71946821017844],[-3.560656132995805,50.71990862784261],[-3.5603305790487743,50.72034471346538],[-3.5603661145463072,50.72141456228214],[-3.5608947811905174,50.72197412701721],[-3.5611277157946906,50.72301434913501],[-3.561406373637614,50.72329843535952],[-3.561877936750509,50.72341803873841],[-3.5618573830193774,50.723652166456795],[-3.562814280597606,50.72430492182608],[-3.5635496771312423,50.725113543882635],[-3.563992357086548,50.726492730846296],[-3.5638135194271054,50.72707976064176],[-3.5647723980342345,50.72736370641581],[-3.565762391315238,50.72730544234198],[-3.56622126744858,50.72789290325639],[-3.5669155524611718,50.72831530077166],[-3.5670981253670346,50.72869060804269],[-3.568911691402472,50.72952966980166],[-3.569675004967856,50.7303198890165],[-3.570009178290945,50.73098996290589],[-3.570413621712435,50.73121836773493],[-3.570948175488534,50.732794165393834],[-3.5719888977598457,50.732978011893046],[-3.5741089450855674,50.73365096266073],[-3.5759773641161776,50.73400348143491],[-3.576530164923262,50.734427734558665],[-3.577764168768155,50.73487874537215],[-3.5782622173460026,50.736203163018246],[-3.5790971928514286,50.736587606487035],[-3.57939293110709,50.7369523674281],[-3.580784681689186,50.73955984507112],[-3.5813728931933135,50.74019046441614],[-3.5823297946664336,50.74082507185096],[-3.582122599290706,50.741826246098704]]]},"properties":{"WB_CAT":"River","RBD_ID":"8","MNCAT_NAME":"Devon East","RBD_NAME":"South West","OPCAT_ID":"3183","hydromorph":"heavily modified","MANCAT_ID":"3033","url":"/catchment-planning/WaterBody/GB108045009040","OPCAT_NAME":"Exe Main","WB_ID":"GB108045009040","version":"2","WB_NAME":"Exe (Creedy to Estuary)"}},{"type":"Feature","geometry":{"bbox":[-3.5244370942870393,50.69966563023203,-3.477500372640995,50.75360532067402],"type":"Polygon","coordinates":[[[-3.488256065128857,50.70960358112662],[-3.488964031323954,50.709594539975804],[-3.4895793163467466,50.709343839623834],[-3.4907533920930054,50.70929285313492],[-3.4916401777741264,50.70866989734601],[-3.4925961383914674,50.70844179745037],[-3.493151968235729,50.70721145579103],[-3.4940998893299664,50.70673160624817],[-3.4948138244368168,50.70602089823135],[-3.497859625936594,50.70470460878507],[-3.4979394154682852,50.704541686115505],[-3.497351501649994,50.70431538832347],[-3.4978168194918635,50.70380572930362],[-3.4973506048767216,50.70339798167698],[-3.49766935032494,50.70317802345371],[-3.497822622869503,50.7026543847082],[-3.4983231109679402,50.702360134656296],[-3.4986319260956704,50.70138478017974],[-3.4992982617371324,50.70096247309503],[-3.499591927205671,50.700401048534616],[-3.500514901989549,50.70009137236947],[-3.5024987561540595,50.702191814028325],[-3.502677727841288,50.70213918373652],[-3.5032989226315254,50.702792182906876],[-3.5034015969085495,50.702595410652364],[-3.5022479683278043,50.70174266010473],[-3.5021914352027266,50.70153555285724],[-3.502980014276517,50.70137507874632],[-3.5036742249232375,50.70093775329207],[-3.5041992843096224,50.70108781218412],[-3.5047513568749644,50.70098970887514],[-3.505709165700346,50.70124706994973],[-3.5047767531616616,50.70092480548899],[-3.5041977088667635,50.70104388633962],[-3.5037062314221954,50.70086644726839],[-3.5028935009810676,50.70134970425264],[-3.5019858065696394,50.70138728289186],[-3.5010761795101377,50.700134211221766],[-3.501447548127133,50.7003220050224],[-3.50133838482391,50.70006952175073],[-3.5020533877332385,50.699956236699265],[-3.5062373796467887,50.69990796338802],[-3.507818511506108,50.70028191151536],[-3.508827905104287,50.700873578123705],[-3.51137323697742,50.703191816284644],[-3.5121406914024145,50.70366102529476],[-3.512034341573168,50.703445786017355],[-3.5142439890659967,50.70428334298444],[-3.5148926278017334,50.70496828591941],[-3.5156637010251757,50.706618663428415],[-3.513867865563196,50.70744792842913],[-3.5127698257254565,50.70677861706471],[-3.5119977565984595,50.706554782694994],[-3.5112782939149616,50.70708578262517],[-3.5109824163388472,50.70757531071396],[-3.5102039806012266,50.708035113845696],[-3.5096861496068215,50.70955286392199],[-3.510634526260494,50.70997230347166],[-3.511061628608125,50.7109201631357],[-3.5098964882338315,50.71169078201726],[-3.5099609273355674,50.711932793264324],[-3.5094979740818726,50.712514424054454],[-3.5097155676288545,50.71311422372101],[-3.5092190814489865,50.71353439027943],[-3.5087974155550765,50.714520226518765],[-3.5080318291903057,50.71538459069161],[-3.5082381629083317,50.71563376127683],[-3.5074520684854087,50.71585979239044],[-3.5070668044810045,50.71621555103928],[-3.50694970262028,50.716981579153114],[-3.5073051520849523,50.71746267496517],[-3.507256004837454,50.71769716182688],[-3.5077348797358656,50.71805074040339],[-3.5072513325848007,50.718434753463],[-3.5072137213249754,50.719028862389266],[-3.5078160293158196,50.71925492469033],[-3.5080845115435637,50.71967418293476],[-3.5082257689686465,50.72142624011275],[-3.508810156187684,50.72285776250602],[-3.5096489571709983,50.72338655977641],[-3.5102707003216196,50.724214974411154],[-3.5107603588338003,50.7244604695405],[-3.5114058351187913,50.72514466213418],[-3.5115255369523193,50.72622242324663],[-3.511833981655988,50.72656020607517],[-3.5115359795552132,50.72742752057461],[-3.511469535569417,50.72888545412628],[-3.511819914204409,50.729204704699214],[-3.5122475131575177,50.730161545765974],[-3.5122102484498288,50.730764645188174],[-3.5129098904804326,50.73136717819944],[-3.5135048508971773,50.73135945580145],[-3.513736429142499,50.73150935174419],[-3.5147348040040076,50.73390310212144],[-3.5151830790871332,50.734179845398415],[-3.5151195472965666,50.73484624673996],[-3.5138920033506973,50.735455814569846],[-3.513098713227798,50.73634755057865],[-3.513481841461525,50.736801284941116],[-3.5142797280214015,50.73868871339345],[-3.5151524354704673,50.73937892745781],[-3.5163206100523348,50.73956161415643],[-3.517303804897757,50.74016043261528],[-3.518242404878516,50.740256145004984],[-3.5199115505180627,50.741025892305274],[-3.5219149726010888,50.741611367645966],[-3.5232740057926297,50.741557642604384],[-3.5235979735480036,50.741931168501395],[-3.5243885090294316,50.74183089258537],[-3.5247083992448895,50.742078549059116],[-3.5251226537994964,50.74261278673209],[-3.5250852560756245,50.743206897212495],[-3.5253560783842026,50.74368904452443],[-3.525881957448152,50.74416785348263],[-3.525790227824327,50.74483462919521],[-3.5252888830843183,50.74511101668765],[-3.525353158777965,50.74534402654151],[-3.525020092738064,50.745564245632615],[-3.5248988398983867,50.74619542955088],[-3.525035278779398,50.746904191317974],[-3.5253660188526177,50.747484491502995],[-3.5257119563593493,50.74765985037579],[-3.525767651617586,50.748063856762],[-3.525366313685602,50.74836592463429],[-3.5246752898528246,50.74978706053325],[-3.5238191532578074,50.75049080982795],[-3.5208957838708894,50.751716219082425],[-3.5188189271872865,50.751941163939215],[-3.517683215639466,50.75233371026533],[-3.515855604285904,50.75237547283541],[-3.513677998860806,50.75211594666999],[-3.5121899397698217,50.752135254825916],[-3.5115259011894593,50.752647542134454],[-3.5096728181869374,50.75277948022835],[-3.5082263725488665,50.75321193363449],[-3.5064950355735007,50.75316236159262],[-3.50565053185888,50.7529124305595],[-3.5061555404225517,50.75230330110313],[-3.5054909326722137,50.75191613785978],[-3.505215361688166,50.751281105036156],[-3.5052911199646744,50.7483390119529],[-3.5011463097706934,50.74817658681816],[-3.500684792216034,50.74793068920277],[-3.5002301768272157,50.747900562589926],[-3.499533891956429,50.74740584234795],[-3.4991779115750896,50.74602530779892],[-3.4979062543734183,50.74526814747204],[-3.4975778763241583,50.744750700003365],[-3.4959876704004835,50.74378174829348],[-3.494728722170886,50.74342013684651],[-3.4937483169960135,50.7429020415936],[-3.4935115958233722,50.74259027586617],[-3.4927384514466553,50.74234833838288],[-3.4922152144497036,50.741941301357684],[-3.4912709170698255,50.741665567634584],[-3.490656406491511,50.741061817855346],[-3.489387302842005,50.74037648637582],[-3.486538207025823,50.73992715849736],[-3.485351358727998,50.73915079218863],[-3.483423835030934,50.73825792088183],[-3.4835951824386826,50.73784936219312],[-3.4833761826577785,50.73764691919045],[-3.483991609330557,50.73738724880873],[-3.483927550197251,50.73715421401335],[-3.482616743182133,50.7369370403165],[-3.481692955130249,50.73550970635913],[-3.480748847913151,50.73523388549059],[-3.4807955924034664,50.73491849348853],[-3.48029464013414,50.73431324697055],[-3.4802297371134134,50.732254390222444],[-3.480413325268097,50.73178435858416],[-3.480138499556103,50.73115825112801],[-3.478587372229354,50.73095307146986],[-3.4794188845696024,50.72990819111225],[-3.47992147630551,50.72966796186111],[-3.479965671703586,50.72927165406396],[-3.4804302875110036,50.728726100278834],[-3.480906799283056,50.728558151810134],[-3.480948717520229,50.728089918477366],[-3.4814150119175284,50.727598304733526],[-3.4810356703452694,50.72725234879653],[-3.4808489693066824,50.72672405980571],[-3.4794670791555573,50.72648976601183],[-3.4787560361221037,50.725959132494125],[-3.478653501951543,50.725402789604686],[-3.476581077325639,50.724385724364325],[-3.476815109246596,50.72371718538068],[-3.4778791004147407,50.723307954725165],[-3.4776842496170532,50.72251893053121],[-3.478020208122346,50.722388752009245],[-3.478399801822231,50.72184428345285],[-3.4780361262471287,50.72109337757132],[-3.477252645472686,50.72095940045682],[-3.477513821496715,50.72070425137328],[-3.4773025377360414,50.7202931933131],[-3.477532016053349,50.71948080191341],[-3.477947836378561,50.7191877145602],[-3.479653542870739,50.718914237495355],[-3.480549160378928,50.71901079721347],[-3.480700977666304,50.71888294930396],[-3.4815068036643617,50.7188277397139],[-3.481893985496621,50.7185260078173],[-3.482150037019661,50.718558729621805],[-3.482224798158339,50.71823398560958],[-3.4834109963955933,50.71811096588701],[-3.483587119000034,50.71740717192633],[-3.484337081082746,50.71692992308359],[-3.4842707781338773,50.71662496225636],[-3.484628749165243,50.71629661014354],[-3.484694967098148,50.71570214510006],[-3.484378308405702,50.71554428094488],[-3.484418478964802,50.71502210182779],[-3.483926215851762,50.714686587106755],[-3.483916562218264,50.714380904834876],[-3.48345773991975,50.714206859294386],[-3.4829626023268863,50.712882007363056],[-3.482585923467832,50.712616970668144],[-3.4827705501365007,50.712182897287256],[-3.4826895140016285,50.711410420628376],[-3.483101772492548,50.71011000063238],[-3.483581492932666,50.710049930376066],[-3.483998860827683,50.70936105260543],[-3.484430983090393,50.709139687776506],[-3.485254490210974,50.709201151917846],[-3.4863442392903488,50.709618986804415],[-3.488256065128857,50.70960358112662]]]},"properties":{"WB_CAT":"River","RBD_ID":"8","MNCAT_NAME":"Devon East","RBD_NAME":"South West","OPCAT_ID":"3183","hydromorph":"heavily modified","MANCAT_ID":"3033","url":"/catchment-planning/WaterBody/GB108045009050","OPCAT_NAME":"Exe Main","WB_ID":"GB108045009050","version":"2","WB_NAME":"North Brook (East Devon)"}},{"type":"Feature","geometry":{"bbox":[-3.5503780482624885,50.74333201182423,-3.4777831793999265,50.776087215758764],"type":"Polygon","coordinates":[[[-3.525767651617586,50.748063856762],[-3.526784692017402,50.747951612916836],[-3.5294005060989764,50.74730572082845],[-3.532336797626579,50.74692538612623],[-3.5339953086572984,50.74692156607984],[-3.5344133627893113,50.74670020281793],[-3.5366995155699215,50.746382277607275],[-3.537317110311597,50.74619425081203],[-3.538450173371446,50.74529786729916],[-3.538940808957426,50.745129495472874],[-3.540393199669036,50.7453261785226],[-3.542507446469687,50.74538816937009],[-3.544299285366162,50.74469887358889],[-3.545291152945224,50.74468573184925],[-3.5469307223250337,50.74496979531175],[-3.547603689783266,50.74431327654015],[-3.5477684217884375,50.743582553197704],[-3.548153530597141,50.743361571172755],[-3.549707727063757,50.74363774110336],[-3.5501479448269877,50.7440905973694],[-3.550427640732819,50.74483340366092],[-3.5499466315824177,50.74572123841279],[-3.5496794218587597,50.747073931912716],[-3.5479065512830967,50.74833869178542],[-3.547209396026788,50.74955317743774],[-3.5460657381644918,50.750125992578596],[-3.543765916327064,50.7508939950889],[-3.5428589790624563,50.751769448876104],[-3.5423015671680838,50.75206463975581],[-3.5409558374655115,50.75253214555818],[-3.539445929100272,50.752749964135816],[-3.538343435301236,50.75328618193767],[-3.5373295185375255,50.75349742809921],[-3.5370519636543354,50.75368097234677],[-3.5368723975189282,50.7542589716579],[-3.534817217341397,50.75558121442621],[-3.5344815356339785,50.7574564365018],[-3.535227173379717,50.75944334475183],[-3.536212794663547,50.760095938183156],[-3.536538173784204,50.76050538639762],[-3.538099661363858,50.761420201676984],[-3.539443853090698,50.76262568095331],[-3.5414529089223463,50.76377738034453],[-3.541027649182753,50.76378300107182],[-3.5407957927754907,50.764064892786614],[-3.5410110847615965,50.76457471979666],[-3.540499283627028,50.765399958300335],[-3.539527633084389,50.76604238726453],[-3.5385075289077097,50.76650556244675],[-3.5362930596856335,50.766876538916094],[-3.5350597734679123,50.766461056894435],[-3.5343935511151825,50.76603810173023],[-3.5329352515565886,50.76567952332304],[-3.5314888863991634,50.76481709283207],[-3.5292379848421187,50.76450485219075],[-3.5278936428526984,50.764594428159945],[-3.527266862292056,50.76494441973896],[-3.5256347543230797,50.76534354197015],[-3.523546916908173,50.76655807672329],[-3.5231178012873645,50.76731919732565],[-3.5221369459108844,50.76812349617247],[-3.521278578963794,50.768332570037245],[-3.5210907809552663,50.768227089134115],[-3.521250987249399,50.767919195750274],[-3.520600209296082,50.767531937719916],[-3.5204441615592184,50.76709325551231],[-3.520058559515116,50.76482274370946],[-3.5193676376011296,50.76450795592739],[-3.518287788133665,50.763568632812046],[-3.516363867630418,50.76283815193297],[-3.5158089401879082,50.76234169013831],[-3.515329311583153,50.76241987770001],[-3.5145391987233316,50.76294281333192],[-3.513917679529382,50.76305880845039],[-3.5139263846600777,50.76332852213679],[-3.513041645741626,50.7627194101313],[-3.51240144302834,50.76265576142864],[-3.5118815978382076,50.76280641013708],[-3.5113690103708857,50.76362253481203],[-3.5101959190480025,50.76374566385288],[-3.5092831886533906,50.76402730743984],[-3.5090375727088823,50.764327295372],[-3.5091043996222853,50.76464122817427],[-3.5084181619568997,50.76535165587888],[-3.5078019316612905,50.765593475035566],[-3.5072235815089443,50.766131610357746],[-3.5068095123328553,50.767369168609285],[-3.50595076876164,50.76800985636058],[-3.5052204984141175,50.76823514580002],[-3.5044316926391548,50.7692886528854],[-3.5025440405517476,50.769690746510555],[-3.5019601089203274,50.77005803693754],[-3.5015022549967796,50.77081944602998],[-3.501021939320825,50.77087959458808],[-3.500988039269298,50.77114985697083],[-3.5006404987972637,50.77137019051048],[-3.5006809387297113,50.77174742653697],[-3.4997555420684856,50.77208312244102],[-3.4991819068067898,50.772774057291684],[-3.4985386109383296,50.77306114549222],[-3.4981267591262832,50.773489164239905],[-3.4975636373024197,50.77362231567609],[-3.497571964506631,50.773883040389435],[-3.497318471105408,50.77394026053159],[-3.4968370262708457,50.77485485450652],[-3.496148159892841,50.77549328759372],[-3.495495918330873,50.77550165350662],[-3.494730091333233,50.775061762143125],[-3.494234544867071,50.77553581041439],[-3.4932046177699787,50.77571089748575],[-3.492262491978341,50.77552508446012],[-3.4917895530299523,50.77581894915453],[-3.4910692683750275,50.77591810251482],[-3.4903925515932785,50.77560296207938],[-3.4896399095504558,50.77557660153279],[-3.4889632071784957,50.77526145266099],[-3.488096567463466,50.77521854922572],[-3.4877777797847935,50.775006756134864],[-3.4862441597020193,50.774954357639515],[-3.48541101271812,50.77507290272204],[-3.4847575231533146,50.77414582943318],[-3.4814055410015565,50.77220973723085],[-3.4806322497473774,50.771976714857516],[-3.480174616702395,50.772306308548885],[-3.479607484573424,50.77231350547212],[-3.4787564735649816,50.77186560267096],[-3.4785993834024262,50.77138190867155],[-3.4783081974253984,50.76934392049806],[-3.4788044140380996,50.76798850101223],[-3.4787434538511732,50.76785436122045],[-3.478317294685123,50.76783278182941],[-3.4777697881220297,50.76756090144072],[-3.477501292186388,50.767141576761276],[-3.4775866381495253,50.766249222559956],[-3.478124823494653,50.76532584279228],[-3.4816047812419724,50.76504783152149],[-3.4819081337148425,50.7647741510682],[-3.4834425544023127,50.76486257186255],[-3.484611196386038,50.7645958619715],[-3.485751125059034,50.76387080198451],[-3.4870606300133136,50.7635752898979],[-3.487450134600832,50.763336472914624],[-3.487947419289371,50.76336610544434],[-3.4907925898174077,50.762754137323114],[-3.492455108961303,50.76285878998519],[-3.4929522592250595,50.762438692528306],[-3.4938531750580717,50.76222928204457],[-3.494908139072145,50.761514214034314],[-3.496254021144453,50.76102925323179],[-3.4980797286277023,50.759584726539636],[-3.4991935636919496,50.75894081630509],[-3.501190965083205,50.7588791419873],[-3.502784574511669,50.758606776766946],[-3.5040452980875387,50.757682105623324],[-3.503465152248364,50.75683513602883],[-3.5025199132623763,50.7565415162366],[-3.5019342701324048,50.75596443660938],[-3.501646349447004,50.754942803262345],[-3.501705349518894,50.753242134604754],[-3.502263610433259,50.75296511660044],[-3.5028990608011203,50.7528849740418],[-3.5042636345877765,50.7529932969813],[-3.50565053185888,50.7529124305595],[-3.5064950355735007,50.75316236159262],[-3.5082263725488665,50.75321193363449],[-3.5096728181869374,50.75277948022835],[-3.5115259011894593,50.752647542134454],[-3.5121899397698217,50.752135254825916],[-3.513677998860806,50.75211594666999],[-3.515855604285904,50.75237547283541],[-3.517683215639466,50.75233371026533],[-3.5188189271872865,50.751941163939215],[-3.5208957838708894,50.751716219082425],[-3.5238191532578074,50.75049080982795],[-3.5246752898528246,50.74978706053325],[-3.525366313685602,50.74836592463429],[-3.525767651617586,50.748063856762]]]},"properties":{"WB_CAT":"River","RBD_ID":"8","MNCAT_NAME":"Devon East","RBD_NAME":"South West","OPCAT_ID":"3183","hydromorph":"not designated artificial or heavily modified","MANCAT_ID":"3033","url":"/catchment-planning/WaterBody/GB108045009060","OPCAT_NAME":"Exe Main","WB_ID":"GB108045009060","version":"3","WB_NAME":"Exe (Culm to Creedy)"}},{"type":"Feature","geometry":{"bbox":[-3.4859126511825176,51.00268713483374,-3.43043129479735,51.047485147992084],"type":"Polygon","coordinates":[[[-3.4303961215993155,51.046343364112275],[-3.4309437241064926,51.046057862786405],[-3.43107138248904,51.045570637242484],[-3.4314289913327154,51.03680634124798],[-3.4343247372042365,51.03542176736533],[-3.435087407940408,51.03148212680481],[-3.4357946244935382,51.03036720472438],[-3.4365041472532405,51.03025055852052],[-3.436953145998518,51.03001119942071],[-3.437453255401982,51.0300410230104],[-3.438714338265505,51.02977367607989],[-3.4399248343719178,51.02925511313589],[-3.4398142200077215,51.028447036285876],[-3.4392596606547805,51.02804015492063],[-3.438959218927687,51.02754919760054],[-3.4389122850312623,51.025112461115],[-3.439671499926754,51.0247613448473],[-3.439859376378304,51.024381290775324],[-3.4411541358615514,51.02382570038483],[-3.4427851014556925,51.02353575785755],[-3.44642822884294,51.02329284967477],[-3.4468958425267777,51.023197121796535],[-3.4479025881387986,51.02255508447187],[-3.4479072681435143,51.01263486451721],[-3.4485887568587654,51.011628103631864],[-3.449538787539185,51.011004740688705],[-3.450228910555075,51.010276670793154],[-3.4506712569623974,51.00800473740492],[-3.4515553317052667,51.00801174351696],[-3.452433228434668,51.00782095574573],[-3.454104448042174,51.00655901857281],[-3.454541317442825,51.005942000011956],[-3.4553252247251405,51.00548254572819],[-3.4561739961148024,51.00527410467338],[-3.457052299412379,51.0046425711316],[-3.458303502869101,51.00499571361694],[-3.45891325320048,51.00534785340669],[-3.4593968827964074,51.006223207640815],[-3.4606000628643008,51.006406034805686],[-3.4615256045747005,51.00682616293136],[-3.46345158862297,51.006874002143235],[-3.4648572196271368,51.00669449604024],[-3.465928861886809,51.00632130020744],[-3.4665422348783386,51.00588189770591],[-3.467191469920674,51.00567588118345],[-3.4714362342511347,51.002870377491504],[-3.4720369483072573,51.00293476007816],[-3.473005267680405,51.00335425855325],[-3.4743936569845117,51.00353460808114],[-3.4766649324099856,51.00413548869528],[-3.4768673787522197,51.006021636436465],[-3.4764439837955314,51.00795167000101],[-3.476638160890001,51.009577100283124],[-3.476586297920975,51.009739644861256],[-3.4761892794476767,51.00980761913496],[-3.475884363990645,51.01098067011383],[-3.475096007339846,51.011296417330314],[-3.4750076688794214,51.01210697754984],[-3.475359971367667,51.01242630686396],[-3.475308100946855,51.01258885086086],[-3.4759614242058503,51.013408031112604],[-3.4764077955669106,51.01354629219203],[-3.47761805126578,51.01349501589986],[-3.478340357926495,51.0137916682465],[-3.47896057352412,51.01356796636029],[-3.480134368449061,51.01371498987893],[-3.4863833519448932,51.01741306231426],[-3.4863623206822885,51.01764716953596],[-3.485568177939611,51.01778318390151],[-3.485439438674637,51.01821652472933],[-3.485497694890698,51.02539285701008],[-3.485218335092932,51.0255762849384],[-3.4843019696941147,51.025462016585514],[-3.4837478304859872,51.02597270891714],[-3.4822744326633024,51.02627921278727],[-3.4806888245095626,51.02754046436283],[-3.479474828931333,51.02793358299735],[-3.477994561375982,51.02892364891007],[-3.4772851682690473,51.029040546060386],[-3.4766670252564023,51.02933616182564],[-3.474449305078577,51.03136079345405],[-3.473653753724177,51.03236014802531],[-3.4740772483583005,51.033568960969255],[-3.4740883485751772,51.03436927709907],[-3.473081716913722,51.03501153791413],[-3.4720071973992526,51.03531288092726],[-3.4715440543130427,51.03600224294225],[-3.4711248357093942,51.03627733552596],[-3.4700822060512695,51.0366861845821],[-3.4687383673034877,51.037494537436146],[-3.4678069223564543,51.0378120304197],[-3.467325564597418,51.03973375336054],[-3.4676160476792366,51.04080036561148],[-3.4681710072909757,51.04120710820687],[-3.468656903693844,51.04213635561302],[-3.4693488065992524,51.04236149574421],[-3.4706578863869204,51.04315446800687],[-3.47153917749206,51.043952813611234],[-3.472061935343499,51.046041780311846],[-3.47278531475753,51.046806121513576],[-3.4680340457058496,51.04680295947435],[-3.4645038674584154,51.047063105216125],[-3.4612253910615736,51.04670842071527],[-3.459435156231331,51.04694664326514],[-3.457869859142956,51.04662441875773],[-3.45716609731065,51.04602162043729],[-3.4549613212008317,51.04577927963601],[-3.4517702596553175,51.045477204570155],[-3.4511956441060203,51.04580811739442],[-3.450712989331468,51.04588606040659],[-3.449762164200113,51.04559207267304],[-3.4479520413442843,51.04565049076793],[-3.444434129543377,51.0453882400813],[-3.443079823599558,51.04542296003398],[-3.4426155923921526,51.0460942298807],[-3.4419421854288648,51.04646229141081],[-3.440693259127042,51.046675558234384],[-3.4400550445733473,51.04725902489932],[-3.4397692404307945,51.04724455904852],[-3.4390914398198444,51.04655139549277],[-3.4382516454182332,51.046615696996106],[-3.437651177295681,51.04703679834427],[-3.4365350263437353,51.047392286961625],[-3.4358102305298504,51.047023457215346],[-3.4351865802129704,51.047157030682776],[-3.4331722606602817,51.04707382714439],[-3.4318603740413773,51.04617254703734],[-3.430398891037374,51.0464332676559],[-3.4303961215993155,51.046343364112275]]]},"properties":{"WB_CAT":"River","RBD_ID":"8","MNCAT_NAME":"Devon East","RBD_NAME":"South West","OPCAT_ID":"3183","hydromorph":"not designated artificial or heavily modified","MANCAT_ID":"3033","url":"/catchment-planning/WaterBody/GB108045014850","OPCAT_NAME":"Exe Main","WB_ID":"GB108045014850","version":"2","WB_NAME":"Ben Brook"}},{"type":"Feature","geometry":{"bbox":[-3.4571373254515736,50.9802052427894,-3.3718157945089526,51.07103187756602],"type":"Polygon","coordinates":[[[-3.4303961215993155,51.046343364112275],[-3.429539533422095,51.04632687381951],[-3.4285427247628633,51.04592535152968],[-3.426201547258996,51.045881998308474],[-3.424988258226822,51.04632849931323],[-3.4226077630059217,51.047796501261104],[-3.421159673550396,51.04896531884001],[-3.4206368949804244,51.04913356247234],[-3.4198633922168042,51.049035038382335],[-3.4192879529707563,51.04934781547016],[-3.417924735045685,51.04956222604998],[-3.41723462103237,51.049858396799976],[-3.416608411361272,51.05131397953351],[-3.416625151433444,51.053733088407476],[-3.415650216641582,51.054518362455795],[-3.4147180610653844,51.05483543689252],[-3.413198470464808,51.05648168518545],[-3.4135097279166784,51.05826767013367],[-3.4140643844419745,51.0596100172354],[-3.4140368101485414,51.06245236312483],[-3.41377392545199,51.06319302742981],[-3.412409103378505,51.06430676119352],[-3.412251570847304,51.06475835000636],[-3.4115798396237356,51.06519816262834],[-3.411284809775253,51.06582229090281],[-3.410754370900328,51.06621542390172],[-3.410518629525116,51.068790466648096],[-3.4098451849335936,51.0691763272091],[-3.409267176234885,51.06988480609157],[-3.4080487321606814,51.07018728923456],[-3.407728473898707,51.07045195500025],[-3.4070909434211396,51.07061253356813],[-3.4072558481590716,51.06993110364387],[-3.4064254660364526,51.06937941392788],[-3.4060875641819024,51.06859203461408],[-3.404316801618402,51.0676240180771],[-3.4035682964808953,51.067417160600634],[-3.402711899444093,51.06647411052745],[-3.4005398349822844,51.066392234468935],[-3.3994308603455052,51.06606375792401],[-3.397900893699477,51.0659741428943],[-3.3958908839618833,51.0655844567647],[-3.395198428296383,51.065815237799534],[-3.393622908614125,51.06563401614513],[-3.3928235148134838,51.066106710263014],[-3.392364767411277,51.06604022681069],[-3.3925483366064695,51.065498418649305],[-3.391470381058598,51.06477377506045],[-3.3910856360382176,51.06336634622719],[-3.390179769538677,51.062666623424434],[-3.389356301349105,51.062334655344806],[-3.3888580229400826,51.06237655243625],[-3.3886739025236317,51.06194704327355],[-3.3886236402465637,51.058359157949575],[-3.387879422292932,51.057333723517985],[-3.3873640477099594,51.05711500039261],[-3.3871209985591406,51.055831787070574],[-3.3887001194124955,51.05518366445438],[-3.389776952275649,51.05421412208301],[-3.3898681967868236,51.05369222974766],[-3.3901882775908745,51.05342100390114],[-3.3902200278658357,51.05257521819441],[-3.3906108097059486,51.052282770284876],[-3.3907111879346674,51.051822896897136],[-3.3896925215257445,51.051160487078036],[-3.389089674332583,51.05104174249958],[-3.388894033959801,51.05022564068821],[-3.38927861734275,51.049726415503294],[-3.390239913721734,51.049427184817006],[-3.390858342027119,51.04911403998643],[-3.3908814820237643,51.048933890405195],[-3.3904961178841337,51.048453379110285],[-3.3887522719081544,51.04739430766086],[-3.3871360497167915,51.046783943944604],[-3.385570704675388,51.04644276600364],[-3.383986504117226,51.046425563932814],[-3.3821222199259644,51.04610586734732],[-3.3806255715169646,51.04567387378498],[-3.3801305025775994,51.045337960932976],[-3.3788695635589137,51.04515498468984],[-3.3783745127828597,51.044819064228264],[-3.3762150938909867,51.044646653811796],[-3.375569046429585,51.04451036117536],[-3.3752750223858876,51.04421702965674],[-3.374525260835531,51.04202239352423],[-3.375130921462926,51.041277783840385],[-3.3746421968473412,51.033441015629386],[-3.3738008476493206,51.032965249764345],[-3.3724862680291756,51.03047145047142],[-3.3738666645072253,51.02940296233368],[-3.3746718798607223,51.02914166747042],[-3.3750692842740255,51.02918195995217],[-3.375338240915825,51.02900791366785],[-3.375007118104078,51.026493567169396],[-3.3747403964441895,51.026154943975925],[-3.3746953939031203,51.02559786222653],[-3.374252530127919,51.025081342936424],[-3.3731062769220266,51.02498151628697],[-3.3724901661906976,51.02466145807897],[-3.3709564490174335,51.02454455824256],[-3.3705527795201116,51.02439640066233],[-3.3704294541721764,51.024083066721495],[-3.37049842633925,51.02255332360928],[-3.3708848416382637,51.02211709124508],[-3.371038397366805,51.02152170308673],[-3.3716480682580405,51.02116379164421],[-3.3720741178899254,51.0211048267094],[-3.3738151462059762,51.019942163426535],[-3.374090468002895,51.0186438273538],[-3.374464216642742,51.018263649258365],[-3.374611704271667,51.01698284754661],[-3.375564442803776,51.01641402203147],[-3.3761044124821047,51.01587011885316],[-3.3759106118384277,51.01365785940465],[-3.374924430216325,51.01309386962366],[-3.374794992137807,51.012573755431106],[-3.374852910771435,51.010675392493425],[-3.3772564973147516,51.009037199709184],[-3.3787761733240207,51.0088255678127],[-3.378983213798198,51.00765393551173],[-3.3787635668527227,51.00601550753775],[-3.378965053901218,51.005599416328685],[-3.3803815057886206,51.00529488768099],[-3.3834362700132927,51.00399962510407],[-3.385418706699225,51.00260008470303],[-3.385858098541116,50.999168244730754],[-3.3853115487377154,50.99708817082963],[-3.3865143042980734,50.99631842354082],[-3.3872213688143264,50.99517681229479],[-3.38833910155396,50.994426042879944],[-3.391695342160981,50.994188241885674],[-3.3926544049927916,50.99385303531377],[-3.395845560434096,50.993814946270234],[-3.3968438713187417,50.99288952198758],[-3.398409571811063,50.99187759464514],[-3.4006151042051607,50.991293554420565],[-3.4008914176630167,50.99005809011761],[-3.4021111148616208,50.988919230332755],[-3.4023822275680558,50.98751294189501],[-3.403485589377963,50.9867711830717],[-3.406373557474451,50.98661953536851],[-3.4080752129981406,50.9863472077507],[-3.409685393919791,50.985878095317425],[-3.410016891111137,50.98553232908328],[-3.410538998800392,50.98536413653556],[-3.4110090354746796,50.985358459385395],[-3.4118904380803956,50.98576152423592],[-3.412778457162941,50.98591267554286],[-3.417363823402623,50.985821149199914],[-3.418256792633012,50.98613408765507],[-3.419703636787184,50.98638632562912],[-3.4207012510059385,50.98639218352443],[-3.4217339451807853,50.98661345769916],[-3.423384030991054,50.98652141082583],[-3.4251052553149437,50.98596079365326],[-3.4294351656092092,50.983119796646754],[-3.429572152453484,50.9810855129173],[-3.4299116328809167,50.98054172699866],[-3.4310959250879813,50.98059917307195],[-3.431804597841706,50.98094123954052],[-3.430796420750406,50.98105253438995],[-3.430263509324916,50.98132887650073],[-3.430025317341955,50.98377811662551],[-3.4281431121454253,50.98651728264983],[-3.4281911240459735,50.98808162175627],[-3.430016292445655,50.98904861219669],[-3.4310041426610125,50.98919840309818],[-3.432555694398334,50.98914340938633],[-3.434702910619565,50.989458821086984],[-3.4367941149081687,50.990728228500565],[-3.437283282671612,50.991801470091026],[-3.4378647659210557,50.99217205458876],[-3.4394060554563137,50.99224301021576],[-3.440597663134858,50.99206643135186],[-3.4417068911946287,50.991531103759016],[-3.4437987068578764,50.9914333161756],[-3.4454212603595105,50.9918269659699],[-3.4468918805611755,50.9919166849294],[-3.4478393454177225,50.992138784768834],[-3.4488069110494575,50.99209081249706],[-3.4499834357901475,50.992346029042466],[-3.4500996364510494,50.99515965750942],[-3.450574505224428,50.99759109039933],[-3.451814340736292,50.99804336701512],[-3.453333527948903,50.998312278691046],[-3.4546918866858585,50.99890695158195],[-3.457496207983958,50.99924973681052],[-3.4577405102123526,50.99976833082559],[-3.4578721345330643,51.003661017369964],[-3.457052299412379,51.0046425711316],[-3.4561739961148024,51.00527410467338],[-3.4553252247251405,51.00548254572819],[-3.454541317442825,51.005942000011956],[-3.454104448042174,51.00655901857281],[-3.452433228434668,51.00782095574573],[-3.4515553317052667,51.00801174351696],[-3.4506712569623974,51.00800473740492],[-3.450228910555075,51.010276670793154],[-3.449538787539185,51.011004740688705],[-3.4485887568587654,51.011628103631864],[-3.4479072681435143,51.01263486451721],[-3.4479025881387986,51.02255508447187],[-3.4468958425267777,51.023197121796535],[-3.44642822884294,51.02329284967477],[-3.4427851014556925,51.02353575785755],[-3.4411541358615514,51.02382570038483],[-3.439859376378304,51.024381290775324],[-3.439671499926754,51.0247613448473],[-3.4389122850312623,51.025112461115],[-3.438959218927687,51.02754919760054],[-3.4392596606547805,51.02804015492063],[-3.4398142200077215,51.028447036285876],[-3.4399248343719178,51.02925511313589],[-3.438714338265505,51.02977367607989],[-3.437453255401982,51.0300410230104],[-3.436953145998518,51.03001119942071],[-3.4365041472532405,51.03025055852052],[-3.4357946244935382,51.03036720472438],[-3.435087407940408,51.03148212680481],[-3.4343247372042365,51.03542176736533],[-3.4314289913327154,51.03680634124798],[-3.43107138248904,51.045570637242484],[-3.4309437241064926,51.046057862786405],[-3.4303961215993155,51.046343364112275]]]},"properties":{"WB_CAT":"River","RBD_ID":"8","MNCAT_NAME":"Devon East","RBD_NAME":"South West","OPCAT_ID":"3183","hydromorph":"not designated artificial or heavily modified","MANCAT_ID":"3033","url":"/catchment-planning/WaterBody/GB108045014860","OPCAT_NAME":"Exe Main","WB_ID":"GB108045014860","version":"2","WB_NAME":"Upper Batherm"}},{"type":"Feature","geometry":{"bbox":[-3.5003776117194922,50.828738320015994,-3.4351410248231886,50.87513178955972],"type":"Polygon","coordinates":[[[-3.442948579821786,50.8623539616017],[-3.443771973966814,50.8618671014184],[-3.444044780297109,50.860577580409576],[-3.4445698552707715,50.860094398276274],[-3.4448203404701463,50.859462998770354],[-3.4448056130586777,50.85898649762776],[-3.443913894878572,50.85726040373709],[-3.4411863948396713,50.85544135112738],[-3.4407158062678316,50.854925508405366],[-3.439737226789258,50.85452386094007],[-3.4389944015718523,50.85347172801401],[-3.438639054633503,50.85208203453579],[-3.4379288458117556,50.85116440305354],[-3.4375500567154966,50.84901050171441],[-3.436709226222579,50.84846322735403],[-3.436223848406291,50.84746187047134],[-3.4342527593029093,50.8461909738923],[-3.436179361941467,50.845087991475445],[-3.4372470052813293,50.844697095689895],[-3.43824345297504,50.8438393773017],[-3.438399754772194,50.84337875424365],[-3.439060059948213,50.842678070709376],[-3.4396038801757767,50.84096249292706],[-3.4402928088957347,50.840270442807196],[-3.441713411136956,50.839353492555205],[-3.4430364543185004,50.83895938655187],[-3.444764330537528,50.83787670474752],[-3.446882407882827,50.83747270727979],[-3.447832306969714,50.83695725624338],[-3.4479820925117965,50.836289836740164],[-3.4486468876093785,50.83574194051018],[-3.4488862977371766,50.835217311869286],[-3.448762138262488,50.83487707913874],[-3.447918375201047,50.834230986518946],[-3.447782263126764,50.83350415616096],[-3.447721620682932,50.83154420157839],[-3.4480790563829156,50.8302446193717],[-3.4485800947577467,50.829914612820126],[-3.4504429157858496,50.82953507222125],[-3.453049814317693,50.829337373652855],[-3.4551057485248204,50.8293957589036],[-3.4560521770165,50.82998349187457],[-3.457800882887981,50.83050129925802],[-3.4600039056852023,50.83101339607174],[-3.4614246486631566,50.83103158446561],[-3.462239096424564,50.83118991526467],[-3.4634368590066473,50.83179784098917],[-3.4647812053995537,50.833004165813925],[-3.467212497493786,50.834448645582924],[-3.467830780069385,50.83514240708986],[-3.4682484608081525,50.835326020102855],[-3.468886864866954,50.83620840570683],[-3.470701778444749,50.83701299777152],[-3.471601282222139,50.83761325337054],[-3.473260156187333,50.83797006979239],[-3.4739836646096043,50.83839264767724],[-3.4766324251312146,50.839058540429846],[-3.4780809688905667,50.83904948787373],[-3.480327496385742,50.83867209527292],[-3.482693351006993,50.837131047099994],[-3.4835928939427325,50.83683180124282],[-3.484959167426075,50.83602293972384],[-3.4857206966821157,50.83585135108826],[-3.4873556958008685,50.83590247208171],[-3.4883319946746014,50.836231797665306],[-3.493790180481654,50.83635991279189],[-3.495278394886111,50.83715031840423],[-3.4956016691820713,50.837487950722796],[-3.4998326493060894,50.837433638214826],[-3.500687850880008,50.838411992951464],[-3.5005255471028853,50.83866591532607],[-3.499652171284441,50.838893002850014],[-3.499067364801672,50.83926028214637],[-3.4990402081747627,50.84195886082549],[-3.498744532113554,50.8424843168379],[-3.4975339349979597,50.84327335305668],[-3.497901595601811,50.84366437378983],[-3.4980457171198394,50.84461589737796],[-3.497025989043779,50.845600347045945],[-3.4971994572924605,50.84746889182859],[-3.497507371262395,50.84821144969201],[-3.4980229337144486,50.848339743106884],[-3.498003856079687,50.849518213341945],[-3.4993846389946337,50.8509305380336],[-3.4971213341276832,50.852128829926045],[-3.494383310540149,50.85270357234002],[-3.4941426036376577,50.853174346807975],[-3.494299325131153,50.8545214513475],[-3.4945056407733537,50.85475265505152],[-3.494989124104227,50.85476444989143],[-3.4955737097869104,50.856160034486194],[-3.4961788929480986,50.85642209867611],[-3.4965086413056032,50.856957514645714],[-3.498324257710147,50.85774368254135],[-3.4978313465626107,50.85832563122846],[-3.497689122986685,50.859208875745814],[-3.496599591156727,50.85979847480236],[-3.4961402266661765,50.86054187894648],[-3.4956925727258996,50.860763475152105],[-3.4947936318896504,50.86064907675668],[-3.4941902896601027,50.86089064949282],[-3.492959617896235,50.861068294198255],[-3.4903276554002356,50.86097602055566],[-3.4899606151542275,50.86105266005405],[-3.489295382618456,50.86158280748727],[-3.488310171816084,50.86188318687908],[-3.4882678786170564,50.86323283505784],[-3.4863757355955824,50.86361671323602],[-3.486059948181466,50.864412211851096],[-3.4853934809676943,50.8649063758644],[-3.485305830929263,50.86572595023807],[-3.48548859776308,50.866110368086204],[-3.484629487996041,50.866804848601674],[-3.485042708791479,50.86728526958562],[-3.4857349372170257,50.867600244431245],[-3.485857455876462,50.867877500066356],[-3.485626186919728,50.8695443432081],[-3.485321046590231,50.869782072492626],[-3.4845975903151967,50.86982725425091],[-3.4832302737971945,50.87018641398882],[-3.4800181338008263,50.87019121855393],[-3.4783040875093287,50.8703748362774],[-3.4776499559761067,50.870814834378066],[-3.4778665001550673,50.87136972269565],[-3.4775783663335025,50.87214685825203],[-3.476518968993229,50.87280783689982],[-3.4755328707868975,50.873090129643685],[-3.4731520123758997,50.87331807598576],[-3.4721687153356715,50.87369024507347],[-3.471285946053315,50.87454681598133],[-3.470906570177832,50.87468650128074],[-3.4699946572179483,50.87416735066879],[-3.4692211378286224,50.873979222583245],[-3.468210107538644,50.87347029269689],[-3.466361338259231,50.87298987111085],[-3.4660112974552835,50.87270645993536],[-3.46394707213582,50.87260645559091],[-3.462708789738902,50.872100328738696],[-3.4609702715068584,50.87196021306722],[-3.4583882263922368,50.87211842434417],[-3.456538852355073,50.872069568131764],[-3.4561531756064037,50.87155272787424],[-3.4543003431495185,50.8704785613115],[-3.453818826961606,50.86962113487945],[-3.452976873529016,50.86905600320408],[-3.4526452973403945,50.86844853757463],[-3.451806172411892,50.86797330249363],[-3.4513280790239027,50.86722375141415],[-3.450487873379212,50.866712544258874],[-3.450300926862526,50.86618422041233],[-3.4494465309088125,50.865214486989935],[-3.4491072235662017,50.86435527459071],[-3.4464972028368988,50.8626787911705],[-3.444862693843519,50.862672208195356],[-3.4435168127992934,50.86234693402822],[-3.442948579821786,50.8623539616017]]]},"properties":{"WB_CAT":"River","RBD_ID":"8","MNCAT_NAME":"Devon East","RBD_NAME":"South West","OPCAT_ID":"3183","hydromorph":"not designated artificial or heavily modified","MANCAT_ID":"3033","url":"/catchment-planning/WaterBody/GB108045014870","OPCAT_NAME":"Exe Main","WB_ID":"GB108045014870","version":"2","WB_NAME":"Burn (Exe)"}},{"type":"Feature","geometry":{"bbox":[-3.579055379347272,50.900345549264415,-3.4965755218688046,50.94421654702101],"type":"Polygon","coordinates":[[[-3.5533329002355143,50.94242298178969],[-3.5535594873779575,50.94196128131881],[-3.5528441293468096,50.94099944532313],[-3.5488071875330207,50.93860669681684],[-3.548478036435094,50.93812538654431],[-3.54716347980596,50.93711749712815],[-3.5462018594985074,50.93687840369096],[-3.543349142798363,50.93670029107308],[-3.540888250449101,50.935887358651456],[-3.5404239923754326,50.93476024105484],[-3.5402733431578333,50.93364697267486],[-3.5411927038120967,50.933041236401394],[-3.54130552822474,50.93257928650296],[-3.54073381582621,50.932075940778056],[-3.539605154716567,50.93151521357497],[-3.5394068348217345,50.930681386368],[-3.5380784510402927,50.92924186537364],[-3.5371297827153665,50.928957557177725],[-3.5353640772037807,50.92806340265735],[-3.534694968279021,50.92675907552155],[-3.5334461726987696,50.92643371244461],[-3.5305371773310092,50.92668774073106],[-3.5295397393684858,50.926215136479954],[-3.5280816636524452,50.92645008583862],[-3.526579917791617,50.925786188057266],[-3.5255249443911114,50.92572802595165],[-3.525185906455806,50.92580440758415],[-3.5226522102445,50.92752835099872],[-3.5220571011169732,50.92760806283936],[-3.5204031858678286,50.926640273893575],[-3.5187387990656043,50.92534881413205],[-3.517119330411527,50.92456041071021],[-3.5157670525504368,50.92411028795785],[-3.514144757990263,50.923231940280395],[-3.5132697377411444,50.92257773016085],[-3.5130868035250766,50.92220235352633],[-3.5121003620437783,50.92162153066046],[-3.511301418641307,50.92067851269058],[-3.5086924489159075,50.92008267821978],[-3.5056792087982336,50.91974383210392],[-3.5045872487558016,50.91941613872414],[-3.5020605466547243,50.91916086782436],[-3.50089784939839,50.918402338751584],[-3.5007124283701754,50.91794602904949],[-3.499857467807169,50.91702164152871],[-3.499664548365335,50.916331581824444],[-3.498207925530925,50.91572070536827],[-3.49737787165081,50.91556946323611],[-3.496611054646203,50.91561527229526],[-3.4959624296170095,50.915353766203644],[-3.4956080509489302,50.91406317238898],[-3.4975746190814188,50.91416387694091],[-3.4988618198135866,50.91393150131088],[-3.50025110157038,50.91421945124545],[-3.500655183015811,50.91351272598609],[-3.501815518820557,50.91331792435631],[-3.5037972232380747,50.91212319341925],[-3.5038547286382644,50.91125902857978],[-3.5050353153524383,50.910812101606844],[-3.505588468726665,50.909437880049],[-3.5062547651014566,50.90892562023789],[-3.5065484390593893,50.90832822603985],[-3.5075234665209205,50.90768605778919],[-3.5094508795324084,50.90746328250393],[-3.5106490275151976,50.90712399888317],[-3.5127267506894317,50.907151056436156],[-3.5132209176202376,50.90703672334487],[-3.5139155331722804,50.906524051967764],[-3.5164371306905444,50.906203513117056],[-3.5186602778895577,50.90545508975419],[-3.5197737466604777,50.9047030883668],[-3.5203193387931893,50.90398545575502],[-3.5207224651116475,50.902388261842006],[-3.5220981888986738,50.90183068915658],[-3.522805535282611,50.9017135350274],[-3.523368228810378,50.9010855974808],[-3.523385834124639,50.90162500963343],[-3.524560599007867,50.90232020782525],[-3.525453834553407,50.90266829931654],[-3.526540837695423,50.90285195755301],[-3.5284244549848705,50.903906592922176],[-3.5287625750475464,50.904675651944196],[-3.5303003564122495,50.90559088149024],[-3.530535975312729,50.906703052223314],[-3.5312373549456333,50.9072694718662],[-3.531275232969778,50.90755678395099],[-3.5325838789680106,50.90842102496171],[-3.5352499777181907,50.90860184811772],[-3.5359401979364007,50.908826613266456],[-3.5379830478373577,50.909087525244196],[-3.539870734783779,50.91024985184766],[-3.5400285190873615,50.91059595547335],[-3.5419557738003937,50.91092386364215],[-3.5430786072524914,50.911322752270586],[-3.5437173208942854,50.91127833145837],[-3.546907466617301,50.911811719383124],[-3.5507937596349586,50.91188607237731],[-3.5513215292609845,50.912355744062936],[-3.5515451191209015,50.913517783943774],[-3.5522312790004964,50.91404352418517],[-3.552369575378679,50.91477919632212],[-3.5533982815813117,50.914909416742255],[-3.5549246192945296,50.916310155188064],[-3.5572713516916794,50.916710587768875],[-3.5615753039429703,50.91692291603758],[-3.5634797999511543,50.916861448617084],[-3.566778881864793,50.91723094372881],[-3.569297333628737,50.9172330921588],[-3.5700126546427073,50.917349390768635],[-3.572810089678842,50.91718581814094],[-3.575324637023803,50.91749368692424],[-3.576987489247539,50.918280700815664],[-3.579024212112704,50.91960227808001],[-3.579297260335336,50.92010225155733],[-3.579113363124965,50.92055444185585],[-3.5797543838872348,50.92099547194035],[-3.579675312148567,50.9220218638183],[-3.5787326450260575,50.923599579989734],[-3.577925318871392,50.9241321493732],[-3.577517598005505,50.92554073045934],[-3.575484096069919,50.92769078379749],[-3.575237309450558,50.92866680291006],[-3.575312480945252,50.93019344193635],[-3.576988322791557,50.93177175613155],[-3.5768948859997165,50.93237561845573],[-3.5761404596497086,50.93363597603753],[-3.5768229888624186,50.9352996497714],[-3.57676877706712,50.94084968753642],[-3.5759606828236907,50.94052782689817],[-3.5725927081289233,50.940699153869936],[-3.5648685815528274,50.94044317130536],[-3.5646505778141004,50.94073390125129],[-3.563658421468885,50.94128683309441],[-3.5614086453647156,50.94169468877561],[-3.5609617408842387,50.94195249641798],[-3.5590961028434607,50.9423551711251],[-3.557358087356603,50.94316983775524],[-3.5559435209250023,50.94344052845838],[-3.5546604402101614,50.94338566738099],[-3.5533329002355143,50.94242298178969]]]},"properties":{"WB_CAT":"River","RBD_ID":"8","MNCAT_NAME":"Devon East","RBD_NAME":"South West","OPCAT_ID":"3183","hydromorph":"not designated artificial or heavily modified","MANCAT_ID":"3033","url":"/catchment-planning/WaterBody/GB108045014990","OPCAT_NAME":"Exe Main","WB_ID":"GB108045014990","version":"2","WB_NAME":"Calverleigh Stream"}},{"type":"Feature","geometry":{"bbox":[-3.620035093680297,50.83525084628431,-3.5134163501156324,50.94375663870131],"type":"Polygon","coordinates":[[[-3.609298229442654,50.9264650668352],[-3.609013744563141,50.926468988010846],[-3.608795335339673,50.92880146994969],[-3.6084063394116015,50.929076651706936],[-3.6082585843655455,50.92974424808225],[-3.607359695890626,50.93091686140934],[-3.6074550310016575,50.93203081257135],[-3.607135610315468,50.93267378832472],[-3.6074934661036906,50.933145546920684],[-3.6072550585680814,50.9336614905766],[-3.6050382495848114,50.93541884569549],[-3.6037334088458577,50.93573358008237],[-3.603097798702799,50.936111065229404],[-3.602933509052004,50.936663803602364],[-3.6015698276456365,50.93803877345559],[-3.5996520463518755,50.93939618299084],[-3.5992282037973853,50.94031938152385],[-3.5988378225490125,50.940558572981026],[-3.5985482259765718,50.941246085334654],[-3.5979951007074398,50.94172134692082],[-3.5970912232620407,50.94193158292482],[-3.596476231056303,50.94226377878745],[-3.594020967864258,50.9423422943051],[-3.593407033595925,50.942431620489366],[-3.5929179508801603,50.94269911276809],[-3.591733510671425,50.94261633935534],[-3.590190117405546,50.9420257752825],[-3.5885043389209215,50.94185085357007],[-3.5871384930809493,50.941455702383166],[-3.583692327190307,50.94142154972404],[-3.582358464699201,50.94154756250108],[-3.57676877706712,50.94084968753642],[-3.5768229888624186,50.9352996497714],[-3.5761404596497086,50.93363597603753],[-3.5768948859997165,50.93237561845573],[-3.576988322791557,50.93177175613155],[-3.575312480945252,50.93019344193635],[-3.575237309450558,50.92866680291006],[-3.575484096069919,50.92769078379749],[-3.577517598005505,50.92554073045934],[-3.577925318871392,50.9241321493732],[-3.5787326450260575,50.923599579989734],[-3.579675312148567,50.9220218638183],[-3.5797543838872348,50.92099547194035],[-3.579113363124965,50.92055444185585],[-3.579297260335336,50.92010225155733],[-3.579024212112704,50.91960227808001],[-3.576987489247539,50.918280700815664],[-3.575324637023803,50.91749368692424],[-3.572810089678842,50.91718581814094],[-3.5700126546427073,50.917349390768635],[-3.569297333628737,50.9172330921588],[-3.566778881864793,50.91723094372881],[-3.5634797999511543,50.916861448617084],[-3.5615753039429703,50.91692291603758],[-3.5572713516916794,50.916710587768875],[-3.5549246192945296,50.916310155188064],[-3.5533982815813117,50.914909416742255],[-3.552369575378679,50.91477919632212],[-3.5522312790004964,50.91404352418517],[-3.5515451191209015,50.913517783943774],[-3.5513215292609845,50.912355744062936],[-3.5507937596349586,50.91188607237731],[-3.546907466617301,50.911811719383124],[-3.5437173208942854,50.91127833145837],[-3.5430786072524914,50.911322752270586],[-3.5419557738003937,50.91092386364215],[-3.5400285190873615,50.91059595547335],[-3.539870734783779,50.91024985184766],[-3.5379830478373577,50.909087525244196],[-3.5359401979364007,50.908826613266456],[-3.5352499777181907,50.90860184811772],[-3.5325838789680106,50.90842102496171],[-3.531275232969778,50.90755678395099],[-3.5312373549456333,50.9072694718662],[-3.530535975312729,50.906703052223314],[-3.5303003564122495,50.90559088149024],[-3.5287625750475464,50.904675651944196],[-3.5284244549848705,50.903906592922176],[-3.526540837695423,50.90285195755301],[-3.525453834553407,50.90266829931654],[-3.524560599007867,50.90232020782525],[-3.523385834124639,50.90162500963343],[-3.523368228810378,50.9010855974808],[-3.523650028847328,50.900569266771754],[-3.524485427003973,50.90001871712631],[-3.524534659652835,50.899784229208834],[-3.525126473066045,50.899614605492786],[-3.5255661263719507,50.89914117028752],[-3.5254906195312867,50.896830689202616],[-3.5245948057616214,50.89552926352442],[-3.524521210115797,50.895017564414346],[-3.5231544728238493,50.8941000272762],[-3.5228118335050826,50.89318710571839],[-3.52178793856809,50.892750757535694],[-3.5199668831648463,50.89228880791307],[-3.5193749011603166,50.89157699206559],[-3.5189391750956203,50.89042243170917],[-3.518940989703547,50.88960395004322],[-3.5181161662172618,50.88785184831352],[-3.5179991119856595,50.88600059685039],[-3.5176299643282047,50.88514196866736],[-3.5180223024288835,50.88233971599594],[-3.5178131171882017,50.882027644694325],[-3.5169444739902023,50.88198497376871],[-3.5159214641803187,50.88156655124512],[-3.5153047607000234,50.880962964144665],[-3.5140361228272687,50.88042179729362],[-3.513709499343498,50.879994319419616],[-3.511855024284845,50.87892108254423],[-3.511557724735591,50.87852020096982],[-3.5111812451522586,50.87479254262845],[-3.5115673801766967,50.873546361576935],[-3.5126054415428425,50.87311918487864],[-3.5128228827093384,50.87281056821771],[-3.5133279845167884,50.87260615005228],[-3.513479266130659,50.87201057990811],[-3.5139721216872197,50.87142856688629],[-3.5139593046180266,50.871032994194785],[-3.5145229624770082,50.870881775442435],[-3.515104538092602,50.87040653482974],[-3.515456659061219,50.86943060315407],[-3.5154226256491095,50.86881944822909],[-3.515143941452031,50.8685532446408],[-3.5145153258706023,50.8684534756079],[-3.514065872007811,50.868180491508255],[-3.513701188027861,50.86657528336717],[-3.5126999236280154,50.865499983682696],[-3.5126119639256683,50.86453875778893],[-3.5118067411468954,50.86337096834015],[-3.5122441612118234,50.86283465006355],[-3.511899157083106,50.86271320337627],[-3.511454385786351,50.86214334402174],[-3.5112368325161696,50.860689120787775],[-3.510841933948233,50.8599027551935],[-3.5109032653995342,50.85828302627209],[-3.5114177348093056,50.85749387845459],[-3.511694172121068,50.85637503090418],[-3.512047472388568,50.855875778573846],[-3.5119807730286268,50.85557084384714],[-3.512375492759051,50.855017089182326],[-3.5148775239805654,50.85463386421513],[-3.5173599349573834,50.85494338577733],[-3.519265710479155,50.85587196225011],[-3.5201665405246443,50.85560839541067],[-3.5206852105073643,50.854954062296535],[-3.5203253338034752,50.8543741354192],[-3.5203648966944256,50.85384296818869],[-3.5185678392471047,50.85276009514854],[-3.518919070458334,50.85132546183912],[-3.52103975297159,50.85012860351326],[-3.5222883235769746,50.85007634449103],[-3.5234872566422593,50.84980886165206],[-3.524557909107511,50.849093337186304],[-3.525120682181232,50.84892408872787],[-3.524768649748748,50.84684205595075],[-3.525516712559304,50.8462566547009],[-3.5254475946745467,50.84587980559154],[-3.5257274943906602,50.84575022829438],[-3.5266907633707922,50.84566567544458],[-3.5274610985538857,50.84576352281935],[-3.5278516565190783,50.84554255053923],[-3.5298728692439236,50.84522825449262],[-3.530952147939804,50.84478238041538],[-3.5320005859856147,50.844696666024426],[-3.5331021745331554,50.845365750029295],[-3.5335453250682596,50.84544986761096],[-3.5359681992233223,50.84568782152364],[-3.5381692230452484,50.84565882631595],[-3.538725397016559,50.845291727955946],[-3.5389736024221388,50.84333672877066],[-3.5408469872360784,50.84198986632916],[-3.5401547674730796,50.8412434987978],[-3.5390519946706043,50.84053852003285],[-3.539434761312554,50.84008376364624],[-3.5417408923058535,50.83851107839968],[-3.540776428832274,50.837691601401886],[-3.5406521884328526,50.83736945307348],[-3.5408953083720003,50.836988488559356],[-3.541970761494809,50.83686635022844],[-3.5424966290279354,50.83644566846204],[-3.5436844567966315,50.83628605191803],[-3.543903986595555,50.83691273707132],[-3.544175518580584,50.83696310843553],[-3.5463565771009478,50.83677232648679],[-3.549933222719519,50.83712060920109],[-3.5517067127615607,50.837061058920504],[-3.5532897918570843,50.83725585303292],[-3.5551738726869764,50.83710483612473],[-3.5590379653655595,50.83712521854907],[-3.5601029642615454,50.837542701862304],[-3.5610607984645446,50.83772776137302],[-3.5632494252718847,50.83903857913789],[-3.562158221042591,50.83943253666168],[-3.560889233782162,50.84024841986598],[-3.5600909159844467,50.841014605933076],[-3.5602147002910094,50.84131875180595],[-3.5617383695676788,50.841856004078],[-3.5628409102560266,50.84254278466789],[-3.563699464062576,50.84272915266721],[-3.5651996338454235,50.843410581349396],[-3.569001366351175,50.84409703995981],[-3.5694092080044433,50.84439735602896],[-3.572091440021607,50.84431626863907],[-3.5717306829435906,50.846686598575204],[-3.5696776298200055,50.8481622944594],[-3.5694237878966417,50.849065123829504],[-3.5695092575360157,50.84991841807153],[-3.571176237022243,50.850057877825165],[-3.5738448599197,50.84998593623915],[-3.5752634995728765,50.85034454669857],[-3.5756098568011176,50.8513472149236],[-3.5761734173019972,50.85162741633556],[-3.5792531261495326,50.85194554029417],[-3.581029562547908,50.85195745999878],[-3.5835071706231125,50.852535464987625],[-3.5829025734683992,50.852723551493824],[-3.58123481889084,50.85382546215749],[-3.5802572224839753,50.855169839840336],[-3.5784477685570035,50.85544616713229],[-3.5767446392224045,50.8555051701088],[-3.5749605910397206,50.85653660771268],[-3.5741882188385694,50.85723058474773],[-3.5728319497675143,50.85746473312935],[-3.572671790869042,50.857772692470675],[-3.57200029722574,50.85808754129423],[-3.5717023246594497,50.858523273647265],[-3.570619194941816,50.8592753764851],[-3.5703302625769204,50.859980807440685],[-3.569098996345734,50.860555006550875],[-3.5675702726530676,50.86158289513293],[-3.567342960083423,50.86200867246486],[-3.5673689223798526,50.86235909466924],[-3.567688669597813,50.86257065851304],[-3.5674830274526568,50.86406644569634],[-3.566675379606353,50.86456297423453],[-3.5665199780838464,50.86501476655978],[-3.5654354112164084,50.86573086224292],[-3.5653580041169097,50.865965747713055],[-3.5673286993752487,50.86624509608973],[-3.568750480877909,50.867107415394045],[-3.5693389833297497,50.86727938505144],[-3.5683466141826745,50.867778408735575],[-3.567171874720316,50.8691972729986],[-3.5683465117083446,50.8694693042491],[-3.569185018642951,50.86988974985413],[-3.570950953293209,50.86999190848796],[-3.5733233690978157,50.87206457152717],[-3.5744672733987937,50.8722650028958],[-3.5742493643754774,50.87296948376295],[-3.5749117641067194,50.8736440992365],[-3.575109542620351,50.87445090043055],[-3.575400990985334,50.87466282520241],[-3.5783265277461456,50.87500104868296],[-3.5776992761853945,50.8753692948384],[-3.577474782645763,50.87629872342417],[-3.5780145549038385,50.87712787876399],[-3.578406005376725,50.878615607919706],[-3.579784747365017,50.87902867014154],[-3.5808285555805797,50.87962613569862],[-3.5818837615107313,50.87971976714799],[-3.582518756423054,50.879998970096956],[-3.582593687546785,50.88221050565147],[-3.582064024933062,50.88252348653775],[-3.5817958344719987,50.88384026158858],[-3.581405219576501,50.88406141359997],[-3.580635325427796,50.88525906493963],[-3.582021390211672,50.886301589441246],[-3.582525229334704,50.88774280956431],[-3.5829738551113475,50.88839329523913],[-3.5836438040218783,50.88886089431499],[-3.5836354301487825,50.89029107000956],[-3.5839422009274045,50.8917889218097],[-3.584273513457748,50.892333065136455],[-3.586306117728815,50.892305457634336],[-3.5889963713254063,50.89196306378139],[-3.5920949916981106,50.89192083757357],[-3.594641632629658,50.89237175358189],[-3.5951774628062725,50.89223851407284],[-3.596910874387857,50.892610551275716],[-3.6010001881888924,50.892428612360156],[-3.6023783004495615,50.892805441654524],[-3.6028603430428325,50.89276284635394],[-3.60359671212727,50.8930855065686],[-3.6040231354343026,50.89307964708153],[-3.604444274211165,50.89333469519175],[-3.6046302934436736,50.89378184364718],[-3.6061969862128795,50.8946776939574],[-3.6065455933535033,50.89571621330305],[-3.6076778836855463,50.89638417535004],[-3.6081680718822704,50.89740275137099],[-3.6087156922609753,50.897611063700566],[-3.6093035258563186,50.89816059529065],[-3.6097557261124504,50.89890087092287],[-3.609811441371069,50.89969158424257],[-3.610165342033934,50.90005546129452],[-3.61271928365332,50.89987629648049],[-3.6142272642646596,50.89906396938082],[-3.6145820387573253,50.899041074186805],[-3.6144655431369848,50.89896173135122],[-3.616171441065469,50.89893812332073],[-3.6161776663757106,50.89911791945483],[-3.617469326757122,50.89986453459315],[-3.6176903940146543,50.90131851771579],[-3.618433016073651,50.902225622942524],[-3.6194313384848007,50.90247260583546],[-3.621369166998763,50.90240073380666],[-3.6208645306220775,50.90265957764811],[-3.620771091401829,50.90338939844808],[-3.621748786526056,50.90432020076535],[-3.6219506392384915,50.90521680748729],[-3.622496856458833,50.9061985687806],[-3.6225331147999973,50.90724138170937],[-3.621821248639645,50.91049814737872],[-3.620911195238742,50.91132925121713],[-3.6212924502752646,50.91247520175537],[-3.6212671006677977,50.915020884185545],[-3.6210658104561326,50.91577918471309],[-3.6210970506122666,50.91667816053943],[-3.6214808569095918,50.91789602704405],[-3.62099260997222,50.919404821262134],[-3.6190248825892692,50.920925146502874],[-3.6171488755185797,50.9214008532535],[-3.615403225567014,50.92153295072084],[-3.6140052208898226,50.9222538255876],[-3.612041283280942,50.92265871264447],[-3.611467456214592,50.92293645730023],[-3.610925667289503,50.92455387437934],[-3.6095661897898035,50.9255709677487],[-3.609298229442654,50.9264650668352]]]},"properties":{"WB_CAT":"River","RBD_ID":"8","MNCAT_NAME":"Devon East","RBD_NAME":"South West","OPCAT_ID":"3183","hydromorph":"not designated artificial or heavily modified","MANCAT_ID":"3033","url":"/catchment-planning/WaterBody/GB108045015010","OPCAT_NAME":"Exe Main","WB_ID":"GB108045015010","version":"2","WB_NAME":"Dart (Exe)"}},{"type":"Feature","geometry":{"bbox":[-3.488324611506592,50.88760595985987,-3.3697456047812575,50.98732461441021],"type":"Polygon","coordinates":[[[-3.4298608007955975,50.91333101252561],[-3.4264981412132514,50.91050309185775],[-3.425966484589793,50.910329708509934],[-3.4241402187011887,50.910154135551444],[-3.4233750141213544,50.9097857227436],[-3.42332949111807,50.90829328401527],[-3.4243933648167233,50.90679630738605],[-3.424629279733957,50.90613687068312],[-3.4244853391107934,50.90514929337256],[-3.423652327190393,50.90395426685304],[-3.4236355986226306,50.903405840135996],[-3.424117742484167,50.90149324193813],[-3.4249343096142617,50.90028708138674],[-3.427332428800264,50.898710822244546],[-3.428191412563669,50.898430496854786],[-3.4296923446599594,50.89821425587979],[-3.4305435905203447,50.89768217693678],[-3.4314758239984053,50.89747288112776],[-3.4325419374227093,50.896992115958],[-3.4324710205203997,50.895607915778896],[-3.433753490913387,50.8947647251117],[-3.4356440231116676,50.89427380157437],[-3.4362219942397036,50.89364610743357],[-3.436317186494831,50.89304234000531],[-3.435530768672285,50.89244042440882],[-3.435902799460027,50.89159041485274],[-3.438103872147558,50.89010629243367],[-3.4390918352325124,50.88894288626707],[-3.440235194610938,50.88820926507976],[-3.4413154358908145,50.88819593058679],[-3.4434039727444676,50.88860183258889],[-3.4448002630271572,50.88869248484684],[-3.4459479472472894,50.889020044114666],[-3.44748639372131,50.889108903143224],[-3.4485346083417823,50.88943767058929],[-3.4499451463955997,50.889528084594595],[-3.451047760542634,50.88977520067375],[-3.451900607199073,50.88976459505324],[-3.4532930545612865,50.890187978513865],[-3.455144264873547,50.89027284210678],[-3.455575176113809,50.89041137302002],[-3.4576231535909505,50.89042179141466],[-3.461115625168612,50.89115160806278],[-3.4618809545534157,50.89107007314494],[-3.4623256803783584,50.89074071840691],[-3.46269637963478,50.89077204950843],[-3.4660715862615885,50.89002817177384],[-3.466871622232685,50.88969433600911],[-3.4675294213467467,50.88981198326964],[-3.467962455890771,50.889563692587394],[-3.468531013528498,50.88955654051012],[-3.4685423233010724,50.889916158330884],[-3.4689996149953255,50.89044105721966],[-3.4721532975135045,50.89214615998206],[-3.472356193613586,50.89316891697351],[-3.472906007107232,50.89346777625388],[-3.4732351931563326,50.8939852738806],[-3.474941562576567,50.89488111229567],[-3.4763142104502998,50.89601499127373],[-3.4802116664597382,50.89648728378983],[-3.48147460505571,50.8963993092926],[-3.4829683565813614,50.895966616669924],[-3.4857342297167255,50.896183275911085],[-3.488651639684803,50.89786396059362],[-3.487607933028432,50.89874968539267],[-3.4872402302510226,50.899707735461774],[-3.4874636186725203,50.90046937931854],[-3.4872924983691083,50.901348136825746],[-3.4875414660472113,50.902019514443914],[-3.487728149369336,50.904306446291656],[-3.487630164229789,50.90480236491185],[-3.487110488915683,50.90545655422742],[-3.4868406429681937,50.90680909076831],[-3.486400809509142,50.907291373742964],[-3.4858963602656114,50.907531639723665],[-3.4854762575999048,50.90863425324278],[-3.483950828341994,50.90897743826042],[-3.483867660880873,50.90994085207496],[-3.484099339559743,50.91096322128282],[-3.4838668179561703,50.91170368385662],[-3.4830961844990487,50.91252293536532],[-3.483167643313545,50.91298072056293],[-3.4829890573779503,50.91318085694767],[-3.4832354576797835,50.91377132927181],[-3.4836558781389764,50.91401781830091],[-3.483779941804686,50.91434002477991],[-3.483173635896431,50.91495932000555],[-3.4831373280863653,50.91560734770051],[-3.4822732880084413,50.9161759482472],[-3.480149120723095,50.916490706753],[-3.479645680863377,50.91676690788639],[-3.478682616725461,50.91780442388884],[-3.478402204227847,50.918833287833884],[-3.477913521447045,50.919127282295406],[-3.4788528301702186,50.919583073775755],[-3.4790656976985184,50.92091148427453],[-3.4796145309811317,50.922064751369604],[-3.479636492185048,50.92275700832288],[-3.4792747197104306,50.92391282008643],[-3.478748447746632,50.924369185173255],[-3.47847655086223,50.92566775896486],[-3.4769664588765536,50.92651431649703],[-3.4763855111929374,50.927043313823845],[-3.4757379750584745,50.92726735540824],[-3.476023626896934,50.9281991156373],[-3.477132075316237,50.92769942340573],[-3.4779736593509463,50.92776072436616],[-3.4792767712033914,50.92846373733511],[-3.4804502222775997,50.92956411407778],[-3.48058897859564,50.92990015579648],[-3.4810630599980277,50.93183181192604],[-3.480005514034366,50.93259172024655],[-3.4796379339908277,50.9331180282181],[-3.48056165168393,50.93396973754397],[-3.4802587302529866,50.935187761341275],[-3.4811798520270556,50.939987839795045],[-3.481000568216919,50.942409483454085],[-3.480664577349186,50.943484022936424],[-3.4785807392493173,50.94421195560249],[-3.4779142094697346,50.94474204183118],[-3.477319939890715,50.94485748915856],[-3.4767609661675882,50.94518834136928],[-3.473511231280694,50.9446178087602],[-3.4725896718731932,50.9442876653287],[-3.471961253935632,50.94422363747314],[-3.471311756068966,50.944393713941196],[-3.4710197232878133,50.94461324754144],[-3.4708414904171616,50.94528104321029],[-3.47058930583535,50.94541013448211],[-3.470334658021383,50.94726608929596],[-3.4695245395648255,50.947761959039155],[-3.469416584608808,50.950659359005606],[-3.4691984440172248,50.95141759263426],[-3.4658341381285656,50.95264706902186],[-3.4618959762036097,50.95510680380205],[-3.4606222474207184,50.95535658384334],[-3.4612697411754945,50.9587481772448],[-3.4610766540182123,50.958948458927644],[-3.460817342140295,50.96157792014342],[-3.460144439944632,50.96282749245717],[-3.458779691079498,50.96381588795575],[-3.4584845041463286,50.96439518360454],[-3.4579541999415384,50.96474357286955],[-3.457419441729983,50.966315183431654],[-3.4554828699200866,50.96769741052319],[-3.455079793565664,50.96938428835062],[-3.4548085091916816,50.96981937402702],[-3.4542781161960634,50.97016774701588],[-3.4539052622363293,50.97099982562438],[-3.4537898224675256,50.971864674405964],[-3.4550407989708325,50.97269451979193],[-3.4556285567259715,50.97418017835235],[-3.4556935155974426,50.97488987631963],[-3.4545850936380966,50.975434332504186],[-3.45362012667706,50.97555427286941],[-3.4526476473175673,50.97589015143529],[-3.4518069040164505,50.975882617533905],[-3.451183796514471,50.9769156617461],[-3.4502215904669664,50.97712547813549],[-3.449733243237665,50.9774553197704],[-3.448946077064004,50.97733917379717],[-3.448580851011518,50.977505593612015],[-3.4486166071749587,50.9777389904726],[-3.448366423939982,50.977939958098744],[-3.4472048081983564,50.97815222210817],[-3.4466172990649078,50.97850126688234],[-3.445170835275822,50.97871703824295],[-3.444084854554934,50.97907223681802],[-3.442448206478836,50.97912843625171],[-3.4417204613481185,50.97955113875554],[-3.44052917764081,50.97972772680935],[-3.439559634404905,50.979703705223365],[-3.438999975380876,50.980034380302484],[-3.4376065065123806,50.98012349077663],[-3.437061433179926,50.980004284640074],[-3.4367810388335998,50.980151635737975],[-3.4346651084646056,50.98037550988305],[-3.4335839915733506,50.98089243961437],[-3.431804597841706,50.98094123954052],[-3.4310959250879813,50.98059917307195],[-3.4299116328809167,50.98054172699866],[-3.429572152453484,50.9810855129173],[-3.4294351656092092,50.983119796646754],[-3.4251052553149437,50.98596079365326],[-3.423384030991054,50.98652141082583],[-3.4217339451807853,50.98661345769916],[-3.4207012510059385,50.98639218352443],[-3.419703636787184,50.98638632562912],[-3.418256792633012,50.98613408765507],[-3.417363823402623,50.985821149199914],[-3.412778457162941,50.98591267554286],[-3.4118904380803956,50.98576152423592],[-3.4110090354746796,50.985358459385395],[-3.410538998800392,50.98536413653556],[-3.410016891111137,50.98553232908328],[-3.409685393919791,50.985878095317425],[-3.4080752129981406,50.9863472077507],[-3.406373557474451,50.98661953536851],[-3.403485589377963,50.9867711830717],[-3.40162419514851,50.98694643673311],[-3.399646612896589,50.986574422683795],[-3.396858520113076,50.98673206742858],[-3.396511316239102,50.98655798703875],[-3.3961747492149876,50.985788543310505],[-3.39544908151904,50.98534752473965],[-3.3948427649332036,50.98508495259303],[-3.393413563906071,50.98494012243215],[-3.3919709437542576,50.985299087685824],[-3.3911292260143733,50.98574081792301],[-3.388934320038237,50.986198640565625],[-3.387516664939806,50.98596366292192],[-3.3868770737393397,50.98553955648869],[-3.3861025560717217,50.98536887413707],[-3.3846486291792575,50.98535014335095],[-3.3817301002169415,50.98495300198118],[-3.3809529427052096,50.98469237885569],[-3.379297738739878,50.98365066848242],[-3.3785348595530733,50.9833898607426],[-3.3765529361019078,50.98334128454621],[-3.376042310120304,50.98341925159401],[-3.37548214977259,50.983749625902924],[-3.375054852031124,50.98375465697051],[-3.375571116691084,50.982903161705764],[-3.3756989809929214,50.98144466113476],[-3.3760919243873224,50.981242168863396],[-3.376376545399538,50.98026748521678],[-3.3780483414689204,50.978988640915844],[-3.3788685054934833,50.978781097794325],[-3.379843038131536,50.97801410950499],[-3.3799244543349234,50.97691590350054],[-3.37951024933931,50.97639915574038],[-3.3788429142369636,50.97599332076615],[-3.3791870215522057,50.97558696855926],[-3.379820258242989,50.973400555682375],[-3.379682092483235,50.97258375111934],[-3.3791324572124313,50.97230244067832],[-3.379097586329123,50.972087000962304],[-3.3789734560886537,50.97222336570048],[-3.3789281896541716,50.97069495203859],[-3.3792199906332305,50.97044868159984],[-3.3815772877056793,50.970204968484325],[-3.3817148761634774,50.97004145211873],[-3.381193736995014,50.96975981420676],[-3.3808074288519587,50.967300075928264],[-3.380256250979498,50.966964826078545],[-3.379370007955507,50.96589603823908],[-3.3791751910780596,50.965088895112714],[-3.3781884144102294,50.96447097653543],[-3.3778281130713332,50.962883321189395],[-3.3773776091475733,50.962097178789634],[-3.374474830423409,50.960251669235326],[-3.3729162812368036,50.96052182912902],[-3.3725815016090595,50.96075960374107],[-3.3714505434568793,50.96104270525827],[-3.370136039406272,50.96089624589288],[-3.369815966131373,50.96066616127397],[-3.3694699909684194,50.95955498498433],[-3.3689097387499003,50.95890500445824],[-3.3688661448867587,50.95742153448418],[-3.369544073691949,50.956262376292145],[-3.370097075061617,50.95569827228924],[-3.3711909753906784,50.95512781571675],[-3.371770823810625,50.954509425322904],[-3.37286679517382,50.95401087908236],[-3.37324203173629,50.95321500972363],[-3.37279632758029,50.95161934740813],[-3.3705958157257077,50.95038605843945],[-3.3690986670482443,50.94982801546278],[-3.368688789336977,50.949446085302654],[-3.3687240094031745,50.94773684328142],[-3.3699486977020205,50.94677812867726],[-3.3702173903232175,50.945264010511316],[-3.3740326947243355,50.9433304701834],[-3.3750825986597266,50.943210184901034],[-3.3758694414740367,50.94285914992367],[-3.3769741276492202,50.94266625122792],[-3.3777973812706317,50.942584589371414],[-3.378085716123018,50.94270710077811],[-3.3784176805080617,50.942379403740155],[-3.379490690079369,50.9420789287901],[-3.3804532729502403,50.94093432684078],[-3.3808928826715614,50.93943614809515],[-3.3816796178056783,50.93908507458156],[-3.382422417498171,50.93821287180318],[-3.3836322599957818,50.93773086067562],[-3.3843405131444495,50.93761453943155],[-3.3850933907325516,50.937083966641445],[-3.3868207613447954,50.93677565922067],[-3.388359692078447,50.93587597141705],[-3.392057499885902,50.93482462988731],[-3.392961270734187,50.9342015562807],[-3.393880285376276,50.93390349601745],[-3.394746278146828,50.9333535217766],[-3.3950060858431956,50.932522980888734],[-3.395015535812465,50.92903324084274],[-3.394888815183157,50.92860304827034],[-3.394078164524321,50.92814504826227],[-3.3946010124260377,50.927545207545016],[-3.395274176193369,50.92721338480911],[-3.395373994144889,50.92674450959689],[-3.3951586956703026,50.92620744907911],[-3.396363787722229,50.92558145774074],[-3.3970462379151645,50.92461094693683],[-3.397315821290357,50.92315970350662],[-3.3978780124452737,50.92245144956021],[-3.4035813694558383,50.92094399759236],[-3.404418413897398,50.9208619801546],[-3.4051935449897996,50.92108649474209],[-3.406660778854105,50.92114077702571],[-3.40746666022699,50.92096917410697],[-3.407766561056681,50.9205338506115],[-3.4092967495141133,50.92031752324941],[-3.4101295134512464,50.919623930407454],[-3.4103965848442725,50.919045093833766],[-3.410631196624252,50.91645201067658],[-3.4120633850832953,50.91582311011285],[-3.4138280379022654,50.9158377282253],[-3.414691780125149,50.91570134973331],[-3.4169109704498237,50.91616010842743],[-3.4202685391787533,50.91615528522554],[-3.42092824348764,50.916327136110866],[-3.4216240687790345,50.91675037336075],[-3.4228559793813598,50.91702317120099],[-3.4240715348487245,50.91769188836457],[-3.426953807337046,50.917494803630014],[-3.428366075358086,50.916686067203834],[-3.4301208388451974,50.91637677853451],[-3.4315270718664683,50.91583789533115],[-3.43206696245417,50.915813285956354],[-3.432512133284017,50.91548404256496],[-3.4333074636172496,50.91543830485486],[-3.433760067288833,50.914425426055274],[-3.4345415560986887,50.913930152844166],[-3.434416174124692,50.91355394800015],[-3.4329697278293465,50.912780245054364],[-3.4298608007955975,50.91333101252561]]]},"properties":{"WB_CAT":"River","RBD_ID":"8","MNCAT_NAME":"Devon East","RBD_NAME":"South West","OPCAT_ID":"3183","hydromorph":"not designated artificial or heavily modified","MANCAT_ID":"3033","url":"/catchment-planning/WaterBody/GB108045015030","OPCAT_NAME":"Exe Main","WB_ID":"GB108045015030","version":"2","WB_NAME":"Lowman"}},{"type":"Feature","geometry":{"bbox":[-3.637362373283314,50.939449053754906,-3.513052058991651,51.007051556790586],"type":"Polygon","coordinates":[[[-3.5533329002355143,50.94242298178969],[-3.5546604402101614,50.94338566738099],[-3.5559435209250023,50.94344052845838],[-3.557358087356603,50.94316983775524],[-3.5590961028434607,50.9423551711251],[-3.5609617408842387,50.94195249641798],[-3.5614086453647156,50.94169468877561],[-3.563658421468885,50.94128683309441],[-3.5646505778141004,50.94073390125129],[-3.5648685815528274,50.94044317130536],[-3.5725927081289233,50.940699153869936],[-3.5759606828236907,50.94052782689817],[-3.57676877706712,50.94084968753642],[-3.582358464699201,50.94154756250108],[-3.583692327190307,50.94142154972404],[-3.5871384930809493,50.941455702383166],[-3.5885043389209215,50.94185085357007],[-3.590190117405546,50.9420257752825],[-3.591733510671425,50.94261633935534],[-3.5929179508801603,50.94269911276809],[-3.592572129976515,50.94382809226552],[-3.5929419117842474,50.944650498885295],[-3.592470997380732,50.94503467169102],[-3.5937656679962524,50.94625818319646],[-3.5946051813244573,50.94666044657886],[-3.5960657971692,50.94773776190913],[-3.5965562982542774,50.94875637544013],[-3.5971947942397566,50.949107404554844],[-3.598542399175286,50.94937677234175],[-3.599226698311102,50.94981710364594],[-3.5987669318521935,50.95011120857484],[-3.598844115688933,50.95070076435491],[-3.598333636321614,50.95159216077634],[-3.597388669605116,50.95227064953708],[-3.5971122098747754,50.95583606338063],[-3.5973936875582826,50.956569722682104],[-3.5986331951668946,50.957002461107045],[-3.599576319358225,50.957097474033496],[-3.6000404427150805,50.95734294798671],[-3.6017577632929894,50.957589224975045],[-3.60520481537615,50.95761384360234],[-3.606567634554847,50.95728031097574],[-3.6102298891905993,50.95714892166852],[-3.6109923535162474,50.957372249944946],[-3.6126218371964858,50.95754762690115],[-3.6138608858684154,50.95796222262508],[-3.6145874339249646,50.957970167169485],[-3.6153672835760293,50.9582831669321],[-3.6160777313478816,50.958237360753685],[-3.617033084463385,50.95868283092647],[-3.6173452964528994,50.95865152502361],[-3.6174238328231456,50.958452568526326],[-3.6180649849491315,50.95846167424987],[-3.618513109525435,50.95865333270761],[-3.6188425045780694,50.95911645647731],[-3.6196880916690084,50.959680349137905],[-3.619721229919326,50.96063325694614],[-3.6191743479463017,50.96128841137792],[-3.6187232084403647,50.96142058228033],[-3.6185451649056977,50.96203464413512],[-3.6178650059201756,50.96213400958088],[-3.6172376636987154,50.96293417369209],[-3.61656185736638,50.96315938753228],[-3.615870050367734,50.96374457979194],[-3.6152702007061017,50.965749551302586],[-3.617523024636015,50.96704948422474],[-3.6179475749170633,50.96779010674048],[-3.6179675669812297,50.9683654470148],[-3.6175069317854285,50.96904637939715],[-3.618758207873893,50.96980252736479],[-3.6189146480860908,50.9702050896046],[-3.6192370924812134,50.976199626251066],[-3.6190201808930422,50.97733587848716],[-3.6180654827999197,50.978149567698104],[-3.6173574562507613,50.978483167107456],[-3.6171496647975037,50.97885479864041],[-3.6174919498517415,50.97908417349982],[-3.6179167034787194,50.98012685329289],[-3.619012553745893,50.98121240020109],[-3.6191993953965778,50.981668504096646],[-3.6201896925093187,50.982284350766676],[-3.620931185435134,50.9831194984153],[-3.6212019376520685,50.98352946451553],[-3.6211413850794876,50.98383902497229],[-3.6218173829767153,50.98459612132043],[-3.622203023840884,50.9860878483046],[-3.625083288536799,50.98777465649934],[-3.626145847229171,50.988821159505086],[-3.6274187408839125,50.98936105855392],[-3.6284972895688563,50.99004755761831],[-3.633657225516597,50.99008342892978],[-3.6348650514627683,50.99039031325296],[-3.6355784949787164,50.9904163009756],[-3.636660324279519,50.99200207960953],[-3.639264206517501,50.99350353086824],[-3.6388653373868234,50.9939138662823],[-3.638321834323518,50.99547745295854],[-3.63738892292453,50.99650685611378],[-3.6372363298327723,50.99703064686463],[-3.6366531971136578,50.997470530760566],[-3.635340394098431,50.997712128124626],[-3.634402936773514,50.99832948617366],[-3.63264968153703,50.998731752588135],[-3.6322596224331187,50.99898903556132],[-3.6302479977464603,50.9993409118614],[-3.629505150207161,51.000106771848415],[-3.627697943501688,51.000599655711575],[-3.6254910383986347,51.00270799623636],[-3.6252446530841236,51.004222404385914],[-3.6242473000038724,51.00423627649988],[-3.624321335976274,51.00431620089041],[-3.623868541331737,51.004412435982694],[-3.620856743039707,51.004706096491724],[-3.618362076069913,51.004704708884475],[-3.6178943911299095,51.004783139086165],[-3.61663956257665,51.00559198090778],[-3.616000884836486,51.005672769761624],[-3.6152314707385904,51.00568341120467],[-3.6125780532453162,51.00521640877239],[-3.6098817298699206,51.005154657668186],[-3.609101221494669,51.00360946472193],[-3.608115582375088,51.003137363882296],[-3.6076596564215206,51.003143639542266],[-3.606503146461628,51.00350132094094],[-3.6045778715651218,51.00430126312554],[-3.603096684165044,51.0039258655823],[-3.602455525802319,51.003934662778086],[-3.601027003443773,51.00426004495356],[-3.6003858563345945,51.00385510880686],[-3.598865681280298,51.003588119351974],[-3.597131234201583,51.002892330379794],[-3.596198400140107,51.00229349223416],[-3.595451978175197,51.00214179831017],[-3.5945853483217434,51.00222558332583],[-3.5917740934666678,51.00296545319],[-3.590595219854888,51.00308943867352],[-3.589905683593118,51.00335065616429],[-3.58846910393769,51.00344215158594],[-3.5869248050553626,51.00330125026446],[-3.585904007927734,51.003045295203655],[-3.585250750069287,51.00228068336158],[-3.5836406581950713,51.00104337090589],[-3.582655939566203,51.00058903184291],[-3.5753989140543347,51.00011151839175],[-3.5745325298435513,50.999781430308644],[-3.572466919127701,50.99855010425693],[-3.571293182634407,50.997558578210615],[-3.570957297568475,50.99689754475485],[-3.570403808025191,50.9965452298788],[-3.570300730409143,50.996024967334435],[-3.570606852325196,50.995804997114206],[-3.5684869664818217,50.994646282448706],[-3.5683445136638188,50.99380276510351],[-3.568628498468001,50.992081109268426],[-3.5677535395122937,50.990644831754324],[-3.56638129712565,50.989673908577416],[-3.5648072164041547,50.98947915259629],[-3.5634744315671067,50.98883144877074],[-3.563578108971896,50.9885242669311],[-3.5639684664820903,50.9882672103412],[-3.564226135323134,50.98745430501323],[-3.5644373256627166,50.98441152279669],[-3.5645634269631628,50.98392416045912],[-3.564868288803344,50.983668245699434],[-3.563503725902544,50.984190181422846],[-3.5606422484194775,50.98426442702997],[-3.560276772982996,50.98441321301141],[-3.558186768228764,50.98454904144406],[-3.556352701633349,50.985095143535794],[-3.5551047673183316,50.9852736565616],[-3.5533232434075654,50.98526138705624],[-3.5509691592339485,50.985598464283555],[-3.5495733732834553,50.985616990433684],[-3.5466386723815186,50.98520619148846],[-3.544954974296007,50.98470682665946],[-3.5441988530762947,50.98424914141159],[-3.5428426581354158,50.982881998573696],[-3.541239722767171,50.9818059020935],[-3.5390304034622506,50.98048594564631],[-3.537751647121328,50.98016101962904],[-3.5330692678586475,50.980312514184156],[-3.531826692592113,50.98065259902885],[-3.5301046738186943,50.98071114700555],[-3.529100626142773,50.9809401505043],[-3.5268611810566814,50.98086152086627],[-3.5262393661411937,50.98058184266918],[-3.5244164738071926,50.98060564918615],[-3.5231115640207715,50.980784564008324],[-3.522715745474568,50.98087966427361],[-3.5205974510109583,50.982328300369055],[-3.520062718239965,50.982533126929034],[-3.5186678564396003,50.98345066297966],[-3.5183110494772,50.983869021597094],[-3.515123477390562,50.98311895059489],[-3.5127973841373255,50.98169208895255],[-3.512832434332997,50.98101709190314],[-3.5122934479186307,50.980214620243416],[-3.512152354145324,50.97938001350599],[-3.5121930407779844,50.97724792973862],[-3.5125855676474247,50.97692805984153],[-3.5128614553935122,50.97577326541649],[-3.513250822218959,50.975480415814346],[-3.5135453920750446,50.9749009880723],[-3.5149104545971985,50.97394792212596],[-3.5151891943628133,50.97288302353845],[-3.516087132819541,50.97289835231072],[-3.516971596795852,50.972500128716696],[-3.519047117585397,50.971933515847304],[-3.5230524367872142,50.97157555713737],[-3.523657635546879,50.97135180874073],[-3.5247409411326185,50.971373646262],[-3.5265955754294223,50.97102563649372],[-3.52919765896048,50.970883666992655],[-3.530156411849747,50.970583303279234],[-3.5307533380135023,50.96967608685786],[-3.5331625132945987,50.96973442363505],[-3.534075836974505,50.96935367835543],[-3.5351324015489096,50.9694297342005],[-3.537698454622459,50.96863149017256],[-3.5391868645151296,50.9684140160689],[-3.539733804205921,50.96815497571497],[-3.540980153526174,50.96794066979391],[-3.5417625628504052,50.96748064561014],[-3.541820593969602,50.96407117053929],[-3.5423493615816657,50.9636954359161],[-3.5426113363492355,50.96214501457823],[-3.5432755791376827,50.96156062472651],[-3.5434216767989,50.96081219497188],[-3.5439432427127584,50.96022069273909],[-3.5443528577443884,50.95883020561351],[-3.544713415944528,50.9585376297525],[-3.5446964178313403,50.95630735016425],[-3.5452823081084848,50.95593983962111],[-3.545778100183803,50.95586132590848],[-3.5483443379299477,50.9559532430762],[-3.5507264814272936,50.955220102830125],[-3.55288606129791,50.95422005407085],[-3.5539866465082532,50.95391760537304],[-3.5539512620874385,50.9528567862199],[-3.5532003730057924,50.95254299300065],[-3.5522325568061213,50.95255586220332],[-3.5514844027318215,50.95146853907299],[-3.549508748716583,50.95028957854957],[-3.548947757002488,50.947976573339155],[-3.5479816173050645,50.94717992670364],[-3.5480781426346497,50.9466569957372],[-3.549186720821264,50.94574289398651],[-3.5529208111934896,50.94330088912863],[-3.5533329002355143,50.94242298178969]]]},"properties":{"WB_CAT":"River","RBD_ID":"8","MNCAT_NAME":"Devon East","RBD_NAME":"South West","OPCAT_ID":"3183","hydromorph":"not designated artificial or heavily modified","MANCAT_ID":"3033","url":"/catchment-planning/WaterBody/GB108045015040","OPCAT_NAME":"Exe Main","WB_ID":"GB108045015040","version":"2","WB_NAME":"Iron Mill Stream"}},{"type":"Feature","geometry":{"bbox":[-3.601593621182296,50.76119499143816,-3.4552307166207017,51.01794915074828],"type":"Polygon","coordinates":[[[-3.60833362250611,51.009852839009184],[-3.6082026551710653,51.01060114804976],[-3.607089381646612,51.01138994826032],[-3.6054778944168677,51.011789852027604],[-3.6045584694201733,51.012414072391266],[-3.6038267447399046,51.012693938757124],[-3.5994003547326496,51.01291651509626],[-3.596887898733395,51.01282497084207],[-3.595442903454387,51.01351026533131],[-3.594355514344031,51.013399195661385],[-3.5936106931205254,51.01371515207479],[-3.5925598125063996,51.013837409870376],[-3.59121898035457,51.01381970502632],[-3.591121166054293,51.01346128008969],[-3.5895386932177087,51.013464834754565],[-3.5894658737602883,51.01467101189107],[-3.5888008589911093,51.01523768139157],[-3.5876389868447562,51.01545134332265],[-3.586766434877515,51.01578697924039],[-3.5853642478715737,51.01564412535459],[-3.585091476453853,51.01600758352681],[-3.5845808636800705,51.0160864618099],[-3.583124728372331,51.01603425195237],[-3.582218908127593,51.015812681530925],[-3.5787972630101144,51.01582299676677],[-3.5773122468009895,51.01533939688669],[-3.5758984316964257,51.01611396570553],[-3.5726296189992834,51.016427831347706],[-3.5723544926893904,51.01546019231807],[-3.5720254584706166,51.0116332133991],[-3.5714396358096816,51.0111734115151],[-3.5699026996081082,51.010834319140685],[-3.567236677569109,51.0108341404516],[-3.566174884998534,51.01063252642118],[-3.5649790722849675,51.01068452774513],[-3.558889141714969,51.01019034191445],[-3.5577360811970453,51.01024169858601],[-3.5554303671275154,51.009930652774656],[-3.5544397176520857,51.00929627772471],[-3.553610405649683,51.00666310184952],[-3.552188181473413,51.00590853203033],[-3.5517064168709047,51.00514145643228],[-3.550582428817286,51.00477863717817],[-3.549387685962917,51.004003025948734],[-3.5455375446395383,51.00353238244536],[-3.5438135072855257,51.0035551797339],[-3.540293633197134,51.004015364024276],[-3.537447513457543,51.00416078394321],[-3.5360333547242253,51.004503167649325],[-3.535149941582827,51.004514780382735],[-3.5334577202720086,51.0037744835887],[-3.5318994790647946,51.00450348780471],[-3.531477867180699,51.00555230710678],[-3.5308039798630393,51.005866931991356],[-3.5306501548268137,51.006390593094714],[-3.5298485455189077,51.007156580051074],[-3.529561081570305,51.00795180609044],[-3.528939355749698,51.00855354113956],[-3.529447564530567,51.008834692870415],[-3.5296079977404027,51.01024463170084],[-3.5294633138689924,51.0110469813155],[-3.52989615805155,51.01120320347091],[-3.5298800815415388,51.0115811569204],[-3.530409682841511,51.012077877436624],[-3.53078447933864,51.01393469955567],[-3.533252910778824,51.01571908415798],[-3.5331103902737375,51.01572095453325],[-3.5303322779412687,51.01405754434761],[-3.5262321230345464,51.0133736840396],[-3.525507163711125,51.013005410206695],[-3.524275864047609,51.01197819293938],[-3.523160164949832,51.01186683065176],[-3.522872433233595,51.010917231254176],[-3.5232881705279726,51.010552056104856],[-3.524548051288967,51.01027885424166],[-3.5247201391456304,51.0094401778135],[-3.52437033845369,51.00920684664197],[-3.523060505381323,51.00925990646455],[-3.5224863784323723,51.00914147598128],[-3.5212607375296803,51.00958914881414],[-3.5204827150573057,51.01021086104104],[-3.519122896234582,51.01048038002129],[-3.5161013227416835,51.00875683404401],[-3.5144424618969796,51.008598473504804],[-3.51073395365272,51.008538564463954],[-3.508688282925652,51.00788146743862],[-3.5074791198537048,51.00796002594698],[-3.50731435117955,51.005956528052664],[-3.5075550985592834,51.00546775258155],[-3.508222433982038,51.004946488107315],[-3.508306974509769,51.0040370156912],[-3.5080300919882283,51.0034110194012],[-3.506602289031874,51.00245810462424],[-3.506011368147431,51.000936766076535],[-3.505980802581026,50.99999280335653],[-3.506219496560901,50.99944109943929],[-3.507566833559212,50.99879414736078],[-3.5067526906189785,50.99830099458339],[-3.5064212071668956,50.99774764945688],[-3.5057268876688785,50.99743282182058],[-3.5054236247359842,50.99687011621416],[-3.5049528820837526,50.99465469368952],[-3.5050644967315354,50.992818503477444],[-3.5047417969276076,50.99253485671943],[-3.504714464636038,50.99168978362367],[-3.5055729285119592,50.991354941729014],[-3.508252946740222,50.99094262354578],[-3.5089511823907498,50.99050189874978],[-3.510856086705201,50.989919653321095],[-3.511090064412939,50.989664797585846],[-3.5110320880605754,50.98875716424839],[-3.5115282230856337,50.9882380928668],[-3.511627862313098,50.98779610246664],[-3.5114867545662185,50.98696149607207],[-3.5109024236336572,50.98651936127955],[-3.507998415198591,50.98484804981544],[-3.5065160029706655,50.98483120408072],[-3.5061241598014057,50.98417070909843],[-3.5039436120690106,50.98283173437406],[-3.5015899098071306,50.98230439619366],[-3.5000376157174644,50.981442940756224],[-3.4976953752984046,50.9808254382953],[-3.4928127289774755,50.97784801054234],[-3.490656466151698,50.97724597829228],[-3.4893440338220003,50.97719077044405],[-3.487867039785313,50.97733550998605],[-3.4860644269607777,50.976414101288775],[-3.484939440850947,50.9764284099928],[-3.4845374133570086,50.97656842911084],[-3.484104651265183,50.97729344019383],[-3.4825446352579785,50.978410507019966],[-3.4805873887125824,50.97868716364622],[-3.479349513900475,50.978289130608346],[-3.4777738759939862,50.97802127296418],[-3.476012529510383,50.976838365192265],[-3.4738901059858716,50.97774656869137],[-3.4729358887545057,50.98000707579889],[-3.47240722507651,50.98040947209401],[-3.4720915857299013,50.98124088715735],[-3.4708490951202715,50.98159830763009],[-3.4703494886604807,50.98156862262038],[-3.4692596655075696,50.98179818990257],[-3.4674224360404216,50.981821286630066],[-3.4662352432702477,50.98167430642496],[-3.465259604331176,50.98055332266807],[-3.4641272560365364,50.979883988760676],[-3.4640425771105123,50.97900365105025],[-3.4636564730887356,50.97850483349203],[-3.4634601405965233,50.97769784534572],[-3.462133723074559,50.97674311987689],[-3.4616307861280724,50.976605513024424],[-3.461192846208609,50.97626922570204],[-3.4568121940455434,50.97558645172916],[-3.4556935155974426,50.97488987631963],[-3.4556285567259715,50.97418017835235],[-3.4550407989708325,50.97269451979193],[-3.4537898224675256,50.971864674405964],[-3.4539052622363293,50.97099982562438],[-3.4542781161960634,50.97016774701588],[-3.4548085091916816,50.96981937402702],[-3.455079793565664,50.96938428835062],[-3.4554828699200866,50.96769741052319],[-3.457419441729983,50.966315183431654],[-3.4579541999415384,50.96474357286955],[-3.4584845041463286,50.96439518360454],[-3.458779691079498,50.96381588795575],[-3.460144439944632,50.96282749245717],[-3.460817342140295,50.96157792014342],[-3.4610766540182123,50.958948458927644],[-3.4612697411754945,50.9587481772448],[-3.4606222474207184,50.95535658384334],[-3.4618959762036097,50.95510680380205],[-3.4658341381285656,50.95264706902186],[-3.4691984440172248,50.95141759263426],[-3.469416584608808,50.950659359005606],[-3.4695245395648255,50.947761959039155],[-3.470334658021383,50.94726608929596],[-3.47058930583535,50.94541013448211],[-3.4708414904171616,50.94528104321029],[-3.4710197232878133,50.94461324754144],[-3.471311756068966,50.944393713941196],[-3.471961253935632,50.94422363747314],[-3.4725896718731932,50.9442876653287],[-3.473511231280694,50.9446178087602],[-3.4767609661675882,50.94518834136928],[-3.477319939890715,50.94485748915856],[-3.4779142094697346,50.94474204183118],[-3.4785807392493173,50.94421195560249],[-3.480664577349186,50.943484022936424],[-3.481000568216919,50.942409483454085],[-3.4811798520270556,50.939987839795045],[-3.4802587302529866,50.935187761341275],[-3.48056165168393,50.93396973754397],[-3.4796379339908277,50.9331180282181],[-3.480005514034366,50.93259172024655],[-3.4810630599980277,50.93183181192604],[-3.48058897859564,50.92990015579648],[-3.4804502222775997,50.92956411407778],[-3.4792767712033914,50.92846373733511],[-3.4779736593509463,50.92776072436616],[-3.477132075316237,50.92769942340573],[-3.476023626896934,50.9281991156373],[-3.4757379750584745,50.92726735540824],[-3.4763855111929374,50.927043313823845],[-3.4769664588765536,50.92651431649703],[-3.47847655086223,50.92566775896486],[-3.478748447746632,50.924369185173255],[-3.4792747197104306,50.92391282008643],[-3.479636492185048,50.92275700832288],[-3.4796145309811317,50.922064751369604],[-3.4790656976985184,50.92091148427453],[-3.4788528301702186,50.919583073775755],[-3.477913521447045,50.919127282295406],[-3.478402204227847,50.918833287833884],[-3.478682616725461,50.91780442388884],[-3.479645680863377,50.91676690788639],[-3.480149120723095,50.916490706753],[-3.4822732880084413,50.9161759482472],[-3.4831373280863653,50.91560734770051],[-3.483173635896431,50.91495932000555],[-3.483779941804686,50.91434002477991],[-3.4836558781389764,50.91401781830091],[-3.4832354576797835,50.91377132927181],[-3.4829890573779503,50.91318085694767],[-3.483167643313545,50.91298072056293],[-3.4830961844990487,50.91252293536532],[-3.4838668179561703,50.91170368385662],[-3.484099339559743,50.91096322128282],[-3.483867660880873,50.90994085207496],[-3.483950828341994,50.90897743826042],[-3.4854762575999048,50.90863425324278],[-3.4858963602656114,50.907531639723665],[-3.486400809509142,50.907291373742964],[-3.4868406429681937,50.90680909076831],[-3.487110488915683,50.90545655422742],[-3.487630164229789,50.90480236491185],[-3.487728149369336,50.904306446291656],[-3.4875414660472113,50.902019514443914],[-3.4872924983691083,50.901348136825746],[-3.4874636186725203,50.90046937931854],[-3.4872402302510226,50.899707735461774],[-3.487607933028432,50.89874968539267],[-3.488651639684803,50.89786396059362],[-3.4857342297167255,50.896183275911085],[-3.4829683565813614,50.895966616669924],[-3.48147460505571,50.8963993092926],[-3.4802116664597382,50.89648728378983],[-3.4763142104502998,50.89601499127373],[-3.474941562576567,50.89488111229567],[-3.4732351931563326,50.8939852738806],[-3.472906007107232,50.89346777625388],[-3.472356193613586,50.89316891697351],[-3.4721532975135045,50.89214615998206],[-3.4689996149953255,50.89044105721966],[-3.4685423233010724,50.889916158330884],[-3.468531013528498,50.88955654051012],[-3.4687962398145618,50.88940031232679],[-3.4688949620471523,50.88892238774221],[-3.4685842627419725,50.887181460410254],[-3.468427147666454,50.88670675483073],[-3.468167355360682,50.88658410692686],[-3.4680321723954606,50.88590226272787],[-3.4680661789841833,50.88336552418268],[-3.469876963577202,50.88217351157857],[-3.4713914329452966,50.881506859319344],[-3.4720384500717847,50.88038344225108],[-3.470906570177832,50.87468650128074],[-3.471285946053315,50.87454681598133],[-3.4721687153356715,50.87369024507347],[-3.4731520123758997,50.87331807598576],[-3.4755328707868975,50.873090129643685],[-3.476518968993229,50.87280783689982],[-3.4775783663335025,50.87214685825203],[-3.4778665001550673,50.87136972269565],[-3.4776499559761067,50.870814834378066],[-3.4783040875093287,50.8703748362774],[-3.4800181338008263,50.87019121855393],[-3.4832302737971945,50.87018641398882],[-3.4845975903151967,50.86982725425091],[-3.485321046590231,50.869782072492626],[-3.485626186919728,50.8695443432081],[-3.485857455876462,50.867877500066356],[-3.4857349372170257,50.867600244431245],[-3.485042708791479,50.86728526958562],[-3.484629487996041,50.866804848601674],[-3.48548859776308,50.866110368086204],[-3.485305830929263,50.86572595023807],[-3.4853934809676943,50.8649063758644],[-3.486059948181466,50.864412211851096],[-3.4863757355955824,50.86361671323602],[-3.4882678786170564,50.86323283505784],[-3.488310171816084,50.86188318687908],[-3.489295382618456,50.86158280748727],[-3.4899606151542275,50.86105266005405],[-3.4903276554002356,50.86097602055566],[-3.492959617896235,50.861068294198255],[-3.4941902896601027,50.86089064949282],[-3.4947936318896504,50.86064907675668],[-3.4956925727258996,50.860763475152105],[-3.4961402266661765,50.86054187894648],[-3.496599591156727,50.85979847480236],[-3.497689122986685,50.859208875745814],[-3.4978313465626107,50.85832563122846],[-3.498324257710147,50.85774368254135],[-3.4965086413056032,50.856957514645714],[-3.4961788929480986,50.85642209867611],[-3.4955737097869104,50.856160034486194],[-3.494989124104227,50.85476444989143],[-3.4945056407733537,50.85475265505152],[-3.494299325131153,50.8545214513475],[-3.4941426036376577,50.853174346807975],[-3.494383310540149,50.85270357234002],[-3.4971213341276832,50.852128829926045],[-3.4993846389946337,50.8509305380336],[-3.498003856079687,50.849518213341945],[-3.4980229337144486,50.848339743106884],[-3.497507371262395,50.84821144969201],[-3.4971994572924605,50.84746889182859],[-3.497025989043779,50.845600347045945],[-3.4980457171198394,50.84461589737796],[-3.497901595601811,50.84366437378983],[-3.4975339349979597,50.84327335305668],[-3.498744532113554,50.8424843168379],[-3.4990402081747627,50.84195886082549],[-3.499067364801672,50.83926028214637],[-3.499652171284441,50.838893002850014],[-3.5005255471028853,50.83866591532607],[-3.500687850880008,50.838411992951464],[-3.4998326493060894,50.837433638214826],[-3.4956016691820713,50.837487950722796],[-3.495278394886111,50.83715031840423],[-3.493790180481654,50.83635991279189],[-3.4883319946746014,50.836231797665306],[-3.4873556958008685,50.83590247208171],[-3.4857206966821157,50.83585135108826],[-3.484959167426075,50.83602293972384],[-3.4835928939427325,50.83683180124282],[-3.482693351006993,50.837131047099994],[-3.480327496385742,50.83867209527292],[-3.4780809688905667,50.83904948787373],[-3.4766324251312146,50.839058540429846],[-3.4739836646096043,50.83839264767724],[-3.473260156187333,50.83797006979239],[-3.471601282222139,50.83761325337054],[-3.470701778444749,50.83701299777152],[-3.468886864866954,50.83620840570683],[-3.4682484608081525,50.835326020102855],[-3.4682061411483542,50.833977440274566],[-3.4683369872088607,50.834074735731704],[-3.4684938077454404,50.833641045970786],[-3.4704384326550333,50.83224945227271],[-3.4730700142086453,50.83102903560963],[-3.4736532271657223,50.83060794218031],[-3.473702649462487,50.8303734714892],[-3.475256854974303,50.829670277808184],[-3.4799379957177945,50.829053356667885],[-3.480707909204354,50.828252106698756],[-3.48213589096016,50.82760438694267],[-3.4827286639732793,50.82748892548885],[-3.4854024505808185,50.82582697938021],[-3.485376485150185,50.825008845972356],[-3.483956945272355,50.82412750020005],[-3.4837746472476776,50.82375206625587],[-3.4827906670319666,50.823170965634425],[-3.4826390475880213,50.822867092868734],[-3.482587309355481,50.822130233218644],[-3.48243142379524,50.821691502675485],[-3.4820229118045187,50.821345922624765],[-3.4818900125791643,50.82073601115795],[-3.481940939625247,50.81875665885572],[-3.482190708847235,50.818573603346564],[-3.4822897290717445,50.81811364520321],[-3.4820825001816873,50.8178464546055],[-3.482113367426211,50.817027597629384],[-3.4816325179503207,50.81663796456122],[-3.4819180223830744,50.81623859676978],[-3.481846458912936,50.81577181156754],[-3.4827501554504043,50.81561642264859],[-3.483194596299358,50.81530497254399],[-3.48390359098829,50.815277967703686],[-3.484567668031075,50.81472987097275],[-3.4861439446735543,50.814296070455],[-3.4874754302380246,50.813307734137325],[-3.485358098302523,50.81279506595972],[-3.4843130105661815,50.81207085008063],[-3.4843294214060054,50.81169288785751],[-3.484008119373345,50.81140916368463],[-3.484507562339324,50.81104304364283],[-3.4845948591449902,50.810214472638506],[-3.486555245216319,50.80981175297051],[-3.4880399165144143,50.809181222078486],[-3.48991223268083,50.808689627655916],[-3.4902912208897288,50.80810916149445],[-3.490217126021375,50.80578062566743],[-3.491069204239141,50.80445659179443],[-3.490729146176412,50.804029219279855],[-3.4907116917839907,50.80348079945928],[-3.4910871948610187,50.802792444774276],[-3.4919745731954754,50.802133519119465],[-3.491856234618135,50.8010917113495],[-3.4908761175859615,50.79972813787687],[-3.490977305563366,50.7993400959391],[-3.4915026494100654,50.798901660134064],[-3.4915144200678907,50.798379848702],[-3.4919956285863774,50.79744729635325],[-3.4919549729022665,50.79617064613338],[-3.491583037555243,50.795186044788984],[-3.4921057531163533,50.794666691922465],[-3.492785486578119,50.79462201764415],[-3.493164901898336,50.79405952304805],[-3.4926471043423057,50.79295087457895],[-3.4926302071618767,50.79242043518581],[-3.4931250854832063,50.79191942191072],[-3.4932222284032286,50.79140551085196],[-3.4928334085335244,50.78989047399422],[-3.493447744319425,50.788686384767395],[-3.493536282191165,50.78790275819905],[-3.4933165221491733,50.78724000348704],[-3.494111605034458,50.78636638006834],[-3.494389520980867,50.78618293595359],[-3.494645951100703,50.78621562669894],[-3.4949424787048193,50.785726140781485],[-3.495417791075809,50.78550418708361],[-3.495335820787671,50.78471375054822],[-3.4984938001246655,50.78319817248801],[-3.4997726056663416,50.7823722580912],[-3.5011532973716584,50.781185250507974],[-3.5013328251094866,50.78058932318383],[-3.5033244915945416,50.7781082527922],[-3.5070152512958592,50.772888953539194],[-3.5093318027340206,50.770826303664926],[-3.509899185256892,50.76994652045515],[-3.5110232374194092,50.76961716375333],[-3.5118356162277755,50.768419398476546],[-3.51305533920705,50.76754013434276],[-3.5140261374108217,50.765980528636575],[-3.5149312731913667,50.765024380120146],[-3.514358337830193,50.763970503712294],[-3.5139379917087488,50.76368814036413],[-3.5139263846600777,50.76332852213679],[-3.513917679529382,50.76305880845039],[-3.5145391987233316,50.76294281333192],[-3.515329311583153,50.76241987770001],[-3.5158089401879082,50.76234169013831],[-3.516363867630418,50.76283815193297],[-3.518287788133665,50.763568632812046],[-3.5193676376011296,50.76450795592739],[-3.520058559515116,50.76482274370946],[-3.5204441615592184,50.76709325551231],[-3.520600209296082,50.767531937719916],[-3.521250987249399,50.767919195750274],[-3.5210907809552663,50.768227089134115],[-3.521278578963794,50.768332570037245],[-3.5221369459108844,50.76812349617247],[-3.5231178012873645,50.76731919732565],[-3.523546916908173,50.76655807672329],[-3.5256347543230797,50.76534354197015],[-3.527266862292056,50.76494441973896],[-3.5278936428526984,50.764594428159945],[-3.5292379848421187,50.76450485219075],[-3.5314888863991634,50.76481709283207],[-3.5329352515565886,50.76567952332304],[-3.5343935511151825,50.76603810173023],[-3.5350597734679123,50.766461056894435],[-3.5362930596856335,50.766876538916094],[-3.5385075289077097,50.76650556244675],[-3.539527633084389,50.76604238726453],[-3.540499283627028,50.765399958300335],[-3.5410110847615965,50.76457471979666],[-3.5407957927754907,50.764064892786614],[-3.541027649182753,50.76378300107182],[-3.5414529089223463,50.76377738034453],[-3.5417101022365483,50.76383694624167],[-3.54268110373085,50.76360824248216],[-3.54328060586613,50.76372622926347],[-3.54388715547704,50.76319653381067],[-3.5440873830004107,50.76324784813207],[-3.5441423388918665,50.7636248788421],[-3.5444494921124052,50.763908627029934],[-3.544935007112621,50.76401012650402],[-3.545487890044519,50.76443452405383],[-3.5464439035240245,50.76461072249239],[-3.546512402735517,50.76711921521172],[-3.5445922679393984,50.76910540911043],[-3.5437859884953613,50.76960177475667],[-3.54351428351913,50.76996514093737],[-3.543610759144658,50.772895984988324],[-3.5447391573236033,50.77356460517768],[-3.545182577576236,50.774107378968175],[-3.54545705055662,50.77468836706525],[-3.545437081537373,50.775803916515684],[-3.5462264632289804,50.77651299148319],[-3.5461066113549293,50.777180153572466],[-3.547071992970292,50.777203327827245],[-3.547822378488777,50.77758911704411],[-3.5480333589686346,50.777964074354855],[-3.550547990498083,50.77850629867575],[-3.5507192288393643,50.779394450754594],[-3.550592187986741,50.7807003032732],[-3.550264941027152,50.78110039986121],[-3.54907734365181,50.7812241111769],[-3.5480144665278726,50.78168793551599],[-3.5477379769599535,50.78190746658714],[-3.5474538989853963,50.78275669333357],[-3.543691809153742,50.7831123539438],[-3.5433561977891403,50.78326070323461],[-3.541856538597082,50.78338846986269],[-3.5406369535870197,50.78383630947427],[-3.5373988472657465,50.7841668549078],[-3.536105933093498,50.78454365971857],[-3.535272114902917,50.785076303245305],[-3.533683752054459,50.78509720151258],[-3.5331874537372356,50.78467200493393],[-3.5321262526230583,50.784326182424955],[-3.529301765200457,50.784291299876465],[-3.5286700436177285,50.784497454305395],[-3.528604999401275,50.7846781909397],[-3.5274168380499584,50.785224415832495],[-3.527000509548776,50.786381125359924],[-3.5260592424912485,50.78710398718461],[-3.525642279330103,50.7882427112047],[-3.5249384036956424,50.78841381202124],[-3.5242763400368036,50.788998095091],[-3.5239172206587153,50.79017203312344],[-3.5239447037961633,50.7910171280921],[-3.52438513190966,50.792342512812404],[-3.524754946346283,50.79280537669092],[-3.5244779941514333,50.79388829959124],[-3.524723227162895,50.794011012649385],[-3.5254502877151586,50.79367771502545],[-3.526735215035361,50.79348101876368],[-3.530208040257259,50.79336355457177],[-3.5314586127079926,50.79341909429163],[-3.532119324041467,50.793662254459385],[-3.5330590254217635,50.79375783704223],[-3.5335211664746944,50.794003599166565],[-3.534719143794158,50.79418571425871],[-3.536080197908072,50.79501325162206],[-3.536573621172856,50.79621197534541],[-3.5390353034186557,50.797708532363416],[-3.5407440860234107,50.7983155661537],[-3.543287483281602,50.79840785991964],[-3.544865113982508,50.798908638472064],[-3.545598732797861,50.79963644369568],[-3.545902146516662,50.80108948258411],[-3.5465246356364206,50.80145898694284],[-3.5479846750721453,50.80140364253045],[-3.5487011416013465,50.801609992547945],[-3.550123680234817,50.801708020647],[-3.5511107059698896,50.80236946406805],[-3.5514789705564267,50.802346577861044],[-3.5518839486676774,50.80257503959385],[-3.554374559518819,50.80320744687899],[-3.5545573375395154,50.80358276741264],[-3.5554276812386165,50.80414679337697],[-3.5569181164703294,50.804576618936274],[-3.558623016007015,50.804625803552504],[-3.5609313921637478,50.80446901653654],[-3.5626564772061444,50.80469775614858],[-3.563356385337081,50.80525501233377],[-3.563606734792398,50.81105291600232],[-3.56533248374218,50.81256777814113],[-3.565845188353604,50.81431476496899],[-3.56683661415982,50.81509294156969],[-3.567174087340383,50.81584392043916],[-3.5681643633877766,50.81658612448303],[-3.5685313852890355,50.81864085261121],[-3.5676949444309325,50.818679086119516],[-3.5668092884353366,50.81894282215276],[-3.566759391736473,50.81957308542232],[-3.5664096520191424,50.82015341004629],[-3.566314835266665,50.82495757644421],[-3.565409684483945,50.82761401352703],[-3.564742777797873,50.82805468068922],[-3.564616461674286,50.828524071808474],[-3.564595784298371,50.83130354768155],[-3.565041072144006,50.83272764772186],[-3.565629369535865,50.83333135776428],[-3.5667577472508314,50.83394580156284],[-3.566960019862997,50.834896466581085],[-3.5673405782092478,50.83523313299885],[-3.5672444712722524,50.83575608560432],[-3.5667170299826285,50.83612293618601],[-3.5666154954927674,50.8364840661224],[-3.5667189507878665,50.837876771934894],[-3.5664733285098382,50.838176877302445],[-3.5653301758942524,50.838821811193576],[-3.5645547042898658,50.83899410757297],[-3.5632494252718847,50.83903857913789],[-3.5610607984645446,50.83772776137302],[-3.5601029642615454,50.837542701862304],[-3.5590379653655595,50.83712521854907],[-3.5551738726869764,50.83710483612473],[-3.5532897918570843,50.83725585303292],[-3.5517067127615607,50.837061058920504],[-3.549933222719519,50.83712060920109],[-3.5463565771009478,50.83677232648679],[-3.544175518580584,50.83696310843553],[-3.543903986595555,50.83691273707132],[-3.5436844567966315,50.83628605191803],[-3.5424966290279354,50.83644566846204],[-3.541970761494809,50.83686635022844],[-3.5408953083720003,50.836988488559356],[-3.5406521884328526,50.83736945307348],[-3.540776428832274,50.837691601401886],[-3.5417408923058535,50.83851107839968],[-3.539434761312554,50.84008376364624],[-3.5390519946706043,50.84053852003285],[-3.5401547674730796,50.8412434987978],[-3.5408469872360784,50.84198986632916],[-3.5389736024221388,50.84333672877066],[-3.538725397016559,50.845291727955946],[-3.5381692230452484,50.84565882631595],[-3.5359681992233223,50.84568782152364],[-3.5335453250682596,50.84544986761096],[-3.5331021745331554,50.845365750029295],[-3.5320005859856147,50.844696666024426],[-3.530952147939804,50.84478238041538],[-3.5298728692439236,50.84522825449262],[-3.5278516565190783,50.84554255053923],[-3.5274610985538857,50.84576352281935],[-3.5266907633707922,50.84566567544458],[-3.5257274943906602,50.84575022829438],[-3.5254475946745467,50.84587980559154],[-3.525516712559304,50.8462566547009],[-3.524768649748748,50.84684205595075],[-3.525120682181232,50.84892408872787],[-3.524557909107511,50.849093337186304],[-3.5234872566422593,50.84980886165206],[-3.5222883235769746,50.85007634449103],[-3.52103975297159,50.85012860351326],[-3.518919070458334,50.85132546183912],[-3.5185678392471047,50.85276009514854],[-3.5203648966944256,50.85384296818869],[-3.5203253338034752,50.8543741354192],[-3.5206852105073643,50.854954062296535],[-3.5201665405246443,50.85560839541067],[-3.519265710479155,50.85587196225011],[-3.5173599349573834,50.85494338577733],[-3.5148775239805654,50.85463386421513],[-3.512375492759051,50.855017089182326],[-3.5119807730286268,50.85557084384714],[-3.512047472388568,50.855875778573846],[-3.511694172121068,50.85637503090418],[-3.5114177348093056,50.85749387845459],[-3.5109032653995342,50.85828302627209],[-3.510841933948233,50.8599027551935],[-3.5112368325161696,50.860689120787775],[-3.511454385786351,50.86214334402174],[-3.511899157083106,50.86271320337627],[-3.5122441612118234,50.86283465006355],[-3.5118067411468954,50.86337096834015],[-3.5126119639256683,50.86453875778893],[-3.5126999236280154,50.865499983682696],[-3.513701188027861,50.86657528336717],[-3.514065872007811,50.868180491508255],[-3.5145153258706023,50.8684534756079],[-3.515143941452031,50.8685532446408],[-3.5154226256491095,50.86881944822909],[-3.515456659061219,50.86943060315407],[-3.515104538092602,50.87040653482974],[-3.5145229624770082,50.870881775442435],[-3.5139593046180266,50.871032994194785],[-3.5139721216872197,50.87142856688629],[-3.513479266130659,50.87201057990811],[-3.5133279845167884,50.87260615005228],[-3.5128228827093384,50.87281056821771],[-3.5126054415428425,50.87311918487864],[-3.5115673801766967,50.873546361576935],[-3.5111812451522586,50.87479254262845],[-3.511557724735591,50.87852020096982],[-3.511855024284845,50.87892108254423],[-3.513709499343498,50.879994319419616],[-3.5140361228272687,50.88042179729362],[-3.5153047607000234,50.880962964144665],[-3.5159214641803187,50.88156655124512],[-3.5169444739902023,50.88198497376871],[-3.5178131171882017,50.882027644694325],[-3.5180223024288835,50.88233971599594],[-3.5176299643282047,50.88514196866736],[-3.5179991119856595,50.88600059685039],[-3.5181161662172618,50.88785184831352],[-3.518940989703547,50.88960395004322],[-3.5189391750956203,50.89042243170917],[-3.5193749011603166,50.89157699206559],[-3.5199668831648463,50.89228880791307],[-3.52178793856809,50.892750757535694],[-3.5228118335050826,50.89318710571839],[-3.5231544728238493,50.8941000272762],[-3.524521210115797,50.895017564414346],[-3.5245948057616214,50.89552926352442],[-3.5254906195312867,50.896830689202616],[-3.5255661263719507,50.89914117028752],[-3.525126473066045,50.899614605492786],[-3.524534659652835,50.899784229208834],[-3.524485427003973,50.90001871712631],[-3.523650028847328,50.900569266771754],[-3.523368228810378,50.9010855974808],[-3.522805535282611,50.9017135350274],[-3.5220981888986738,50.90183068915658],[-3.5207224651116475,50.902388261842006],[-3.5203193387931893,50.90398545575502],[-3.5197737466604777,50.9047030883668],[-3.5186602778895577,50.90545508975419],[-3.5164371306905444,50.906203513117056],[-3.5139155331722804,50.906524051967764],[-3.5132209176202376,50.90703672334487],[-3.5127267506894317,50.907151056436156],[-3.5106490275151976,50.90712399888317],[-3.5094508795324084,50.90746328250393],[-3.5075234665209205,50.90768605778919],[-3.5065484390593893,50.90832822603985],[-3.5062547651014566,50.90892562023789],[-3.505588468726665,50.909437880049],[-3.5050353153524383,50.910812101606844],[-3.5038547286382644,50.91125902857978],[-3.5037972232380747,50.91212319341925],[-3.501815518820557,50.91331792435631],[-3.500655183015811,50.91351272598609],[-3.50025110157038,50.91421945124545],[-3.4988618198135866,50.91393150131088],[-3.4975746190814188,50.91416387694091],[-3.4956080509489302,50.91406317238898],[-3.4959624296170095,50.915353766203644],[-3.496611054646203,50.91561527229526],[-3.49737787165081,50.91556946323611],[-3.498207925530925,50.91572070536827],[-3.499664548365335,50.916331581824444],[-3.499857467807169,50.91702164152871],[-3.5007124283701754,50.91794602904949],[-3.50089784939839,50.918402338751584],[-3.5020605466547243,50.91916086782436],[-3.5045872487558016,50.91941613872414],[-3.5056792087982336,50.91974383210392],[-3.5086924489159075,50.92008267821978],[-3.511301418641307,50.92067851269058],[-3.5121003620437783,50.92162153066046],[-3.5130868035250766,50.92220235352633],[-3.5132697377411444,50.92257773016085],[-3.514144757990263,50.923231940280395],[-3.5157670525504368,50.92411028795785],[-3.517119330411527,50.92456041071021],[-3.5187387990656043,50.92534881413205],[-3.5204031858678286,50.926640273893575],[-3.5220571011169732,50.92760806283936],[-3.5226522102445,50.92752835099872],[-3.525185906455806,50.92580440758415],[-3.5255249443911114,50.92572802595165],[-3.526579917791617,50.925786188057266],[-3.5280816636524452,50.92645008583862],[-3.5295397393684858,50.926215136479954],[-3.5305371773310092,50.92668774073106],[-3.5334461726987696,50.92643371244461],[-3.534694968279021,50.92675907552155],[-3.5353640772037807,50.92806340265735],[-3.5371297827153665,50.928957557177725],[-3.5380784510402927,50.92924186537364],[-3.5394068348217345,50.930681386368],[-3.539605154716567,50.93151521357497],[-3.54073381582621,50.932075940778056],[-3.54130552822474,50.93257928650296],[-3.5411927038120967,50.933041236401394],[-3.5402733431578333,50.93364697267486],[-3.5404239923754326,50.93476024105484],[-3.540888250449101,50.935887358651456],[-3.543349142798363,50.93670029107308],[-3.5462018594985074,50.93687840369096],[-3.54716347980596,50.93711749712815],[-3.548478036435094,50.93812538654431],[-3.5488071875330207,50.93860669681684],[-3.5528441293468096,50.94099944532313],[-3.5535594873779575,50.94196128131881],[-3.5533329002355143,50.94242298178969],[-3.5529208111934896,50.94330088912863],[-3.549186720821264,50.94574289398651],[-3.5480781426346497,50.9466569957372],[-3.5479816173050645,50.94717992670364],[-3.548947757002488,50.947976573339155],[-3.549508748716583,50.95028957854957],[-3.5514844027318215,50.95146853907299],[-3.5522325568061213,50.95255586220332],[-3.5532003730057924,50.95254299300065],[-3.5539512620874385,50.9528567862199],[-3.5539866465082532,50.95391760537304],[-3.55288606129791,50.95422005407085],[-3.5507264814272936,50.955220102830125],[-3.5483443379299477,50.9559532430762],[-3.545778100183803,50.95586132590848],[-3.5452823081084848,50.95593983962111],[-3.5446964178313403,50.95630735016425],[-3.544713415944528,50.9585376297525],[-3.5443528577443884,50.95883020561351],[-3.5439432427127584,50.96022069273909],[-3.5434216767989,50.96081219497188],[-3.5432755791376827,50.96156062472651],[-3.5426113363492355,50.96214501457823],[-3.5423493615816657,50.9636954359161],[-3.541820593969602,50.96407117053929],[-3.5417625628504052,50.96748064561014],[-3.540980153526174,50.96794066979391],[-3.539733804205921,50.96815497571497],[-3.5391868645151296,50.9684140160689],[-3.537698454622459,50.96863149017256],[-3.5351324015489096,50.9694297342005],[-3.534075836974505,50.96935367835543],[-3.5331625132945987,50.96973442363505],[-3.5307533380135023,50.96967608685786],[-3.530156411849747,50.970583303279234],[-3.52919765896048,50.970883666992655],[-3.5265955754294223,50.97102563649372],[-3.5247409411326185,50.971373646262],[-3.523657635546879,50.97135180874073],[-3.5230524367872142,50.97157555713737],[-3.519047117585397,50.971933515847304],[-3.516971596795852,50.972500128716696],[-3.516087132819541,50.97289835231072],[-3.5151891943628133,50.97288302353845],[-3.5149104545971985,50.97394792212596],[-3.5135453920750446,50.9749009880723],[-3.513250822218959,50.975480415814346],[-3.5128614553935122,50.97577326541649],[-3.5125855676474247,50.97692805984153],[-3.5121930407779844,50.97724792973862],[-3.512152354145324,50.97938001350599],[-3.5122934479186307,50.980214620243416],[-3.512832434332997,50.98101709190314],[-3.5127973841373255,50.98169208895255],[-3.515123477390562,50.98311895059489],[-3.5183110494772,50.983869021597094],[-3.5186678564396003,50.98345066297966],[-3.520062718239965,50.982533126929034],[-3.5205974510109583,50.982328300369055],[-3.522715745474568,50.98087966427361],[-3.5231115640207715,50.980784564008324],[-3.5244164738071926,50.98060564918615],[-3.5262393661411937,50.98058184266918],[-3.5268611810566814,50.98086152086627],[-3.529100626142773,50.9809401505043],[-3.5301046738186943,50.98071114700555],[-3.531826692592113,50.98065259902885],[-3.5330692678586475,50.980312514184156],[-3.537751647121328,50.98016101962904],[-3.5390304034622506,50.98048594564631],[-3.541239722767171,50.9818059020935],[-3.5428426581354158,50.982881998573696],[-3.5441988530762947,50.98424914141159],[-3.544954974296007,50.98470682665946],[-3.5466386723815186,50.98520619148846],[-3.5495733732834553,50.985616990433684],[-3.5509691592339485,50.985598464283555],[-3.5533232434075654,50.98526138705624],[-3.5551047673183316,50.9852736565616],[-3.556352701633349,50.985095143535794],[-3.558186768228764,50.98454904144406],[-3.560276772982996,50.98441321301141],[-3.5606422484194775,50.98426442702997],[-3.563503725902544,50.984190181422846],[-3.564868288803344,50.983668245699434],[-3.5645634269631628,50.98392416045912],[-3.5644373256627166,50.98441152279669],[-3.564226135323134,50.98745430501323],[-3.5639684664820903,50.9882672103412],[-3.563578108971896,50.9885242669311],[-3.5634744315671067,50.98883144877074],[-3.5648072164041547,50.98947915259629],[-3.56638129712565,50.989673908577416],[-3.5677535395122937,50.990644831754324],[-3.568628498468001,50.992081109268426],[-3.5683445136638188,50.99380276510351],[-3.5684869664818217,50.994646282448706],[-3.570606852325196,50.995804997114206],[-3.570300730409143,50.996024967334435],[-3.570403808025191,50.9965452298788],[-3.570957297568475,50.99689754475485],[-3.571293182634407,50.997558578210615],[-3.572466919127701,50.99855010425693],[-3.5745325298435513,50.999781430308644],[-3.5753989140543347,51.00011151839175],[-3.582655939566203,51.00058903184291],[-3.5836406581950713,51.00104337090589],[-3.585250750069287,51.00228068336158],[-3.585904007927734,51.003045295203655],[-3.5869248050553626,51.00330125026446],[-3.58846910393769,51.00344215158594],[-3.589905683593118,51.00335065616429],[-3.590595219854888,51.00308943867352],[-3.5917740934666678,51.00296545319],[-3.5945853483217434,51.00222558332583],[-3.595451978175197,51.00214179831017],[-3.596198400140107,51.00229349223416],[-3.597131234201583,51.002892330379794],[-3.598865681280298,51.003588119351974],[-3.6003858563345945,51.00385510880686],[-3.601027003443773,51.00426004495356],[-3.602455525802319,51.003934662778086],[-3.603096684165044,51.0039258655823],[-3.6045778715651218,51.00430126312554],[-3.606503146461628,51.00350132094094],[-3.6076596564215206,51.003143639542266],[-3.608115582375088,51.003137363882296],[-3.609101221494669,51.00360946472193],[-3.6098817298699206,51.005154657668186],[-3.6099970008133733,51.00560277505062],[-3.609759512977151,51.00615467942144],[-3.6085652158447212,51.00748214141193],[-3.60833362250611,51.009852839009184]]]},"properties":{"WB_CAT":"River","RBD_ID":"8","MNCAT_NAME":"Devon East","RBD_NAME":"South West","OPCAT_ID":"3183","hydromorph":"not designated artificial or heavily modified","MANCAT_ID":"3033","url":"/catchment-planning/WaterBody/GB108045015050","OPCAT_NAME":"Exe Main","WB_ID":"GB108045015050","version":"2","WB_NAME":"Exe (Barle to Culm)"}},{"type":"Feature","geometry":{"bbox":[-3.5328415262471786,51.00756704041415,-3.495710799595061,51.030775765065],"type":"Polygon","coordinates":[[[-3.4960957675901616,51.03077083637526],[-3.496430578885988,51.02921062547182],[-3.495818205543132,51.028795757115816],[-3.495619059465047,51.02792590545997],[-3.495858881603845,51.02740119340673],[-3.496529844366908,51.02697888521472],[-3.4967311150359492,51.023486700854264],[-3.497662188659947,51.0222875833177],[-3.4979424599362234,51.0212496990667],[-3.498745707492959,51.020510896762644],[-3.4991635492999884,51.01931834896],[-3.501312686513767,51.01786972436256],[-3.5027391403423724,51.0178873604907],[-3.5035029816003607,51.01769765603673],[-3.5040585503976325,51.01724081259432],[-3.504352906882537,51.01664342865032],[-3.505304027891508,51.01607355885416],[-3.505321469582905,51.01573156777432],[-3.505710631282374,51.015420761821936],[-3.505935734307081,51.01488722308666],[-3.505914783946999,51.01468063451461],[-3.50532637976979,51.01456230370643],[-3.5040573801481614,51.014560660320186],[-3.503137701008002,51.01433865674387],[-3.502789867355541,51.01328185704906],[-3.5023809470335268,51.01298132549769],[-3.5020476642016973,51.01237402904783],[-3.501231596343039,51.011826899690995],[-3.50155803722812,51.009574240487325],[-3.502814418382359,51.008748637746564],[-3.5038828877937958,51.00828519484774],[-3.5071592102570066,51.00820699611048],[-3.5074791198537048,51.00796002594698],[-3.508688282925652,51.00788146743862],[-3.51073395365272,51.008538564463954],[-3.5144424618969796,51.008598473504804],[-3.5161013227416835,51.00875683404401],[-3.519122896234582,51.01048038002129],[-3.5204827150573057,51.01021086104104],[-3.5212607375296803,51.00958914881414],[-3.5224863784323723,51.00914147598128],[-3.523060505381323,51.00925990646455],[-3.52437033845369,51.00920684664197],[-3.5247201391456304,51.0094401778135],[-3.524548051288967,51.01027885424166],[-3.5232881705279726,51.010552056104856],[-3.522872433233595,51.010917231254176],[-3.523160164949832,51.01186683065176],[-3.524275864047609,51.01197819293938],[-3.525507163711125,51.013005410206695],[-3.5262321230345464,51.0133736840396],[-3.5303322779412687,51.01405754434761],[-3.5331103902737375,51.01572095453325],[-3.533140041192743,51.01661995291074],[-3.533009367227204,51.016549724787104],[-3.531590288824639,51.017620620349774],[-3.5306561270548764,51.017830728377],[-3.529960062434328,51.01834350262591],[-3.5287461419715513,51.018719148163655],[-3.5277413397668775,51.01851643914957],[-3.527000777175801,51.01854410863791],[-3.5263594760982717,51.01812078333964],[-3.5260240722685046,51.01745961876253],[-3.5255353519444728,51.01734008731513],[-3.5249510907778134,51.01691600949789],[-3.5238709553349428,51.0165883365483],[-3.5237792522329046,51.016400661471266],[-3.523394439493935,51.016405679936305],[-3.523172294015302,51.016588453743395],[-3.522844309831638,51.016152030041916],[-3.521739948213528,51.015518861842075],[-3.5210249914823075,51.015456221462344],[-3.5201737407692506,51.01602176123147],[-3.520417287455538,51.01649301283131],[-3.5200702687133236,51.0167817516294],[-3.5208857612542683,51.01730177618923],[-3.521034201870831,51.01835212553149],[-3.5207958862182025,51.01891284734052],[-3.5202683824131054,51.01935141800783],[-3.5202634178430814,51.02094339546893],[-3.5195019492346824,51.02207753344402],[-3.519407609142036,51.02268134859035],[-3.5197029840308076,51.02299229176877],[-3.5206561272491217,51.02335763182008],[-3.524729964926403,51.0258228171048],[-3.525606528302025,51.026458931993076],[-3.5257923530379562,51.02690619808355],[-3.5263622294923866,51.027321457587924],[-3.5219781018823144,51.028017220895904],[-3.52075784694466,51.02864469161205],[-3.517490488620539,51.02907390870873],[-3.5168754754809552,51.02942365269495],[-3.517103418595748,51.02898000301403],[-3.5164341350780566,51.02857497470714],[-3.516095859822899,51.02782388185707],[-3.515105353488118,51.02718917382487],[-3.514768868602166,51.02649201695326],[-3.5140414483365117,51.026051753368954],[-3.5121829860592975,51.02591393253589],[-3.5102411095711044,51.02628081551524],[-3.507744148042562,51.02712251009376],[-3.5067096308944903,51.027765424043245],[-3.506380895923118,51.0281833792373],[-3.5059002693402617,51.02831548855639],[-3.504420560046191,51.02930588453708],[-3.503405734378965,51.02967870014779],[-3.4988156133466117,51.030637054450125],[-3.4960957675901616,51.03077083637526]]]},"properties":{"WB_CAT":"River","RBD_ID":"8","MNCAT_NAME":"Devon East","RBD_NAME":"South West","OPCAT_ID":"3183","hydromorph":"not designated artificial or heavily modified","MANCAT_ID":"3033","url":"/catchment-planning/WaterBody/GB108045015060","OPCAT_NAME":"Exe Main","WB_ID":"GB108045015060","version":"2","WB_NAME":"Exe (Haddeo to Barle)"}},{"type":"Feature","geometry":{"bbox":[-3.5111858593704786,50.97418503918125,-3.4296500793405182,51.035551006101926],"type":"Polygon","coordinates":[[[-3.4960957675901616,51.03077083637526],[-3.4950977835089856,51.03078361080213],[-3.4944104409290646,51.03114317106534],[-3.4924949816459283,51.03145545632764],[-3.4917616927069948,51.03171664764473],[-3.490680450604719,51.03180239771015],[-3.489863750170658,51.03168690093598],[-3.487892934611409,51.03205377918495],[-3.484642576244563,51.033444195863076],[-3.48420585794215,51.03406132297244],[-3.4830613848695466,51.034849322164106],[-3.48159393168537,51.034903913816095],[-3.480211321343972,51.034040044348146],[-3.477524521027765,51.03387618667904],[-3.47656749167496,51.03338463171304],[-3.4740772483583005,51.033568960969255],[-3.473653753724177,51.03236014802531],[-3.474449305078577,51.03136079345405],[-3.4766670252564023,51.02933616182564],[-3.4772851682690473,51.029040546060386],[-3.477994561375982,51.02892364891007],[-3.479474828931333,51.02793358299735],[-3.4806888245095626,51.02754046436283],[-3.4822744326633024,51.02627921278727],[-3.4837478304859872,51.02597270891714],[-3.4843019696941147,51.025462016585514],[-3.485218335092932,51.0255762849384],[-3.485497694890698,51.02539285701008],[-3.485439438674637,51.01821652472933],[-3.485568177939611,51.01778318390151],[-3.4863623206822885,51.01764716953596],[-3.4863833519448932,51.01741306231426],[-3.480134368449061,51.01371498987893],[-3.47896057352412,51.01356796636029],[-3.478340357926495,51.0137916682465],[-3.47761805126578,51.01349501589986],[-3.4764077955669106,51.01354629219203],[-3.4759614242058503,51.013408031112604],[-3.475308100946855,51.01258885086086],[-3.475359971367667,51.01242630686396],[-3.4750076688794214,51.01210697754984],[-3.475096007339846,51.011296417330314],[-3.475884363990645,51.01098067011383],[-3.4761892794476767,51.00980761913496],[-3.476586297920975,51.009739644861256],[-3.476638160890001,51.009577100283124],[-3.4764439837955314,51.00795167000101],[-3.4768673787522197,51.006021636436465],[-3.4766649324099856,51.00413548869528],[-3.4743936569845117,51.00353460808114],[-3.473005267680405,51.00335425855325],[-3.4720369483072573,51.00293476007816],[-3.4714362342511347,51.002870377491504],[-3.467191469920674,51.00567588118345],[-3.4665422348783386,51.00588189770591],[-3.465928861886809,51.00632130020744],[-3.4648572196271368,51.00669449604024],[-3.46345158862297,51.006874002143235],[-3.4615256045747005,51.00682616293136],[-3.4606000628643008,51.006406034805686],[-3.4593968827964074,51.006223207640815],[-3.45891325320048,51.00534785340669],[-3.458303502869101,51.00499571361694],[-3.457052299412379,51.0046425711316],[-3.4578721345330643,51.003661017369964],[-3.4577405102123526,50.99976833082559],[-3.457496207983958,50.99924973681052],[-3.4546918866858585,50.99890695158195],[-3.453333527948903,50.998312278691046],[-3.451814340736292,50.99804336701512],[-3.450574505224428,50.99759109039933],[-3.4500996364510494,50.99515965750942],[-3.4499834357901475,50.992346029042466],[-3.4488069110494575,50.99209081249706],[-3.4478393454177225,50.992138784768834],[-3.4468918805611755,50.9919166849294],[-3.4454212603595105,50.9918269659699],[-3.4437987068578764,50.9914333161756],[-3.4417068911946287,50.991531103759016],[-3.440597663134858,50.99206643135186],[-3.4394060554563137,50.99224301021576],[-3.4378647659210557,50.99217205458876],[-3.437283282671612,50.991801470091026],[-3.4367941149081687,50.990728228500565],[-3.434702910619565,50.989458821086984],[-3.432555694398334,50.98914340938633],[-3.4310041426610125,50.98919840309818],[-3.430016292445655,50.98904861219669],[-3.4281911240459735,50.98808162175627],[-3.4281431121454253,50.98651728264983],[-3.430025317341955,50.98377811662551],[-3.430263509324916,50.98132887650073],[-3.430796420750406,50.98105253438995],[-3.431804597841706,50.98094123954052],[-3.4335839915733506,50.98089243961437],[-3.4346651084646056,50.98037550988305],[-3.4367810388335998,50.980151635737975],[-3.437061433179926,50.980004284640074],[-3.4376065065123806,50.98012349077663],[-3.438999975380876,50.980034380302484],[-3.439559634404905,50.979703705223365],[-3.44052917764081,50.97972772680935],[-3.4417204613481185,50.97955113875554],[-3.442448206478836,50.97912843625171],[-3.444084854554934,50.97907223681802],[-3.445170835275822,50.97871703824295],[-3.4466172990649078,50.97850126688234],[-3.4472048081983564,50.97815222210817],[-3.448366423939982,50.977939958098744],[-3.4486166071749587,50.9777389904726],[-3.448580851011518,50.977505593612015],[-3.448946077064004,50.97733917379717],[-3.449733243237665,50.9774553197704],[-3.4502215904669664,50.97712547813549],[-3.451183796514471,50.9769156617461],[-3.4518069040164505,50.975882617533905],[-3.4526476473175673,50.97589015143529],[-3.45362012667706,50.97555427286941],[-3.4545850936380966,50.975434332504186],[-3.4556935155974426,50.97488987631963],[-3.4568121940455434,50.97558645172916],[-3.461192846208609,50.97626922570204],[-3.4616307861280724,50.976605513024424],[-3.462133723074559,50.97674311987689],[-3.4634601405965233,50.97769784534572],[-3.4636564730887356,50.97850483349203],[-3.4640425771105123,50.97900365105025],[-3.4641272560365364,50.979883988760676],[-3.465259604331176,50.98055332266807],[-3.4662352432702477,50.98167430642496],[-3.4674224360404216,50.981821286630066],[-3.4692596655075696,50.98179818990257],[-3.4703494886604807,50.98156862262038],[-3.4708490951202715,50.98159830763009],[-3.4720915857299013,50.98124088715735],[-3.47240722507651,50.98040947209401],[-3.4729358887545057,50.98000707579889],[-3.4738901059858716,50.97774656869137],[-3.476012529510383,50.976838365192265],[-3.4777738759939862,50.97802127296418],[-3.479349513900475,50.978289130608346],[-3.4805873887125824,50.97868716364622],[-3.4825446352579785,50.978410507019966],[-3.484104651265183,50.97729344019383],[-3.4845374133570086,50.97656842911084],[-3.484939440850947,50.9764284099928],[-3.4860644269607777,50.976414101288775],[-3.487867039785313,50.97733550998605],[-3.4893440338220003,50.97719077044405],[-3.490656466151698,50.97724597829228],[-3.4928127289774755,50.97784801054234],[-3.4976953752984046,50.9808254382953],[-3.5000376157174644,50.981442940756224],[-3.5015899098071306,50.98230439619366],[-3.5039436120690106,50.98283173437406],[-3.5061241598014057,50.98417070909843],[-3.5065160029706655,50.98483120408072],[-3.507998415198591,50.98484804981544],[-3.5109024236336572,50.98651936127955],[-3.5114867545662185,50.98696149607207],[-3.511627862313098,50.98779610246664],[-3.5115282230856337,50.9882380928668],[-3.5110320880605754,50.98875716424839],[-3.511090064412939,50.989664797585846],[-3.510856086705201,50.989919653321095],[-3.5089511823907498,50.99050189874978],[-3.508252946740222,50.99094262354578],[-3.5055729285119592,50.991354941729014],[-3.504714464636038,50.99168978362367],[-3.5047417969276076,50.99253485671943],[-3.5050644967315354,50.992818503477444],[-3.5049528820837526,50.99465469368952],[-3.5054236247359842,50.99687011621416],[-3.5057268876688785,50.99743282182058],[-3.5064212071668956,50.99774764945688],[-3.5067526906189785,50.99830099458339],[-3.507566833559212,50.99879414736078],[-3.506219496560901,50.99944109943929],[-3.505980802581026,50.99999280335653],[-3.506011368147431,51.000936766076535],[-3.506602289031874,51.00245810462424],[-3.5080300919882283,51.0034110194012],[-3.508306974509769,51.0040370156912],[-3.508222433982038,51.004946488107315],[-3.5075550985592834,51.00546775258155],[-3.50731435117955,51.005956528052664],[-3.5074791198537048,51.00796002594698],[-3.5071592102570066,51.00820699611048],[-3.5038828877937958,51.00828519484774],[-3.502814418382359,51.008748637746564],[-3.50155803722812,51.009574240487325],[-3.501231596343039,51.011826899690995],[-3.5020476642016973,51.01237402904783],[-3.5023809470335268,51.01298132549769],[-3.502789867355541,51.01328185704906],[-3.503137701008002,51.01433865674387],[-3.5040573801481614,51.014560660320186],[-3.50532637976979,51.01456230370643],[-3.505914783946999,51.01468063451461],[-3.505935734307081,51.01488722308666],[-3.505710631282374,51.015420761821936],[-3.505321469582905,51.01573156777432],[-3.505304027891508,51.01607355885416],[-3.504352906882537,51.01664342865032],[-3.5040585503976325,51.01724081259432],[-3.5035029816003607,51.01769765603673],[-3.5027391403423724,51.0178873604907],[-3.501312686513767,51.01786972436256],[-3.4991635492999884,51.01931834896],[-3.498745707492959,51.020510896762644],[-3.4979424599362234,51.0212496990667],[-3.497662188659947,51.0222875833177],[-3.4967311150359492,51.023486700854264],[-3.496529844366908,51.02697888521472],[-3.495858881603845,51.02740119340673],[-3.495619059465047,51.02792590545997],[-3.495818205543132,51.028795757115816],[-3.496430578885988,51.02921062547182],[-3.4960957675901616,51.03077083637526]]]},"properties":{"WB_CAT":"River","RBD_ID":"8","MNCAT_NAME":"Devon East","RBD_NAME":"South West","OPCAT_ID":"3183","hydromorph":"not designated artificial or heavily modified","MANCAT_ID":"3033","url":"/catchment-planning/WaterBody/GB108045015070","OPCAT_NAME":"Exe Main","WB_ID":"GB108045015070","version":"2","WB_NAME":"Lower Batherm"}},{"type":"Feature","geometry":{"bbox":[-3.6155942263942795,51.00258447042543,-3.530247479026258,51.04828925200571],"type":"Polygon","coordinates":[[[-3.533252910778824,51.01571908415798],[-3.53078447933864,51.01393469955567],[-3.530409682841511,51.012077877436624],[-3.5298800815415388,51.0115811569204],[-3.52989615805155,51.01120320347091],[-3.5294633138689924,51.0110469813155],[-3.5296079977404027,51.01024463170084],[-3.529447564530567,51.008834692870415],[-3.528939355749698,51.00855354113956],[-3.529561081570305,51.00795180609044],[-3.5298485455189077,51.007156580051074],[-3.5306501548268137,51.006390593094714],[-3.5308039798630393,51.005866931991356],[-3.531477867180699,51.00555230710678],[-3.5318994790647946,51.00450348780471],[-3.5334577202720086,51.0037744835887],[-3.535149941582827,51.004514780382735],[-3.5360333547242253,51.004503167649325],[-3.537447513457543,51.00416078394321],[-3.540293633197134,51.004015364024276],[-3.5438135072855257,51.0035551797339],[-3.5455375446395383,51.00353238244536],[-3.549387685962917,51.004003025948734],[-3.550582428817286,51.00477863717817],[-3.5517064168709047,51.00514145643228],[-3.552188181473413,51.00590853203033],[-3.553610405649683,51.00666310184952],[-3.5544397176520857,51.00929627772471],[-3.5554303671275154,51.009930652774656],[-3.5577360811970453,51.01024169858601],[-3.558889141714969,51.01019034191445],[-3.5649790722849675,51.01068452774513],[-3.566174884998534,51.01063252642118],[-3.567236677569109,51.0108341404516],[-3.5699026996081082,51.010834319140685],[-3.5714396358096816,51.0111734115151],[-3.5720254584706166,51.0116332133991],[-3.5723544926893904,51.01546019231807],[-3.5726296189992834,51.016427831347706],[-3.5758984316964257,51.01611396570553],[-3.5773122468009895,51.01533939688669],[-3.5787972630101144,51.01582299676677],[-3.582218908127593,51.015812681530925],[-3.583124728372331,51.01603425195237],[-3.5845808636800705,51.0160864618099],[-3.585091476453853,51.01600758352681],[-3.5853642478715737,51.01564412535459],[-3.586766434877515,51.01578697924039],[-3.5876389868447562,51.01545134332265],[-3.5888008589911093,51.01523768139157],[-3.5894658737602883,51.01467101189107],[-3.5895386932177087,51.013464834754565],[-3.591121166054293,51.01346128008969],[-3.59121898035457,51.01381970502632],[-3.5925598125063996,51.013837409870376],[-3.5936106931205254,51.01371515207479],[-3.594355514344031,51.013399195661385],[-3.595442903454387,51.01351026533131],[-3.596887898733395,51.01282497084207],[-3.5994003547326496,51.01291651509626],[-3.6038267447399046,51.012693938757124],[-3.6045584694201733,51.012414072391266],[-3.6054778944168677,51.011789852027604],[-3.607089381646612,51.01138994826032],[-3.6082026551710653,51.01060114804976],[-3.60833362250611,51.009852839009184],[-3.6086108696113235,51.010037902676814],[-3.608807375370499,51.01077270056796],[-3.609534192365436,51.01117641050638],[-3.611085667295998,51.01151478216857],[-3.6129878081583913,51.01168640089205],[-3.6137295498152535,51.01210786673393],[-3.6149935771382964,51.012378205456145],[-3.6153303390679126,51.0126327254569],[-3.61550082519795,51.013846200183394],[-3.616002231613131,51.014324938703986],[-3.6154825603534944,51.014961702711794],[-3.613557076302145,51.01617551442833],[-3.6129822155675253,51.01686699278975],[-3.6120367839614667,51.01756358214274],[-3.6119909995273094,51.017887995855986],[-3.6107939741589266,51.01873194918483],[-3.610244892280014,51.02016955492053],[-3.609437214414616,51.02072931456212],[-3.6091501041300313,51.02149775401034],[-3.6087910325709567,51.021835474732455],[-3.6089156415529664,51.02213955251324],[-3.6095589859166983,51.02259837552748],[-3.6097636608459607,51.02356690037928],[-3.6097368241305654,51.026085570842056],[-3.6096166986177756,51.02673478874604],[-3.6086666611602043,51.02730549701787],[-3.6084846302190834,51.02873712536898],[-3.6069967440447184,51.02974269417096],[-3.6032566535821475,51.030887489417125],[-3.602106243331029,51.03144290469942],[-3.6006855417134425,51.03243371955403],[-3.598747194967916,51.03330568616481],[-3.5985841542260633,51.03354175859868],[-3.5971171856697066,51.03387660691741],[-3.5957989272905864,51.03467708875702],[-3.594315278717279,51.03633423378387],[-3.5947645031074154,51.037785115044464],[-3.595176705541813,51.038157232057486],[-3.5958651402756465,51.04075606166711],[-3.5967119604667186,51.0413201022481],[-3.596852678022131,51.04499667252628],[-3.5925965858578284,51.0444521764543],[-3.5908114695316464,51.044818260551054],[-3.589656871774194,51.04526568006823],[-3.58633582646259,51.045778494645866],[-3.5858310302289698,51.046037175118116],[-3.584893486397602,51.046157821601994],[-3.583397143390554,51.046627801150244],[-3.582086609014538,51.04752695174626],[-3.5817039990131985,51.04760408230259],[-3.5784533897821866,51.04683858840052],[-3.5772532118547304,51.046369125327956],[-3.575990906563424,51.04617030403588],[-3.573815784690569,51.04513834328229],[-3.5705903466526836,51.04426436624169],[-3.567677837991864,51.042513697592426],[-3.56714233812899,51.04017348101649],[-3.566554377702824,51.03965972072926],[-3.5621111444421216,51.03819024877415],[-3.5606828522731804,51.038137383976064],[-3.559863090991078,51.038364183289616],[-3.5581211015651015,51.03831547451844],[-3.55665243577291,51.03705792094048],[-3.556304411800393,51.0360372553152],[-3.5556031617657275,51.035542937005665],[-3.5549784455805855,51.034777779992645],[-3.5544685942149123,51.03446078491699],[-3.552872169496243,51.03406829493581],[-3.552659943803143,51.033693372896806],[-3.552047315213648,51.03328779437471],[-3.5502578071161284,51.032663992990365],[-3.5488912595562416,51.03189065630107],[-3.5473359429582776,51.03144358296096],[-3.5471355224531145,51.03056483814492],[-3.546538927545535,51.02978127621903],[-3.546017923805043,51.029554330804594],[-3.545659026637938,51.029055422664364],[-3.544228168983633,51.02805803587111],[-3.5438843720977755,51.02715419864817],[-3.543062181021743,51.02644555077823],[-3.542831563880383,51.02551323393015],[-3.540888710465179,51.02541295940624],[-3.538095215875759,51.02374093348903],[-3.5370649910498515,51.02277416005787],[-3.5367385564050244,51.02066489475105],[-3.5370143424763656,51.01865563313236],[-3.5360424538436055,51.01772405851155],[-3.5358345882317725,51.01661155071348],[-3.535534693137266,51.016165798971095],[-3.5348381214664153,51.01579720957495],[-3.5339063972318394,51.01564755682738],[-3.533252910778824,51.01571908415798]]]},"properties":{"WB_CAT":"River","RBD_ID":"8","MNCAT_NAME":"Devon East","RBD_NAME":"South West","OPCAT_ID":"3183","hydromorph":"not designated artificial or heavily modified","MANCAT_ID":"3033","url":"/catchment-planning/WaterBody/GB108045015080","OPCAT_NAME":"Exe Main","WB_ID":"GB108045015080","version":"2","WB_NAME":"Brockey River"}},{"type":"Feature","geometry":{"bbox":[-3.517001273985301,51.025851471331514,-3.4681282323666576,51.065122059805184],"type":"Polygon","coordinates":[[[-3.4960957675901616,51.03077083637526],[-3.4988156133466117,51.030637054450125],[-3.503405734378965,51.02967870014779],[-3.504420560046191,51.02930588453708],[-3.5059002693402617,51.02831548855639],[-3.506380895923118,51.0281833792373],[-3.5067096308944903,51.027765424043245],[-3.507744148042562,51.02712251009376],[-3.5102411095711044,51.02628081551524],[-3.5121829860592975,51.02591393253589],[-3.5140414483365117,51.026051753368954],[-3.514768868602166,51.02649201695326],[-3.515105353488118,51.02718917382487],[-3.516095859822899,51.02782388185707],[-3.5164341350780566,51.02857497470714],[-3.517103418595748,51.02898000301403],[-3.5168754754809552,51.02942365269495],[-3.5160824862694238,51.03003654044563],[-3.515897560696135,51.030488631820596],[-3.514945107548773,51.03102262775323],[-3.514381484204126,51.03210919463346],[-3.5137179360073434,51.03275635521567],[-3.512926024898591,51.034718273444646],[-3.5126811458111664,51.03683499372136],[-3.511311584513684,51.03770713024874],[-3.5111504217314855,51.03801500466914],[-3.5104788516767504,51.03841941618411],[-3.51037413332319,51.03870857215335],[-3.5107290528685176,51.041725907710635],[-3.511135943381403,51.041954485713],[-3.5114713205467205,51.04261569063436],[-3.5126047177159014,51.04324857957646],[-3.5130489396049236,51.04374648225058],[-3.513567404621794,51.04564645696667],[-3.516159935981323,51.04726771028603],[-3.5163860257058186,51.04807421996803],[-3.5170649932605227,51.048766924871764],[-3.5173040075549036,51.05084139239719],[-3.517865382718193,51.05230009320894],[-3.517787428357581,51.05340734418159],[-3.5172900955332125,51.05390846187556],[-3.5173597868634046,51.05429429068267],[-3.5171174318503584,51.05473813371079],[-3.5166797785745922,51.055319418060435],[-3.515780366317074,51.05574480241484],[-3.5153750316886145,51.05644258188972],[-3.515627576037673,51.05805819094141],[-3.5150377641500667,51.05922603869115],[-3.515140609845011,51.06062773756783],[-3.514944994907115,51.06075618660948],[-3.5150152652258853,51.06115999643358],[-3.514440362462504,51.06278633044736],[-3.5144529780866605,51.06317289998839],[-3.5148097593363676,51.06360897184713],[-3.513313138213677,51.064545718172894],[-3.508733045631934,51.06459594940407],[-3.507660330190344,51.06408815315361],[-3.506312805220276,51.06390766558761],[-3.504971665967507,51.063043552830045],[-3.503995115783103,51.06285826091726],[-3.5030878669922147,51.0621684177885],[-3.5013153605076366,51.061201885107735],[-3.5004821062021203,51.061032710675484],[-3.4985098894169084,51.06095009017396],[-3.496152977764633,51.05955927014605],[-3.495173638687434,51.059284002781816],[-3.4934846840138514,51.05824433284369],[-3.489519741421637,51.057431532854075],[-3.4891087806258736,51.05707701897579],[-3.4890274947968534,51.05632257732125],[-3.4883557475362132,51.05584547041714],[-3.4880257860806356,51.055346020647534],[-3.4865705438346226,51.05446516334171],[-3.4857414908613134,51.05442174382528],[-3.4854605213408028,51.054560222288856],[-3.484754188740529,51.05522960432234],[-3.4847618291053584,51.05546847009828],[-3.484333892051171,51.055473906287226],[-3.483652219524499,51.05513181423993],[-3.4824785128854097,51.05502079641222],[-3.4813115371923895,51.054226154607136],[-3.480418986355573,51.0530862616128],[-3.4801804733045483,51.04918598285373],[-3.48026189965162,51.048159660236166],[-3.480769036502841,51.04795537185804],[-3.4807906799342505,51.04773924677922],[-3.48036252670681,51.04773567769296],[-3.4794591973861,51.04804391255637],[-3.478372970672884,51.04798570931042],[-3.47278531475753,51.046806121513576],[-3.472061935343499,51.046041780311846],[-3.47153917749206,51.043952813611234],[-3.4706578863869204,51.04315446800687],[-3.4693488065992524,51.04236149574421],[-3.468656903693844,51.04213635561302],[-3.4681710072909757,51.04120710820687],[-3.4676160476792366,51.04080036561148],[-3.467325564597418,51.03973375336054],[-3.4678069223564543,51.0378120304197],[-3.4687383673034877,51.037494537436146],[-3.4700822060512695,51.0366861845821],[-3.4711248357093942,51.03627733552596],[-3.4715440543130427,51.03600224294225],[-3.4720071973992526,51.03531288092726],[-3.473081716913722,51.03501153791413],[-3.4740883485751772,51.03436927709907],[-3.4740772483583005,51.033568960969255],[-3.47656749167496,51.03338463171304],[-3.477524521027765,51.03387618667904],[-3.480211321343972,51.034040044348146],[-3.48159393168537,51.034903913816095],[-3.4830613848695466,51.034849322164106],[-3.48420585794215,51.03406132297244],[-3.484642576244563,51.033444195863076],[-3.487892934611409,51.03205377918495],[-3.489863750170658,51.03168690093598],[-3.490680450604719,51.03180239771015],[-3.4917616927069948,51.03171664764473],[-3.4924949816459283,51.03145545632764],[-3.4944104409290646,51.03114317106534],[-3.4950977835089856,51.03078361080213],[-3.4960957675901616,51.03077083637526]]]},"properties":{"WB_CAT":"River","RBD_ID":"8","MNCAT_NAME":"Devon East","RBD_NAME":"South West","OPCAT_ID":"3183","hydromorph":"heavily modified","MANCAT_ID":"3033","url":"/catchment-planning/WaterBody/GB108045015090","OPCAT_NAME":"Exe Main","WB_ID":"GB108045015090","version":"2","WB_NAME":"Lower River Haddeo"}},{"type":"Feature","geometry":{"bbox":[-3.606064267081295,51.01431808432989,-3.52118361050786,51.07691793142333],"type":"Polygon","coordinates":[[[-3.533252910778824,51.01571908415798],[-3.5339063972318394,51.01564755682738],[-3.5348381214664153,51.01579720957495],[-3.535534693137266,51.016165798971095],[-3.5358345882317725,51.01661155071348],[-3.5360424538436055,51.01772405851155],[-3.5370143424763656,51.01865563313236],[-3.5367385564050244,51.02066489475105],[-3.5370649910498515,51.02277416005787],[-3.538095215875759,51.02374093348903],[-3.540888710465179,51.02541295940624],[-3.542831563880383,51.02551323393015],[-3.543062181021743,51.02644555077823],[-3.5438843720977755,51.02715419864817],[-3.544228168983633,51.02805803587111],[-3.545659026637938,51.029055422664364],[-3.546017923805043,51.029554330804594],[-3.546538927545535,51.02978127621903],[-3.5471355224531145,51.03056483814492],[-3.5473359429582776,51.03144358296096],[-3.5488912595562416,51.03189065630107],[-3.5502578071161284,51.032663992990365],[-3.552047315213648,51.03328779437471],[-3.552659943803143,51.033693372896806],[-3.552872169496243,51.03406829493581],[-3.5544685942149123,51.03446078491699],[-3.5549784455805855,51.034777779992645],[-3.5556031617657275,51.035542937005665],[-3.556304411800393,51.0360372553152],[-3.55665243577291,51.03705792094048],[-3.5581211015651015,51.03831547451844],[-3.559863090991078,51.038364183289616],[-3.5606828522731804,51.038137383976064],[-3.5621111444421216,51.03819024877415],[-3.566554377702824,51.03965972072926],[-3.56714233812899,51.04017348101649],[-3.567677837991864,51.042513697592426],[-3.5705903466526836,51.04426436624169],[-3.573815784690569,51.04513834328229],[-3.575990906563424,51.04617030403588],[-3.5772532118547304,51.046369125327956],[-3.5784533897821866,51.04683858840052],[-3.5817039990131985,51.04760408230259],[-3.582086609014538,51.04752695174626],[-3.583397143390554,51.046627801150244],[-3.584893486397602,51.046157821601994],[-3.5858310302289698,51.046037175118116],[-3.58633582646259,51.045778494645866],[-3.589656871774194,51.04526568006823],[-3.5908114695316464,51.044818260551054],[-3.5925965858578284,51.0444521764543],[-3.596852678022131,51.04499667252628],[-3.599835871378364,51.04586425882774],[-3.6010833819120376,51.046458756876525],[-3.601756130501271,51.04652148816269],[-3.6048340241823733,51.0464073058043],[-3.6071576050656535,51.04593466062848],[-3.6072520235347882,51.0498996789992],[-3.6071423900426383,51.0508545394534],[-3.6065081940774615,51.05232027017234],[-3.6058180246779035,51.05258158524758],[-3.6037356446037605,51.05261018228358],[-3.6013177717828566,51.05242748679588],[-3.600558735824549,51.052761665383805],[-3.5991646814051155,51.052888677623734],[-3.5987181722377364,51.053182591329815],[-3.598450864072809,51.05370789307569],[-3.597147303678811,51.05397754524353],[-3.5954964612801197,51.05410802280281],[-3.5947125343866904,51.054550429323804],[-3.5936383805373264,51.05485288676677],[-3.5930697387235875,51.055331078991344],[-3.5930872302813346,51.05584072471911],[-3.592164210789057,51.0551427972534],[-3.590808629553163,51.05472955285702],[-3.5899458371772517,51.055370865783004],[-3.5895710781656005,51.05609547347356],[-3.589847754796279,51.058340176343414],[-3.589489494049208,51.058713798170785],[-3.5894120106216016,51.059785121749776],[-3.590130428061656,51.06159210875063],[-3.5901860672484704,51.062382811364294],[-3.59118002498545,51.06389823850963],[-3.591211468143804,51.064815183871445],[-3.5907504379191932,51.06552298086261],[-3.5908204504079895,51.06589976979366],[-3.589775577170326,51.067065201135016],[-3.589373729574308,51.06783514412103],[-3.5892958292287003,51.073061628667325],[-3.589469940982447,51.0739766329061],[-3.588391610924307,51.074171169597136],[-3.5866176213850336,51.074896784671495],[-3.5846011273551888,51.075211944087044],[-3.5826387955940655,51.075859098006276],[-3.5810569184205514,51.07594347318014],[-3.580418001705586,51.075628336364574],[-3.57883849509332,51.075361881093386],[-3.5784309797573806,51.07513354568895],[-3.5722531765479246,51.074407369091226],[-3.569327863025749,51.07444668425535],[-3.5685651953588926,51.074690761576804],[-3.5671293997192657,51.07487191071458],[-3.564887797185828,51.07486596990958],[-3.5628669080748243,51.07505489894831],[-3.5614695577472806,51.075954969445],[-3.56033458192547,51.07616799074516],[-3.5599428707220397,51.076407058533434],[-3.5592578863042377,51.07641619872508],[-3.5577890085262993,51.07604005771695],[-3.557076695132224,51.07608552462679],[-3.5535509284721636,51.07525104883871],[-3.5552973243157555,51.074112590235465],[-3.555715065771026,51.072946828787884],[-3.55610224686567,51.07257292811193],[-3.556189260138828,51.07176232624994],[-3.55467309292885,51.06826592182048],[-3.553924463675264,51.06722360108025],[-3.553370251332803,51.06687121578682],[-3.553214581464147,51.06563213749608],[-3.5536804026421085,51.065050341139525],[-3.5536650514578945,51.06459186024429],[-3.5524454629808786,51.061415259420755],[-3.551589785003096,51.060581203337875],[-3.5513984620408103,51.05998115686997],[-3.5508410519225087,51.059529869998876],[-3.5502046720703757,51.05842307855033],[-3.549367095952155,51.058128395854766],[-3.5478178349414318,51.05703369082511],[-3.545436733754267,51.056669475236674],[-3.54294932317021,51.05654045439752],[-3.5411764067886136,51.0568696389615],[-3.5395335884093426,51.056819342161745],[-3.5384601277736665,51.056293849546066],[-3.5376951455726777,51.05560239972007],[-3.5363073284053743,51.055063035767404],[-3.536463879031011,51.053756873284634],[-3.536321666144223,51.049459693847524],[-3.535608824323216,51.04861464963686],[-3.53476616791663,51.04815804084138],[-3.5344333896831786,51.04758680589689],[-3.53358898196944,51.04707624868378],[-3.53340774768217,51.046772836799214],[-3.530409413851088,51.0449774023899],[-3.5309103632250074,51.04459309949363],[-3.5311903101413518,51.04356413454472],[-3.531832656643419,51.04314199924691],[-3.5314357953419773,51.04235574364626],[-3.5312969405593746,51.039875264277185],[-3.530725451140076,51.03898336832813],[-3.5295966531532943,51.03849449536412],[-3.5292515784723193,51.037545665044156],[-3.528700276956036,51.03726507613664],[-3.5285690481436633,51.03674514926366],[-3.528899416489192,51.03638107325482],[-3.5272959698668114,51.036204178581656],[-3.526520263161632,51.03517102980666],[-3.5274203445270245,51.03304571379301],[-3.527915574527228,51.03249061421624],[-3.527381033222523,51.03185004610932],[-3.527095446912276,51.03097238195378],[-3.5270889459682695,51.0307746022549],[-3.527426377937287,51.03062628998581],[-3.5275494361137767,51.03003108713198],[-3.527363864436017,51.02785700107942],[-3.5266473425261506,51.02731773252138],[-3.5263622294923866,51.027321457587924],[-3.5257923530379562,51.02690619808355],[-3.525606528302025,51.026458931993076],[-3.524729964926403,51.0258228171048],[-3.5206561272491217,51.02335763182008],[-3.5197029840308076,51.02299229176877],[-3.519407609142036,51.02268134859035],[-3.5195019492346824,51.02207753344402],[-3.5202634178430814,51.02094339546893],[-3.5202683824131054,51.01935141800783],[-3.5207958862182025,51.01891284734052],[-3.521034201870831,51.01835212553149],[-3.5208857612542683,51.01730177618923],[-3.5200702687133236,51.0167817516294],[-3.520417287455538,51.01649301283131],[-3.5201737407692506,51.01602176123147],[-3.5210249914823075,51.015456221462344],[-3.521739948213528,51.015518861842075],[-3.522844309831638,51.016152030041916],[-3.523172294015302,51.016588453743395],[-3.523394439493935,51.016405679936305],[-3.5237792522329046,51.016400661471266],[-3.5238709553349428,51.0165883365483],[-3.5249510907778134,51.01691600949789],[-3.5255353519444728,51.01734008731513],[-3.5260240722685046,51.01745961876253],[-3.5263594760982717,51.01812078333964],[-3.527000777175801,51.01854410863791],[-3.5277413397668775,51.01851643914957],[-3.5287461419715513,51.018719148163655],[-3.529960062434328,51.01834350262591],[-3.5306561270548764,51.017830728377],[-3.531590288824639,51.017620620349774],[-3.533009367227204,51.016549724787104],[-3.533140041192743,51.01661995291074],[-3.5331103902737375,51.01572095453325],[-3.533252910778824,51.01571908415798]]]},"properties":{"WB_CAT":"River","RBD_ID":"8","MNCAT_NAME":"Devon East","RBD_NAME":"South West","OPCAT_ID":"3183","hydromorph":"not designated artificial or heavily modified","MANCAT_ID":"3033","url":"/catchment-planning/WaterBody/GB108045015100","OPCAT_NAME":"Exe Main","WB_ID":"GB108045015100","version":"2","WB_NAME":"Lower Barle"}},{"type":"Feature","geometry":{"bbox":[-3.729642914970177,51.04394293156782,-3.5946464489112695,51.10121138021365],"type":"Polygon","coordinates":[[[-3.731012829663289,51.08068108821033],[-3.728379646274315,51.082437913640284],[-3.728247655567033,51.08272767222238],[-3.7282252326193825,51.08557407503517],[-3.7285598707568472,51.08688941613215],[-3.728828121905375,51.087189076572905],[-3.726956913977194,51.086794032013884],[-3.7250646894788866,51.08698386579326],[-3.7241360702888606,51.08735732562647],[-3.721906521227866,51.08884721197449],[-3.721768294114807,51.089739648922084],[-3.721370051654497,51.09016822994926],[-3.71962773716993,51.09055363367992],[-3.7174797305895524,51.0907830821091],[-3.715600608219073,51.09133232645747],[-3.7114070315636636,51.091861486692245],[-3.7093352428878448,51.09261131679702],[-3.7075325473845555,51.094076693189486],[-3.7072403518723713,51.094674560288574],[-3.706435563127851,51.09531588649761],[-3.706157243964884,51.09629129278905],[-3.7054978166955044,51.09700244173087],[-3.7052034845134414,51.09831984784458],[-3.7048283071802004,51.09860412263196],[-3.704400017892696,51.09861036819837],[-3.7039553750178036,51.09894963445006],[-3.7018688718127764,51.0996995436025],[-3.700210139012435,51.09965172997664],[-3.6987012033181252,51.099403850079604],[-3.6979612397829,51.09909082007743],[-3.697348666724398,51.099135692088666],[-3.696697666094129,51.098911301413864],[-3.6951070594532993,51.098772487584654],[-3.6923466199824495,51.09906431393685],[-3.6913700681758375,51.099312289381245],[-3.6907263080895314,51.09928562665705],[-3.6901916647195843,51.099509211949275],[-3.68866889151422,51.09848792742438],[-3.687862210876418,51.098301712231695],[-3.6864881768617024,51.097440141968434],[-3.6845673384484443,51.097251985625704],[-3.6825280605419124,51.09537464975419],[-3.68069153799583,51.09435777781694],[-3.680215832657968,51.093842970533665],[-3.6792275452537395,51.093371501730935],[-3.6791528613043605,51.09288690404199],[-3.677584758366049,51.09138945078002],[-3.677384517826396,51.09059186730544],[-3.67625293962218,51.09010444198723],[-3.6761867433234423,51.08985356204735],[-3.675456807925662,51.08941433216399],[-3.672846019654645,51.08869623855613],[-3.670585686157624,51.08739746906726],[-3.6698656099536486,51.08643641745526],[-3.6699110456568595,51.086111987925015],[-3.6687709935443737,51.084590313220616],[-3.6683705630078918,51.08298612111597],[-3.667899962921642,51.08260609970713],[-3.6662468294571626,51.08190117225635],[-3.663426405456147,51.081293785323325],[-3.6627148645721883,51.0809621415285],[-3.6607811704875965,51.08079176821254],[-3.6597135230720537,51.08048315354584],[-3.657841441955013,51.080437771337316],[-3.6571883222589667,51.080141241013806],[-3.655471311797194,51.08003965873992],[-3.6551496508100096,51.07982836080864],[-3.6539728607272215,51.08006087312134],[-3.6514696760910916,51.07993437913092],[-3.6504835747194644,51.079507607642235],[-3.6496494713285865,51.0793395054902],[-3.6492659633350644,51.07899415603647],[-3.6479025823122972,51.07879753332532],[-3.6483669089856576,51.07780165772483],[-3.6485017279419223,51.07677445250434],[-3.649717200100302,51.0756240715875],[-3.6503551245977897,51.07429296249405],[-3.649682435142769,51.07384377064912],[-3.6495611042087983,51.07203770935307],[-3.648840748019937,51.0710495513949],[-3.6466481816586955,51.06960546419906],[-3.644764682232203,51.068822535627596],[-3.642889261131779,51.06866903633111],[-3.6396245300802534,51.06878683571076],[-3.639091888712898,51.06906412405309],[-3.6386531030504576,51.069573935250396],[-3.6378502945382545,51.06947726202969],[-3.637628990202703,51.06967822888121],[-3.6364704349783294,51.06920878700329],[-3.6350591933034093,51.06926451488875],[-3.633709157131677,51.06903156566468],[-3.6329434753941325,51.06877244980106],[-3.6313081997941983,51.067734008010746],[-3.6295956041874895,51.06693046280726],[-3.628389103211992,51.065903988710296],[-3.627725261618852,51.0656973831982],[-3.6267771217441407,51.065116988333834],[-3.6261592484366605,51.06499967299194],[-3.623864864739608,51.06388035833525],[-3.622250705859959,51.06343509394681],[-3.621985746612258,51.06320493055938],[-3.61975756780779,51.0627501645498],[-3.6176037455554946,51.06197054716149],[-3.61460621374093,51.060321149495685],[-3.611918736485264,51.06019635943459],[-3.608830671755634,51.060454766046725],[-3.608184373556599,51.060337747378796],[-3.6053642080234067,51.060502436528175],[-3.6041255837990134,51.06017767776412],[-3.602202229101346,51.05903485916646],[-3.600520850666806,51.057456989287445],[-3.59746894788454,51.056689299378206],[-3.5934365655096694,51.056456548022986],[-3.5931057429028397,51.0563801046119],[-3.5930872302813346,51.05584072471911],[-3.5930697387235875,51.055331078991344],[-3.5936383805373264,51.05485288676677],[-3.5947125343866904,51.054550429323804],[-3.5954964612801197,51.05410802280281],[-3.597147303678811,51.05397754524353],[-3.598450864072809,51.05370789307569],[-3.5987181722377364,51.053182591329815],[-3.5991646814051155,51.052888677623734],[-3.600558735824549,51.052761665383805],[-3.6013177717828566,51.05242748679588],[-3.6037356446037605,51.05261018228358],[-3.6058180246779035,51.05258158524758],[-3.6065081940774615,51.05232027017234],[-3.6071423900426383,51.0508545394534],[-3.6072520235347882,51.0498996789992],[-3.6071576050656535,51.04593466062848],[-3.608675072654821,51.045670953299094],[-3.6122402484741185,51.04562181723376],[-3.6156977135146398,51.04616765952303],[-3.6188277257991275,51.0463222047598],[-3.6206507759583038,51.04663870289843],[-3.622953697430159,51.04680460610983],[-3.6235044153857063,51.047048785374955],[-3.6252543307282727,51.04731226453299],[-3.625693495234306,51.047629936363776],[-3.6267563831568816,51.04783099806252],[-3.6284961106846283,51.04861621774252],[-3.629290837385867,51.04930666478164],[-3.631198647323168,51.049999561652776],[-3.6359041056531076,51.05031152625494],[-3.6379017393873907,51.0507152512436],[-3.6395456856085957,51.05080012406324],[-3.6425170159237226,51.0512980317218],[-3.642982314787003,51.051543320363564],[-3.6444583347855057,51.05172042440758],[-3.6467287684687872,51.05256985597445],[-3.648279339375428,51.05283580060786],[-3.649324774134044,51.05334269754954],[-3.650269952989821,51.05343728041081],[-3.6507353138095695,51.05368253751547],[-3.6534365857903253,51.05420197111214],[-3.6538734446131356,51.054447619084186],[-3.658258497985706,51.054961086696416],[-3.6594311728687043,51.055430112382524],[-3.6600026715990244,51.05544897720988],[-3.661420365677477,51.055889856114234],[-3.6637959714470267,51.05736470236184],[-3.6641979398145326,51.057430930058075],[-3.6645252868298526,51.05780401310998],[-3.6661331862077664,51.05806890529452],[-3.6669189458706075,51.058489408567574],[-3.6679783764237146,51.05858221898074],[-3.6689956242599617,51.059089343422215],[-3.675983926968267,51.060140552094154],[-3.6785535187318086,51.06015763509537],[-3.680846753293876,51.06043946133263],[-3.683013868718783,51.06036330112523],[-3.6852515651032216,51.06067282276021],[-3.6863501689188998,51.061448442351875],[-3.6871853831640458,51.061652241778155],[-3.687954632572962,51.062396625186715],[-3.6895604709589467,51.063380742101344],[-3.6910429288913322,51.06371905798683],[-3.6990683290819035,51.06421424172963],[-3.7016899311384552,51.06408615737464],[-3.701700480451396,51.064373810550926],[-3.700898106973384,51.065069032531284],[-3.7008860509471253,51.06551890599377],[-3.7000794869543285,51.06687973589592],[-3.699254439070445,51.067737167008374],[-3.697437489506134,51.068015402251724],[-3.6941103322495277,51.06792877107989],[-3.6933118781156002,51.068399034170824],[-3.6930885447355832,51.070884599005545],[-3.692181295214348,51.07184210279901],[-3.692248235586381,51.07328574846712],[-3.6924845293672317,51.07350159097081],[-3.6940634511824246,51.074126278842904],[-3.695992296244245,51.075339468290466],[-3.697707476878287,51.07566532982954],[-3.698650567160876,51.07568760244909],[-3.6993828801694826,51.07591979312751],[-3.7001826234213944,51.07592614974557],[-3.7013828075898236,51.076340393648515],[-3.70268858964418,51.07651924435801],[-3.7033608340934734,51.07694115820004],[-3.7043974980083485,51.07717787548202],[-3.705594831243878,51.07712443269534],[-3.7074710147427377,51.07749850787902],[-3.7088237445982712,51.07757251379526],[-3.712447916119454,51.07750989548073],[-3.7133097371757047,51.07726342206231],[-3.714746985393128,51.07713441652196],[-3.7154083483263904,51.07687288049636],[-3.718845581482196,51.076390670028836],[-3.7200097986129586,51.07698513165019],[-3.7216573716619226,51.078291979521616],[-3.7233208851547253,51.079256798769926],[-3.72547880684717,51.079692646629695],[-3.726639844443514,51.0801971500296],[-3.731012829663289,51.08068108821033]]]},"properties":{"WB_CAT":"River","RBD_ID":"8","MNCAT_NAME":"Devon East","RBD_NAME":"South West","OPCAT_ID":"3183","hydromorph":"not designated artificial or heavily modified","MANCAT_ID":"3033","url":"/catchment-planning/WaterBody/GB108045020850","OPCAT_NAME":"Exe Main","WB_ID":"GB108045020850","version":"2","WB_NAME":"Danes Brook"}},{"type":"Feature","geometry":{"bbox":[-3.8101626799917394,51.08553501108963,-3.701025978201929,51.12615385667194],"type":"Polygon","coordinates":[[[-3.8112517213072277,51.11706016171619],[-3.8113980488204597,51.117147834526435],[-3.8114402390498374,51.11822646059329],[-3.8113081612970316,51.118138576046455],[-3.811286278020666,51.11830980104468],[-3.8050137149718766,51.122364170526154],[-3.804221579800531,51.12257426544006],[-3.8036670691662424,51.12301453274674],[-3.8027313852006586,51.123208844006555],[-3.8004931241660205,51.123351263372705],[-3.79874885996979,51.12370189590468],[-3.796987125609155,51.1236030720355],[-3.794183063240887,51.12389796907996],[-3.793133051886281,51.124093957599065],[-3.792474951288102,51.124445820083196],[-3.790356424722024,51.12473011245828],[-3.785432001265186,51.1248953583842],[-3.780991566486555,51.12463930286596],[-3.7760302664042626,51.12458885939921],[-3.7737474356318645,51.124317721041905],[-3.771562026019599,51.12435085629055],[-3.7708669359040097,51.124487301952605],[-3.7700118215330622,51.12417646893931],[-3.7690806334076568,51.124118611322714],[-3.7686092717388657,51.12412574276499],[-3.7680318782147935,51.12435033047652],[-3.7653057324731383,51.12444548835184],[-3.764003264779868,51.124770941146984],[-3.76340197038512,51.12474403613578],[-3.763121768746545,51.12489216503435],[-3.761385278667612,51.1250802299036],[-3.7609492359867973,51.124888931700575],[-3.7600384776814333,51.12499258514313],[-3.759861261001366,51.12484235593341],[-3.759820393290962,51.12451918942466],[-3.7595047815344302,51.124487963898446],[-3.7594564645540065,51.124344788072385],[-3.7594583262362242,51.12326548774626],[-3.75767913217959,51.12157440788263],[-3.7566731451220594,51.121049891546235],[-3.7555373035430923,51.120869086168575],[-3.75492107467431,51.120446628878035],[-3.7540851892141265,51.12026130653974],[-3.753468981630145,51.11983884134427],[-3.7499908595992255,51.1196930891357],[-3.748589846384855,51.11930033110912],[-3.7474601829953333,51.11928124590318],[-3.746997721780305,51.119144254511355],[-3.7457381158992096,51.11946886362056],[-3.7446339659286942,51.119368424761454],[-3.743324382921031,51.119504881075216],[-3.7429184576071535,51.11897129781602],[-3.742642060726422,51.11694279053689],[-3.7422333818576052,51.11671503945946],[-3.7419636286266673,51.115621799830706],[-3.741164391768156,51.11488720987193],[-3.7408039235670834,51.11366040952084],[-3.7399193944348825,51.1129360750577],[-3.739313539328344,51.11278319977255],[-3.739039617740269,51.11233757830474],[-3.7381931462958233,51.11186449483213],[-3.7368294906500696,51.11055366066071],[-3.7337600899330665,51.10871049712805],[-3.732953056708246,51.108524596921605],[-3.7320509452017805,51.108088269876696],[-3.731720678370196,51.10766145411191],[-3.730693444292048,51.10731690942914],[-3.7301624431144194,51.10725281817193],[-3.7294817592667586,51.10738880551689],[-3.7288699723239866,51.10707407355115],[-3.723221401384277,51.106545888361204],[-3.722853499988567,51.10664125023678],[-3.721462374482134,51.107651075409336],[-3.721173283849093,51.10832987610752],[-3.7203495794180235,51.10923239864454],[-3.7186992849313345,51.110192039985],[-3.718400468497505,51.11061015277481],[-3.7178399391976087,51.11090619598309],[-3.7158991895034377,51.110970673680924],[-3.714879678719077,51.111219475035284],[-3.7127559275259885,51.11135853600219],[-3.711807792017261,51.111606264683104],[-3.708586771576161,51.11143753107779],[-3.7080245409339287,51.11168857315966],[-3.707310525005945,51.11169900297521],[-3.706898684553774,51.11176798314559],[-3.705295414991059,51.11090997883981],[-3.703392064333831,51.109660593973786],[-3.7025055485734453,51.108864056998165],[-3.702332517335999,51.107265662443325],[-3.7024305639023862,51.1068235334227],[-3.7030632696858725,51.106157762650966],[-3.7029027858353216,51.10490095384775],[-3.7001358718570683,51.10191028130387],[-3.701618739583779,51.10027879534049],[-3.7029057829247476,51.099540540031406],[-3.7038407678657905,51.09932904943925],[-3.7048349207704003,51.09878390450719],[-3.7048283071802004,51.09860412263196],[-3.7052034845134414,51.09831984784458],[-3.7054978166955044,51.09700244173087],[-3.706157243964884,51.09629129278905],[-3.706435563127851,51.09531588649761],[-3.7072403518723713,51.094674560288574],[-3.7075325473845555,51.094076693189486],[-3.7093352428878448,51.09261131679702],[-3.7114070315636636,51.091861486692245],[-3.715600608219073,51.09133232645747],[-3.7174797305895524,51.0907830821091],[-3.71962773716993,51.09055363367992],[-3.721370051654497,51.09016822994926],[-3.721768294114807,51.089739648922084],[-3.721906521227866,51.08884721197449],[-3.7241360702888606,51.08735732562647],[-3.7250646894788866,51.08698386579326],[-3.726956913977194,51.086794032013884],[-3.728828121905375,51.087189076572905],[-3.729286301587578,51.08760502362801],[-3.731701248851629,51.087263474843205],[-3.7331427820512264,51.08724210856725],[-3.73810737594809,51.08786991693658],[-3.739423058630218,51.088300042944205],[-3.7423384397105703,51.0898755347848],[-3.743240134850886,51.09106728167045],[-3.7434807268987473,51.09290745592229],[-3.744277990980768,51.09511706997294],[-3.7447006643111598,51.09529963504495],[-3.7453307544323247,51.09532578977723],[-3.747860881741469,51.09619678872185],[-3.748219042076944,51.09713006770472],[-3.7496458503375436,51.09807680459049],[-3.7508775947467425,51.09967727439452],[-3.751883043470192,51.10057959404122],[-3.7521019480061253,51.10107997491644],[-3.7527620766776466,51.10116001812245],[-3.7557229447623715,51.10314821955684],[-3.7578217544592647,51.103494423947446],[-3.7588667886185267,51.10392840276173],[-3.760913469286093,51.10515674471421],[-3.76165402285711,51.10584711602565],[-3.7625657654589424,51.107281400578096],[-3.762954120225365,51.109227234055666],[-3.7640068623268323,51.10985891832576],[-3.7661332235300544,51.11016858338974],[-3.7688435616728233,51.11005565281812],[-3.770104805881707,51.109784730975484],[-3.7724452260046246,51.1097132932454],[-3.7728402279974627,51.10958138800805],[-3.773373374753006,51.10969921702099],[-3.7746534980322957,51.109176128268984],[-3.7788275832353615,51.10886085594709],[-3.780611295092535,51.10917547134563],[-3.7814309666037396,51.10968463407081],[-3.782095414342776,51.10987237428798],[-3.7840315017942814,51.111173952511166],[-3.784698751799892,51.11143358711927],[-3.7866866776322556,51.11185292032677],[-3.789232639689519,51.11192190892745],[-3.78952656940287,51.11213326545172],[-3.7898971502549963,51.11210960409325],[-3.79049165659491,51.112334343652456],[-3.7920495540344485,51.1123464482809],[-3.7941246452577566,51.113537802068464],[-3.795227361674931,51.11397057274655],[-3.7982193077413946,51.11448221609118],[-3.7996425443460646,51.115071906514125],[-3.80151021642921,51.115330948150465],[-3.801830686801071,51.11548790108523],[-3.804208995339866,51.11564908835439],[-3.8073788289653065,51.116319644594896],[-3.808163337285594,51.11664928518392],[-3.8099098426176314,51.11673018714854],[-3.8112517213072277,51.11706016171619]]]},"properties":{"WB_CAT":"River","RBD_ID":"8","MNCAT_NAME":"Devon East","RBD_NAME":"South West","OPCAT_ID":"3183","hydromorph":"not designated artificial or heavily modified","MANCAT_ID":"3033","url":"/catchment-planning/WaterBody/GB108045020860","OPCAT_NAME":"Exe Main","WB_ID":"GB108045020860","version":"2","WB_NAME":"Sherdon Water"}},{"type":"Feature","geometry":{"bbox":[-3.7108598803684196,51.05303357926582,-3.5827750859886693,51.146341538631134],"type":"Polygon","coordinates":[[[-3.5813769555921673,51.08909709698188],[-3.5813924566693536,51.088296446837326],[-3.5817522332194374,51.08795880772675],[-3.581804164140194,51.08613236022677],[-3.58167464439386,51.085684422006544],[-3.5811193873019795,51.085314193870445],[-3.58092604174261,51.084669254139264],[-3.580669129454066,51.08467272868447],[-3.5804923344454753,51.079485683826036],[-3.580841110717119,51.0771515656024],[-3.5812339447329933,51.07694838743889],[-3.5815301174919063,51.07642273800262],[-3.5826387955940655,51.075859098006276],[-3.5846011273551888,51.075211944087044],[-3.5866176213850336,51.074896784671495],[-3.588391610924307,51.074171169597136],[-3.589469940982447,51.0739766329061],[-3.5892958292287003,51.073061628667325],[-3.589373729574308,51.06783514412103],[-3.589775577170326,51.067065201135016],[-3.5908204504079895,51.06589976979366],[-3.5907504379191932,51.06552298086261],[-3.591211468143804,51.064815183871445],[-3.59118002498545,51.06389823850963],[-3.5901860672484704,51.062382811364294],[-3.590130428061656,51.06159210875063],[-3.5894120106216016,51.059785121749776],[-3.589489494049208,51.058713798170785],[-3.589847754796279,51.058340176343414],[-3.5895710781656005,51.05609547347356],[-3.5899458371772517,51.055370865783004],[-3.590808629553163,51.05472955285702],[-3.592164210789057,51.0551427972534],[-3.5930872302813346,51.05584072471911],[-3.5931057429028397,51.0563801046119],[-3.5934365655096694,51.056456548022986],[-3.59746894788454,51.056689299378206],[-3.600520850666806,51.057456989287445],[-3.602202229101346,51.05903485916646],[-3.6041255837990134,51.06017767776412],[-3.6053642080234067,51.060502436528175],[-3.608184373556599,51.060337747378796],[-3.608830671755634,51.060454766046725],[-3.611918736485264,51.06019635943459],[-3.61460621374093,51.060321149495685],[-3.6176037455554946,51.06197054716149],[-3.61975756780779,51.0627501645498],[-3.621985746612258,51.06320493055938],[-3.622250705859959,51.06343509394681],[-3.623864864739608,51.06388035833525],[-3.6261592484366605,51.06499967299194],[-3.6267771217441407,51.065116988333834],[-3.627725261618852,51.0656973831982],[-3.628389103211992,51.065903988710296],[-3.6295956041874895,51.06693046280726],[-3.6313081997941983,51.067734008010746],[-3.6329434753941325,51.06877244980106],[-3.633709157131677,51.06903156566468],[-3.6350591933034093,51.06926451488875],[-3.6364704349783294,51.06920878700329],[-3.637628990202703,51.06967822888121],[-3.6378502945382545,51.06947726202969],[-3.6386531030504576,51.069573935250396],[-3.639091888712898,51.06906412405309],[-3.6396245300802534,51.06878683571076],[-3.642889261131779,51.06866903633111],[-3.644764682232203,51.068822535627596],[-3.6466481816586955,51.06960546419906],[-3.648840748019937,51.0710495513949],[-3.6495611042087983,51.07203770935307],[-3.649682435142769,51.07384377064912],[-3.6503551245977897,51.07429296249405],[-3.649717200100302,51.0756240715875],[-3.6485017279419223,51.07677445250434],[-3.6483669089856576,51.07780165772483],[-3.6479025823122972,51.07879753332532],[-3.6492659633350644,51.07899415603647],[-3.6496494713285865,51.0793395054902],[-3.6504835747194644,51.079507607642235],[-3.6514696760910916,51.07993437913092],[-3.6539728607272215,51.08006087312134],[-3.6551496508100096,51.07982836080864],[-3.655471311797194,51.08003965873992],[-3.6571883222589667,51.080141241013806],[-3.657841441955013,51.080437771337316],[-3.6597135230720537,51.08048315354584],[-3.6607811704875965,51.08079176821254],[-3.6627148645721883,51.0809621415285],[-3.663426405456147,51.081293785323325],[-3.6662468294571626,51.08190117225635],[-3.667899962921642,51.08260609970713],[-3.6683705630078918,51.08298612111597],[-3.6687709935443737,51.084590313220616],[-3.6699110456568595,51.086111987925015],[-3.6698656099536486,51.08643641745526],[-3.670585686157624,51.08739746906726],[-3.672846019654645,51.08869623855613],[-3.675456807925662,51.08941433216399],[-3.6761867433234423,51.08985356204735],[-3.67625293962218,51.09010444198723],[-3.677384517826396,51.09059186730544],[-3.677584758366049,51.09138945078002],[-3.6791528613043605,51.09288690404199],[-3.6792275452537395,51.093371501730935],[-3.680215832657968,51.093842970533665],[-3.68069153799583,51.09435777781694],[-3.6825280605419124,51.09537464975419],[-3.6845673384484443,51.097251985625704],[-3.6864881768617024,51.097440141968434],[-3.687862210876418,51.098301712231695],[-3.68866889151422,51.09848792742438],[-3.6901916647195843,51.099509211949275],[-3.6907263080895314,51.09928562665705],[-3.6913700681758375,51.099312289381245],[-3.6923466199824495,51.09906431393685],[-3.6951070594532993,51.098772487584654],[-3.696697666094129,51.098911301413864],[-3.697348666724398,51.099135692088666],[-3.6979612397829,51.09909082007743],[-3.6987012033181252,51.099403850079604],[-3.700210139012435,51.09965172997664],[-3.7018688718127764,51.0996995436025],[-3.7039553750178036,51.09894963445006],[-3.704400017892696,51.09861036819837],[-3.7048283071802004,51.09860412263196],[-3.7048349207704003,51.09878390450719],[-3.7038407678657905,51.09932904943925],[-3.7029057829247476,51.099540540031406],[-3.701618739583779,51.10027879534049],[-3.7001358718570683,51.10191028130387],[-3.7029027858353216,51.10490095384775],[-3.7030632696858725,51.106157762650966],[-3.7024305639023862,51.1068235334227],[-3.702332517335999,51.107265662443325],[-3.7025055485734453,51.108864056998165],[-3.703392064333831,51.109660593973786],[-3.705295414991059,51.11090997883981],[-3.706898684553774,51.11176798314559],[-3.707310525005945,51.11169900297521],[-3.706639572470522,51.11249127801533],[-3.706523260511998,51.11321248777893],[-3.706555577805053,51.118743260730724],[-3.706154590219013,51.1194956060246],[-3.7049228606699645,51.12019711008799],[-3.7042325313783775,51.120854734719515],[-3.703982473005813,51.12260319284324],[-3.7034515969381805,51.122934708610345],[-3.7025437580205693,51.12467475694895],[-3.7035136453322246,51.12539812746926],[-3.7046357846028224,51.12559762540254],[-3.7058336189442227,51.126299665457054],[-3.705992614429775,51.130614405925854],[-3.705439622501314,51.131899602913265],[-3.707453969571778,51.13264367740334],[-3.7106748014953768,51.13315421913735],[-3.7115310246339335,51.1335014439264],[-3.7123832828110195,51.13412753065644],[-3.7122779638775274,51.134371907604525],[-3.710214595843779,51.13578716173715],[-3.710155431630515,51.13728100922718],[-3.7105043284402948,51.13743779547125],[-3.7106608338528915,51.13780425446554],[-3.7103667496104142,51.13913065480916],[-3.7104032961166076,51.140119445295184],[-3.7105322287962936,51.14051328925425],[-3.71124337344681,51.141186417702244],[-3.7114451006198883,51.142001906831354],[-3.711897401784288,51.14263385019368],[-3.7142204651491095,51.143975869534415],[-3.7137917582314555,51.14398215346393],[-3.7133390781359923,51.14372797410087],[-3.7115930173829805,51.143681593789],[-3.710203877861008,51.144007709892726],[-3.7057725610318593,51.14403645991786],[-3.704580784749578,51.14428767892015],[-3.701531892257654,51.14458391116353],[-3.6998409873417666,51.14448258953156],[-3.696847892472668,51.14474191287613],[-3.6951490862438883,51.14442478583884],[-3.6932045502576654,51.14364351286058],[-3.6923852243177735,51.14313373096975],[-3.690748922073707,51.14295953716339],[-3.6892558892912546,51.14200978070221],[-3.6881275101675217,51.1416483349187],[-3.6873946680673937,51.14115525744942],[-3.684433562255394,51.14150374051711],[-3.68390212327886,51.141043715278116],[-3.6799003907691406,51.14108328643768],[-3.678804657691356,51.14122493662238],[-3.6776549178042393,51.14066583260931],[-3.6771293288139413,51.13957612479342],[-3.674900792698782,51.138438869085306],[-3.6706972894332726,51.13803132487484],[-3.6699958608130583,51.137609641038736],[-3.668819657923462,51.13750052006224],[-3.6681656558055478,51.13720406202199],[-3.667082321506435,51.13729146284751],[-3.666447754044949,51.137534347640006],[-3.665504706648482,51.13754778379943],[-3.6640213440497496,51.13724512516091],[-3.6626743470768264,51.137156360527484],[-3.663474574950747,51.136749250868576],[-3.6635707874364534,51.1362442280077],[-3.663312925172531,51.13463800186917],[-3.663490984103831,51.13402388866988],[-3.663407314583579,51.131695677586954],[-3.662968531084298,51.13062265943725],[-3.662386741497459,51.130343129994884],[-3.654223212133187,51.1290918500255],[-3.653922717489077,51.128682385104526],[-3.6536832128363286,51.126779081703816],[-3.652246674868779,51.12577409445392],[-3.6518858728640313,51.125275538214204],[-3.650111075062822,51.124401217082365],[-3.6468946813432863,51.12397888778041],[-3.6454406695483645,51.123279853746496],[-3.6428952292888708,51.12162481037389],[-3.641914364739637,51.12136877448763],[-3.6405561309183114,51.121351865595464],[-3.6400888614876035,51.12107061900266],[-3.6391267620088734,51.12094021009821],[-3.63851603334032,51.12064298078237],[-3.638236560756058,51.118398441441194],[-3.6380733826297647,51.11782512306014],[-3.6378553269728027,51.11772025212925],[-3.638285370520654,51.11735447379016],[-3.638185366606405,51.11695115291656],[-3.6376102336443297,51.11644656218762],[-3.6373388700286804,51.11645036290286],[-3.6368678576031863,51.11606123005665],[-3.6361734210149903,51.11581912356401],[-3.635957278092727,51.11536346313696],[-3.6346874663510573,51.114203033654505],[-3.6344830968782267,51.113270533005114],[-3.6340337271342804,51.112683222010226],[-3.62983289315421,51.11227418242201],[-3.628332116626114,51.11225911986773],[-3.627165000486592,51.11157385166344],[-3.6269012596295083,51.106505003834975],[-3.626673183151311,51.106112449109254],[-3.626251514068868,51.105902463793285],[-3.6258850088182535,51.104414585678924],[-3.6247485767544023,51.10378282985344],[-3.624157271447838,51.10321544131225],[-3.6238173169857584,51.10248266966207],[-3.621621493503711,51.100966211164916],[-3.6182641982441437,51.10054505601147],[-3.616646297804805,51.10002781206316],[-3.614661349662598,51.09881409758604],[-3.6131863179211665,51.09829483258889],[-3.6113289727109676,51.09787075788521],[-3.607272433153167,51.09745892471055],[-3.6048751129673016,51.0967004056616],[-3.604060111101066,51.0966756167534],[-3.6009925212144847,51.09594420168562],[-3.599018677656761,51.095863292797176],[-3.5979504596033727,51.09553613499541],[-3.5960858936521225,51.09530978171772],[-3.594572010380639,51.09531245483745],[-3.59426793656807,51.09477697333621],[-3.5913162990617518,51.09283855252655],[-3.588284591374636,51.091890465509266],[-3.5876558721378906,51.09188101896257],[-3.58663064931923,51.091553174307194],[-3.584116550877942,51.09111959402382],[-3.5834196890966497,51.090787270936616],[-3.5820425613016575,51.09060805361889],[-3.581423396577127,51.090040827997655],[-3.5813769555921673,51.08909709698188]]]},"properties":{"WB_CAT":"River","RBD_ID":"8","MNCAT_NAME":"Devon East","RBD_NAME":"South West","OPCAT_ID":"3183","hydromorph":"not designated artificial or heavily modified","MANCAT_ID":"3033","url":"/catchment-planning/WaterBody/GB108045020870","OPCAT_NAME":"Exe Main","WB_ID":"GB108045020870","version":"2","WB_NAME":"Middle Barle"}},{"type":"Feature","geometry":{"bbox":[-3.841199629741605,51.10474719102151,-3.7043023314336074,51.17243343803537],"type":"Polygon","coordinates":[[[-3.8113980488204597,51.117147834526435],[-3.813372493814036,51.117575927854176],[-3.8137944738587213,51.11782638518682],[-3.8144301861981846,51.12122906843779],[-3.81722850915834,51.12334416457705],[-3.8186536694787754,51.12396957150427],[-3.819545988516237,51.1248550871198],[-3.820378146239595,51.12711761403977],[-3.8212190801278374,51.12814782092044],[-3.821346594113766,51.12993563911411],[-3.822769182410297,51.13048908474611],[-3.822921340196718,51.13144906960007],[-3.8227386867071442,51.13189262282511],[-3.8231528468579064,51.13224592504214],[-3.8242883922325888,51.132767852098006],[-3.825960450824844,51.13311949876027],[-3.827042452364431,51.133732175389255],[-3.828228308748763,51.13480191183527],[-3.828721302890319,51.13570144139394],[-3.8297484315493504,51.13637006935764],[-3.8327486949871132,51.13632307896302],[-3.833945987846483,51.13587259351591],[-3.8355361265466974,51.13559580903593],[-3.8364104683723057,51.135654031577715],[-3.837546958330387,51.136193803969135],[-3.8386456105912274,51.137219836436984],[-3.8415606788111503,51.138981745131304],[-3.842560817325993,51.13896598864172],[-3.8419032207580543,51.13932712460393],[-3.841078819249375,51.139448036416205],[-3.840047967064904,51.14012981934304],[-3.8394350312752974,51.141974238524526],[-3.8395229178904224,51.14274633935981],[-3.8391567716445016,51.14360652829776],[-3.835434604957168,51.146372204218416],[-3.8347357262574806,51.147498426007274],[-3.833635960841516,51.14861294228352],[-3.8332750882102333,51.14888841992619],[-3.8325662441154176,51.14904343460661],[-3.831436384137117,51.1501224251634],[-3.8313601322684936,51.151085974558725],[-3.8316001861514732,51.15137002189665],[-3.831912613819569,51.15275919350051],[-3.83148160715808,51.15343149855401],[-3.831828892938582,51.15353398738052],[-3.8329535768543024,51.15448771262608],[-3.833241209382524,51.15452817363003],[-3.8336324160956345,51.15501670840508],[-3.834301288769412,51.155294025461046],[-3.8346685629411335,51.15589985381391],[-3.8363951081917613,51.156880078035144],[-3.8366738061081778,51.15741533933206],[-3.8366069371069185,51.15861258740152],[-3.8360834016053267,51.159115476670124],[-3.83554014241375,51.16056303937443],[-3.8350140766451757,51.161003005491104],[-3.8345364729446736,51.16302513881719],[-3.834813521261789,51.16676228585936],[-3.8353864513904004,51.16714002597747],[-3.835815344723933,51.167133294237374],[-3.8348784524975206,51.1683981666994],[-3.834466968430263,51.169564841567116],[-3.8336408695244297,51.17037825796665],[-3.8316817170917146,51.170507891403226],[-3.8292880295086884,51.170284531640796],[-3.8277904290026035,51.17003812804985],[-3.827061347285531,51.16968976248957],[-3.8262615932261723,51.16900072622044],[-3.8250385321796023,51.16882195178179],[-3.8233559640320696,51.168236608265566],[-3.8194094560707375,51.16792032510478],[-3.814432105838108,51.165029653579786],[-3.813804169266524,51.16433786721213],[-3.8131936901983985,51.164176449037036],[-3.8119526461014392,51.16417768612335],[-3.809966744895903,51.162778412612646],[-3.808676458758438,51.162518499083276],[-3.80782292229399,51.16209205787847],[-3.8059069266555157,51.1617439155533],[-3.8051080678549303,51.16143246744848],[-3.803977365597569,51.16141393907635],[-3.8011653416797704,51.160827707812146],[-3.7994553772290356,51.1595229305815],[-3.7976835066452646,51.158830667268305],[-3.795225939376457,51.158526650423674],[-3.7915656266397573,51.158555791503076],[-3.7901362116931656,51.15857768117061],[-3.7873809315227716,51.15834102392776],[-3.786053088194175,51.157659785819824],[-3.78557861122269,51.1575950801149],[-3.784749565282975,51.157607735649435],[-3.7840867679293906,51.15785169089526],[-3.783061066612376,51.15795727354593],[-3.774726931675828,51.15806606025354],[-3.7725669627354788,51.157685100111166],[-3.768071618922193,51.15719552962633],[-3.766719492641313,51.15624462366957],[-3.7660258472454533,51.15605723512877],[-3.7640631926554247,51.15484570019548],[-3.762590896863543,51.154490155903126],[-3.76212392815603,51.154245364224494],[-3.7604236631589645,51.15391121639322],[-3.7530403025245085,51.15380627831037],[-3.7491716755777813,51.153612379152655],[-3.7463512498504308,51.153150874775484],[-3.7452268649753044,51.15329357478995],[-3.7429713649852423,51.15302142214855],[-3.742047072014053,51.15316110906693],[-3.7410881783689365,51.15276167123308],[-3.7395547975255856,51.15267656456701],[-3.737565516119852,51.15225644550115],[-3.7360746058069934,51.151397189174375],[-3.7342596128661554,51.15104637759157],[-3.7315413553449774,51.14948574980672],[-3.7285627958532936,51.148990184101],[-3.7269866843103068,51.14890554491578],[-3.726047664606443,51.148649592934476],[-3.7228810032829363,51.1465557511636],[-3.7219331156378614,51.14644379891314],[-3.721346762401297,51.14605670164316],[-3.7207193035774426,51.146101911893744],[-3.719941583063988,51.14595146395348],[-3.7192681723595067,51.14552966133595],[-3.7183176430326332,51.14534576782924],[-3.718080314209036,51.14511541457823],[-3.7170114708174893,51.14482532242855],[-3.7165102541532353,51.14441896325215],[-3.7151942085096654,51.14440229894946],[-3.7142204651491095,51.143975869534415],[-3.711897401784288,51.14263385019368],[-3.7114451006198883,51.142001906831354],[-3.71124337344681,51.141186417702244],[-3.7105322287962936,51.14051328925425],[-3.7104032961166076,51.140119445295184],[-3.7103667496104142,51.13913065480916],[-3.7106608338528915,51.13780425446554],[-3.7105043284402948,51.13743779547125],[-3.710155431630515,51.13728100922718],[-3.710214595843779,51.13578716173715],[-3.7122779638775274,51.134371907604525],[-3.7123832828110195,51.13412753065644],[-3.7115310246339335,51.1335014439264],[-3.7106748014953768,51.13315421913735],[-3.707453969571778,51.13264367740334],[-3.705439622501314,51.131899602913265],[-3.705992614429775,51.130614405925854],[-3.7058336189442227,51.126299665457054],[-3.7046357846028224,51.12559762540254],[-3.7035136453322246,51.12539812746926],[-3.7025437580205693,51.12467475694895],[-3.7034515969381805,51.122934708610345],[-3.703982473005813,51.12260319284324],[-3.7042325313783775,51.120854734719515],[-3.7049228606699645,51.12019711008799],[-3.706154590219013,51.1194956060246],[-3.706555577805053,51.118743260730724],[-3.706523260511998,51.11321248777893],[-3.706639572470522,51.11249127801533],[-3.707310525005945,51.11169900297521],[-3.7080245409339287,51.11168857315966],[-3.708586771576161,51.11143753107779],[-3.711807792017261,51.111606264683104],[-3.7127559275259885,51.11135853600219],[-3.714879678719077,51.111219475035284],[-3.7158991895034377,51.110970673680924],[-3.7178399391976087,51.11090619598309],[-3.718400468497505,51.11061015277481],[-3.7186992849313345,51.110192039985],[-3.7203495794180235,51.10923239864454],[-3.721173283849093,51.10832987610752],[-3.721462374482134,51.107651075409336],[-3.722853499988567,51.10664125023678],[-3.723221401384277,51.106545888361204],[-3.7288699723239866,51.10707407355115],[-3.7294817592667586,51.10738880551689],[-3.7301624431144194,51.10725281817193],[-3.730693444292048,51.10731690942914],[-3.731720678370196,51.10766145411191],[-3.7320509452017805,51.108088269876696],[-3.732953056708246,51.108524596921605],[-3.7337600899330665,51.10871049712805],[-3.7368294906500696,51.11055366066071],[-3.7381931462958233,51.11186449483213],[-3.739039617740269,51.11233757830474],[-3.739313539328344,51.11278319977255],[-3.7399193944348825,51.1129360750577],[-3.7408039235670834,51.11366040952084],[-3.741164391768156,51.11488720987193],[-3.7419636286266673,51.115621799830706],[-3.7422333818576052,51.11671503945946],[-3.742642060726422,51.11694279053689],[-3.7429184576071535,51.11897129781602],[-3.743324382921031,51.119504881075216],[-3.7446339659286942,51.119368424761454],[-3.7457381158992096,51.11946886362056],[-3.746997721780305,51.119144254511355],[-3.7474601829953333,51.11928124590318],[-3.748589846384855,51.11930033110912],[-3.7499908595992255,51.1196930891357],[-3.753468981630145,51.11983884134427],[-3.7540851892141265,51.12026130653974],[-3.75492107467431,51.120446628878035],[-3.7555373035430923,51.120869086168575],[-3.7566731451220594,51.121049891546235],[-3.75767913217959,51.12157440788263],[-3.7594583262362242,51.12326548774626],[-3.7594564645540065,51.124344788072385],[-3.7595047815344302,51.124487963898446],[-3.759820393290962,51.12451918942466],[-3.759861261001366,51.12484235593341],[-3.7600384776814333,51.12499258514313],[-3.7609492359867973,51.124888931700575],[-3.761385278667612,51.1250802299036],[-3.763121768746545,51.12489216503435],[-3.76340197038512,51.12474403613578],[-3.764003264779868,51.124770941146984],[-3.7653057324731383,51.12444548835184],[-3.7680318782147935,51.12435033047652],[-3.7686092717388657,51.12412574276499],[-3.7690806334076568,51.124118611322714],[-3.7700118215330622,51.12417646893931],[-3.7708669359040097,51.124487301952605],[-3.771562026019599,51.12435085629055],[-3.7737474356318645,51.124317721041905],[-3.7760302664042626,51.12458885939921],[-3.780991566486555,51.12463930286596],[-3.785432001265186,51.1248953583842],[-3.790356424722024,51.12473011245828],[-3.792474951288102,51.124445820083196],[-3.793133051886281,51.124093957599065],[-3.794183063240887,51.12389796907996],[-3.796987125609155,51.1236030720355],[-3.79874885996979,51.12370189590468],[-3.8004931241660205,51.123351263372705],[-3.8027313852006586,51.123208844006555],[-3.8036670691662424,51.12301453274674],[-3.804221579800531,51.12257426544006],[-3.8050137149718766,51.122364170526154],[-3.811286278020666,51.11830980104468],[-3.8113081612970316,51.118138576046455],[-3.8114402390498374,51.11822646059329],[-3.8113980488204597,51.117147834526435]]]},"properties":{"WB_CAT":"River","RBD_ID":"8","MNCAT_NAME":"Devon East","RBD_NAME":"South West","OPCAT_ID":"3183","hydromorph":"not designated artificial or heavily modified","MANCAT_ID":"3033","url":"/catchment-planning/WaterBody/GB108045020880","OPCAT_NAME":"Exe Main","WB_ID":"GB108045020880","version":"2","WB_NAME":"Upper Barle"}},{"type":"Feature","geometry":{"bbox":[-3.5809602551105293,51.026595423550596,-3.5071136152243736,51.10042098016157],"type":"Polygon","coordinates":[[[-3.521334708154651,51.10023677626046],[-3.521319952724018,51.099787281092674],[-3.5201704359653694,51.09914570055518],[-3.5195636243209814,51.09719295349033],[-3.519609461676744,51.095105808142684],[-3.5198652203198977,51.09419411435962],[-3.520222250762591,51.09375777171865],[-3.5197980557784465,51.093016806125135],[-3.5184690662205655,51.092557408311684],[-3.5181876657878886,51.091814581911855],[-3.517456821576544,51.09130243391141],[-3.5162167898426073,51.09094078712328],[-3.5143549022117524,51.08990365987488],[-3.513174965243758,51.089631139975054],[-3.511553314891269,51.08895060834181],[-3.510836064793041,51.088851955989426],[-3.5101356541385806,51.088393331678304],[-3.510302698613144,51.08738387331749],[-3.510005944837511,51.086164556766036],[-3.5093032424328103,51.085634007060136],[-3.5089544071197905,51.08456825398744],[-3.508298362186472,51.08415401475683],[-3.5092228395940612,51.08360245648464],[-3.5097003772382602,51.08248106367173],[-3.509521203556331,51.082240546234814],[-3.5099659263726375,51.081866057907504],[-3.5095088469156517,51.08142227368086],[-3.5087870379855053,51.0811797678897],[-3.5083023639644444,51.08120401068443],[-3.5079755105826247,51.080812502547275],[-3.5072834320327693,51.08060557899526],[-3.5068692067462948,51.08016123189194],[-3.5070226511920066,51.07961063421838],[-3.506414729264499,51.07891695740727],[-3.5064158610693195,51.0785122235526],[-3.508035694073014,51.07739409639295],[-3.509251311672593,51.077018655321],[-3.510492305327282,51.0769846367284],[-3.511385520063756,51.076793214720716],[-3.511957060310365,51.075931414670684],[-3.512194882022304,51.07534374288392],[-3.5119602242420997,51.07427651978198],[-3.5124216679714864,51.07354205393788],[-3.511825500680346,51.07189491230347],[-3.511253683089391,51.070993936054734],[-3.51078476306712,51.068868473033675],[-3.5110420258039694,51.06800174432053],[-3.5118264008720654,51.067541911539024],[-3.511944301860682,51.06590351774641],[-3.512766358972333,51.06484960089516],[-3.513313138213677,51.064545718172894],[-3.5148097593363676,51.06360897184713],[-3.5144529780866605,51.06317289998839],[-3.514440362462504,51.06278633044736],[-3.5150152652258853,51.06115999643358],[-3.514944994907115,51.06075618660948],[-3.515140609845011,51.06062773756783],[-3.5150377641500667,51.05922603869115],[-3.515627576037673,51.05805819094141],[-3.5153750316886145,51.05644258188972],[-3.515780366317074,51.05574480241484],[-3.5166797785745922,51.055319418060435],[-3.5171174318503584,51.05473813371079],[-3.5173597868634046,51.05429429068267],[-3.5172900955332125,51.05390846187556],[-3.517787428357581,51.05340734418159],[-3.517865382718193,51.05230009320894],[-3.5173040075549036,51.05084139239719],[-3.5170649932605227,51.048766924871764],[-3.5163860257058186,51.04807421996803],[-3.516159935981323,51.04726771028603],[-3.513567404621794,51.04564645696667],[-3.5130489396049236,51.04374648225058],[-3.5126047177159014,51.04324857957646],[-3.5114713205467205,51.04261569063436],[-3.511135943381403,51.041954485713],[-3.5107290528685176,51.041725907710635],[-3.51037413332319,51.03870857215335],[-3.5104788516767504,51.03841941618411],[-3.5111504217314855,51.03801500466914],[-3.511311584513684,51.03770713024874],[-3.5126811458111664,51.03683499372136],[-3.512926024898591,51.034718273444646],[-3.5137179360073434,51.03275635521567],[-3.514381484204126,51.03210919463346],[-3.514945107548773,51.03102262775323],[-3.515897560696135,51.030488631820596],[-3.5160824862694238,51.03003654044563],[-3.5168754754809552,51.02942365269495],[-3.517490488620539,51.02907390870873],[-3.52075784694466,51.02864469161205],[-3.5219781018823144,51.028017220895904],[-3.5263622294923866,51.027321457587924],[-3.5266473425261506,51.02731773252138],[-3.527363864436017,51.02785700107942],[-3.5275494361137767,51.03003108713198],[-3.527426377937287,51.03062628998581],[-3.5270889459682695,51.0307746022549],[-3.527095446912276,51.03097238195378],[-3.527381033222523,51.03185004610932],[-3.527915574527228,51.03249061421624],[-3.5274203445270245,51.03304571379301],[-3.526520263161632,51.03517102980666],[-3.5272959698668114,51.036204178581656],[-3.528899416489192,51.03638107325482],[-3.5285690481436633,51.03674514926366],[-3.528700276956036,51.03726507613664],[-3.5292515784723193,51.037545665044156],[-3.5295966531532943,51.03849449536412],[-3.530725451140076,51.03898336832813],[-3.5312969405593746,51.039875264277185],[-3.5314357953419773,51.04235574364626],[-3.531832656643419,51.04314199924691],[-3.5311903101413518,51.04356413454472],[-3.5309103632250074,51.04459309949363],[-3.530409413851088,51.0449774023899],[-3.53340774768217,51.046772836799214],[-3.53358898196944,51.04707624868378],[-3.5344333896831786,51.04758680589689],[-3.53476616791663,51.04815804084138],[-3.535608824323216,51.04861464963686],[-3.536321666144223,51.049459693847524],[-3.536463879031011,51.053756873284634],[-3.5363073284053743,51.055063035767404],[-3.5376951455726777,51.05560239972007],[-3.5384601277736665,51.056293849546066],[-3.5395335884093426,51.056819342161745],[-3.5411764067886136,51.0568696389615],[-3.54294932317021,51.05654045439752],[-3.545436733754267,51.056669475236674],[-3.5478178349414318,51.05703369082511],[-3.549367095952155,51.058128395854766],[-3.5502046720703757,51.05842307855033],[-3.5508410519225087,51.059529869998876],[-3.5513984620408103,51.05998115686997],[-3.551589785003096,51.060581203337875],[-3.5524454629808786,51.061415259420755],[-3.5536650514578945,51.06459186024429],[-3.5536804026421085,51.065050341139525],[-3.553214581464147,51.06563213749608],[-3.553370251332803,51.06687121578682],[-3.553924463675264,51.06722360108025],[-3.55467309292885,51.06826592182048],[-3.556189260138828,51.07176232624994],[-3.55610224686567,51.07257292811193],[-3.555715065771026,51.072946828787884],[-3.5552973243157555,51.074112590235465],[-3.5535509284721636,51.07525104883871],[-3.557076695132224,51.07608552462679],[-3.5577890085262993,51.07604005771695],[-3.5592578863042377,51.07641619872508],[-3.5599428707220397,51.076407058533434],[-3.56033458192547,51.07616799074516],[-3.5614695577472806,51.075954969445],[-3.5628669080748243,51.07505489894831],[-3.564887797185828,51.07486596990958],[-3.5671293997192657,51.07487191071458],[-3.5685651953588926,51.074690761576804],[-3.569327863025749,51.07444668425535],[-3.5722531765479246,51.074407369091226],[-3.5784309797573806,51.07513354568895],[-3.57883849509332,51.075361881093386],[-3.580418001705586,51.075628336364574],[-3.5810569184205514,51.07594347318014],[-3.5826387955940655,51.075859098006276],[-3.5815301174919063,51.07642273800262],[-3.5812339447329933,51.07694838743889],[-3.580841110717119,51.0771515656024],[-3.5804923344454753,51.079485683826036],[-3.580669129454066,51.08467272868447],[-3.58092604174261,51.084669254139264],[-3.5811193873019795,51.085314193870445],[-3.58167464439386,51.085684422006544],[-3.581804164140194,51.08613236022677],[-3.5817522332194374,51.08795880772675],[-3.5813924566693536,51.088296446837326],[-3.5813769555921673,51.08909709698188],[-3.5793651705565446,51.089151287019334],[-3.5782882807522673,51.08939967154015],[-3.572929643731591,51.08972372898163],[-3.5718307598534826,51.089324795832624],[-3.5708849939524634,51.089229584091974],[-3.5700281925961947,51.08880939289944],[-3.569296554039654,51.0887112920813],[-3.5668759889524297,51.0872328053513],[-3.566158655348118,51.0871344932515],[-3.564970607159157,51.08662876501361],[-3.5614095540823296,51.0860468222216],[-3.558726140675741,51.0860826368454],[-3.557547097913951,51.08669194414807],[-3.5568060734308253,51.086737791146106],[-3.556361385231724,51.08710346470745],[-3.5564930796453256,51.08762335114914],[-3.557193327069169,51.0880637142758],[-3.558056119420405,51.089940913464964],[-3.557149182286607,51.090150861935086],[-3.556059286783362,51.090866891126936],[-3.549385188728917,51.09115340836897],[-3.546056800216072,51.0915572289136],[-3.5412816566523593,51.094840058337645],[-3.5397499682687292,51.09516603167009],[-3.5390508561702285,51.09604762445964],[-3.538074384175663,51.09632130453609],[-3.534240471064571,51.09656954862125],[-3.533101884410577,51.09712411203042],[-3.5308388819652863,51.098664719691136],[-3.5293747817448238,51.099313445902034],[-3.526397240232278,51.099550224508526],[-3.52509491878131,51.09990898422604],[-3.5229757711099503,51.10018843614719],[-3.521334708154651,51.10023677626046]]]},"properties":{"WB_CAT":"River","RBD_ID":"8","MNCAT_NAME":"Devon East","RBD_NAME":"South West","OPCAT_ID":"3183","hydromorph":"not designated artificial or heavily modified","MANCAT_ID":"3033","url":"/catchment-planning/WaterBody/GB108045020890","OPCAT_NAME":"Exe Main","WB_ID":"GB108045020890","version":"2","WB_NAME":"Exe (Quarme to Haddeo)"}},{"type":"Feature","geometry":{"bbox":[-3.4844234734020527,51.04488709384353,-3.4057023610628456,51.11146045503457],"type":"Polygon","coordinates":[[[-3.4107794696211267,51.10036409453231],[-3.4106884392580756,51.098782319459325],[-3.410238585751505,51.09714190849802],[-3.4095055553447313,51.09652119317847],[-3.409045390311799,51.09641881666345],[-3.409052628374896,51.09571722436099],[-3.40728569109244,51.094911772087116],[-3.407158192500272,51.09425677004006],[-3.4061121676847836,51.09399886698046],[-3.4058401536053204,51.09339956360299],[-3.405575812390596,51.09315991355914],[-3.4051456050461693,51.09310212988038],[-3.405133614781149,51.09270655313716],[-3.4056855928707708,51.09207036104721],[-3.4064994357021714,51.09159290167391],[-3.4067976881904456,51.091067680518435],[-3.409906808124438,51.08905161667421],[-3.4117577173171507,51.088399721122535],[-3.4145265584502633,51.08788059055965],[-3.415509338505656,51.08732907363701],[-3.416223618901185,51.08640306728813],[-3.4168934109606783,51.08589130468177],[-3.416978209549601,51.08492795338886],[-3.416410805756892,51.08411640548474],[-3.4145481058385645,51.082969783491215],[-3.4141671957191764,51.08077993465919],[-3.41401459989536,51.080458008205575],[-3.4136089357821193,51.080265053889434],[-3.413459718917905,51.07958532347146],[-3.413332769368225,51.07729346917571],[-3.4127761763787494,51.07636286973146],[-3.4125829741634957,51.075555772981616],[-3.4114520787877174,51.07507478198607],[-3.4111162363648164,51.07435934204552],[-3.410559455552471,51.07388939722075],[-3.4102864572555007,51.07336206388206],[-3.4103140211665086,51.07239041283895],[-3.4097392417424786,51.07132709767209],[-3.4085846530379644,51.07044163982208],[-3.407728473898707,51.07045195500025],[-3.4080487321606814,51.07018728923456],[-3.409267176234885,51.06988480609157],[-3.4098451849335936,51.0691763272091],[-3.410518629525116,51.068790466648096],[-3.410754370900328,51.06621542390172],[-3.411284809775253,51.06582229090281],[-3.4115798396237356,51.06519816262834],[-3.412251570847304,51.06475835000636],[-3.412409103378505,51.06430676119352],[-3.41377392545199,51.06319302742981],[-3.4140368101485414,51.06245236312483],[-3.4140643844419745,51.0596100172354],[-3.4135097279166784,51.05826767013367],[-3.413198470464808,51.05648168518545],[-3.4147180610653844,51.05483543689252],[-3.415650216641582,51.054518362455795],[-3.416625151433444,51.053733088407476],[-3.416608411361272,51.05131397953351],[-3.41723462103237,51.049858396799976],[-3.417924735045685,51.04956222604998],[-3.4192879529707563,51.04934781547016],[-3.4198633922168042,51.049035038382335],[-3.4206368949804244,51.04913356247234],[-3.421159673550396,51.04896531884001],[-3.4226077630059217,51.047796501261104],[-3.424988258226822,51.04632849931323],[-3.426201547258996,51.045881998308474],[-3.4285427247628633,51.04592535152968],[-3.429539533422095,51.04632687381951],[-3.4303961215993155,51.046343364112275],[-3.430398891037374,51.0464332676559],[-3.4318603740413773,51.04617254703734],[-3.4331722606602817,51.04707382714439],[-3.4351865802129704,51.047157030682776],[-3.4358102305298504,51.047023457215346],[-3.4365350263437353,51.047392286961625],[-3.437651177295681,51.04703679834427],[-3.4382516454182332,51.046615696996106],[-3.4390914398198444,51.04655139549277],[-3.4397692404307945,51.04724455904852],[-3.4400550445733473,51.04725902489932],[-3.440693259127042,51.046675558234384],[-3.4419421854288648,51.04646229141081],[-3.4426155923921526,51.0460942298807],[-3.443079823599558,51.04542296003398],[-3.444434129543377,51.0453882400813],[-3.4479520413442843,51.04565049076793],[-3.449762164200113,51.04559207267304],[-3.450712989331468,51.04588606040659],[-3.4511956441060203,51.04580811739442],[-3.4517702596553175,51.045477204570155],[-3.4549613212008317,51.04577927963601],[-3.45716609731065,51.04602162043729],[-3.457869859142956,51.04662441875773],[-3.459435156231331,51.04694664326514],[-3.4612253910615736,51.04670842071527],[-3.4645038674584154,51.047063105216125],[-3.4680340457058496,51.04680295947435],[-3.47278531475753,51.046806121513576],[-3.478372970672884,51.04798570931042],[-3.4794591973861,51.04804391255637],[-3.48036252670681,51.04773567769296],[-3.4807906799342505,51.04773924677922],[-3.480769036502841,51.04795537185804],[-3.48026189965162,51.048159660236166],[-3.4801804733045483,51.04918598285373],[-3.480418986355573,51.0530862616128],[-3.4813115371923895,51.054226154607136],[-3.4824785128854097,51.05502079641222],[-3.483652219524499,51.05513181423993],[-3.484333892051171,51.055473906287226],[-3.4847618291053584,51.05546847009828],[-3.4847745644964356,51.0563137322213],[-3.4841053020445427,51.057698280729696],[-3.4830362739342675,51.059078904843176],[-3.482617105841017,51.06025341323301],[-3.481016594856925,51.06108314567557],[-3.4793965386514194,51.06130152735842],[-3.4789777148004037,51.06159462873782],[-3.4780208631705136,51.062919822844414],[-3.4776409478830197,51.06443557832237],[-3.477607537504758,51.066972239816195],[-3.477357580682963,51.06719124976522],[-3.477165924243714,51.06834487254109],[-3.4766457497241388,51.069043964555796],[-3.4765074259982773,51.07007999324203],[-3.4760131870422857,51.070697810748854],[-3.476040645776065,51.0715608636347],[-3.476824939315678,51.071982656078255],[-3.476522239492461,51.073236610975016],[-3.4767977039578697,51.07381772408917],[-3.4772041419505078,51.07402843782593],[-3.477294615721207,51.0768693165643],[-3.476345921649387,51.07756482742034],[-3.47605884410754,51.07841386434895],[-3.475507997175391,51.07905038079395],[-3.473378654175441,51.08033636378208],[-3.472585686002732,51.08054421870412],[-3.470379107852878,51.082100930854544],[-3.4708397988304256,51.08312041942933],[-3.4716584962108468,51.083721687990185],[-3.4725600032755675,51.085131342797574],[-3.472827789915851,51.08636910268826],[-3.4723518894762746,51.08667189083112],[-3.471779480923379,51.08753350276693],[-3.4711074254398038,51.08795567362652],[-3.470120698985429,51.08926318259655],[-3.4693138292394017,51.08993886223909],[-3.468680449777796,51.091583677344246],[-3.4689155682656834,51.09359531398294],[-3.4684627106351575,51.093726915511205],[-3.467597494999783,51.094367340466334],[-3.4671651136142643,51.09514622656458],[-3.466772188323479,51.0953670062535],[-3.4667017811148186,51.09675291982414],[-3.466828518465786,51.09714705249846],[-3.467502361906441,51.097678217532405],[-3.467422865840758,51.09877644683009],[-3.466773940044432,51.09993578397159],[-3.4666486897554316,51.101394334104874],[-3.4657237936626206,51.102862912069796],[-3.465584855923852,51.10388993468914],[-3.465098646699675,51.10477741045934],[-3.4652680375436633,51.106520062869684],[-3.4664192664601865,51.107234108108685],[-3.4654196232683834,51.10724664244709],[-3.4619029465557793,51.10944016807819],[-3.460543275767477,51.10981690890752],[-3.4580233797401374,51.11010018458663],[-3.4568158135787197,51.109863414998586],[-3.455111961436989,51.10929105127504],[-3.452625628058531,51.109402913102635],[-3.450401161301356,51.109871220371055],[-3.4489406247914474,51.11068077300533],[-3.4472775188875397,51.110953194974535],[-3.445506564714734,51.11097510408366],[-3.4447188172508745,51.11091289166613],[-3.4434687256790437,51.11022682679194],[-3.442402364274315,51.10993420316779],[-3.44117586218693,51.1090859369717],[-3.4400479452897006,51.108650152174285],[-3.4393305328445836,51.108551062614744],[-3.438890928892671,51.108196727373134],[-3.438851757348575,51.107855450322],[-3.43840769810613,51.10735726950321],[-3.4367503480292276,51.10689199104481],[-3.4351047258045186,51.10680427897913],[-3.4338808519317765,51.106495524079634],[-3.4319386903912443,51.1065193280115],[-3.4291054669219863,51.10713411032469],[-3.4245254686980457,51.10702359871448],[-3.4219411681070344,51.106785249372635],[-3.4201052352719072,51.10636686676989],[-3.4196269719397745,51.105212503445955],[-3.4151731751055148,51.10344978364046],[-3.4139780934060036,51.10267280283771],[-3.4127358010091124,51.10222015175988],[-3.4118843135726626,51.10146597806102],[-3.411597360804952,51.10142447498244],[-3.4111981787104804,51.10051194200755],[-3.411065046471284,51.100360647952975],[-3.4107794696211267,51.10036409453231]]]},"properties":{"WB_CAT":"River","RBD_ID":"8","MNCAT_NAME":"Devon East","RBD_NAME":"South West","OPCAT_ID":"3183","hydromorph":"heavily modified","MANCAT_ID":"3033","url":"/catchment-planning/WaterBody/GB108045020900","OPCAT_NAME":"Exe Main","WB_ID":"GB108045020900","version":"2","WB_NAME":"Upper River Haddeo"}},{"type":"Feature","geometry":{"bbox":[-3.5198183623125963,51.053983533953534,-3.4657309078385827,51.124762654838634],"type":"Polygon","coordinates":[[[-3.521334708154651,51.10023677626046],[-3.5207840261950847,51.10043281898145],[-3.519982429353408,51.10125268092904],[-3.5205129704245848,51.1017494310944],[-3.5206776446771277,51.103285218611965],[-3.520306736239352,51.104171429006506],[-3.5193719996747688,51.10528981052432],[-3.5189095855058983,51.10948689801249],[-3.517401985424093,51.11056773476235],[-3.5172453311539487,51.11101945411431],[-3.51660486570204,51.11153141261188],[-3.517133425510576,51.11283763837115],[-3.516901077775759,51.11359612576],[-3.516239071128445,51.11432421059881],[-3.5157057201196413,51.115491315805386],[-3.51550834071618,51.117319598633735],[-3.515568879423913,51.12091629839596],[-3.5150431263086763,51.121444747247715],[-3.5144872711809145,51.12280100446187],[-3.51380525956599,51.12335844343593],[-3.513519554030677,51.12336214211372],[-3.513228051725659,51.12362674149191],[-3.512408309287808,51.123907158796584],[-3.510728516264779,51.124189692113795],[-3.508077601322669,51.12422414454684],[-3.5066661297324777,51.123999280100236],[-3.5008172516688676,51.12388562492467],[-3.4987624590250275,51.123543249486914],[-3.4973619866583805,51.12266182375326],[-3.496694018027182,51.12056585236087],[-3.496284756379394,51.12028329238155],[-3.496094175106954,51.1196921474294],[-3.495200548567002,51.11857037330991],[-3.494532464130679,51.118237154675235],[-3.4936664317365884,51.11835873610323],[-3.493057064148868,51.118006436101616],[-3.4927230223911443,51.117073102477626],[-3.491865818588889,51.11663435874792],[-3.4908648265569724,51.11661115227079],[-3.490445402270167,51.11645461327333],[-3.48986192482825,51.116084314758815],[-3.489501782190651,51.11554928184179],[-3.4886286204806343,51.11505675566241],[-3.4870967396802883,51.11451864115955],[-3.486477247279547,51.11391494791604],[-3.4856151046364525,51.11376401961659],[-3.4826483696984014,51.11392759108508],[-3.4803721847813707,51.113344863111486],[-3.479615141748224,51.11290476182353],[-3.4792727975424427,51.11202771228638],[-3.4781324101016295,51.11121471616148],[-3.4778826789402637,51.11055234013427],[-3.47744735109996,51.11034199366583],[-3.476656710522387,51.11019009601631],[-3.473782130755499,51.11010045614177],[-3.472908666029701,51.10958982972668],[-3.47207406621214,51.109402480237755],[-3.470992134966021,51.108624653634436],[-3.469957626646974,51.10843980421197],[-3.4685330158293937,51.1076662630974],[-3.4678155613690933,51.10756734869838],[-3.467133296872269,51.10722514977918],[-3.4664192664601865,51.107234108108685],[-3.4652680375436633,51.106520062869684],[-3.465098646699675,51.10477741045934],[-3.465584855923852,51.10388993468914],[-3.4657237936626206,51.102862912069796],[-3.4666486897554316,51.101394334104874],[-3.466773940044432,51.09993578397159],[-3.467422865840758,51.09877644683009],[-3.467502361906441,51.097678217532405],[-3.466828518465786,51.09714705249846],[-3.4667017811148186,51.09675291982414],[-3.466772188323479,51.0953670062535],[-3.4671651136142643,51.09514622656458],[-3.467597494999783,51.094367340466334],[-3.4684627106351575,51.093726915511205],[-3.4689155682656834,51.09359531398294],[-3.468680449777796,51.091583677344246],[-3.4693138292394017,51.08993886223909],[-3.470120698985429,51.08926318259655],[-3.4711074254398038,51.08795567362652],[-3.471779480923379,51.08753350276693],[-3.4723518894762746,51.08667189083112],[-3.472827789915851,51.08636910268826],[-3.4725600032755675,51.085131342797574],[-3.4716584962108468,51.083721687990185],[-3.4708397988304256,51.08312041942933],[-3.470379107852878,51.082100930854544],[-3.472585686002732,51.08054421870412],[-3.473378654175441,51.08033636378208],[-3.475507997175391,51.07905038079395],[-3.47605884410754,51.07841386434895],[-3.476345921649387,51.07756482742034],[-3.477294615721207,51.0768693165643],[-3.4772041419505078,51.07402843782593],[-3.4767977039578697,51.07381772408917],[-3.476522239492461,51.073236610975016],[-3.476824939315678,51.071982656078255],[-3.476040645776065,51.0715608636347],[-3.4760131870422857,51.070697810748854],[-3.4765074259982773,51.07007999324203],[-3.4766457497241388,51.069043964555796],[-3.477165924243714,51.06834487254109],[-3.477357580682963,51.06719124976522],[-3.477607537504758,51.066972239816195],[-3.4776409478830197,51.06443557832237],[-3.4780208631705136,51.062919822844414],[-3.4789777148004037,51.06159462873782],[-3.4793965386514194,51.06130152735842],[-3.481016594856925,51.06108314567557],[-3.482617105841017,51.06025341323301],[-3.4830362739342675,51.059078904843176],[-3.4841053020445427,51.057698280729696],[-3.4847745644964356,51.0563137322213],[-3.4847618291053584,51.05546847009828],[-3.484754188740529,51.05522960432234],[-3.4854605213408028,51.054560222288856],[-3.4857414908613134,51.05442174382528],[-3.4865705438346226,51.05446516334171],[-3.4880257860806356,51.055346020647534],[-3.4883557475362132,51.05584547041714],[-3.4890274947968534,51.05632257732125],[-3.4891087806258736,51.05707701897579],[-3.489519741421637,51.057431532854075],[-3.4934846840138514,51.05824433284369],[-3.495173638687434,51.059284002781816],[-3.496152977764633,51.05955927014605],[-3.4985098894169084,51.06095009017396],[-3.5004821062021203,51.061032710675484],[-3.5013153605076366,51.061201885107735],[-3.5030878669922147,51.0621684177885],[-3.503995115783103,51.06285826091726],[-3.504971665967507,51.063043552830045],[-3.506312805220276,51.06390766558761],[-3.507660330190344,51.06408815315361],[-3.508733045631934,51.06459594940407],[-3.513313138213677,51.064545718172894],[-3.512766358972333,51.06484960089516],[-3.511944301860682,51.06590351774641],[-3.5118264008720654,51.067541911539024],[-3.5110420258039694,51.06800174432053],[-3.51078476306712,51.068868473033675],[-3.511253683089391,51.070993936054734],[-3.511825500680346,51.07189491230347],[-3.5124216679714864,51.07354205393788],[-3.5119602242420997,51.07427651978198],[-3.512194882022304,51.07534374288392],[-3.511957060310365,51.075931414670684],[-3.511385520063756,51.076793214720716],[-3.510492305327282,51.0769846367284],[-3.509251311672593,51.077018655321],[-3.508035694073014,51.07739409639295],[-3.5064158610693195,51.0785122235526],[-3.506414729264499,51.07891695740727],[-3.5070226511920066,51.07961063421838],[-3.5068692067462948,51.08016123189194],[-3.5072834320327693,51.08060557899526],[-3.5079755105826247,51.080812502547275],[-3.5083023639644444,51.08120401068443],[-3.5087870379855053,51.0811797678897],[-3.5095088469156517,51.08142227368086],[-3.5099659263726375,51.081866057907504],[-3.509521203556331,51.082240546234814],[-3.5097003772382602,51.08248106367173],[-3.5092228395940612,51.08360245648464],[-3.508298362186472,51.08415401475683],[-3.5089544071197905,51.08456825398744],[-3.5093032424328103,51.085634007060136],[-3.510005944837511,51.086164556766036],[-3.510302698613144,51.08738387331749],[-3.5101356541385806,51.088393331678304],[-3.510836064793041,51.088851955989426],[-3.511553314891269,51.08895060834181],[-3.513174965243758,51.089631139975054],[-3.5143549022117524,51.08990365987488],[-3.5162167898426073,51.09094078712328],[-3.517456821576544,51.09130243391141],[-3.5181876657878886,51.091814581911855],[-3.5184690662205655,51.092557408311684],[-3.5197980557784465,51.093016806125135],[-3.520222250762591,51.09375777171865],[-3.5198652203198977,51.09419411435962],[-3.519609461676744,51.095105808142684],[-3.5195636243209814,51.09719295349033],[-3.5201704359653694,51.09914570055518],[-3.521319952724018,51.099787281092674],[-3.521334708154651,51.10023677626046]]]},"properties":{"WB_CAT":"River","RBD_ID":"8","MNCAT_NAME":"Devon East","RBD_NAME":"South West","OPCAT_ID":"3183","hydromorph":"not designated artificial or heavily modified","MANCAT_ID":"3033","url":"/catchment-planning/WaterBody/GB108045020910","OPCAT_NAME":"Exe Main","WB_ID":"GB108045020910","version":"2","WB_NAME":"Pulham"}},{"type":"Feature","geometry":{"bbox":[-3.6365426902651814,51.09472338819343,-3.5151316743685315,51.1638847620731],"type":"Polygon","coordinates":[[[-3.521334708154651,51.10023677626046],[-3.5229757711099503,51.10018843614719],[-3.52509491878131,51.09990898422604],[-3.526397240232278,51.099550224508526],[-3.5293747817448238,51.099313445902034],[-3.5308388819652863,51.098664719691136],[-3.533101884410577,51.09712411203042],[-3.534240471064571,51.09656954862125],[-3.538074384175663,51.09632130453609],[-3.5390508561702285,51.09604762445964],[-3.539307560828329,51.096466960416144],[-3.539414829847001,51.09797650017414],[-3.5424770828483187,51.09986079969797],[-3.543437290655931,51.099956051252725],[-3.5445909049201814,51.10028257752605],[-3.547595877164404,51.10044069777952],[-3.5481689357690622,51.10091877335983],[-3.5483982246985084,51.10350594080241],[-3.5481005816312257,51.10485894693859],[-3.5482394476393155,51.10559459627941],[-3.5492937254932504,51.1072174934676],[-3.5499936041258033,51.10763991678088],[-3.550177599392106,51.10801521502387],[-3.5507310830783516,51.10833164993286],[-3.5513561455130485,51.109078832796094],[-3.551997141230616,51.10944806300253],[-3.5531194763509077,51.10968498361152],[-3.556099932161637,51.10951943821502],[-3.5568506044869554,51.11017498245289],[-3.556984853647269,51.112043896611475],[-3.557284610132362,51.11288531742262],[-3.5571064230431277,51.11353524123627],[-3.558044658076535,51.11424224209385],[-3.558064388016179,51.119926030395476],[-3.55852279242271,51.12123300788591],[-3.5615547025285426,51.12130047863937],[-3.564323720623011,51.12162321347238],[-3.5650595120732875,51.122251923017004],[-3.5654147998055086,51.12346132300311],[-3.566551532228119,51.12411163572695],[-3.5668956180499216,51.124988412496435],[-3.5690537266182534,51.126254571474824],[-3.569938308222484,51.12705213494271],[-3.5702757731520234,51.127731128203216],[-3.5708594234745976,51.12808303838999],[-3.573826473462022,51.12833093928598],[-3.57646782090342,51.12908680689201],[-3.579814566990984,51.12914956120663],[-3.5808375115089692,51.1293875606438],[-3.582369872922941,51.12947475822175],[-3.583021381337794,51.1297177646957],[-3.5848425703980764,51.12989095682592],[-3.585222646618788,51.13013762981901],[-3.587064310434613,51.13049038503809],[-3.587794692659019,51.13094814468717],[-3.588150336176756,51.13214847840942],[-3.588999993940973,51.13274851062262],[-3.5891491697280418,51.133762777867624],[-3.588844830277028,51.13489113304587],[-3.5888769240837433,51.13582604735721],[-3.589345536141995,51.13781629187754],[-3.5896483032607005,51.13830683260392],[-3.5903828518274765,51.13888143833376],[-3.5928088643748475,51.13958590550666],[-3.5940364530288185,51.14036062786569],[-3.5961948315549037,51.140762885635006],[-3.5977369185690753,51.14070585070185],[-3.5985129289227515,51.140821157784174],[-3.6027527194951188,51.14063721033997],[-3.6045719124371147,51.140738174449545],[-3.6052932190616227,51.140512424289774],[-3.606824739561026,51.14056333958748],[-3.6077300799291128,51.1411085090155],[-3.6082136065742527,51.14185733619082],[-3.609212234743043,51.14261706152099],[-3.6096932997251745,51.14329396636863],[-3.610538434819202,51.14375000534012],[-3.6108678569673063,51.14417716846229],[-3.6124854895020517,51.145054250079944],[-3.6162051431842466,51.14552453860828],[-3.621914134302139,51.145229645446754],[-3.6227257962159367,51.14554216084439],[-3.623901474745633,51.14563376570566],[-3.6244863868816912,51.14600338017048],[-3.625152473096634,51.14705539029448],[-3.6262544508819703,51.14748975921893],[-3.627365303181788,51.14817581993614],[-3.628854485842059,51.14864075059953],[-3.6295147372647665,51.14911721596956],[-3.630764166693158,51.14967540076642],[-3.6312399148907812,51.15019040431258],[-3.6386642913098464,51.15470940681589],[-3.6387267174442335,51.15647131225347],[-3.6383341100582225,51.156692663437944],[-3.6379008746142074,51.15738225826868],[-3.6373532680993206,51.15766872323936],[-3.634721684957028,51.158074291335],[-3.6337934475321285,51.15851896313235],[-3.6322949377532088,51.15865434673941],[-3.6317476089730256,51.15890727591953],[-3.6306674944915867,51.15910221631072],[-3.6235552535847826,51.159399029454214],[-3.6203520114840426,51.16104048799319],[-3.6190143605103855,51.1612427408981],[-3.611458511534287,51.16154495617574],[-3.6110066640036287,51.161713068371135],[-3.6089088366512647,51.16184987123302],[-3.6075482464105266,51.16221034241103],[-3.6061080324992867,51.16233805409417],[-3.6049347918293253,51.16268692796896],[-3.60162135701771,51.16247153192894],[-3.6001752721883684,51.1620669661355],[-3.5958278832649175,51.16158839761843],[-3.5934822314989723,51.16162937381642],[-3.591123230553946,51.16207520185561],[-3.588310481678191,51.162221358716494],[-3.586889781609434,51.162501451627335],[-3.5881340748300996,51.16166614392796],[-3.588233848033609,51.16082308694628],[-3.5879395984201374,51.15600274042052],[-3.587338185921601,51.15514750735262],[-3.580900100716773,51.15339999460938],[-3.579841449653696,51.15255090348839],[-3.579657029776185,51.15217565838942],[-3.578666034549189,51.151631429342196],[-3.578328264922697,51.15095246560097],[-3.5777746924166602,51.15065414890173],[-3.576703293650278,51.149427465210884],[-3.5739605610971164,51.14782755464582],[-3.573451382645966,51.147150883770074],[-3.5730165031417123,51.14697685977321],[-3.5722319646338514,51.1470324794667],[-3.571574589933796,51.14680273923446],[-3.5709672273057738,51.146842520057646],[-3.569288869769886,51.14583977043441],[-3.5678712092506206,51.1453551377155],[-3.5677936585090047,51.145176303032706],[-3.5668032727065913,51.14506366457268],[-3.564716086773225,51.14507362312654],[-3.561303752578103,51.14479545792248],[-3.559374033941761,51.145234916889954],[-3.5564812806348525,51.14552533192615],[-3.555463536275315,51.14544888340567],[-3.5538399075945106,51.144786946516746],[-3.55124691874568,51.144209799700796],[-3.5499202213092547,51.14429934077386],[-3.5488163170454468,51.14463773992892],[-3.547538349862485,51.144474784790035],[-3.547129769451464,51.144228367335174],[-3.5470754731222525,51.143887324937104],[-3.546469696145969,51.143301753116475],[-3.545509060708432,51.142792818258165],[-3.5451522666410975,51.14238382283783],[-3.543879066967314,51.141932966484056],[-3.5422431415996996,51.140893296305045],[-3.5413880393178094,51.14075167778266],[-3.541341566094897,51.14009574999951],[-3.5402344053930537,51.138959144070085],[-3.5403584540676842,51.1383909066726],[-3.5399818355557633,51.138242974150025],[-3.5386091276367546,51.13823406280729],[-3.5378008390129443,51.13800186525422],[-3.537290592615096,51.13813448614892],[-3.5362003990378637,51.13802290141115],[-3.5354644950826186,51.138248415599016],[-3.534658904397448,51.138097104274145],[-3.534016451369124,51.13769182380023],[-3.5336175167418875,51.13686963604246],[-3.532267773023134,51.13668946893264],[-3.5314991486879954,51.13592607992296],[-3.530507874208129,51.135345474323245],[-3.530139133716886,51.133704452628606],[-3.5294244800288985,51.132841412999156],[-3.5293048933152833,51.1318176948022],[-3.5302818576163477,51.13110340412903],[-3.5302884418212566,51.13043778360982],[-3.5297875212380494,51.1299856591465],[-3.529575740165717,51.127901889115314],[-3.5291593853907313,51.12741268080877],[-3.527701279439498,51.127404759638026],[-3.525806284925035,51.12715069833806],[-3.5245575275444017,51.1265554149311],[-3.522659331973826,51.12620241377329],[-3.5219879869268897,51.12577945647945],[-3.5213243339049516,51.125590231660574],[-3.5201269158322916,51.12481435909059],[-3.519291856554548,51.12462735111929],[-3.5183575301682666,51.12402791582566],[-3.51616847820548,51.12351669977799],[-3.51380525956599,51.12335844343593],[-3.5144872711809145,51.12280100446187],[-3.5150431263086763,51.121444747247715],[-3.515568879423913,51.12091629839596],[-3.51550834071618,51.117319598633735],[-3.5157057201196413,51.115491315805386],[-3.516239071128445,51.11432421059881],[-3.516901077775759,51.11359612576],[-3.517133425510576,51.11283763837115],[-3.51660486570204,51.11153141261188],[-3.5172453311539487,51.11101945411431],[-3.517401985424093,51.11056773476235],[-3.5189095855058983,51.10948689801249],[-3.5193719996747688,51.10528981052432],[-3.520306736239352,51.104171429006506],[-3.5206776446771277,51.103285218611965],[-3.5205129704245848,51.1017494310944],[-3.519982429353408,51.10125268092904],[-3.5207840261950847,51.10043281898145],[-3.521334708154651,51.10023677626046]]]},"properties":{"WB_CAT":"River","RBD_ID":"8","MNCAT_NAME":"Devon East","RBD_NAME":"South West","OPCAT_ID":"3183","hydromorph":"not designated artificial or heavily modified","MANCAT_ID":"3033","url":"/catchment-planning/WaterBody/GB108045020920","OPCAT_NAME":"Exe Main","WB_ID":"GB108045020920","version":"2","WB_NAME":"Quarme"}},{"type":"Feature","geometry":{"bbox":[-3.7886366678510255,51.08279045955591,-3.541524742231807,51.17039304201266],"type":"Polygon","coordinates":[[[-3.5813769555921673,51.08909709698188],[-3.581423396577127,51.090040827997655],[-3.5820425613016575,51.09060805361889],[-3.5834196890966497,51.090787270936616],[-3.584116550877942,51.09111959402382],[-3.58663064931923,51.091553174307194],[-3.5876558721378906,51.09188101896257],[-3.588284591374636,51.091890465509266],[-3.5913162990617518,51.09283855252655],[-3.59426793656807,51.09477697333621],[-3.594572010380639,51.09531245483745],[-3.5960858936521225,51.09530978171772],[-3.5979504596033727,51.09553613499541],[-3.599018677656761,51.095863292797176],[-3.6009925212144847,51.09594420168562],[-3.604060111101066,51.0966756167534],[-3.6048751129673016,51.0967004056616],[-3.607272433153167,51.09745892471055],[-3.6113289727109676,51.09787075788521],[-3.6131863179211665,51.09829483258889],[-3.614661349662598,51.09881409758604],[-3.616646297804805,51.10002781206316],[-3.6182641982441437,51.10054505601147],[-3.621621493503711,51.100966211164916],[-3.6238173169857584,51.10248266966207],[-3.624157271447838,51.10321544131225],[-3.6247485767544023,51.10378282985344],[-3.6258850088182535,51.104414585678924],[-3.626251514068868,51.105902463793285],[-3.626673183151311,51.106112449109254],[-3.6269012596295083,51.106505003834975],[-3.627165000486592,51.11157385166344],[-3.628332116626114,51.11225911986773],[-3.62983289315421,51.11227418242201],[-3.6340337271342804,51.112683222010226],[-3.6344830968782267,51.113270533005114],[-3.6346874663510573,51.114203033654505],[-3.635957278092727,51.11536346313696],[-3.6361734210149903,51.11581912356401],[-3.6368678576031863,51.11606123005665],[-3.6373388700286804,51.11645036290286],[-3.6376102336443297,51.11644656218762],[-3.638185366606405,51.11695115291656],[-3.638285370520654,51.11735447379016],[-3.6378553269728027,51.11772025212925],[-3.6380733826297647,51.11782512306014],[-3.638236560756058,51.118398441441194],[-3.63851603334032,51.12064298078237],[-3.6391267620088734,51.12094021009821],[-3.6400888614876035,51.12107061900266],[-3.6405561309183114,51.121351865595464],[-3.641914364739637,51.12136877448763],[-3.6428952292888708,51.12162481037389],[-3.6454406695483645,51.123279853746496],[-3.6468946813432863,51.12397888778041],[-3.650111075062822,51.124401217082365],[-3.6518858728640313,51.125275538214204],[-3.652246674868779,51.12577409445392],[-3.6536832128363286,51.126779081703816],[-3.653922717489077,51.128682385104526],[-3.654223212133187,51.1290918500255],[-3.662386741497459,51.130343129994884],[-3.662968531084298,51.13062265943725],[-3.663407314583579,51.131695677586954],[-3.663490984103831,51.13402388866988],[-3.663312925172531,51.13463800186917],[-3.6635707874364534,51.1362442280077],[-3.663474574950747,51.136749250868576],[-3.6626743470768264,51.137156360527484],[-3.6640213440497496,51.13724512516091],[-3.665504706648482,51.13754778379943],[-3.666447754044949,51.137534347640006],[-3.667082321506435,51.13729146284751],[-3.6681656558055478,51.13720406202199],[-3.668819657923462,51.13750052006224],[-3.6699958608130583,51.137609641038736],[-3.6706972894332726,51.13803132487484],[-3.674900792698782,51.138438869085306],[-3.6771293288139413,51.13957612479342],[-3.6776549178042393,51.14066583260931],[-3.678804657691356,51.14122493662238],[-3.6799003907691406,51.14108328643768],[-3.68390212327886,51.141043715278116],[-3.684433562255394,51.14150374051711],[-3.6873946680673937,51.14115525744942],[-3.6881275101675217,51.1416483349187],[-3.6892558892912546,51.14200978070221],[-3.690748922073707,51.14295953716339],[-3.6923852243177735,51.14313373096975],[-3.6932045502576654,51.14364351286058],[-3.6951490862438883,51.14442478583884],[-3.696847892472668,51.14474191287613],[-3.6998409873417666,51.14448258953156],[-3.701531892257654,51.14458391116353],[-3.704580784749578,51.14428767892015],[-3.7057725610318593,51.14403645991786],[-3.710203877861008,51.144007709892726],[-3.7115930173829805,51.143681593789],[-3.7133390781359923,51.14372797410087],[-3.7137917582314555,51.14398215346393],[-3.7142204651491095,51.143975869534415],[-3.7151942085096654,51.14440229894946],[-3.7165102541532353,51.14441896325215],[-3.7170114708174893,51.14482532242855],[-3.718080314209036,51.14511541457823],[-3.7183176430326332,51.14534576782924],[-3.7192681723595067,51.14552966133595],[-3.719941583063988,51.14595146395348],[-3.7207193035774426,51.146101911893744],[-3.721346762401297,51.14605670164316],[-3.7219331156378614,51.14644379891314],[-3.7228810032829363,51.1465557511636],[-3.726047664606443,51.148649592934476],[-3.7269866843103068,51.14890554491578],[-3.7285627958532936,51.148990184101],[-3.7315413553449774,51.14948574980672],[-3.7342596128661554,51.15104637759157],[-3.7360746058069934,51.151397189174375],[-3.737565516119852,51.15225644550115],[-3.7395547975255856,51.15267656456701],[-3.7410881783689365,51.15276167123308],[-3.742047072014053,51.15316110906693],[-3.7429713649852423,51.15302142214855],[-3.7452268649753044,51.15329357478995],[-3.7463512498504308,51.153150874775484],[-3.7491716755777813,51.153612379152655],[-3.7530403025245085,51.15380627831037],[-3.7604236631589645,51.15391121639322],[-3.76212392815603,51.154245364224494],[-3.762590896863543,51.154490155903126],[-3.7640631926554247,51.15484570019548],[-3.7660258472454533,51.15605723512877],[-3.766719492641313,51.15624462366957],[-3.768071618922193,51.15719552962633],[-3.7725669627354788,51.157685100111166],[-3.774726931675828,51.15806606025354],[-3.783061066612376,51.15795727354593],[-3.7840867679293906,51.15785169089526],[-3.784749565282975,51.157607735649435],[-3.78557861122269,51.1575950801149],[-3.786053088194175,51.157659785819824],[-3.7873809315227716,51.15834102392776],[-3.7901362116931656,51.15857768117061],[-3.7915656266397573,51.158555791503076],[-3.79073651512288,51.15893725100071],[-3.7854400351984223,51.16252585962376],[-3.784775783711788,51.1645866094707],[-3.784105950012804,51.164650793328406],[-3.7832463698562484,51.16498768381897],[-3.782387035507258,51.16570230800321],[-3.7817118923725164,51.16600040034194],[-3.781634773338132,51.1662264226843],[-3.7809329548111554,51.16583238660629],[-3.779402997167102,51.16547793108582],[-3.778435923485101,51.16488105604198],[-3.775231790649139,51.164138273802045],[-3.7744911587126753,51.164221464978866],[-3.7738745489085455,51.1645545993973],[-3.7726927943994517,51.16469843248436],[-3.771908054594334,51.16512404363607],[-3.769416171828003,51.16542259400786],[-3.7690441205148466,51.16541922848381],[-3.7686328164547307,51.16513764489258],[-3.7674796222769515,51.165280993183835],[-3.764371123325598,51.16516604057254],[-3.7637784851473266,51.165004086174484],[-3.7637716267889867,51.16482431195436],[-3.7642640780436345,51.164610034690966],[-3.7638091294014746,51.16393336179295],[-3.760241886709315,51.163789242107406],[-3.7584670674670724,51.16338423561084],[-3.7584132403932724,51.163097240802315],[-3.7569031017260905,51.16137512435943],[-3.7552311284013102,51.1602849892544],[-3.7538846742622787,51.160233239050605],[-3.7534211211926536,51.16045604322572],[-3.751547109784943,51.1604481501914],[-3.751297969676928,51.1606677343715],[-3.750786749234935,51.16076532755568],[-3.74835589345863,51.16078370604529],[-3.748020964862903,51.16100456563302],[-3.7461579775656477,51.16128913310821],[-3.744174129874618,51.16140376781368],[-3.7430686407269556,51.16129433572951],[-3.741418502444391,51.16153477142195],[-3.7388989112996893,51.16147675530151],[-3.7370421741974598,51.16116814953014],[-3.736101620893718,51.160498582427714],[-3.735174586830014,51.160188561657115],[-3.734516606358091,51.15942485040098],[-3.7325993737728704,51.1586438229925],[-3.7305076480212764,51.15854887979264],[-3.7293948610381094,51.15824156201071],[-3.7272828207986417,51.15798497224454],[-3.7266015840560414,51.15774320411039],[-3.724333683998896,51.15752483767726],[-3.7242282613492472,51.157382490408104],[-3.7225053466510194,51.15758775705955],[-3.7190461039588487,51.157638657205666],[-3.7184234276919956,51.15743195621391],[-3.717595690347122,51.157480091555385],[-3.7165092130729502,51.15672257292497],[-3.7142766582859688,51.15668336993212],[-3.708260448166323,51.1572031093512],[-3.707558342284319,51.15755512883179],[-3.7070158158178903,51.15758103676116],[-3.706084981020499,51.157936385706634],[-3.705259871430942,51.15805634591516],[-3.7045148452017433,51.15840897271701],[-3.7029387185075544,51.15871973673982],[-3.7012245055889657,51.15955413017117],[-3.699941736374801,51.160454178106605],[-3.698716291877399,51.16057991021603],[-3.6980459534422296,51.16102134853392],[-3.6969122000964316,51.16130761905059],[-3.6947179066062312,51.16153730088352],[-3.6924067717596163,51.16209240962369],[-3.6890291256205203,51.16242904075087],[-3.6875574201753536,51.162864001197576],[-3.6834783969352918,51.16279687478394],[-3.6813222731654016,51.1628998417567],[-3.6777751587391423,51.16527118132589],[-3.676355880031424,51.16557933436489],[-3.6757963740045616,51.16592911673961],[-3.67435172217228,51.166327546713426],[-3.6724651322628414,51.167163981025425],[-3.670910280866378,51.16807657971795],[-3.6703445024030823,51.16825555310922],[-3.6643526037517957,51.16870970833045],[-3.6624948457233124,51.16836739504002],[-3.6616341497312592,51.16790349566342],[-3.6612875094052852,51.16741322257996],[-3.6589482387912566,51.16600742256249],[-3.657244383919533,51.16556390189271],[-3.6564474610746807,51.16408222465766],[-3.6533197839490383,51.16221980028023],[-3.6465202669475216,51.161668173092515],[-3.6425143375245033,51.15922423424321],[-3.6418327020100296,51.15897298615217],[-3.6408719709915074,51.15886170353774],[-3.6392071718815395,51.157921569691794],[-3.6373532680993206,51.15766872323936],[-3.6379008746142074,51.15738225826868],[-3.6383341100582225,51.156692663437944],[-3.6387267174442335,51.15647131225347],[-3.6386642913098464,51.15470940681589],[-3.6312399148907812,51.15019040431258],[-3.630764166693158,51.14967540076642],[-3.6295147372647665,51.14911721596956],[-3.628854485842059,51.14864075059953],[-3.627365303181788,51.14817581993614],[-3.6262544508819703,51.14748975921893],[-3.625152473096634,51.14705539029448],[-3.6244863868816912,51.14600338017048],[-3.623901474745633,51.14563376570566],[-3.6227257962159367,51.14554216084439],[-3.621914134302139,51.145229645446754],[-3.6162051431842466,51.14552453860828],[-3.6124854895020517,51.145054250079944],[-3.6108678569673063,51.14417716846229],[-3.610538434819202,51.14375000534012],[-3.6096932997251745,51.14329396636863],[-3.609212234743043,51.14261706152099],[-3.6082136065742527,51.14185733619082],[-3.6077300799291128,51.1411085090155],[-3.606824739561026,51.14056333958748],[-3.6052932190616227,51.140512424289774],[-3.6045719124371147,51.140738174449545],[-3.6027527194951188,51.14063721033997],[-3.5985129289227515,51.140821157784174],[-3.5977369185690753,51.14070585070185],[-3.5961948315549037,51.140762885635006],[-3.5940364530288185,51.14036062786569],[-3.5928088643748475,51.13958590550666],[-3.5903828518274765,51.13888143833376],[-3.5896483032607005,51.13830683260392],[-3.589345536141995,51.13781629187754],[-3.5888769240837433,51.13582604735721],[-3.588844830277028,51.13489113304587],[-3.5891491697280418,51.133762777867624],[-3.588999993940973,51.13274851062262],[-3.588150336176756,51.13214847840942],[-3.587794692659019,51.13094814468717],[-3.587064310434613,51.13049038503809],[-3.585222646618788,51.13013762981901],[-3.5848425703980764,51.12989095682592],[-3.583021381337794,51.1297177646957],[-3.582369872922941,51.12947475822175],[-3.5808375115089692,51.1293875606438],[-3.579814566990984,51.12914956120663],[-3.57646782090342,51.12908680689201],[-3.573826473462022,51.12833093928598],[-3.5708594234745976,51.12808303838999],[-3.5702757731520234,51.127731128203216],[-3.569938308222484,51.12705213494271],[-3.5690537266182534,51.126254571474824],[-3.5668956180499216,51.124988412496435],[-3.566551532228119,51.12411163572695],[-3.5654147998055086,51.12346132300311],[-3.5650595120732875,51.122251923017004],[-3.564323720623011,51.12162321347238],[-3.5615547025285426,51.12130047863937],[-3.55852279242271,51.12123300788591],[-3.558064388016179,51.119926030395476],[-3.558044658076535,51.11424224209385],[-3.5571064230431277,51.11353524123627],[-3.557284610132362,51.11288531742262],[-3.556984853647269,51.112043896611475],[-3.5568506044869554,51.11017498245289],[-3.556099932161637,51.10951943821502],[-3.5531194763509077,51.10968498361152],[-3.551997141230616,51.10944806300253],[-3.5513561455130485,51.109078832796094],[-3.5507310830783516,51.10833164993286],[-3.550177599392106,51.10801521502387],[-3.5499936041258033,51.10763991678088],[-3.5492937254932504,51.1072174934676],[-3.5482394476393155,51.10559459627941],[-3.5481005816312257,51.10485894693859],[-3.5483982246985084,51.10350594080241],[-3.5481689357690622,51.10091877335983],[-3.547595877164404,51.10044069777952],[-3.5445909049201814,51.10028257752605],[-3.543437290655931,51.099956051252725],[-3.5424770828483187,51.09986079969797],[-3.539414829847001,51.09797650017414],[-3.539307560828329,51.096466960416144],[-3.5390508561702285,51.09604762445964],[-3.5397499682687292,51.09516603167009],[-3.5412816566523593,51.094840058337645],[-3.546056800216072,51.0915572289136],[-3.549385188728917,51.09115340836897],[-3.556059286783362,51.090866891126936],[-3.557149182286607,51.090150861935086],[-3.558056119420405,51.089940913464964],[-3.557193327069169,51.0880637142758],[-3.5564930796453256,51.08762335114914],[-3.556361385231724,51.08710346470745],[-3.5568060734308253,51.086737791146106],[-3.557547097913951,51.08669194414807],[-3.558726140675741,51.0860826368454],[-3.5614095540823296,51.0860468222216],[-3.564970607159157,51.08662876501361],[-3.566158655348118,51.0871344932515],[-3.5668759889524297,51.0872328053513],[-3.569296554039654,51.0887112920813],[-3.5700281925961947,51.08880939289944],[-3.5708849939524634,51.089229584091974],[-3.5718307598534826,51.089324795832624],[-3.572929643731591,51.08972372898163],[-3.5782882807522673,51.08939967154015],[-3.5793651705565446,51.089151287019334],[-3.5813769555921673,51.08909709698188]]]},"properties":{"WB_CAT":"River","RBD_ID":"8","MNCAT_NAME":"Devon East","RBD_NAME":"South West","OPCAT_ID":"3183","hydromorph":"not designated artificial or heavily modified","MANCAT_ID":"3033","url":"/catchment-planning/WaterBody/GB108045020930","OPCAT_NAME":"Exe Main","WB_ID":"GB108045020930","version":"2","WB_NAME":"Exe (Source to Quarme)"}},{"type":"Feature","geometry":{"bbox":[-3.553448466835495,50.56603825441792,-3.4637674097488724,50.62686911242621],"type":"Polygon","coordinates":[[[-3.4645698443725332,50.57930554458896],[-3.465060006864028,50.579272401381886],[-3.4670030826048546,50.57725117233187],[-3.4679271594367873,50.57698768333494],[-3.468101912980051,50.57624793496121],[-3.4690723718895784,50.57566005147422],[-3.4696772612492928,50.57558046362355],[-3.4710054729770508,50.576049394790026],[-3.472219737523592,50.5760340505447],[-3.473437459837978,50.575676860309464],[-3.474115830227266,50.57523654109127],[-3.4751386600808267,50.574971744361704],[-3.4761478547516673,50.57517482364978],[-3.477333855896275,50.57515978421745],[-3.479415587764192,50.57488151187455],[-3.4808614034500356,50.57414357793429],[-3.4815569342995656,50.57290248860465],[-3.4820959478647384,50.572524792172764],[-3.487891767038859,50.57223708103299],[-3.4885197143388034,50.57199519968031],[-3.491862194923548,50.57139476926974],[-3.4932687655436045,50.57076511617223],[-3.493971234603161,50.570648172336746],[-3.494213404895984,50.57026729679423],[-3.4953550975911516,50.56974895041924],[-3.4960558374666784,50.56957804917097],[-3.497988761108101,50.569517222449335],[-3.499546068379977,50.569191366341876],[-3.5005944048194437,50.56840433545067],[-3.5010124313516378,50.56733759738734],[-3.5016420097328584,50.5671316014762],[-3.5015541482681916,50.56705177858359],[-3.502689677190351,50.56703713074886],[-3.5031069598342888,50.56703174519835],[-3.50339507621048,50.56676719075291],[-3.5037880450004613,50.56669016065674],[-3.5085307035153153,50.56794201508287],[-3.5114055960448436,50.56819256075094],[-3.5134009526601613,50.568760282764636],[-3.5161001657344766,50.56881511669267],[-3.520863566818715,50.5685011557984],[-3.521820823607263,50.56796696797033],[-3.5224096645359304,50.567833347899736],[-3.5234017004281046,50.567064834804704],[-3.525164898247756,50.56743751329291],[-3.526971801124069,50.56741383333656],[-3.527675295695052,50.56733265011882],[-3.527825081599029,50.56715978372991],[-3.528954388142935,50.56714496130694],[-3.5285804900591717,50.567374738384046],[-3.5283974061860195,50.567826867452034],[-3.527871447275031,50.56815757221313],[-3.5277678198470985,50.56844675635558],[-3.527789630585197,50.569121058879595],[-3.52831789846593,50.57060721627528],[-3.528386853345868,50.57273801061762],[-3.5280782758890665,50.573677489189706],[-3.528153337515984,50.575997087081085],[-3.528599310419942,50.577556277829544],[-3.5289766053234457,50.577866132443475],[-3.5282185022488606,50.5788834675836],[-3.527597762968482,50.580654533636974],[-3.527772695168863,50.58256806678016],[-3.5281814689045694,50.58297645036052],[-3.5290843532613527,50.584682547758064],[-3.5293286587468358,50.586118458739264],[-3.530181833718048,50.587159607634185],[-3.5308731171294148,50.58756426954906],[-3.531493679562993,50.58840159293765],[-3.5320408463808457,50.588718198092934],[-3.5332468096532845,50.59017742425451],[-3.536355362040465,50.591917368233666],[-3.5375862747148608,50.59326828663887],[-3.538421884184349,50.59376094341648],[-3.5385412176880426,50.59482071661695],[-3.5387612945389524,50.595069654846085],[-3.540322593179127,50.59571460892828],[-3.5408021821408973,50.59655374707436],[-3.54146544431673,50.59695871715597],[-3.541550142665426,50.59782106677195],[-3.5426672098955114,50.59827398974908],[-3.54342408931343,50.59894754328811],[-3.5439679282955465,50.599156202999005],[-3.5443210726908876,50.59958325641951],[-3.5446924675972693,50.59970425424991],[-3.545174531629946,50.600615297402854],[-3.5461522039357445,50.60112400325065],[-3.5467785253040502,50.60212306952034],[-3.5470645966006447,50.60222720394554],[-3.5483230157951517,50.601814724964],[-3.549178285447742,50.602037209102946],[-3.5492813508052334,50.60259349628348],[-3.5502977029363616,50.603416459975925],[-3.5506831506551864,50.60482346288064],[-3.551375887057984,50.60611843812064],[-3.551278535143126,50.606596442192064],[-3.550644903743757,50.60709957567351],[-3.550770639092379,50.60748466431582],[-3.55345067746688,50.607745764511385],[-3.5534595606793187,50.60801548044423],[-3.5531684586133583,50.60819026296541],[-3.552270747437823,50.60840010838427],[-3.552201065966984,50.608859755361465],[-3.552858702812732,50.61080279137323],[-3.5532667574310786,50.61117511869534],[-3.553858473177969,50.61283120454517],[-3.5540199865311197,50.615158618093275],[-3.5544417220084887,50.61594450433133],[-3.55510952717096,50.616475259059364],[-3.5548176239818927,50.61962721899624],[-3.5541993516473465,50.62231581934078],[-3.5532361318052326,50.623120178829474],[-3.5521667661568332,50.623278343595516],[-3.551580425019435,50.62436548937488],[-3.5506641888866954,50.62488137865974],[-3.5502979015994596,50.62492223162804],[-3.5496466863283707,50.625758385803145],[-3.54825862700321,50.62568689755121],[-3.547633721369693,50.62474178943049],[-3.546683804516032,50.62423272726067],[-3.544953395090397,50.624498533957464],[-3.5449504484891583,50.6244086285427],[-3.544944555331796,50.624228817708634],[-3.5442122396369586,50.623887749370496],[-3.5422141617641603,50.62375231849216],[-3.54123897209842,50.62376522470757],[-3.5400340910910133,50.62410495956422],[-3.537354039411474,50.62430225898489],[-3.535819432314584,50.62407065664656],[-3.5352971633717445,50.6236637966253],[-3.5334752444674598,50.62329203867726],[-3.5332772825225276,50.62242218355089],[-3.532789750242464,50.62221273287398],[-3.5324056400472497,50.62170510311672],[-3.5310366438393044,50.62134533724383],[-3.5297131126881673,50.62064316952337],[-3.528936246120563,50.61935816875683],[-3.5282774334716325,50.619096980597206],[-3.527742466919642,50.6182944979394],[-3.5274698880843482,50.6181721502688],[-3.5267863305808693,50.618019211523176],[-3.5245829679009733,50.61808404744745],[-3.5240012475373232,50.61801970393612],[-3.5236262726888246,50.61779075360347],[-3.5230097132448868,50.617960716300075],[-3.522098797110767,50.6186472053447],[-3.5207147055576193,50.618251532754876],[-3.5204639988558966,50.617931010975276],[-3.520383410291415,50.617185524372935],[-3.5196917757799495,50.616780805226895],[-3.5190433543605892,50.61596177423992],[-3.517803200164687,50.615204417995606],[-3.5176687412009042,50.61454058127563],[-3.518164127309836,50.61412038159781],[-3.5184002375450016,50.61355065420153],[-3.518250724075649,50.61241930308008],[-3.5166238579871067,50.61018289052094],[-3.5157870223372982,50.60965411650792],[-3.5154628927937543,50.60924458942092],[-3.5137327848718534,50.608187752259035],[-3.511897796309312,50.607384095451145],[-3.5108465641451767,50.60633639083309],[-3.5099343028290195,50.6060963756371],[-3.507847365826651,50.60624933242832],[-3.5065170209266876,50.606194590854905],[-3.5046946383221624,50.60533669140758],[-3.503134264779195,50.60515896042671],[-3.5023774700845345,50.60491687986497],[-3.5008764900962848,50.604828297037415],[-3.49824042542284,50.60371094568103],[-3.4956769559535905,50.603096291475886],[-3.4947834010186973,50.602550106860384],[-3.494457224270171,50.60206859254695],[-3.4931986816310268,50.60159903379014],[-3.4927823623725374,50.600947776003366],[-3.4928129814764937,50.60012888937077],[-3.4918177019963696,50.59904431926353],[-3.4908412176365937,50.59855313335057],[-3.4903681714336825,50.59789359849945],[-3.4893860501455074,50.59722258370639],[-3.488613228461473,50.59601821359408],[-3.486300450626106,50.59347533875446],[-3.484664731523599,50.59088781135563],[-3.4845875914717532,50.590232199834254],[-3.483668424120779,50.58975821240459],[-3.4835932783109067,50.58916553592245],[-3.4824366035098726,50.587426346352395],[-3.4820844064409946,50.58610864416473],[-3.481138229072168,50.58567095841537],[-3.4805004752467625,50.585607111757184],[-3.4788080684156633,50.58570056921841],[-3.4774314087090032,50.585951897097374],[-3.4745990854289905,50.58573594825904],[-3.4719244783384497,50.58514017063343],[-3.4709930953115493,50.58472020474854],[-3.4699605124923223,50.58467927559476],[-3.4664264258289585,50.58369846141761],[-3.4649425329199226,50.5836811585142],[-3.4644439880470363,50.583093795147676],[-3.463870763901118,50.582831168376046],[-3.462650191846789,50.582648626251476],[-3.462389879793648,50.58245401747018],[-3.4624864178456143,50.581922132975194],[-3.4629794565205017,50.581421245956065],[-3.4628547880650853,50.58104504522759],[-3.462583359606743,50.58094633407128],[-3.4645698443725332,50.57930554458896]]]},"properties":{"WB_CAT":"River","RBD_ID":"8","MNCAT_NAME":"Devon East","RBD_NAME":"South West","OPCAT_ID":"3114","hydromorph":"not designated artificial or heavily modified","MANCAT_ID":"3033","url":"/catchment-planning/WaterBody/GB108045008910","OPCAT_NAME":"Creedy and West Exe","WB_ID":"GB108045008910","version":"2","WB_NAME":"Dawlish Water"}},{"type":"Feature","geometry":{"bbox":[-3.584611145502845,50.67274272681817,-3.5018162544961156,50.70175753249402],"type":"Polygon","coordinates":[[[-3.54440111366272,50.67667344195569],[-3.5446840946388445,50.67666969138764],[-3.545863987930029,50.67596148532618],[-3.5475359139569878,50.67601124992081],[-3.547804399054418,50.67556695974598],[-3.548276283857963,50.6752818655317],[-3.55059954352241,50.67490918912681],[-3.551576973998631,50.67493215691336],[-3.552904463185811,50.67441078832929],[-3.5542986121503,50.67419432538006],[-3.5561057724723146,50.673198813997544],[-3.5575323317848104,50.67310780074807],[-3.558986734180971,50.673430139490456],[-3.5615863015518063,50.67456460504382],[-3.5633789242769343,50.67569185168351],[-3.5641501227204593,50.67589736843962],[-3.564101298286068,50.67613187792565],[-3.56480376001292,50.67682401003182],[-3.567017878737607,50.678701069307635],[-3.5706364600673166,50.67938989583342],[-3.5723102733387293,50.680338719288535],[-3.573341097216104,50.68068458272506],[-3.5749355344736577,50.68095086647017],[-3.5753178884639447,50.68137742946077],[-3.576422813088019,50.68139846592613],[-3.5781606054105053,50.681716732800716],[-3.5788543049807493,50.682139067670164],[-3.5796816733111703,50.68232573237899],[-3.5800044592073177,50.68266314360974],[-3.5809733477930172,50.68284788042429],[-3.5838973197419848,50.685596439994406],[-3.584414672846957,50.68750521332436],[-3.5851372402537254,50.68835884304898],[-3.582639211354964,50.68859966960815],[-3.5818686923778693,50.68884398455711],[-3.5800159272338417,50.68890509505925],[-3.5782836177373016,50.689180410114176],[-3.575964720555485,50.69054295851714],[-3.573226535483053,50.6912275478161],[-3.5714979716810635,50.69204237322829],[-3.5703156827050875,50.69225618509157],[-3.5698281111916326,50.692496607071035],[-3.5693456872435543,50.692467126519745],[-3.567681418274467,50.69351488248456],[-3.5633317678571923,50.69301565696865],[-3.5598239969231353,50.693134610634],[-3.558207618387516,50.693498017788585],[-3.5566102619578475,50.69443678728412],[-3.5560160331319284,50.69530818038171],[-3.554904477905728,50.69595261975624],[-3.554088849270856,50.69612539649231],[-3.5534872169575307,50.69591755255773],[-3.552554188707835,50.695965962324735],[-3.5513315360890156,50.69582034420239],[-3.550637875523574,50.69539784606],[-3.5494471075625524,50.69535971624218],[-3.5480952587267347,50.6947300868202],[-3.5465706769500467,50.69444451932304],[-3.5453510077053,50.693957013802205],[-3.544970024666253,50.69399804206272],[-3.5437674890305093,50.69360023641804],[-3.541875552791555,50.69333746163414],[-3.54141437041082,50.69309172012381],[-3.539793158224566,50.69287929698024],[-3.5387704777247033,50.69364832858999],[-3.537985782121849,50.693901533267464],[-3.5373889508957452,50.693837452700784],[-3.536738634400503,50.69473646888752],[-3.5359069822145357,50.69528709172671],[-3.5343616988408884,50.69566721857981],[-3.5331432102657843,50.695647275764536],[-3.5328936990906743,50.69581245565888],[-3.5330748218838774,50.69702430871631],[-3.5325174032041473,50.6973014693687],[-3.5324828493011586,50.69754477071112],[-3.532135995501112,50.697765194723836],[-3.532101346612827,50.69844022512399],[-3.531763660650592,50.69850762381411],[-3.530897613223935,50.69931050327783],[-3.531277081510007,50.70096047503896],[-3.5308204581742855,50.7012902688602],[-3.5302571227569244,50.70138760942025],[-3.5277668630883956,50.70102452670351],[-3.524737371511173,50.701064196310604],[-3.521168276979354,50.701497586356396],[-3.52038297204846,50.70130096324927],[-3.520469763710447,50.70048134808274],[-3.519669159865268,50.70024894251347],[-3.5184321158756613,50.70053489411844],[-3.5180548974981587,50.70113343260264],[-3.5172190784963386,50.70112632676872],[-3.5164242255107143,50.70063298893389],[-3.515918652168085,50.7007654858411],[-3.513834953267019,50.69938945430962],[-3.511027994235208,50.69841851423974],[-3.5098470065284295,50.697804216635866],[-3.5093801719966256,50.69737853595843],[-3.506130910957824,50.69585555804079],[-3.505491967211655,50.69536013127704],[-3.502592292098722,50.69501978860454],[-3.502190373712516,50.693963640462286],[-3.50155551640367,50.693594059974586],[-3.5016179935107643,50.693332413644725],[-3.501901080329929,50.69332876608352],[-3.5027928480070214,50.692876556024224],[-3.504552916612749,50.69256603046823],[-3.5051228749124212,50.69223487600877],[-3.506782923719193,50.69233934691177],[-3.509043524332442,50.69218417904337],[-3.509419030000804,50.69241316892479],[-3.510029962095554,50.692477209850416],[-3.5107691496235116,50.69212584628332],[-3.5111206797773646,50.69072716871508],[-3.5109904066877773,50.68843530419952],[-3.5110938079228524,50.68812815639239],[-3.5116200527110895,50.68776155892994],[-3.5119088673135597,50.6870562547673],[-3.512295883691799,50.68676341485638],[-3.5123868422317175,50.68606967088681],[-3.512171948626191,50.68555078796578],[-3.513083128331284,50.68482840928698],[-3.513371903856108,50.684123101502216],[-3.5145640368585926,50.683334101829864],[-3.514443301221404,50.68310181799635],[-3.5136386846262675,50.68273450878468],[-3.5134881843228714,50.68201691617752],[-3.5139435891377,50.681651227446274],[-3.5137899308433287,50.68127546111969],[-3.513273566981842,50.681066303005686],[-3.512256180917241,50.681565203630726],[-3.51161419777307,50.68141163421523],[-3.511967652141102,50.68007588667013],[-3.5126081589337175,50.67974377875642],[-3.513234776224946,50.67898011909034],[-3.5145648708248323,50.67896284049931],[-3.515554869324164,50.679813427275406],[-3.51722598282293,50.67939593180942],[-3.5179014774042816,50.679710932091766],[-3.5189520705284987,50.67980517578424],[-3.5204469311719166,50.68050523039278],[-3.522246084338308,50.681857879104],[-3.5251197192261086,50.681415562804204],[-3.526277884306956,50.680896716892214],[-3.527354484895097,50.68091858954175],[-3.528082714822777,50.68067519000494],[-3.5296781967785975,50.68054632669359],[-3.529892322218118,50.680165752964335],[-3.529822857907369,50.67977091315091],[-3.5304290832150613,50.679259269536395],[-3.5318169456064985,50.67927701277862],[-3.533622107346462,50.67993684262059],[-3.5356921294231523,50.68003550437379],[-3.536068251755606,50.68028238954696],[-3.5375716971649838,50.680370495749095],[-3.5391989389224863,50.68078074468007],[-3.5415225353194937,50.680839976211125],[-3.541845642240683,50.68033201739321],[-3.5434817352078745,50.679285001942375],[-3.5437788712162734,50.67884933642591],[-3.5448406690703744,50.678421524857626],[-3.54440111366272,50.67667344195569]]]},"properties":{"WB_CAT":"River","RBD_ID":"8","MNCAT_NAME":"Devon East","RBD_NAME":"South West","OPCAT_ID":"3114","hydromorph":"not designated artificial or heavily modified","MANCAT_ID":"3033","url":"/catchment-planning/WaterBody/GB108045009000","OPCAT_NAME":"Creedy and West Exe","WB_ID":"GB108045009000","version":"2","WB_NAME":"Matford Brook"}},{"type":"Feature","geometry":{"bbox":[-3.6144887886220918,50.61656684188785,-3.4672391140166736,50.70201803025545],"type":"Polygon","coordinates":[[[-3.54440111366272,50.67667344195569],[-3.54402760180094,50.676507504549534],[-3.541516745838861,50.6763428685842],[-3.539337245109023,50.67592195975992],[-3.535026811042478,50.67439580755949],[-3.5344349223380997,50.67447555753965],[-3.533272231611655,50.67528236632124],[-3.5328784108786047,50.67535950214331],[-3.5325630391660074,50.67523772892118],[-3.5326073349464617,50.67485938299693],[-3.533101744704599,50.67439416609894],[-3.5319998264013908,50.673590170060166],[-3.531545035441706,50.67353318745875],[-3.5314504906546675,50.67323761584299],[-3.5308746220122256,50.67293937381797],[-3.5305192793762274,50.672458345473984],[-3.5299203918099344,50.67232229970907],[-3.529686427990987,50.67209151753974],[-3.529583081559479,50.67065377505069],[-3.5294080543248207,50.67049417365181],[-3.528923541325475,50.670392599161836],[-3.5275650994765724,50.66952896617457],[-3.526508888492533,50.66925498711347],[-3.525468744346864,50.66860302467853],[-3.5241908777255926,50.66847583604254],[-3.5235881609486013,50.6677821571488],[-3.521914993344922,50.6672463704824],[-3.5200982875790023,50.666208747796965],[-3.51875347185461,50.66575857588238],[-3.517938684231395,50.665067631769],[-3.516455361745441,50.66470918132355],[-3.5159905400772784,50.66433746602613],[-3.5157136294970908,50.663648501888375],[-3.51597655793347,50.66302447005903],[-3.514954057043628,50.66291184693647],[-3.514635343487011,50.662682136507804],[-3.5134113543385186,50.6624641862959],[-3.513811996701141,50.661721443831],[-3.513361676497963,50.66179924817946],[-3.512778573945803,50.66214860575968],[-3.5122416454918985,50.66217356389216],[-3.5095618767690175,50.66289188237082],[-3.5088098789469777,50.66282966696406],[-3.508353201858798,50.662709658157944],[-3.5076783403334004,50.661962865273644],[-3.505962312431257,50.660959698217404],[-3.5057441050130596,50.66077363646825],[-3.505757728682504,50.66031474779288],[-3.5050520070964577,50.65992811313877],[-3.501988611517386,50.659266080198385],[-3.5011439786248064,50.65940288558094],[-3.5003358618741385,50.658909609250294],[-3.499351908577663,50.65867043221632],[-3.4977524988048656,50.658655024136884],[-3.495348197621426,50.65735473820784],[-3.4921676009136933,50.65744947819092],[-3.4912289964448804,50.65729959562948],[-3.489882430136913,50.65677715954003],[-3.4884996488873847,50.65600332858035],[-3.4872838448036068,50.65558712440986],[-3.4861422268349163,50.655727611566085],[-3.484193280062862,50.65539267853111],[-3.4828027176867984,50.6548167552592],[-3.48103372476017,50.654803276123985],[-3.4793399862787155,50.654483006730665],[-3.4785401406435223,50.653341881645986],[-3.477852837284202,50.653080770380406],[-3.477399716410698,50.653068527896444],[-3.4759521721554734,50.65247525704036],[-3.4745769972871576,50.65238473619423],[-3.4737082071337553,50.6517481344265],[-3.473200378353683,50.65089109843974],[-3.4719220906059642,50.65027764893246],[-3.470405571002712,50.650188864585296],[-3.469972343883964,50.649906511711606],[-3.4696376646994653,50.64915520793873],[-3.4683752930115346,50.64859548508386],[-3.4680162903117955,50.64797040411963],[-3.467581977463466,50.647652078662475],[-3.4658134040898942,50.64718864657978],[-3.4655233167514203,50.646958442499816],[-3.46588567789836,50.645874561650814],[-3.467245102373765,50.64501198091375],[-3.468582510291957,50.64378089274972],[-3.4692040945176834,50.64375506753962],[-3.4704901175364737,50.64428749977455],[-3.471200938668046,50.64485416546362],[-3.4716758890076576,50.645567716121754],[-3.472425792368664,50.64602594838831],[-3.4732329147549508,50.64605172309172],[-3.4738901209306663,50.646259275953355],[-3.474623168410045,50.64617804572946],[-3.4758647563259277,50.645622663481234],[-3.4776940275671873,50.644412221542574],[-3.47795263591679,50.64273598899628],[-3.479066841916413,50.64218218756685],[-3.4804615280499815,50.642002575282305],[-3.4822775492750977,50.64217736155623],[-3.483905201960786,50.64131117135354],[-3.4848474022488647,50.641137268515884],[-3.48590780931987,50.64112374931316],[-3.4863630859869867,50.64120788577448],[-3.486568404979474,50.6414391200525],[-3.4873652894407146,50.641590848470365],[-3.488663793572282,50.64150230937003],[-3.4898655178923947,50.64103722941066],[-3.4902200421906597,50.64061895380856],[-3.4910281286794347,50.64023085094667],[-3.4919544332517662,50.64000312751053],[-3.492256364986139,50.639711440388],[-3.492953736814909,50.637615808468745],[-3.4975414599234287,50.6368913439322],[-3.4980683909802393,50.636560771450064],[-3.4991246840757633,50.636421262829934],[-3.500764424708114,50.63595043202491],[-3.5014118945535215,50.63318980352991],[-3.5048533763274294,50.63113065378384],[-3.5056821041088506,50.62962687410552],[-3.5075907699354616,50.628289005739774],[-3.5081028635381037,50.62749986356443],[-3.5078963514093897,50.62723270432596],[-3.507938220077768,50.62677344718988],[-3.507620938801797,50.626579676534796],[-3.507693666099811,50.62620096983693],[-3.508867694650713,50.62577202634912],[-3.509342808670934,50.62515425112983],[-3.512270238318466,50.62340734523829],[-3.5128615273766974,50.623327712447484],[-3.5134591645240407,50.62344587152784],[-3.514401742263952,50.62285797861825],[-3.5166053461128164,50.62279333324707],[-3.5183149893745838,50.62143988721714],[-3.52008062717208,50.620949150450464],[-3.520465318416988,50.62060234149054],[-3.520429365586697,50.61948750072684],[-3.5199066999449515,50.61906258846913],[-3.519809736412988,50.61868608722225],[-3.5207147055576193,50.618251532754876],[-3.522098797110767,50.6186472053447],[-3.5230097132448868,50.617960716300075],[-3.5236262726888246,50.61779075360347],[-3.5240012475373232,50.61801970393612],[-3.5245829679009733,50.61808404744745],[-3.5267863305808693,50.618019211523176],[-3.5274698880843482,50.6181721502688],[-3.527742466919642,50.6182944979394],[-3.5282774334716325,50.619096980597206],[-3.528936246120563,50.61935816875683],[-3.5297131126881673,50.62064316952337],[-3.5310366438393044,50.62134533724383],[-3.5324056400472497,50.62170510311672],[-3.532789750242464,50.62221273287398],[-3.5332772825225276,50.62242218355089],[-3.5334752444674598,50.62329203867726],[-3.5352971633717445,50.6236637966253],[-3.535819432314584,50.62407065664656],[-3.537354039411474,50.62430225898489],[-3.5400340910910133,50.62410495956422],[-3.54123897209842,50.62376522470757],[-3.5422141617641603,50.62375231849216],[-3.5442122396369586,50.623887749370496],[-3.544944555331796,50.624228817708634],[-3.5449504484891583,50.6244086285427],[-3.5440950559486493,50.62462684749682],[-3.5429838042393964,50.625235205147646],[-3.5418271996601853,50.62532247445945],[-3.5410033327881756,50.62520745343088],[-3.540558696390004,50.625447189886714],[-3.5382218889724006,50.625765891415234],[-3.537538251854729,50.627348943379374],[-3.5359477512196387,50.629744455469016],[-3.5356492300047444,50.63099861711081],[-3.535321696206297,50.63136271137105],[-3.5354658303203843,50.63231422143258],[-3.535985853921092,50.632649154712844],[-3.5360652555570593,50.633349673335964],[-3.5371589541588517,50.63392888008169],[-3.538877705147009,50.63372630090244],[-3.539496940945432,50.63493236779368],[-3.539561381317898,50.63560609843298],[-3.5400555475512423,50.63601331077293],[-3.5398116607317305,50.636340333889855],[-3.538862678710764,50.63673063859793],[-3.5383689123944952,50.63806833452696],[-3.5392170831503265,50.6389205965922],[-3.540440571554721,50.63913828096211],[-3.541476142161426,50.6396642494459],[-3.542058727809214,50.64017821646641],[-3.5422431005079584,50.64062549718887],[-3.5425859507206368,50.64072889131691],[-3.5418695922421835,50.641314017023255],[-3.5419977077906633,50.64177103698598],[-3.5424963763630597,50.64231309567143],[-3.5413846915398426,50.64292144018554],[-3.5413752593497754,50.64306547568569],[-3.541623271651865,50.643296049190475],[-3.5424480460074514,50.643429043694724],[-3.5427755945876123,50.64392839435203],[-3.5435997939131405,50.644043399522985],[-3.545129797516531,50.644544795234296],[-3.5480295521572125,50.64454228070983],[-3.5497616536975625,50.64473512000738],[-3.5511684896678015,50.64450053212146],[-3.5521258973457983,50.64479359202744],[-3.55294598362176,50.64478266403007],[-3.5556064539968806,50.644387395204156],[-3.556446492662663,50.64412433207279],[-3.5567498298382048,50.64388642417226],[-3.556899887880365,50.64329078655821],[-3.5574270614303884,50.64297793001086],[-3.5575842424581583,50.642598062571416],[-3.5588299526601674,50.641771902855716],[-3.5595627719278924,50.64169014011286],[-3.560017583708645,50.64175600658259],[-3.5606061952367125,50.642017956726065],[-3.5605240752998846,50.642100001227654],[-3.56165515947668,50.642084845680984],[-3.562395401687908,50.64222783197626],[-3.563340299641562,50.642143201233736],[-3.5640323028237155,50.64168419156398],[-3.5646040203485536,50.64101092651691],[-3.56599494288431,50.64115413890363],[-3.5678828810563625,50.64263081919033],[-3.5679747467013856,50.643690926975566],[-3.5686535815213944,50.64453626103163],[-3.5689066286468307,50.64618783056255],[-3.5697675962813853,50.64655400011294],[-3.5706737444472725,50.646577765600846],[-3.571276014957698,50.64682148912667],[-3.571828632377638,50.64727275152645],[-3.5718108531970976,50.64758779673137],[-3.5728108693062537,50.64788011246917],[-3.5735894589887325,50.648319321456135],[-3.5739230793795955,50.64898939803563],[-3.5743602181721505,50.649370252889746],[-3.5757833062360826,50.6496208480308],[-3.577735326831133,50.6496124202643],[-3.5787216061692826,50.65033660466806],[-3.578795047714062,50.65083929816512],[-3.5800675127117967,50.65165853180552],[-3.5804900211109265,50.652444311977675],[-3.580111253193552,50.65296213221464],[-3.5796259445829586,50.65325653466892],[-3.5801311637262696,50.653555495053155],[-3.580253651449237,50.65383266140251],[-3.5802690386642024,50.654291168955915],[-3.5798111314675336,50.65498095555327],[-3.580168648681767,50.65551577361115],[-3.580047437126255,50.65612004442253],[-3.5795187630470044,50.656388050891096],[-3.5788257696546144,50.65639744306088],[-3.57880291042984,50.656559652568895],[-3.579308160345592,50.65685861608208],[-3.5799057804513144,50.656958447487824],[-3.580030388059825,50.657298546230145],[-3.580607576314042,50.65763250633903],[-3.581112500520125,50.65749973377574],[-3.581487467101579,50.65771051139717],[-3.58256355118101,50.65773187868583],[-3.584597891778192,50.65847775175872],[-3.5852442460229623,50.658343037836836],[-3.5859364476061657,50.65872937350143],[-3.5870155865705136,50.65884060253965],[-3.5877373096606804,50.65926250321874],[-3.5884481256954976,50.659360748474924],[-3.588838829759594,50.65961625482027],[-3.5884745159804323,50.66014290455065],[-3.588822462263235,50.660390004799886],[-3.589784441910842,50.662058842886005],[-3.590332253611795,50.66235717818608],[-3.5903684394488224,50.66259053955495],[-3.590921122499634,50.66303271653645],[-3.5911182074145245,50.66383952438692],[-3.5919398128236972,50.6647007623996],[-3.592768751975654,50.66661424264449],[-3.593445324924886,50.66736951918763],[-3.5933555928728933,50.6680633171301],[-3.592744118513404,50.6692319575737],[-3.592878894553666,50.66986871948258],[-3.5940130901573966,50.670761647030155],[-3.594349907593848,50.671512570776066],[-3.595478989294813,50.672252648897064],[-3.595894933752196,50.67283159073333],[-3.5954282307856293,50.673485579672565],[-3.5957389985143005,50.67491143829756],[-3.5965742347015115,50.675331730151406],[-3.5975264433149654,50.67544460228816],[-3.5982946272100063,50.675973734111054],[-3.5988732065327897,50.67717104950947],[-3.598565707525988,50.678119681928656],[-3.59899213205225,50.679004278971384],[-3.5995807267335853,50.679661788173284],[-3.600934725514498,50.67993101663432],[-3.603182363887384,50.67972922379904],[-3.6038929681858156,50.6795035798242],[-3.604275311120154,50.67950731141031],[-3.6047643671619105,50.679734432804985],[-3.605371533471132,50.6801038358934],[-3.605749943572259,50.680821682050194],[-3.6075554233437863,50.68187261500983],[-3.6080451074627606,50.682945189461435],[-3.6090350180677824,50.68374102380008],[-3.609398013074912,50.68441958721298],[-3.6105768591742358,50.68494296667167],[-3.611888617196098,50.68521265231729],[-3.6125122485543977,50.68564474534276],[-3.6125184128212866,50.68582454841887],[-3.6130665306773144,50.68900998724555],[-3.614520029835578,50.690105167893954],[-3.616932286425886,50.69107909984307],[-3.6170683861491812,50.69174279818804],[-3.616698500175528,50.69244049954937],[-3.616336874479347,50.69270635330276],[-3.61643152732824,50.69364045932275],[-3.6161666780640305,50.69392295900835],[-3.6150404714919278,50.694127453256975],[-3.614359853385942,50.69410090517609],[-3.6139872665125337,50.69438489209001],[-3.6145507367256946,50.695123623453604],[-3.6152054575360584,50.69556427210682],[-3.6151933868229444,50.69693005010861],[-3.616002846268822,50.69781980894288],[-3.615756090739357,50.698057084496256],[-3.61494004168677,50.69821230502596],[-3.61339394810294,50.69938496479053],[-3.612122603589076,50.70002320608421],[-3.6116204663669635,50.70011109997865],[-3.6105898930630973,50.699792546570436],[-3.610165226351915,50.699798414073925],[-3.6101375143528314,50.69898930119994],[-3.610012242153167,50.69905399881248],[-3.6095137246967606,50.698557197862115],[-3.6077111085348754,50.69802442445321],[-3.6070735357857933,50.697601486367915],[-3.605608823734521,50.69742379675481],[-3.6041638432269627,50.696993974140945],[-3.603526316132237,50.69657101615392],[-3.6014240795047114,50.69638405479536],[-3.5995442209216373,50.695240598208315],[-3.599359079691788,50.69479341928669],[-3.598605948274449,50.6943000657473],[-3.5972250710490425,50.69408514374955],[-3.596500891272223,50.69360936871594],[-3.5946622456710156,50.69325677589666],[-3.593229990838775,50.691771766675174],[-3.5917767238373237,50.69167723084503],[-3.590091440567388,50.691250516446814],[-3.5883246765656316,50.69008734820671],[-3.5876728166649916,50.68923276859701],[-3.586539601586593,50.68879848113909],[-3.58581419063951,50.688700421325926],[-3.5851372402537254,50.68835884304898],[-3.584414672846957,50.68750521332436],[-3.5838973197419848,50.685596439994406],[-3.5809733477930172,50.68284788042429],[-3.5800044592073177,50.68266314360974],[-3.5796816733111703,50.68232573237899],[-3.5788543049807493,50.682139067670164],[-3.5781606054105053,50.681716732800716],[-3.576422813088019,50.68139846592613],[-3.5753178884639447,50.68137742946077],[-3.5749355344736577,50.68095086647017],[-3.573341097216104,50.68068458272506],[-3.5723102733387293,50.680338719288535],[-3.5706364600673166,50.67938989583342],[-3.567017878737607,50.678701069307635],[-3.56480376001292,50.67682401003182],[-3.564101298286068,50.67613187792565],[-3.5641501227204593,50.67589736843962],[-3.5633789242769343,50.67569185168351],[-3.5615863015518063,50.67456460504382],[-3.558986734180971,50.673430139490456],[-3.5575323317848104,50.67310780074807],[-3.5561057724723146,50.673198813997544],[-3.5542986121503,50.67419432538006],[-3.552904463185811,50.67441078832929],[-3.551576973998631,50.67493215691336],[-3.55059954352241,50.67490918912681],[-3.548276283857963,50.6752818655317],[-3.547804399054418,50.67556695974598],[-3.5475359139569878,50.67601124992081],[-3.545863987930029,50.67596148532618],[-3.5446840946388445,50.67666969138764],[-3.54440111366272,50.67667344195569]]]},"properties":{"WB_CAT":"River","RBD_ID":"8","MNCAT_NAME":"Devon East","RBD_NAME":"South West","OPCAT_ID":"3114","hydromorph":"not designated artificial or heavily modified","MANCAT_ID":"3033","url":"/catchment-planning/WaterBody/GB108045009010","OPCAT_NAME":"Creedy and West Exe","WB_ID":"GB108045009010","version":"2","WB_NAME":"Kenn"}},{"type":"Feature","geometry":{"bbox":[-3.6377826744974775,50.68763090493424,-3.4974732874743015,50.74543560526768],"type":"Polygon","coordinates":[[[-3.495831066945073,50.69388667445783],[-3.4960010942603112,50.69303556427782],[-3.4962247124063865,50.69294307089214],[-3.4982033740575256,50.694158868024765],[-3.4987955751421476,50.694079299668616],[-3.4994849555747263,50.693494796606906],[-3.500391410934402,50.693501119780905],[-3.5002343778019487,50.69301744826851],[-3.500483416823459,50.692834356116414],[-3.5016179935107643,50.693332413644725],[-3.50155551640367,50.693594059974586],[-3.502190373712516,50.693963640462286],[-3.502592292098722,50.69501978860454],[-3.505491967211655,50.69536013127704],[-3.506130910957824,50.69585555804079],[-3.5093801719966256,50.69737853595843],[-3.5098470065284295,50.697804216635866],[-3.511027994235208,50.69841851423974],[-3.513834953267019,50.69938945430962],[-3.515918652168085,50.7007654858411],[-3.5164242255107143,50.70063298893389],[-3.5172190784963386,50.70112632676872],[-3.5180548974981587,50.70113343260264],[-3.5184321158756613,50.70053489411844],[-3.519669159865268,50.70024894251347],[-3.520469763710447,50.70048134808274],[-3.52038297204846,50.70130096324927],[-3.521168276979354,50.701497586356396],[-3.524737371511173,50.701064196310604],[-3.5277668630883956,50.70102452670351],[-3.5302571227569244,50.70138760942025],[-3.5308204581742855,50.7012902688602],[-3.531277081510007,50.70096047503896],[-3.530897613223935,50.69931050327783],[-3.531763660650592,50.69850762381411],[-3.532101346612827,50.69844022512399],[-3.532135995501112,50.697765194723836],[-3.5324828493011586,50.69754477071112],[-3.5325174032041473,50.6973014693687],[-3.5330748218838774,50.69702430871631],[-3.5328936990906743,50.69581245565888],[-3.5331432102657843,50.695647275764536],[-3.5343616988408884,50.69566721857981],[-3.5359069822145357,50.69528709172671],[-3.536738634400503,50.69473646888752],[-3.5373889508957452,50.693837452700784],[-3.537985782121849,50.693901533267464],[-3.5387704777247033,50.69364832858999],[-3.539793158224566,50.69287929698024],[-3.54141437041082,50.69309172012381],[-3.541875552791555,50.69333746163414],[-3.5437674890305093,50.69360023641804],[-3.544970024666253,50.69399804206272],[-3.5453510077053,50.693957013802205],[-3.5465706769500467,50.69444451932304],[-3.5480952587267347,50.6947300868202],[-3.5494471075625524,50.69535971624218],[-3.550637875523574,50.69539784606],[-3.5513315360890156,50.69582034420239],[-3.552554188707835,50.695965962324735],[-3.5534872169575307,50.69591755255773],[-3.554088849270856,50.69612539649231],[-3.554904477905728,50.69595261975624],[-3.5560160331319284,50.69530818038171],[-3.5566102619578475,50.69443678728412],[-3.558207618387516,50.693498017788585],[-3.5598239969231353,50.693134610634],[-3.5633317678571923,50.69301565696865],[-3.567681418274467,50.69351488248456],[-3.5693456872435543,50.692467126519745],[-3.5698281111916326,50.692496607071035],[-3.5703156827050875,50.69225618509157],[-3.5714979716810635,50.69204237322829],[-3.573226535483053,50.6912275478161],[-3.575964720555485,50.69054295851714],[-3.5782836177373016,50.689180410114176],[-3.5800159272338417,50.68890509505925],[-3.5818686923778693,50.68884398455711],[-3.582639211354964,50.68859966960815],[-3.5851372402537254,50.68835884304898],[-3.58581419063951,50.688700421325926],[-3.586539601586593,50.68879848113909],[-3.5876728166649916,50.68923276859701],[-3.5883246765656316,50.69008734820671],[-3.590091440567388,50.691250516446814],[-3.5917767238373237,50.69167723084503],[-3.593229990838775,50.691771766675174],[-3.5946622456710156,50.69325677589666],[-3.596500891272223,50.69360936871594],[-3.5972250710490425,50.69408514374955],[-3.598605948274449,50.6943000657473],[-3.599359079691788,50.69479341928669],[-3.5995442209216373,50.695240598208315],[-3.6014240795047114,50.69638405479536],[-3.603526316132237,50.69657101615392],[-3.6041638432269627,50.696993974140945],[-3.605608823734521,50.69742379675481],[-3.6070735357857933,50.697601486367915],[-3.6077111085348754,50.69802442445321],[-3.6095137246967606,50.698557197862115],[-3.610012242153167,50.69905399881248],[-3.6101375143528314,50.69898930119994],[-3.610165226351915,50.699798414073925],[-3.6106056100313166,50.7014922764083],[-3.610451776279853,50.70278959466849],[-3.610739218259531,50.70291154420156],[-3.611721687356359,50.702852990838636],[-3.612905927954426,50.703106441006426],[-3.612997605660788,50.704337404174574],[-3.6117715269958586,50.70493000614228],[-3.611686014271599,50.70574068366151],[-3.6118356035248333,50.705972469253496],[-3.6128999107082995,50.70644344350909],[-3.6134047215153933,50.707120030551835],[-3.6141077132349344,50.70738012929835],[-3.6128261386723,50.70759574601125],[-3.612699367256864,50.708029230648364],[-3.612098998291149,50.708208429044625],[-3.6119250186543193,50.708579604972726],[-3.6124190433547363,50.708941541787695],[-3.6122348218604277,50.71100380385163],[-3.611012484037364,50.71166829966648],[-3.6107532353793776,50.71216885609302],[-3.6107786923236347,50.713155603151186],[-3.6119635795864977,50.71465927316264],[-3.613452891434066,50.71512436452872],[-3.614904023968315,50.71530214580805],[-3.615606328139648,50.715792906125664],[-3.6163324991507237,50.71597913153378],[-3.619057471970957,50.716197934115115],[-3.620128084628963,50.71602115993929],[-3.6224880160013426,50.715295768197905],[-3.623569412732265,50.7151637840482],[-3.6239726599844393,50.71475641268146],[-3.6241249814852545,50.71402275172495],[-3.6245681467601454,50.713728755681174],[-3.625854186038504,50.71363886973543],[-3.6263239426246354,50.713704271653185],[-3.6268171978348227,50.71403917544543],[-3.629202888251728,50.71420373193464],[-3.6293270773286728,50.714516799817346],[-3.6291027468307573,50.71540138560411],[-3.6284458064858507,50.716067155516996],[-3.628074550589779,50.71680088688091],[-3.6282186794572304,50.71768931807163],[-3.6292957058123445,50.7181059996712],[-3.630453107814823,50.7192051205658],[-3.6313231881163963,50.719372835138806],[-3.6330661607910293,50.71938104180092],[-3.634112158907916,50.72012527751512],[-3.634695680367965,50.719793297996915],[-3.636095154392706,50.719701708979294],[-3.6365933078716264,50.71976667121078],[-3.637231447981159,50.72018944090059],[-3.638595342475436,50.72029619823393],[-3.638818520181292,50.720601492922746],[-3.638973468056858,50.72179293937575],[-3.6387078106662205,50.721895618796545],[-3.638563581294558,50.72263518614209],[-3.6381789526444477,50.722982378737186],[-3.637980241527304,50.72622314973397],[-3.6368281191683183,50.72731865825549],[-3.637203026087762,50.72913025820374],[-3.637146752488503,50.730768025081325],[-3.6355437251191653,50.731941805806294],[-3.6356113453329604,50.73225566014072],[-3.634839532714097,50.73369659107518],[-3.63453727811967,50.73397066036083],[-3.633335915944233,50.73447319392328],[-3.6318170400850067,50.73562775392936],[-3.6314374449246687,50.737755736031986],[-3.6303449181371636,50.738130793775966],[-3.629803519268939,50.738866906600535],[-3.6296594155505417,50.739615452642674],[-3.629083102312945,50.74016316839814],[-3.6279319591682757,50.740485055954835],[-3.6274482744802166,50.740842582272826],[-3.6262607926757133,50.74052636774047],[-3.6211585398240724,50.740543461228555],[-3.620172896551082,50.74032330961435],[-3.6187111423236438,50.74027165933944],[-3.6155400492308427,50.74038759911104],[-3.615081173772283,50.740645798429],[-3.6142335764993163,50.74072949187488],[-3.6127600776762723,50.74033614461738],[-3.6108135405178543,50.74020115700147],[-3.6072223009474635,50.74129406273063],[-3.6042943851585063,50.74189203735461],[-3.6038064812455683,50.742132602645846],[-3.5995288538934593,50.74222734504595],[-3.5973591524811828,50.742616864842475],[-3.5960080335966644,50.743318936839735],[-3.5929212020799883,50.74300137911464],[-3.591887030277369,50.742601765376435],[-3.5903827224123206,50.742550340643525],[-3.5895447848062685,50.742921540523156],[-3.5893665140273856,50.74351759572552],[-3.5887046649372523,50.74406627510043],[-3.5878174886821372,50.74424025833399],[-3.5852812156502702,50.74427477151462],[-3.5841988989955116,50.74412758511065],[-3.5833269177487823,50.74349183973316],[-3.5828416803049943,50.74255402575611],[-3.582122599290706,50.741826246098704],[-3.5823297946664336,50.74082507185096],[-3.5813728931933135,50.74019046441614],[-3.580784681689186,50.73955984507112],[-3.57939293110709,50.7369523674281],[-3.5790971928514286,50.736587606487035],[-3.5782622173460026,50.736203163018246],[-3.577764168768155,50.73487874537215],[-3.576530164923262,50.734427734558665],[-3.5759773641161776,50.73400348143491],[-3.5741089450855674,50.73365096266073],[-3.5719888977598457,50.732978011893046],[-3.570948175488534,50.732794165393834],[-3.570413621712435,50.73121836773493],[-3.570009178290945,50.73098996290589],[-3.569675004967856,50.7303198890165],[-3.568911691402472,50.72952966980166],[-3.5670981253670346,50.72869060804269],[-3.5669155524611718,50.72831530077166],[-3.56622126744858,50.72789290325639],[-3.565762391315238,50.72730544234198],[-3.5647723980342345,50.72736370641581],[-3.5638135194271054,50.72707976064176],[-3.563992357086548,50.726492730846296],[-3.5635496771312423,50.725113543882635],[-3.562814280597606,50.72430492182608],[-3.5618573830193774,50.723652166456795],[-3.561877936750509,50.72341803873841],[-3.561406373637614,50.72329843535952],[-3.5611277157946906,50.72301434913501],[-3.5608947811905174,50.72197412701721],[-3.5603661145463072,50.72141456228214],[-3.5603305790487743,50.72034471346538],[-3.560656132995805,50.71990862784261],[-3.5599614323234707,50.71946821017844],[-3.556686929638915,50.71899031304607],[-3.554593375505072,50.71909020612977],[-3.554009287794409,50.71942178960253],[-3.5505041840421927,50.71925259972801],[-3.5477385336107266,50.71959515927549],[-3.547441132669742,50.71959910753088],[-3.5468049821390983,50.71921180061669],[-3.54624265109233,50.71934518131631],[-3.545430100091724,50.71919405879184],[-3.5447390981929403,50.71886143372364],[-3.5439979596646705,50.71872734354125],[-3.5433984269168644,50.718159646881816],[-3.542770004760621,50.71800606789023],[-3.5418099726672048,50.71810871274241],[-3.5418795990998393,50.717640087586275],[-3.540868250715408,50.717041847130766],[-3.540187023535769,50.71743760528452],[-3.539509925764563,50.717194708790835],[-3.539190156498679,50.71684815333278],[-3.538256107176641,50.71687847143101],[-3.537555696963962,50.71712156400375],[-3.536857134527051,50.716555140135554],[-3.535630463716363,50.71630147688719],[-3.534671624121437,50.71644002456527],[-3.5331222776092734,50.71584879897087],[-3.5326734020325254,50.715117168496384],[-3.53318318709219,50.715110464589905],[-3.533200947426165,50.71478643586637],[-3.5336901871276134,50.71415039824078],[-3.531857229900907,50.71311317163662],[-3.530536032105926,50.713868059937795],[-3.528689922313971,50.713730387283604],[-3.528730235200332,50.71409862518653],[-3.528404714499514,50.71454361477439],[-3.529037725831132,50.71484111961298],[-3.529912538970627,50.71560315163797],[-3.5305182163130846,50.716800437711434],[-3.529828890286401,50.71738512165963],[-3.5287791909561634,50.717344926996965],[-3.5275969094415,50.71671283648745],[-3.5246832667906123,50.714241571978036],[-3.5242686911203687,50.71368934700384],[-3.5244508935943184,50.71319227761202],[-3.5243087397963584,50.71230370041027],[-3.5229763640523917,50.710531249086976],[-3.521666504055793,50.709451050244745],[-3.520257393792559,50.708803858010995],[-3.5180725762011975,50.70694352813435],[-3.5175980278042642,50.70628412874215],[-3.5168918333230432,50.70590655948832],[-3.5153844493818807,50.70352469209688],[-3.512816991842125,50.70208297641362],[-3.512338518015902,50.701297686198416],[-3.511394927877473,50.70102210752937],[-3.509888568033247,50.6999803020147],[-3.507416208478693,50.69884304267481],[-3.5064619969771598,50.698675493376136],[-3.5042643758276055,50.69859594481339],[-3.503513317587828,50.698137931476865],[-3.5038118041301565,50.697729336817154],[-3.5040654553868116,50.69769008664985],[-3.5041099979278596,50.697311750811046],[-3.503974896968878,50.6966299265366],[-3.5035332749370744,50.69610495985953],[-3.502283598334705,50.695995153536906],[-3.5016192539751474,50.69558997621558],[-3.4997760487837777,50.695074050044866],[-3.4983100739612096,50.694841063983255],[-3.4977758770882215,50.69488390720647],[-3.497066215578776,50.69435969269746],[-3.4959811581403075,50.69394409973485],[-3.495831066945073,50.69388667445783]]]},"properties":{"WB_CAT":"River","RBD_ID":"8","MNCAT_NAME":"Devon East","RBD_NAME":"South West","OPCAT_ID":"3114","hydromorph":"not designated artificial or heavily modified","MANCAT_ID":"3033","url":"/catchment-planning/WaterBody/GB108045009020","OPCAT_NAME":"Creedy and West Exe","WB_ID":"GB108045009020","version":"2","WB_NAME":"Alphin Brook"}},{"type":"Feature","geometry":{"bbox":[-3.6368960653359186,50.739837869224026,-3.5356981323149324,50.794613537643905],"type":"Polygon","coordinates":[[[-3.590123679829675,50.793884228008075],[-3.5873195034765417,50.79321188649077],[-3.5859653364451396,50.793032435008165],[-3.584435093250069,50.79226174004995],[-3.5810557411384094,50.79219966858872],[-3.5783305611535297,50.79133715555431],[-3.577723355362736,50.791003590092096],[-3.5752150017881013,50.79067772547874],[-3.5723463664979023,50.790608503253864],[-3.571602808119323,50.79043864045661],[-3.569543024894774,50.789099254703515],[-3.568762182231802,50.78781459071068],[-3.567633700398933,50.787164191114115],[-3.5671395859747,50.78596560419108],[-3.5655906607026613,50.784619283410755],[-3.56563237116307,50.784169011658605],[-3.5652166801888936,50.78361694866449],[-3.564557744631591,50.78342791713396],[-3.563337145341278,50.78256285029367],[-3.5623602612315968,50.78219818332728],[-3.5618964944486144,50.78105313293344],[-3.5616625349209934,50.77914049310302],[-3.5609558592576773,50.778367455054166],[-3.560667704730476,50.77738194504963],[-3.561032994396183,50.77642366619189],[-3.56167205256864,50.77601936339197],[-3.5616248296152104,50.7754533582956],[-3.561159735224225,50.77511780407726],[-3.561000289274164,50.77458927794229],[-3.562019939888641,50.77453964780134],[-3.5620933291587433,50.77418788910786],[-3.5613448119003746,50.77215621865009],[-3.562542525468732,50.771492590359244],[-3.5635091716320204,50.77070612825814],[-3.563961944616278,50.77067307403542],[-3.5647689255084853,50.770203541419434],[-3.565410712364433,50.7690346686771],[-3.564440556676315,50.76801334834721],[-3.5642554459656832,50.767566118654564],[-3.5634158240491054,50.7670553274584],[-3.5626824649271454,50.76632801216586],[-3.5621791259951103,50.764841709023734],[-3.5614714654262767,50.76403270939984],[-3.56138812899621,50.76323333592978],[-3.560960412395932,50.76231265316383],[-3.5601895353633304,50.7613066181021],[-3.5592665024991605,50.76113907932643],[-3.558686445315681,50.76130873120307],[-3.558291375583582,50.76222243199688],[-3.5581580113748945,50.76333050826613],[-3.5569273153567806,50.763850625267246],[-3.55621645164592,50.76465160901955],[-3.554021999498513,50.766048001169295],[-3.5537217444392586,50.766402778007844],[-3.553159168835055,50.76654518618032],[-3.5506198645724987,50.76652501441619],[-3.5484106960073842,50.76619459971079],[-3.5473432815592063,50.76565112509368],[-3.5467398352970965,50.76498456228446],[-3.546727414310919,50.76460696230415],[-3.5464439035240245,50.76461072249239],[-3.545487890044519,50.76443452405383],[-3.544935007112621,50.76401012650402],[-3.5444494921124052,50.763908627029934],[-3.5441423388918665,50.7636248788421],[-3.5440873830004107,50.76324784813207],[-3.54388715547704,50.76319653381067],[-3.54328060586613,50.76372622926347],[-3.54268110373085,50.76360824248216],[-3.5417101022365483,50.76383694624167],[-3.5414529089223463,50.76377738034453],[-3.539443853090698,50.76262568095331],[-3.538099661363858,50.761420201676984],[-3.536538173784204,50.76050538639762],[-3.536212794663547,50.760095938183156],[-3.535227173379717,50.75944334475183],[-3.5344815356339785,50.7574564365018],[-3.534817217341397,50.75558121442621],[-3.5368723975189282,50.7542589716579],[-3.5370519636543354,50.75368097234677],[-3.5373295185375255,50.75349742809921],[-3.538343435301236,50.75328618193767],[-3.539445929100272,50.752749964135816],[-3.5409558374655115,50.75253214555818],[-3.5423015671680838,50.75206463975581],[-3.5428589790624563,50.751769448876104],[-3.543765916327064,50.7508939950889],[-3.5460657381644918,50.750125992578596],[-3.547209396026788,50.74955317743774],[-3.5479065512830967,50.74833869178542],[-3.5496794218587597,50.747073931912716],[-3.5499466315824177,50.74572123841279],[-3.550427640732819,50.74483340366092],[-3.5501479448269877,50.7440905973694],[-3.549707727063757,50.74363774110336],[-3.548153530597141,50.743361571172755],[-3.5481594891865034,50.74268360297871],[-3.5485834119245325,50.74221359473527],[-3.5498013313731573,50.74217942311141],[-3.551618686848867,50.74312663413151],[-3.5528154269402434,50.74330857580248],[-3.5544345156624977,50.74425838362372],[-3.556958139212211,50.74512413933668],[-3.558012059836766,50.745271957858016],[-3.560473387356802,50.7451131214755],[-3.5629101504943517,50.745494219747926],[-3.565823324982286,50.74570697282454],[-3.5663970816845434,50.74548340292476],[-3.566780862092167,50.74551422346003],[-3.568458384704344,50.744808102276195],[-3.571370658840976,50.74457101384421],[-3.5725798948398775,50.74385315462172],[-3.576023547625038,50.742979179767495],[-3.5770909850617163,50.74226318976204],[-3.579108019603629,50.7419660588926],[-3.582122599290706,50.741826246098704],[-3.5828416803049943,50.74255402575611],[-3.5833269177487823,50.74349183973316],[-3.5841988989955116,50.74412758511065],[-3.5852812156502702,50.74427477151462],[-3.5878174886821372,50.74424025833399],[-3.5887046649372523,50.74406627510043],[-3.5893665140273856,50.74351759572552],[-3.5895447848062685,50.742921540523156],[-3.5903827224123206,50.742550340643525],[-3.591887030277369,50.742601765376435],[-3.5929212020799883,50.74300137911464],[-3.5960080335966644,50.743318936839735],[-3.5973591524811828,50.742616864842475],[-3.5995288538934593,50.74222734504595],[-3.6038064812455683,50.742132602645846],[-3.6042943851585063,50.74189203735461],[-3.6072223009474635,50.74129406273063],[-3.6108135405178543,50.74020115700147],[-3.6127600776762723,50.74033614461738],[-3.6142335764993163,50.74072949187488],[-3.615081173772283,50.740645798429],[-3.6155400492308427,50.74038759911104],[-3.6187111423236438,50.74027165933944],[-3.620172896551082,50.74032330961435],[-3.6211585398240724,50.740543461228555],[-3.6262607926757133,50.74052636774047],[-3.6274482744802166,50.740842582272826],[-3.6280145451283716,50.74204892009631],[-3.627939861353461,50.74316526242105],[-3.6264504701781264,50.744364309012454],[-3.6264246353362095,50.74525510967545],[-3.628099440579584,50.746131168863165],[-3.631333593965441,50.747003385071416],[-3.631913508699829,50.74737303213103],[-3.6323025589852707,50.74796121293373],[-3.632788089608251,50.7480623466134],[-3.6338610784014542,50.748748874378535],[-3.634806329493471,50.74902344349941],[-3.6361098576813875,50.74981465015285],[-3.637324107508949,50.75210915194875],[-3.6374000260162256,50.754284717035446],[-3.6364586058290045,50.754936531993756],[-3.635613788728348,50.75591977460565],[-3.6349693815089745,50.75614467648124],[-3.63457083328507,50.756914782913505],[-3.6347222701034045,50.75719148429026],[-3.635674592957182,50.757663823063716],[-3.63625956636895,50.758986777219825],[-3.6356245239696485,50.759481381015895],[-3.6349445329964465,50.761127885900116],[-3.634066923625673,50.76158091006992],[-3.633375213690727,50.761671550495244],[-3.6333302676618917,50.762417048925954],[-3.634168640176245,50.76327941254133],[-3.6345265328019414,50.76459656220456],[-3.6349170170515093,50.76522069068558],[-3.6348371462055664,50.76618420315003],[-3.6341554235651503,50.76656251981964],[-3.6322340912749422,50.76677831676095],[-3.6309159645686098,50.76721049856685],[-3.6297012234285333,50.76735340234507],[-3.6280299065282526,50.76782646411953],[-3.6269768608965482,50.76854271780682],[-3.6260259724514556,50.76893374210892],[-3.624785301985646,50.769967392525466],[-3.6243390790001766,50.772644918058326],[-3.6252878797143517,50.77382794059138],[-3.6253922735719337,50.77520261389715],[-3.626770848137775,50.775687072053245],[-3.6275059792030584,50.776432336187135],[-3.6274284388117635,50.77746776294349],[-3.6270202327284435,50.7779681453411],[-3.6254373275265777,50.77854786530632],[-3.624606050111305,50.77871235180103],[-3.6239500665253517,50.77861355688155],[-3.6224752466805885,50.77903882813115],[-3.6200659923310083,50.77910829946589],[-3.618474269946638,50.77943620658647],[-3.6169403991273374,50.77938552965506],[-3.6164218763928253,50.779158866389785],[-3.61563526249913,50.779385629638526],[-3.615032288567405,50.77917811874631],[-3.6144251102492877,50.77967221727718],[-3.6134794067675373,50.77981122527567],[-3.6127458225425544,50.78034304082857],[-3.612016508542775,50.780586975593145],[-3.6122662687013776,50.78124909981973],[-3.6129907422528516,50.78168879593996],[-3.6136921031686438,50.781867966936055],[-3.6133002853299168,50.782026296938554],[-3.612345691718947,50.781994527109134],[-3.611447978716911,50.78261853961347],[-3.6093476658237167,50.78218884026648],[-3.6076725178808347,50.78133050563356],[-3.6057816388758543,50.7807989117122],[-3.604771185663609,50.780291152497966],[-3.604190958386258,50.78012824409745],[-3.6035769995254214,50.78021763636519],[-3.6027730098735167,50.78076834520747],[-3.603861397690532,50.781895654743764],[-3.6034935635398138,50.78275516872005],[-3.6032139481977215,50.782875938457316],[-3.601879427760579,50.78284930511786],[-3.6010069258421846,50.783472896429664],[-3.6009600286355137,50.783761356806465],[-3.6006819357924322,50.783927070831474],[-3.59822539375178,50.78469829111303],[-3.5976420385678782,50.785066054502],[-3.596869082638592,50.78819764895371],[-3.5959380554491234,50.78919076685006],[-3.5959176505059105,50.78942489671395],[-3.595418703731159,50.78977350479015],[-3.5956276711393,50.79007645069773],[-3.595536859584806,50.7907432678458],[-3.5947301487180847,50.791222002256575],[-3.594015861705649,50.791915329842496],[-3.5932289232307784,50.79214194440795],[-3.590123679829675,50.793884228008075]]]},"properties":{"WB_CAT":"River","RBD_ID":"8","MNCAT_NAME":"Devon East","RBD_NAME":"South West","OPCAT_ID":"3114","hydromorph":"not designated artificial or heavily modified","MANCAT_ID":"3033","url":"/catchment-planning/WaterBody/GB108045009070","OPCAT_NAME":"Creedy and West Exe","WB_ID":"GB108045009070","version":"2","WB_NAME":"Lower Creedy"}},{"type":"Feature","geometry":{"bbox":[-3.5890990042070317,50.76073633800114,-3.524867617570814,50.81937268459263],"type":"Polygon","coordinates":[[[-3.590123679829675,50.793884228008075],[-3.590248875100151,50.794647038074494],[-3.5897690502614066,50.796398463022484],[-3.5884264836528925,50.79781985600152],[-3.588067999281053,50.79896700546152],[-3.5882110496682933,50.799837498412074],[-3.589182401121743,50.8000221410104],[-3.5899154994397064,50.800713700588034],[-3.590409778632641,50.803567127850414],[-3.590439084864779,50.80443017430928],[-3.589995477164954,50.80557848911906],[-3.590211821946902,50.806933668021514],[-3.589547883228193,50.80744639421752],[-3.588789649748281,50.80769057424543],[-3.587409217234229,50.808842640499705],[-3.587148296700413,50.80952075749115],[-3.587407587465965,50.8113070785177],[-3.586637046861371,50.81202810495291],[-3.586239682331789,50.812869971086315],[-3.5860545548781606,50.81578661277662],[-3.585554952779683,50.81612619026931],[-3.58542613531957,50.81651469204347],[-3.583886008657262,50.81673348636578],[-3.5819624882151255,50.81737119358865],[-3.5800959153165457,50.81759436418519],[-3.5792523194318315,50.81783963705351],[-3.5760803633376677,50.81766667505433],[-3.573832392057468,50.81794886273665],[-3.5723425863349965,50.81840067420972],[-3.570395598245425,50.81876868002706],[-3.5685313852890355,50.81864085261121],[-3.5681643633877766,50.81658612448303],[-3.567174087340383,50.81584392043916],[-3.56683661415982,50.81509294156969],[-3.565845188353604,50.81431476496899],[-3.56533248374218,50.81256777814113],[-3.563606734792398,50.81105291600232],[-3.563356385337081,50.80525501233377],[-3.5626564772061444,50.80469775614858],[-3.5609313921637478,50.80446901653654],[-3.558623016007015,50.804625803552504],[-3.5569181164703294,50.804576618936274],[-3.5554276812386165,50.80414679337697],[-3.5545573375395154,50.80358276741264],[-3.554374559518819,50.80320744687899],[-3.5518839486676774,50.80257503959385],[-3.5514789705564267,50.802346577861044],[-3.5511107059698896,50.80236946406805],[-3.550123680234817,50.801708020647],[-3.5487011416013465,50.801609992547945],[-3.5479846750721453,50.80140364253045],[-3.5465246356364206,50.80145898694284],[-3.545902146516662,50.80108948258411],[-3.545598732797861,50.79963644369568],[-3.544865113982508,50.798908638472064],[-3.543287483281602,50.79840785991964],[-3.5407440860234107,50.7983155661537],[-3.5390353034186557,50.797708532363416],[-3.536573621172856,50.79621197534541],[-3.536080197908072,50.79501325162206],[-3.534719143794158,50.79418571425871],[-3.5335211664746944,50.794003599166565],[-3.5330590254217635,50.79375783704223],[-3.532119324041467,50.793662254459385],[-3.5314586127079926,50.79341909429163],[-3.530208040257259,50.79336355457177],[-3.526735215035361,50.79348101876368],[-3.5254502877151586,50.79367771502545],[-3.524723227162895,50.794011012649385],[-3.5244779941514333,50.79388829959124],[-3.524754946346283,50.79280537669092],[-3.52438513190966,50.792342512812404],[-3.5239447037961633,50.7910171280921],[-3.5239172206587153,50.79017203312344],[-3.5242763400368036,50.788998095091],[-3.5249384036956424,50.78841381202124],[-3.525642279330103,50.7882427112047],[-3.5260592424912485,50.78710398718461],[-3.527000509548776,50.786381125359924],[-3.5274168380499584,50.785224415832495],[-3.528604999401275,50.7846781909397],[-3.5286700436177285,50.784497454305395],[-3.529301765200457,50.784291299876465],[-3.5321262526230583,50.784326182424955],[-3.5331874537372356,50.78467200493393],[-3.533683752054459,50.78509720151258],[-3.535272114902917,50.785076303245305],[-3.536105933093498,50.78454365971857],[-3.5373988472657465,50.7841668549078],[-3.5406369535870197,50.78383630947427],[-3.541856538597082,50.78338846986269],[-3.5433561977891403,50.78326070323461],[-3.543691809153742,50.7831123539438],[-3.5474538989853963,50.78275669333357],[-3.5477379769599535,50.78190746658714],[-3.5480144665278726,50.78168793551599],[-3.54907734365181,50.7812241111769],[-3.550264941027152,50.78110039986121],[-3.550592187986741,50.7807003032732],[-3.5507192288393643,50.779394450754594],[-3.550547990498083,50.77850629867575],[-3.5480333589686346,50.777964074354855],[-3.547822378488777,50.77758911704411],[-3.547071992970292,50.777203327827245],[-3.5461066113549293,50.777180153572466],[-3.5462264632289804,50.77651299148319],[-3.545437081537373,50.775803916515684],[-3.54545705055662,50.77468836706525],[-3.545182577576236,50.774107378968175],[-3.5447391573236033,50.77356460517768],[-3.543610759144658,50.772895984988324],[-3.54351428351913,50.76996514093737],[-3.5437859884953613,50.76960177475667],[-3.5445922679393984,50.76910540911043],[-3.546512402735517,50.76711921521172],[-3.5464439035240245,50.76461072249239],[-3.546727414310919,50.76460696230415],[-3.5467398352970965,50.76498456228446],[-3.5473432815592063,50.76565112509368],[-3.5484106960073842,50.76619459971079],[-3.5506198645724987,50.76652501441619],[-3.553159168835055,50.76654518618032],[-3.5537217444392586,50.766402778007844],[-3.554021999498513,50.766048001169295],[-3.55621645164592,50.76465160901955],[-3.5569273153567806,50.763850625267246],[-3.5581580113748945,50.76333050826613],[-3.558291375583582,50.76222243199688],[-3.558686445315681,50.76130873120307],[-3.5592665024991605,50.76113907932643],[-3.5601895353633304,50.7613066181021],[-3.560960412395932,50.76231265316383],[-3.56138812899621,50.76323333592978],[-3.5614714654262767,50.76403270939984],[-3.5621791259951103,50.764841709023734],[-3.5626824649271454,50.76632801216586],[-3.5634158240491054,50.7670553274584],[-3.5642554459656832,50.767566118654564],[-3.564440556676315,50.76801334834721],[-3.565410712364433,50.7690346686771],[-3.5647689255084853,50.770203541419434],[-3.563961944616278,50.77067307403542],[-3.5635091716320204,50.77070612825814],[-3.562542525468732,50.771492590359244],[-3.5613448119003746,50.77215621865009],[-3.5620933291587433,50.77418788910786],[-3.562019939888641,50.77453964780134],[-3.561000289274164,50.77458927794229],[-3.561159735224225,50.77511780407726],[-3.5616248296152104,50.7754533582956],[-3.56167205256864,50.77601936339197],[-3.561032994396183,50.77642366619189],[-3.560667704730476,50.77738194504963],[-3.5609558592576773,50.778367455054166],[-3.5616625349209934,50.77914049310302],[-3.5618964944486144,50.78105313293344],[-3.5623602612315968,50.78219818332728],[-3.563337145341278,50.78256285029367],[-3.564557744631591,50.78342791713396],[-3.5652166801888936,50.78361694866449],[-3.56563237116307,50.784169011658605],[-3.5655906607026613,50.784619283410755],[-3.5671395859747,50.78596560419108],[-3.567633700398933,50.787164191114115],[-3.568762182231802,50.78781459071068],[-3.569543024894774,50.789099254703515],[-3.571602808119323,50.79043864045661],[-3.5723463664979023,50.790608503253864],[-3.5752150017881013,50.79067772547874],[-3.577723355362736,50.791003590092096],[-3.5783305611535297,50.79133715555431],[-3.5810557411384094,50.79219966858872],[-3.584435093250069,50.79226174004995],[-3.5859653364451396,50.793032435008165],[-3.5873195034765417,50.79321188649077],[-3.590123679829675,50.793884228008075]]]},"properties":{"WB_CAT":"River","RBD_ID":"8","MNCAT_NAME":"Devon East","RBD_NAME":"South West","OPCAT_ID":"3114","hydromorph":"not designated artificial or heavily modified","MANCAT_ID":"3033","url":"/catchment-planning/WaterBody/GB108045009080","OPCAT_NAME":"Creedy and West Exe","WB_ID":"GB108045009080","version":"2","WB_NAME":"Jackmoor Brook"}},{"type":"Feature","geometry":{"bbox":[-3.7195738276164407,50.780021995332476,-3.612876653034135,50.8241252512345],"type":"Polygon","coordinates":[[[-3.714274050479424,50.79725226896191],[-3.715546621999466,50.79751238948558],[-3.7167077198113656,50.79821485312804],[-3.7169408657672065,50.79992934236889],[-3.7173901342571862,50.800957078131596],[-3.717889917581205,50.80103966142222],[-3.7186229377506574,50.80090294160429],[-3.720295162918007,50.80122007435332],[-3.7198509125565624,50.80651530241194],[-3.719103954525445,50.80704798592279],[-3.718543065913268,50.80723613817898],[-3.7185397652579337,50.80753300007777],[-3.7186605214337756,50.808115852977025],[-3.719366605547382,50.80878901673596],[-3.7195230069163068,50.80918246211926],[-3.719752028022578,50.81078007797631],[-3.7203043937654243,50.811131706186345],[-3.7207464472892684,50.81195801908732],[-3.7205784268285753,50.81433863495775],[-3.71951288219843,50.81470513362807],[-3.718112082109022,50.81483370691364],[-3.7160311418319845,50.815386010280555],[-3.7141653402873778,50.815611319155316],[-3.7137567584962943,50.81608502761658],[-3.7118584825979153,50.8169763562955],[-3.7100348682100703,50.81719197796987],[-3.7087577405810443,50.81721069343088],[-3.7081847646834074,50.81746193923682],[-3.704905469386123,50.81747393758193],[-3.7042011842485856,50.817628138152905],[-3.700939983750945,50.81774769227131],[-3.698215239405889,50.817391642399635],[-3.6971162056785314,50.81762350076765],[-3.696529832912672,50.817506110116135],[-3.693827252022176,50.81776124824663],[-3.6923790516423916,50.81736853026463],[-3.6897654040428063,50.817334466272506],[-3.6878620029118454,50.817703806610574],[-3.6868590663881773,50.818239983565206],[-3.6851413808644264,50.81864257057055],[-3.6848092110928725,50.81888122030262],[-3.683199194339214,50.81912032607615],[-3.682117486947848,50.81983748410615],[-3.680046850555926,50.820299050231256],[-3.678519337066526,50.82006919986417],[-3.6774885513381683,50.81943643891142],[-3.673912359105779,50.819487811150246],[-3.6729589740287594,50.819429533812205],[-3.6724623390589564,50.81904090688016],[-3.668375926225565,50.81911741207967],[-3.6678535124646734,50.818801088615054],[-3.66736845347087,50.81873606867535],[-3.665426832745679,50.81883575960624],[-3.6645217971182,50.818938620044044],[-3.663836015950693,50.819218231818226],[-3.6631478977900986,50.82063115108601],[-3.661483824791374,50.82175216514375],[-3.6601993638745016,50.82196832636337],[-3.6583025376767764,50.822534962129694],[-3.65700747785508,50.82325491733676],[-3.6560591231032697,50.82334033831465],[-3.6556528630908014,50.823130242699555],[-3.6550176915414974,50.82320220841217],[-3.655004976258393,50.82284261839711],[-3.6555259321536533,50.82271830812769],[-3.6557996026128694,50.82242660759028],[-3.655646867906007,50.82212297051185],[-3.6538387408062296,50.82198672215463],[-3.651198757853578,50.82241986740849],[-3.649805875251422,50.82157612611619],[-3.647201764373191,50.821415052677295],[-3.6462325593210507,50.82090706744782],[-3.6444374318310553,50.82073451317122],[-3.643418447449882,50.82042508000352],[-3.642873803219857,50.82068459079536],[-3.6425928144381015,50.82157897864047],[-3.6417346597289537,50.82221166228414],[-3.640381648557435,50.82250052340091],[-3.637277279797101,50.822652066056314],[-3.6363723689707563,50.823168440758046],[-3.634961643780897,50.823026324613366],[-3.6337439745168814,50.822719591538025],[-3.632553055953068,50.822772241063426],[-3.632073016914473,50.82285091196668],[-3.6318376101006358,50.823429836492494],[-3.6298988362332114,50.82361883704734],[-3.6286269150046517,50.82338476252437],[-3.6281255975690274,50.822852106144495],[-3.627897577818707,50.8228283056073],[-3.6267132099249233,50.82306968296371],[-3.6260469524230516,50.82351069491793],[-3.625113971647294,50.82363162657121],[-3.624472332639577,50.82396435565192],[-3.623873732464369,50.82390073590268],[-3.6234934893833946,50.82358223599182],[-3.6229390620598694,50.823562960671254],[-3.621248883617418,50.82273201774045],[-3.621291018154218,50.82230870332615],[-3.6209230015867484,50.821522325142645],[-3.6213366246085585,50.821165802052455],[-3.6226101771925787,50.82104016369106],[-3.6233647024305777,50.82068788523212],[-3.624498812672141,50.820636120442224],[-3.625897398537648,50.82002301596404],[-3.6268303054294107,50.819902078658885],[-3.62790618489107,50.81940138065214],[-3.629001636974667,50.819871777374175],[-3.630784367338154,50.82009870764155],[-3.6311470875403553,50.81991375148321],[-3.630934308750091,50.819511985605764],[-3.6312463982200427,50.81868914560433],[-3.632488963848231,50.8184918782068],[-3.631944231375124,50.817528121586626],[-3.6314554724883483,50.81735507333911],[-3.6308593363396433,50.816544932763854],[-3.629640719380577,50.81579745257354],[-3.6286098593577174,50.81473253982488],[-3.6280349687026803,50.81371441911947],[-3.628343974395981,50.8128024881079],[-3.628223892805277,50.812615285066464],[-3.6271803786525503,50.81200024880967],[-3.626120377417713,50.81172721464183],[-3.624875767817277,50.81104300712251],[-3.6223393853487957,50.810358771434714],[-3.6209278409494323,50.81018052162124],[-3.620756454918587,50.808509972824496],[-3.6209801036923803,50.80758945143786],[-3.6217824615767866,50.806984677692974],[-3.6221597918603448,50.80640379848363],[-3.6212349755771447,50.805930966676655],[-3.620701202828251,50.80527280970145],[-3.6197826419262733,50.80497976463162],[-3.619025636875602,50.80443263089273],[-3.6187395089814633,50.80354617091617],[-3.618744369482376,50.8020440626384],[-3.618454429479081,50.80186820100594],[-3.6175144068166523,50.80177330973353],[-3.6173953288205825,50.80161306439784],[-3.6174880193888796,50.80100916379381],[-3.6181441056535686,50.800280522867176],[-3.618650342102081,50.798501629122214],[-3.6187240624909514,50.79734934030686],[-3.6184479248203316,50.79675055667223],[-3.617714162373466,50.79605018936021],[-3.6168154838592894,50.795505006217425],[-3.6160988209988743,50.79529907634248],[-3.6161350911401606,50.79470495226078],[-3.616512086266291,50.79411509953969],[-3.6166991535725277,50.792133767589384],[-3.616575451227766,50.79183867134753],[-3.6160259441797944,50.791540481443704],[-3.6152901316744686,50.790777167352324],[-3.6150137685277763,50.790169384191756],[-3.614988672062354,50.78944119570757],[-3.615477713353858,50.78798634469274],[-3.6158667536785893,50.7877471040185],[-3.616297635321128,50.78707555688847],[-3.617324754401263,50.7864137296751],[-3.617280569291878,50.785955634190316],[-3.6177129661902883,50.785329031858296],[-3.6169070265516976,50.78499842573534],[-3.616423624680916,50.784969149623336],[-3.6163575986374314,50.78470023633385],[-3.6159802100530336,50.78445362632884],[-3.6145805548214742,50.78418519512525],[-3.613714837837801,50.783765451842555],[-3.6124853851940824,50.783494640387865],[-3.611447978716911,50.78261853961347],[-3.612345691718947,50.781994527109134],[-3.6133002853299168,50.782026296938554],[-3.6136921031686438,50.781867966936055],[-3.616244554277082,50.78183262073247],[-3.6160098919307027,50.78161102185021],[-3.6165591992854145,50.78149547743733],[-3.618636952284879,50.781682520752845],[-3.620943971651942,50.781524557747346],[-3.6221162069099275,50.78219182465735],[-3.6227161381301944,50.782309398579436],[-3.6231321783286847,50.78285226054174],[-3.6236582703168816,50.782476171394485],[-3.6254728988700693,50.78284664202934],[-3.6261621296250905,50.78267513626587],[-3.626853678729525,50.78216181092951],[-3.627893965728516,50.78188645987157],[-3.628308939153304,50.78198859812395],[-3.6292801876614114,50.781768164329705],[-3.6296273875051095,50.78196118768612],[-3.6305367972643636,50.78200244209907],[-3.6308843167485887,50.782204451564574],[-3.6324092111685733,50.781994236503216],[-3.6334105968832477,50.78223205561505],[-3.6339355020111515,50.78263844030023],[-3.6347179314423417,50.782699429769586],[-3.635339112098445,50.7822050286236],[-3.637476292633469,50.78165337045968],[-3.6397296068077303,50.7823952199499],[-3.6413389024275102,50.78257045633982],[-3.641861360059037,50.782904885657295],[-3.643206294509546,50.783227726796845],[-3.6438946104909498,50.78748132636165],[-3.6450691733689458,50.78739280992916],[-3.646009588946022,50.78750546122313],[-3.646841890637907,50.78736779115993],[-3.6471047448344174,50.78757994243116],[-3.647618449820966,50.78766262924687],[-3.649361545844739,50.78760201345387],[-3.649677975414568,50.78772345822195],[-3.6517519273955834,50.787388296978015],[-3.6522171516761937,50.787705502192914],[-3.6527012347455026,50.78775260907274],[-3.6529463603918577,50.787461317241714],[-3.6538715662174,50.787142393899984],[-3.654171503633877,50.78679635623965],[-3.654764587209849,50.786715988071045],[-3.6581202076186963,50.78852115586323],[-3.662531927534417,50.788890075995745],[-3.6633828518189446,50.78887794271762],[-3.6636620249480734,50.78874804021573],[-3.664260224010781,50.788811459910654],[-3.6655016054292946,50.78940535226141],[-3.666101093689713,50.78950472141722],[-3.666280870472614,50.78977198255615],[-3.6662823214482385,50.79140892746136],[-3.6668284672930893,50.795592474064286],[-3.6681647708807428,50.79645481112984],[-3.669171125777556,50.79681817411477],[-3.6738107096300214,50.796787659974534],[-3.6776275712559783,50.79716454808339],[-3.6811821035079486,50.79853446829326],[-3.6832034582960542,50.798703189439614],[-3.6851803762057584,50.79921430190036],[-3.6859593100004506,50.79956281775331],[-3.6886051671525957,50.80130541744181],[-3.6889482157682365,50.80137240496924],[-3.692548770033511,50.80124825652472],[-3.693223179243313,50.801058581346076],[-3.694553118583415,50.80015782240987],[-3.6962080968760294,50.7996120945706],[-3.698236561127388,50.7995825768059],[-3.70035030502555,50.79994753125378],[-3.7018919125231484,50.799799125903974],[-3.7083424180292104,50.79999264174656],[-3.7085523292149016,50.799521861133066],[-3.7094431071796006,50.79904110282816],[-3.711291854858047,50.798366398683314],[-3.712067135754544,50.79783334849642],[-3.7137729256684207,50.79752047695243],[-3.714274050479424,50.79725226896191]]]},"properties":{"WB_CAT":"River","RBD_ID":"8","MNCAT_NAME":"Devon East","RBD_NAME":"South West","OPCAT_ID":"3114","hydromorph":"not designated artificial or heavily modified","MANCAT_ID":"3033","url":"/catchment-planning/WaterBody/GB108045009090","OPCAT_NAME":"Creedy and West Exe","WB_ID":"GB108045009090","version":"2","WB_NAME":"Middle Creedy"}},{"type":"Feature","geometry":{"bbox":[-3.631139551441904,50.77975443273976,-3.5603212437938048,50.84791902964593],"type":"Polygon","coordinates":[[[-3.590123679829675,50.793884228008075],[-3.5932289232307784,50.79214194440795],[-3.594015861705649,50.791915329842496],[-3.5947301487180847,50.791222002256575],[-3.595536859584806,50.7907432678458],[-3.5956276711393,50.79007645069773],[-3.595418703731159,50.78977350479015],[-3.5959176505059105,50.78942489671395],[-3.5959380554491234,50.78919076685006],[-3.596869082638592,50.78819764895371],[-3.5976420385678782,50.785066054502],[-3.59822539375178,50.78469829111303],[-3.6006819357924322,50.783927070831474],[-3.6009600286355137,50.783761356806465],[-3.6010069258421846,50.783472896429664],[-3.601879427760579,50.78284930511786],[-3.6032139481977215,50.782875938457316],[-3.6034935635398138,50.78275516872005],[-3.603861397690532,50.781895654743764],[-3.6027730098735167,50.78076834520747],[-3.6035769995254214,50.78021763636519],[-3.604190958386258,50.78012824409745],[-3.604771185663609,50.780291152497966],[-3.6057816388758543,50.7807989117122],[-3.6076725178808347,50.78133050563356],[-3.6093476658237167,50.78218884026648],[-3.611447978716911,50.78261853961347],[-3.6124853851940824,50.783494640387865],[-3.613714837837801,50.783765451842555],[-3.6145805548214742,50.78418519512525],[-3.6159802100530336,50.78445362632884],[-3.6163575986374314,50.78470023633385],[-3.616423624680916,50.784969149623336],[-3.6169070265516976,50.78499842573534],[-3.6177129661902883,50.785329031858296],[-3.617280569291878,50.785955634190316],[-3.617324754401263,50.7864137296751],[-3.616297635321128,50.78707555688847],[-3.6158667536785893,50.7877471040185],[-3.615477713353858,50.78798634469274],[-3.614988672062354,50.78944119570757],[-3.6150137685277763,50.790169384191756],[-3.6152901316744686,50.790777167352324],[-3.6160259441797944,50.791540481443704],[-3.616575451227766,50.79183867134753],[-3.6166991535725277,50.792133767589384],[-3.616512086266291,50.79411509953969],[-3.6161350911401606,50.79470495226078],[-3.6160988209988743,50.79529907634248],[-3.6168154838592894,50.795505006217425],[-3.617714162373466,50.79605018936021],[-3.6184479248203316,50.79675055667223],[-3.6187240624909514,50.79734934030686],[-3.618650342102081,50.798501629122214],[-3.6181441056535686,50.800280522867176],[-3.6174880193888796,50.80100916379381],[-3.6173953288205825,50.80161306439784],[-3.6175144068166523,50.80177330973353],[-3.618454429479081,50.80186820100594],[-3.618744369482376,50.8020440626384],[-3.6187395089814633,50.80354617091617],[-3.619025636875602,50.80443263089273],[-3.6197826419262733,50.80497976463162],[-3.620701202828251,50.80527280970145],[-3.6212349755771447,50.805930966676655],[-3.6221597918603448,50.80640379848363],[-3.6217824615767866,50.806984677692974],[-3.6209801036923803,50.80758945143786],[-3.620756454918587,50.808509972824496],[-3.6209278409494323,50.81018052162124],[-3.6223393853487957,50.810358771434714],[-3.624875767817277,50.81104300712251],[-3.626120377417713,50.81172721464183],[-3.6271803786525503,50.81200024880967],[-3.628223892805277,50.812615285066464],[-3.628343974395981,50.8128024881079],[-3.6280349687026803,50.81371441911947],[-3.6286098593577174,50.81473253982488],[-3.629640719380577,50.81579745257354],[-3.6308593363396433,50.816544932763854],[-3.6314554724883483,50.81735507333911],[-3.631944231375124,50.817528121586626],[-3.632488963848231,50.8184918782068],[-3.6312463982200427,50.81868914560433],[-3.630934308750091,50.819511985605764],[-3.6311470875403553,50.81991375148321],[-3.630784367338154,50.82009870764155],[-3.629001636974667,50.819871777374175],[-3.62790618489107,50.81940138065214],[-3.6268303054294107,50.819902078658885],[-3.625897398537648,50.82002301596404],[-3.624498812672141,50.820636120442224],[-3.6233647024305777,50.82068788523212],[-3.6226101771925787,50.82104016369106],[-3.6213366246085585,50.821165802052455],[-3.6209230015867484,50.821522325142645],[-3.621291018154218,50.82230870332615],[-3.621248883617418,50.82273201774045],[-3.6229390620598694,50.823562960671254],[-3.622513276224597,50.82356888346956],[-3.6203397423606467,50.825182084837564],[-3.619550824356991,50.82536393023333],[-3.619443108903054,50.826354790231505],[-3.6192013076598024,50.826753892432144],[-3.6186718914275438,50.8270490544801],[-3.618586761029638,50.82951465188769],[-3.6182684731270567,50.83016665108232],[-3.6171032485623495,50.83014683166072],[-3.614656440146149,50.83167376141726],[-3.6132184294407312,50.831981469685594],[-3.610736196980608,50.833310933021004],[-3.6086074063829634,50.83294455966368],[-3.605549751994874,50.832824783601176],[-3.602954383933231,50.832932425831686],[-3.6022933366608685,50.833121390558674],[-3.6025154807176385,50.833801898465794],[-3.600876113852791,50.83404026583445],[-3.5999038997227295,50.83468319595021],[-3.599623546170434,50.8356224363105],[-3.5991077333422887,50.836322060188685],[-3.598970248323329,50.83728632289222],[-3.5983368355268737,50.837870630259246],[-3.5985433223411696,50.83975658054512],[-3.598830290754787,50.84025632275798],[-3.599754341247955,50.840693365512315],[-3.5993623241449653,50.84086063533749],[-3.5977023537821706,50.840919355386404],[-3.5944843462236387,50.84319393442473],[-3.593241569890587,50.84340878356536],[-3.59204860140269,50.84425253195293],[-3.5923370074293324,50.84604743075587],[-3.5934691039334807,50.84675150882827],[-3.5934936102887227,50.84747070779356],[-3.5919396540907673,50.847312036700266],[-3.5905066481206203,50.84736755629438],[-3.589220676602249,50.84715123067269],[-3.5885124981022023,50.84554192418561],[-3.587108716840967,50.84520126102056],[-3.585268425434415,50.8449744426684],[-3.5839409682370675,50.84520833108319],[-3.5806127647048447,50.845091570620355],[-3.5793404917859633,50.844856962581794],[-3.5768945173359237,50.84478211588096],[-3.5741086450362656,50.84431606112551],[-3.572562108589272,50.84437289221058],[-3.572088418144961,50.84422636779593],[-3.572091440021607,50.84431626863907],[-3.5694092080044433,50.84439735602896],[-3.569001366351175,50.84409703995981],[-3.5651996338454235,50.843410581349396],[-3.563699464062576,50.84272915266721],[-3.5628409102560266,50.84254278466789],[-3.5617383695676788,50.841856004078],[-3.5602147002910094,50.84131875180595],[-3.5600909159844467,50.841014605933076],[-3.560889233782162,50.84024841986598],[-3.562158221042591,50.83943253666168],[-3.5632494252718847,50.83903857913789],[-3.5645547042898658,50.83899410757297],[-3.5653301758942524,50.838821811193576],[-3.5664733285098382,50.838176877302445],[-3.5667189507878665,50.837876771934894],[-3.5666154954927674,50.8364840661224],[-3.5667170299826285,50.83612293618601],[-3.5672444712722524,50.83575608560432],[-3.5673405782092478,50.83523313299885],[-3.566960019862997,50.834896466581085],[-3.5667577472508314,50.83394580156284],[-3.565629369535865,50.83333135776428],[-3.565041072144006,50.83272764772186],[-3.564595784298371,50.83130354768155],[-3.564616461674286,50.828524071808474],[-3.564742777797873,50.82805468068922],[-3.565409684483945,50.82761401352703],[-3.566314835266665,50.82495757644421],[-3.5664096520191424,50.82015341004629],[-3.566759391736473,50.81957308542232],[-3.5668092884353366,50.81894282215276],[-3.5676949444309325,50.818679086119516],[-3.5685313852890355,50.81864085261121],[-3.570395598245425,50.81876868002706],[-3.5723425863349965,50.81840067420972],[-3.573832392057468,50.81794886273665],[-3.5760803633376677,50.81766667505433],[-3.5792523194318315,50.81783963705351],[-3.5800959153165457,50.81759436418519],[-3.5819624882151255,50.81737119358865],[-3.583886008657262,50.81673348636578],[-3.58542613531957,50.81651469204347],[-3.585554952779683,50.81612619026931],[-3.5860545548781606,50.81578661277662],[-3.586239682331789,50.812869971086315],[-3.586637046861371,50.81202810495291],[-3.587407587465965,50.8113070785177],[-3.587148296700413,50.80952075749115],[-3.587409217234229,50.808842640499705],[-3.588789649748281,50.80769057424543],[-3.589547883228193,50.80744639421752],[-3.590211821946902,50.806933668021514],[-3.589995477164954,50.80557848911906],[-3.590439084864779,50.80443017430928],[-3.590409778632641,50.803567127850414],[-3.5899154994397064,50.800713700588034],[-3.589182401121743,50.8000221410104],[-3.5882110496682933,50.799837498412074],[-3.588067999281053,50.79896700546152],[-3.5884264836528925,50.79781985600152],[-3.5897690502614066,50.796398463022484],[-3.590248875100151,50.794647038074494],[-3.590123679829675,50.793884228008075]]]},"properties":{"WB_CAT":"River","RBD_ID":"8","MNCAT_NAME":"Devon East","RBD_NAME":"South West","OPCAT_ID":"3114","hydromorph":"not designated artificial or heavily modified","MANCAT_ID":"3033","url":"/catchment-planning/WaterBody/GB108045009100","OPCAT_NAME":"Creedy and West Exe","WB_ID":"GB108045009100","version":"2","WB_NAME":"Shobrooke Lake"}},{"type":"Feature","geometry":{"bbox":[-3.734099501476427,50.7193650099519,-3.6276183393538823,50.779668715909246],"type":"Polygon","coordinates":[[[-3.6951074808942135,50.761734861247554],[-3.6945110687997027,50.761320800392454],[-3.6936916017392254,50.76140466152779],[-3.692315567317118,50.76178441628002],[-3.691294592000296,50.7625727465809],[-3.6901748524935933,50.76258898282297],[-3.689571128184518,50.76236387854315],[-3.6887322808486256,50.7623040754482],[-3.687424517370208,50.7630065808246],[-3.686102495197943,50.76331352501921],[-3.685690193408445,50.763679261170715],[-3.685270209394775,50.7646207466122],[-3.6840544796432804,50.76551975928825],[-3.683900519848739,50.76597170113961],[-3.6832678292550476,50.766520498127704],[-3.683092606074059,50.767170621774866],[-3.6812072957483664,50.76838507489883],[-3.6804675798472686,50.76832378262988],[-3.679863826443144,50.76809862856227],[-3.6784771846334756,50.76819055136971],[-3.6760214949612857,50.76892743313931],[-3.6732912471273687,50.769524293194465],[-3.669890617925116,50.77081426144093],[-3.666144046207313,50.77115567225789],[-3.6616411067377967,50.772569074633914],[-3.659392130058267,50.773950249606365],[-3.6583824177280286,50.775079910543134],[-3.657026023671124,50.77603460236605],[-3.6557072389134198,50.7764490844234],[-3.6548630863995286,50.77745044248713],[-3.654691238813566,50.77820840423445],[-3.652857658233843,50.779313725262924],[-3.6525001037869447,50.77923157091118],[-3.6521593110338286,50.77881993910504],[-3.651325522374167,50.77850795316382],[-3.6504342692172953,50.77736929709447],[-3.650089430513927,50.776438767546296],[-3.648524654730351,50.77550750027351],[-3.6481061776789554,50.774901801417215],[-3.648297715829158,50.774701219155936],[-3.648176076069712,50.77446908602608],[-3.6475169465608928,50.774280524938604],[-3.646729876495701,50.773680028046925],[-3.645926148172521,50.77341255094966],[-3.6454897409636517,50.77229441937753],[-3.644022864514802,50.77172148360001],[-3.642373306471135,50.7707913296198],[-3.641583814433922,50.77092836681766],[-3.641181200566279,50.77077213608355],[-3.6410558311452625,50.77043211621335],[-3.6390144656612873,50.76965133740407],[-3.6377550085949286,50.769327248688505],[-3.635990492287088,50.76956788112577],[-3.63569027877365,50.769500138047825],[-3.634901704634412,50.76803612831158],[-3.634073079891507,50.76704937342004],[-3.6341554235651503,50.76656251981964],[-3.6348371462055664,50.76618420315003],[-3.6349170170515093,50.76522069068558],[-3.6345265328019414,50.76459656220456],[-3.634168640176245,50.76327941254133],[-3.6333302676618917,50.762417048925954],[-3.633375213690727,50.761671550495244],[-3.634066923625673,50.76158091006992],[-3.6349445329964465,50.761127885900116],[-3.6356245239696485,50.759481381015895],[-3.63625956636895,50.758986777219825],[-3.635674592957182,50.757663823063716],[-3.6347222701034045,50.75719148429026],[-3.63457083328507,50.756914782913505],[-3.6349693815089745,50.75614467648124],[-3.635613788728348,50.75591977460565],[-3.6364586058290045,50.754936531993756],[-3.6374000260162256,50.754284717035446],[-3.637324107508949,50.75210915194875],[-3.6361098576813875,50.74981465015285],[-3.634806329493471,50.74902344349941],[-3.6338610784014542,50.748748874378535],[-3.632788089608251,50.7480623466134],[-3.6323025589852707,50.74796121293373],[-3.631913508699829,50.74737303213103],[-3.631333593965441,50.747003385071416],[-3.628099440579584,50.746131168863165],[-3.6264246353362095,50.74525510967545],[-3.6264504701781264,50.744364309012454],[-3.627939861353461,50.74316526242105],[-3.6280145451283716,50.74204892009631],[-3.6274482744802166,50.740842582272826],[-3.6279319591682757,50.740485055954835],[-3.629083102312945,50.74016316839814],[-3.6296594155505417,50.739615452642674],[-3.629803519268939,50.738866906600535],[-3.6303449181371636,50.738130793775966],[-3.6314374449246687,50.737755736031986],[-3.6318170400850067,50.73562775392936],[-3.633335915944233,50.73447319392328],[-3.63453727811967,50.73397066036083],[-3.634839532714097,50.73369659107518],[-3.6356113453329604,50.73225566014072],[-3.6355437251191653,50.731941805806294],[-3.637146752488503,50.730768025081325],[-3.637203026087762,50.72913025820374],[-3.6368281191683183,50.72731865825549],[-3.637980241527304,50.72622314973397],[-3.6381789526444477,50.722982378737186],[-3.638563581294558,50.72263518614209],[-3.6387078106662205,50.721895618796545],[-3.638973468056858,50.72179293937575],[-3.640574683457294,50.7217974047696],[-3.64547755983752,50.722213997181385],[-3.6473437980081638,50.722097694866754],[-3.650668338045885,50.7215469792511],[-3.6526484617159247,50.72144696786621],[-3.654280231409138,50.721513766225456],[-3.656262665531838,50.721881369689285],[-3.658999081546857,50.721932401590536],[-3.6597530229123554,50.72161585926611],[-3.661028854098844,50.721633664168984],[-3.6620454869583385,50.72113347520051],[-3.662475773705085,50.72128023804481],[-3.663042371016751,50.72167691082546],[-3.6633870376955033,50.722607411885456],[-3.664371080663607,50.72318699711385],[-3.6648217565795855,50.72390910883105],[-3.6652642794034525,50.724800522798446],[-3.6655099807225033,50.72653463965864],[-3.6672478626366107,50.72758912605021],[-3.6689524897047607,50.728104398361474],[-3.6705851482627545,50.72818894561383],[-3.671740003467539,50.72878400992337],[-3.6732220120719217,50.72901459122763],[-3.6775375025266213,50.728826648331776],[-3.6786087864394963,50.72906307097374],[-3.678897894592371,50.72842929849176],[-3.6798951701083213,50.72778532221613],[-3.6831231287628974,50.726911273795075],[-3.685368561987431,50.7259074337222],[-3.6867790385606827,50.72572513311236],[-3.6906467778503678,50.72570508075804],[-3.6908261319319857,50.724389292318506],[-3.6917472499762516,50.72399816180784],[-3.692155600529832,50.723533518606494],[-3.6923176052268247,50.72139286254608],[-3.6938558592220296,50.72038775426156],[-3.6954619234324744,50.720161986973345],[-3.695879513539164,50.71992732936487],[-3.696575448975205,50.72036619245067],[-3.7033660719586883,50.720267159946374],[-3.7046576635052038,50.720329228998814],[-3.704975134742122,50.72047503428163],[-3.7066330806323964,50.72030931831035],[-3.7071921095282345,50.720876777313464],[-3.7085018142069144,50.721143251451615],[-3.7101777428490808,50.721156812939704],[-3.7107941234910435,50.72154030518358],[-3.7135549482337824,50.721682861520776],[-3.7152497204496187,50.72153201330648],[-3.7157196717601595,50.721597052828834],[-3.7162986079416256,50.721930319659876],[-3.7181784421170647,50.72219044915136],[-3.7187527976581016,50.7223978489311],[-3.7200266813595255,50.72236106998336],[-3.720814129958607,50.722583304055],[-3.723219854541119,50.72280860446252],[-3.724913435502003,50.722702605707035],[-3.725806567850293,50.72232960736698],[-3.72707901739331,50.72148327018564],[-3.7276453554428075,50.720701353192965],[-3.728847320658576,50.7202517976361],[-3.7294427387295768,50.72026095406302],[-3.729590262968593,50.720033897021615],[-3.7302333520096123,50.719799497487436],[-3.7312157418534513,50.719928822831264],[-3.7334429368672932,50.72115495026794],[-3.734042566281256,50.72204547939009],[-3.734227909946818,50.72284322415776],[-3.734086293888646,50.72284533096572],[-3.7332758378925965,50.72315420868193],[-3.7315790182942328,50.72440267501471],[-3.7306042329564546,50.724866874471175],[-3.729177817238015,50.72499597618615],[-3.728464141757187,50.7252404167536],[-3.7282363439743946,50.725981340487664],[-3.726901194330675,50.726666717745104],[-3.726181338855473,50.727900626418815],[-3.725702433001032,50.72797967270713],[-3.7250179755020505,50.727863880815974],[-3.724350025123744,50.7281975637008],[-3.7226118958137797,50.72833119488259],[-3.721704461052497,50.72870437894131],[-3.7216557501158554,50.73046801141431],[-3.7217914762074074,50.731077629616955],[-3.7223165540073517,50.731483617916005],[-3.7222329140748336,50.732294354258066],[-3.721600461914728,50.73282537420333],[-3.7196595585249708,50.733231788200044],[-3.718995443315919,50.73367331633114],[-3.7179327186109177,50.73406674868421],[-3.7179873219032817,50.735559021639915],[-3.718808896328601,50.736320433477395],[-3.7188237067019885,50.73672496500173],[-3.7181393896957613,50.738165168381215],[-3.716567221192951,50.73858408328194],[-3.7160697151968614,50.73893319619264],[-3.712766409855393,50.740079094502526],[-3.712213502938396,50.740464982279555],[-3.7118410841020513,50.74113603904966],[-3.7114737178570794,50.741168415944756],[-3.7097995090807205,50.74190354140576],[-3.7090950599892483,50.742021803690974],[-3.70873717511649,50.74231487122733],[-3.708723239032875,50.74271083013915],[-3.707962554329965,50.74362141885541],[-3.707726292790435,50.74492007637932],[-3.707774377442187,50.746241551601614],[-3.7082885132493915,50.74712446677589],[-3.7064462991532916,50.74792496452911],[-3.705203066090536,50.74882460675874],[-3.7054949537396946,50.749054192063106],[-3.70575107823962,50.749859942192565],[-3.7073198175741005,50.75167184047996],[-3.707082409253131,50.75216101481999],[-3.7065570026155013,50.75252848264824],[-3.706403299934338,50.752980452638255],[-3.706016320410903,50.753255947824],[-3.7058626102909353,50.75370791712118],[-3.705474314579625,50.75394745206891],[-3.705488866769445,50.75590801915372],[-3.702189329477549,50.75719746278358],[-3.7019271125277924,50.7585684387432],[-3.6994538849805876,50.75997166045114],[-3.6991378276431846,50.76064185144688],[-3.697682026445919,50.761166742478636],[-3.696658554284827,50.76188320161343],[-3.6958390816269686,50.76196707789244],[-3.6951074808942135,50.761734861247554]]]},"properties":{"WB_CAT":"River","RBD_ID":"8","MNCAT_NAME":"Devon East","RBD_NAME":"South West","OPCAT_ID":"3114","hydromorph":"not designated artificial or heavily modified","MANCAT_ID":"3033","url":"/catchment-planning/WaterBody/GB108045009220","OPCAT_NAME":"Creedy and West Exe","WB_ID":"GB108045009220","version":"2","WB_NAME":"Culvery River"}},{"type":"Feature","geometry":{"bbox":[-3.7505844204674696,50.72259873156022,-3.6955813213173188,50.774841777257365],"type":"Polygon","coordinates":[[[-3.6951074808942135,50.761734861247554],[-3.6958390816269686,50.76196707789244],[-3.696658554284827,50.76188320161343],[-3.697682026445919,50.761166742478636],[-3.6991378276431846,50.76064185144688],[-3.6994538849805876,50.75997166045114],[-3.7019271125277924,50.7585684387432],[-3.702189329477549,50.75719746278358],[-3.705488866769445,50.75590801915372],[-3.705474314579625,50.75394745206891],[-3.7058626102909353,50.75370791712118],[-3.706016320410903,50.753255947824],[-3.706403299934338,50.752980452638255],[-3.7065570026155013,50.75252848264824],[-3.707082409253131,50.75216101481999],[-3.7073198175741005,50.75167184047996],[-3.70575107823962,50.749859942192565],[-3.7054949537396946,50.749054192063106],[-3.705203066090536,50.74882460675874],[-3.7064462991532916,50.74792496452911],[-3.7082885132493915,50.74712446677589],[-3.707774377442187,50.746241551601614],[-3.707726292790435,50.74492007637932],[-3.707962554329965,50.74362141885541],[-3.708723239032875,50.74271083013915],[-3.70873717511649,50.74231487122733],[-3.7090950599892483,50.742021803690974],[-3.7097995090807205,50.74190354140576],[-3.7114737178570794,50.741168415944756],[-3.7118410841020513,50.74113603904966],[-3.712213502938396,50.740464982279555],[-3.712766409855393,50.740079094502526],[-3.7160697151968614,50.73893319619264],[-3.716567221192951,50.73858408328194],[-3.7181393896957613,50.738165168381215],[-3.7188237067019885,50.73672496500173],[-3.718808896328601,50.736320433477395],[-3.7179873219032817,50.735559021639915],[-3.7179327186109177,50.73406674868421],[-3.718995443315919,50.73367331633114],[-3.7196595585249708,50.733231788200044],[-3.721600461914728,50.73282537420333],[-3.7222329140748336,50.732294354258066],[-3.7223165540073517,50.731483617916005],[-3.7217914762074074,50.731077629616955],[-3.7216557501158554,50.73046801141431],[-3.721704461052497,50.72870437894131],[-3.7226118958137797,50.72833119488259],[-3.724350025123744,50.7281975637008],[-3.7250179755020505,50.727863880815974],[-3.725702433001032,50.72797967270713],[-3.726181338855473,50.727900626418815],[-3.726901194330675,50.726666717745104],[-3.7282363439743946,50.725981340487664],[-3.728464141757187,50.7252404167536],[-3.729177817238015,50.72499597618615],[-3.7306042329564546,50.724866874471175],[-3.7315790182942328,50.72440267501471],[-3.7332758378925965,50.72315420868193],[-3.734086293888646,50.72284533096572],[-3.7355910808192436,50.72407317406771],[-3.7390755848876522,50.72403922985058],[-3.7404177884829837,50.72508054632352],[-3.7413584948667884,50.72522839802442],[-3.7417986986455984,50.72563556726623],[-3.741874352307525,50.72614712208799],[-3.744493395682378,50.72798780302218],[-3.7456196956476457,50.72810647392321],[-3.7465596236372467,50.72867642180688],[-3.7477739021966463,50.72893704484762],[-3.747783939441265,50.72920672874767],[-3.748539381870604,50.73008585958273],[-3.7508281876332803,50.73141866696813],[-3.7509782045457087,50.73316134252096],[-3.75078383647021,50.73364996352852],[-3.750405410054646,50.73376358000272],[-3.7501331722129985,50.73406448506726],[-3.7501787182737734,50.7368071155416],[-3.7498858369339576,50.73731520252129],[-3.7489258072911213,50.73779732132752],[-3.7473364240246814,50.73812696637889],[-3.7461631884883033,50.738594268627544],[-3.7447833140509297,50.73960431947289],[-3.7442243919275997,50.740584084895886],[-3.742878389222509,50.740981982472995],[-3.741769044753461,50.741646162565644],[-3.7422171108890354,50.743024613674734],[-3.742804510963552,50.74357349033915],[-3.7435657559043944,50.7438409361838],[-3.743262933141321,50.74446608196135],[-3.7432000052335552,50.74582518524084],[-3.743915612814144,50.74829695162025],[-3.7438333257874943,50.74913466611976],[-3.7418679761951794,50.75042326780919],[-3.7414442145734785,50.750465575863586],[-3.741353190500518,50.75030503542413],[-3.739808848688609,50.749950324461174],[-3.7378959322799954,50.749978854255545],[-3.73740265317631,50.750058161592314],[-3.7368518326143674,50.750498101621325],[-3.7358955933697358,50.750710220492046],[-3.73476975754116,50.75132061023841],[-3.7336332639643475,50.75164332548386],[-3.732910352150484,50.75203183865373],[-3.7327877802380436,50.753319864186714],[-3.7325239486418664,50.75385445633052],[-3.7319980617708124,50.75420405791402],[-3.7314360507426483,50.75511184804895],[-3.730912131729237,50.75551538188991],[-3.7308551405822605,50.75704528023673],[-3.7313002041187104,50.757578337918034],[-3.731933733029668,50.75783876186822],[-3.7325065543473817,50.760294723607345],[-3.732915351574308,50.760612447853866],[-3.7330470027549927,50.76110518430216],[-3.732904040871355,50.762609377123916],[-3.7332677934288565,50.76324257419793],[-3.7327797877374365,50.76385245327697],[-3.732515445540943,50.7651425826613],[-3.732164508253473,50.765624500379516],[-3.732822730653193,50.76655013946817],[-3.7327085497933115,50.76729837242217],[-3.7315009758847446,50.76839563949684],[-3.7287045217378023,50.76871595768688],[-3.727262057037107,50.76960079632444],[-3.7266864197602,50.76937546718529],[-3.7253512566698213,50.76932327515323],[-3.721290426902019,50.76997692007256],[-3.719477225391353,50.77003964900017],[-3.7188369936740857,50.77037288620789],[-3.718243904635303,50.77044458778619],[-3.717063338317257,50.7703540450285],[-3.7126983560614053,50.7708409743955],[-3.7119268034485255,50.77146392238726],[-3.7115171268524776,50.7726751836595],[-3.7105839319330025,50.773534348637746],[-3.7101684083332573,50.774197026804245],[-3.71018152459012,50.774556609657],[-3.709526276141523,50.774638178772314],[-3.707803716863634,50.77431263800797],[-3.706614342433422,50.773592511662514],[-3.7063349442682565,50.77293101636208],[-3.7062023439454275,50.7708462604231],[-3.704057859440581,50.76960041649582],[-3.7037303111941298,50.76917347239293],[-3.702425114924265,50.76838304080902],[-3.7017375098215446,50.76819520124133],[-3.700981469714869,50.76768455823177],[-3.700268789112612,50.767587019648104],[-3.6997203505974783,50.767325183895984],[-3.699236123131735,50.76648676951119],[-3.6988294528778654,50.76622286359574],[-3.6983393935108384,50.765222631560334],[-3.6971999371201987,50.76430380646078],[-3.6966930233480806,50.76283610483347],[-3.695113978370095,50.7619146544701],[-3.6951074808942135,50.761734861247554]]]},"properties":{"WB_CAT":"River","RBD_ID":"8","MNCAT_NAME":"Devon East","RBD_NAME":"South West","OPCAT_ID":"3114","hydromorph":"not designated artificial or heavily modified","MANCAT_ID":"3033","url":"/catchment-planning/WaterBody/GB108045009230","OPCAT_NAME":"Creedy and West Exe","WB_ID":"GB108045009230","version":"2","WB_NAME":"Ford Brook (EXE)"}},{"type":"Feature","geometry":{"bbox":[-3.8414956015756543,50.715738244027264,-3.7099553070356364,50.78274480740039],"type":"Polygon","coordinates":[[[-3.7170027121739393,50.782641259520126],[-3.7170508968598552,50.781246428088764],[-3.7168194173437246,50.78112391485315],[-3.713448395713303,50.7808856739011],[-3.7128031011036815,50.7806972771956],[-3.7130692601853554,50.77788712237252],[-3.712916308327594,50.777583560287674],[-3.7114840380696568,50.77720883717275],[-3.710117183488154,50.776293474630755],[-3.7096836338513857,50.77529656020618],[-3.7102706253117113,50.77478916307957],[-3.71018152459012,50.774556609657],[-3.7101684083332573,50.774197026804245],[-3.7105839319330025,50.773534348637746],[-3.7115171268524776,50.7726751836595],[-3.7119268034485255,50.77146392238726],[-3.7126983560614053,50.7708409743955],[-3.717063338317257,50.7703540450285],[-3.718243904635303,50.77044458778619],[-3.7188369936740857,50.77037288620789],[-3.719477225391353,50.77003964900017],[-3.721290426902019,50.76997692007256],[-3.7253512566698213,50.76932327515323],[-3.7266864197602,50.76937546718529],[-3.727262057037107,50.76960079632444],[-3.7287045217378023,50.76871595768688],[-3.7315009758847446,50.76839563949684],[-3.7327085497933115,50.76729837242217],[-3.732822730653193,50.76655013946817],[-3.732164508253473,50.765624500379516],[-3.732515445540943,50.7651425826613],[-3.7327797877374365,50.76385245327697],[-3.7332677934288565,50.76324257419793],[-3.732904040871355,50.762609377123916],[-3.7330470027549927,50.76110518430216],[-3.732915351574308,50.760612447853866],[-3.7325065543473817,50.760294723607345],[-3.731933733029668,50.75783876186822],[-3.7313002041187104,50.757578337918034],[-3.7308551405822605,50.75704528023673],[-3.730912131729237,50.75551538188991],[-3.7314360507426483,50.75511184804895],[-3.7319980617708124,50.75420405791402],[-3.7325239486418664,50.75385445633052],[-3.7327877802380436,50.753319864186714],[-3.732910352150484,50.75203183865373],[-3.7336332639643475,50.75164332548386],[-3.73476975754116,50.75132061023841],[-3.7358955933697358,50.750710220492046],[-3.7368518326143674,50.750498101621325],[-3.73740265317631,50.750058161592314],[-3.7378959322799954,50.749978854255545],[-3.739808848688609,50.749950324461174],[-3.741353190500518,50.75030503542413],[-3.7414442145734785,50.750465575863586],[-3.7418679761951794,50.75042326780919],[-3.7438333257874943,50.74913466611976],[-3.743915612814144,50.74829695162025],[-3.7432000052335552,50.74582518524084],[-3.743262933141321,50.74446608196135],[-3.7435657559043944,50.7438409361838],[-3.742804510963552,50.74357349033915],[-3.7422171108890354,50.743024613674734],[-3.741769044753461,50.741646162565644],[-3.742878389222509,50.740981982472995],[-3.7442243919275997,50.740584084895886],[-3.7447833140509297,50.73960431947289],[-3.7461631884883033,50.738594268627544],[-3.7473364240246814,50.73812696637889],[-3.7489258072911213,50.73779732132752],[-3.7498858369339576,50.73731520252129],[-3.7501787182737734,50.7368071155416],[-3.7501331722129985,50.73406448506726],[-3.750405410054646,50.73376358000272],[-3.75078383647021,50.73364996352852],[-3.7509782045457087,50.73316134252096],[-3.7508281876332803,50.73141866696813],[-3.748539381870604,50.73008585958273],[-3.747783939441265,50.72920672874767],[-3.7477739021966463,50.72893704484762],[-3.7481897372328414,50.72868796476071],[-3.748979531633609,50.7285861729374],[-3.7502730750703677,50.72869268080985],[-3.7518616427951317,50.728452950630114],[-3.753780855145523,50.728514037236025],[-3.754069490810552,50.728653606211424],[-3.7562580188952093,50.72881853316809],[-3.7578873738313603,50.729945268534024],[-3.761628573470942,50.73032052736913],[-3.7627731290660926,50.73023126939002],[-3.7646871927744154,50.72950073910153],[-3.7697609959839977,50.729135996074454],[-3.7702903877588403,50.72889410069603],[-3.7722236425019577,50.72846998546458],[-3.772877219686325,50.7275955565918],[-3.7752948588823867,50.72707305874643],[-3.7770709296751006,50.72607458919601],[-3.777933551427724,50.72583989424674],[-3.780338248739521,50.724045939693994],[-3.7830825258257095,50.72317649752836],[-3.78307842785172,50.72157553514021],[-3.7843255857544986,50.72083688863898],[-3.785390858847642,50.72053275192185],[-3.7857066687102834,50.7202670666333],[-3.787439137558019,50.71999766682745],[-3.788091881850323,50.72002363354996],[-3.7883102340628194,50.719804415024704],[-3.789126736636014,50.71966596184457],[-3.7902396845564743,50.7191271907783],[-3.7916602497876206,50.71885351701872],[-3.7921585920081506,50.718917812245344],[-3.792840141623323,50.7196988504922],[-3.7940012783218493,50.71968098526165],[-3.794855432868786,50.71941598879137],[-3.7975367238870685,50.719077850655346],[-3.798947789260821,50.718615348902624],[-3.799348479360475,50.71834533617293],[-3.7997601848595592,50.71763139705357],[-3.8052008816640916,50.71689965443554],[-3.8058604852411064,50.716367752927304],[-3.8063249706634377,50.71628859922854],[-3.8071461969167784,50.716275869672494],[-3.8085030729048315,50.71656063940238],[-3.81023048708516,50.71653382435781],[-3.8137584624846292,50.716173164103765],[-3.815817505889407,50.71666278984641],[-3.8165490971628397,50.71726302067624],[-3.818025837033689,50.71734793137328],[-3.818763731451193,50.718109952267824],[-3.8195884656933132,50.71818702606381],[-3.8202182099942745,50.71761953049311],[-3.823328179041612,50.717804781641846],[-3.8321913869124664,50.719104929916554],[-3.8335046064144693,50.71935411745644],[-3.834215283610793,50.7197746759305],[-3.836391587327437,50.71999225706254],[-3.8369721454495314,50.719983109007735],[-3.837473464554185,50.71975933730624],[-3.8382975514833566,50.71981829999206],[-3.839178198083237,50.7202361476778],[-3.8416883592177724,50.7206552308702],[-3.8415158790919692,50.72095478349031],[-3.8389192138845356,50.722668770166266],[-3.8374952135810254,50.723212912223076],[-3.8367602516310346,50.723260474114355],[-3.8357404485441915,50.72399610517056],[-3.8355880803024687,50.72444823328031],[-3.835231126355206,50.724741680118065],[-3.8353421322164856,50.72758221611321],[-3.832736846437925,50.728000978844406],[-3.831658963159217,50.72834172519977],[-3.830128009517457,50.72832979319818],[-3.828780309015007,50.728656759494264],[-3.8267784808155976,50.728562224240235],[-3.825322525574691,50.728656988380024],[-3.8247448094929446,50.72910676648877],[-3.8244810760532726,50.73034314840684],[-3.8236246036340917,50.73091421244235],[-3.822339017942841,50.73138404452399],[-3.8191348094275086,50.73208169885605],[-3.817829866697574,50.732785640876976],[-3.8158620277226265,50.732474518323656],[-3.815484034676708,50.73222855865143],[-3.8148884595275976,50.73221984353046],[-3.8148259791328423,50.732436685221785],[-3.8135717863128042,50.73335565793168],[-3.8130067428127883,50.73413797730595],[-3.812173532245117,50.734582670497396],[-3.81024953244119,50.734306749676],[-3.8087319223879907,50.73501389081982],[-3.8040223169081715,50.73564452907184],[-3.803483690230003,50.736381419607234],[-3.803261140961925,50.73870544883333],[-3.802021030220731,50.7403706213511],[-3.8000535933840656,50.74081476405959],[-3.7954691326082357,50.741029372715424],[-3.795721457453997,50.742437624095096],[-3.7956930675711744,50.74465970423309],[-3.7945837104151807,50.74530640123715],[-3.7936783374265004,50.74535631224747],[-3.7932062444010177,50.745615420617725],[-3.792940391376143,50.747562321147825],[-3.7916615886126674,50.748229584218535],[-3.7904931212030455,50.748445413905145],[-3.7899224825070004,50.748724010972495],[-3.789982831971273,50.75030611493314],[-3.790447230729388,50.75058680775414],[-3.791645709505431,50.75078426429636],[-3.7925137418222308,50.751238635322196],[-3.792414806310599,50.75161792501503],[-3.7912810192102495,50.752372898251934],[-3.7877937666195307,50.753505762348105],[-3.784049530011246,50.75385093944705],[-3.78325478994295,50.7542048878544],[-3.7822973291425357,50.75438142878931],[-3.780971258659127,50.75418582502435],[-3.779489470721406,50.75437035092047],[-3.7778263106299987,50.75500734728152],[-3.7764484460373837,50.75531617218666],[-3.7754727991923915,50.755762767930456],[-3.773403899139282,50.75617202225379],[-3.7722014609640055,50.756622039612985],[-3.768991980001202,50.75686865695121],[-3.7677119022092413,50.757517683665384],[-3.7668596579650777,50.75823216922607],[-3.764964662259228,50.75836880358283],[-3.7640779309247256,50.75892189030294],[-3.7637857449374588,50.75944798890352],[-3.762817322035958,50.76009224600564],[-3.7609451858296237,50.76084009137795],[-3.7590500512187477,50.76135439769087],[-3.7582111045218074,50.76205062907018],[-3.7556010377788924,50.763547056558025],[-3.7551379691901956,50.7640577163713],[-3.7537798529054434,50.764905639605324],[-3.752543276268169,50.765212053994695],[-3.7510087880700826,50.76665622752152],[-3.749498711318509,50.767236548804874],[-3.7485109658185407,50.768132818286],[-3.747135865305909,50.76853119589736],[-3.7463388056052347,50.769217717478185],[-3.7464750840177685,50.770591822824166],[-3.746222595523531,50.770667559548755],[-3.74576093267682,50.77045860611373],[-3.745222248758116,50.770466669702486],[-3.7446105497854174,50.77079962228794],[-3.743150280549394,50.771199226370896],[-3.742038899877055,50.77182745514704],[-3.7413340892963713,50.77194591533483],[-3.7398574112652985,50.77266952160238],[-3.739265995380161,50.77278627722336],[-3.736791833417624,50.77415432619798],[-3.734528402645143,50.775087456039145],[-3.733092943590705,50.77539661972226],[-3.7308314924254558,50.77677036665067],[-3.727650373658993,50.777060394132576],[-3.7263732405990027,50.77685444838203],[-3.7244665412743956,50.77689124170188],[-3.7228318743330466,50.77795916543395],[-3.721478676784225,50.778195014710874],[-3.7206952445506136,50.77849439754193],[-3.719283327687142,50.778677121300184],[-3.7176342708638246,50.78013152858099],[-3.717416266564819,50.78115110409228],[-3.717513499488905,50.7822559804463],[-3.7172863078982736,50.782637083712906],[-3.7170027121739393,50.782641259520126]]]},"properties":{"WB_CAT":"River","RBD_ID":"8","MNCAT_NAME":"Devon East","RBD_NAME":"South West","OPCAT_ID":"3114","hydromorph":"not designated artificial or heavily modified","MANCAT_ID":"3033","url":"/catchment-planning/WaterBody/GB108045009240","OPCAT_NAME":"Creedy and West Exe","WB_ID":"GB108045009240","version":"2","WB_NAME":"Upper Yeo (Creedy)"}},{"type":"Feature","geometry":{"bbox":[-3.8756127219335768,50.71507728821007,-3.7298813691433406,50.7848524389088],"type":"Polygon","coordinates":[[[-3.862162384939064,50.715292956204955],[-3.863209307812585,50.7163286009987],[-3.8650415454443903,50.71742542180445],[-3.865291927617155,50.71811220213518],[-3.8657019501334884,50.718447434938454],[-3.867101703871171,50.71873083791685],[-3.868885645298461,50.72012339660238],[-3.871647673842392,50.72045685177889],[-3.872138422311938,50.72068283051417],[-3.8730715401952005,50.7206318608853],[-3.874837406911656,50.72085531982165],[-3.8758783276732482,50.72172903287576],[-3.8749295941940476,50.72245487843452],[-3.874569021494106,50.72478128770773],[-3.8743094760571344,50.72537910567783],[-3.8733759110457444,50.726131671275496],[-3.8732833537323987,50.726636856766085],[-3.8734525881165993,50.72803729538036],[-3.874005157672975,50.7284061865206],[-3.874195911999663,50.72892480670502],[-3.8751957558931442,50.7294753803446],[-3.8736378792121497,50.72950043133617],[-3.8737685420708243,50.729579288771845],[-3.8728248480189027,50.730080162968996],[-3.8722375294310676,50.73098905762035],[-3.869737682388024,50.730849289728354],[-3.8691132302636353,50.73118310965435],[-3.8671120808634583,50.731467028488815],[-3.8665030643390086,50.73147678168245],[-3.864585207140097,50.73100377760659],[-3.862491826935815,50.73074941687771],[-3.8613551335318688,50.730317843628],[-3.8604839915263476,50.72979207543452],[-3.8602736056769826,50.72948961709537],[-3.859299156967665,50.729217337218024],[-3.857588392226067,50.72967635229754],[-3.8570070667982357,50.73002740893449],[-3.856416492789387,50.73014475070446],[-3.855948456483617,50.730493997708685],[-3.8533028452130473,50.73096782975759],[-3.8525238727051554,50.73098021186954],[-3.8519913273633786,50.730772804019345],[-3.8511096721560056,50.730696862240016],[-3.849582892443499,50.730793054091336],[-3.8485171119206965,50.731079797078515],[-3.8481053063283785,50.73141912589339],[-3.847871870257138,50.734130192807434],[-3.8460565761424226,50.734100826045875],[-3.8456156288573555,50.734421025986414],[-3.844445558401675,50.73422043389378],[-3.8437358929412833,50.73455546469584],[-3.8414560836257476,50.7349692720592],[-3.8408838009234065,50.735194180279194],[-3.8405356903929224,50.7371604911122],[-3.840743033262197,50.73811064047467],[-3.839167778589322,50.73842332912049],[-3.837219085221427,50.73933552275885],[-3.83542414025991,50.73983151344935],[-3.8344064217934677,50.74063005797092],[-3.8344706499353736,50.74191076933068],[-3.8349898500497663,50.74250073632075],[-3.8348442265343468,50.74385221007908],[-3.835092124284062,50.74511653875805],[-3.8344937107850563,50.74612752227077],[-3.83427393702308,50.74739603886955],[-3.834836581062064,50.74800780825607],[-3.8361052076055464,50.74854549669056],[-3.8365754887711887,50.74896982706143],[-3.838262183495882,50.749321014770665],[-3.838845138671995,50.74972557034818],[-3.8392660307862867,50.75031257065831],[-3.8389719198194703,50.75151348375829],[-3.839253802836508,50.75364074217582],[-3.8385862403597955,50.754334855994486],[-3.8400793733884093,50.75468007592208],[-3.840899400416632,50.75510786308561],[-3.8424411114685277,50.75537133507817],[-3.843178599678925,50.75609723030284],[-3.842960250939082,50.75703611352214],[-3.842437283564797,50.75744013834429],[-3.842345095633996,50.75798126702048],[-3.842503112476684,50.76056020006329],[-3.8420594303326165,50.76370629997296],[-3.8412936671278377,50.76399722558299],[-3.8389518424284432,50.76438497023203],[-3.837191530871613,50.764340764050615],[-3.83469150270228,50.76387643652286],[-3.8333442261367567,50.764239420038535],[-3.832100229184419,50.765068479674966],[-3.8318330013172477,50.76621498110148],[-3.8309280536345045,50.76701171694856],[-3.831074089206481,50.76784591287008],[-3.8314612314876797,50.768316541473986],[-3.831211172764953,50.769903501740856],[-3.830756166877089,50.769874668581835],[-3.830027483511161,50.77010197529025],[-3.82804156175841,50.770097148500376],[-3.8265012029813845,50.77060699020723],[-3.8255885591559475,50.77011759063332],[-3.8232528677739293,50.76987207026695],[-3.820577831636482,50.769035643409566],[-3.817890433679799,50.769257462116194],[-3.817087071133669,50.76961176848948],[-3.8167509160765936,50.76935617258184],[-3.8151521790115943,50.76909324740268],[-3.813452418988275,50.768418125132676],[-3.8128117749306325,50.768356131080616],[-3.8109434851344672,50.768457118282384],[-3.81051725533483,50.76880552768393],[-3.809492200263522,50.76907328500343],[-3.808539702589159,50.769016106518336],[-3.80824545737092,50.76874184101534],[-3.8068708385397714,50.768772144655074],[-3.8060497122449064,50.7684430756475],[-3.8053261041899886,50.768436292374105],[-3.8037806999625614,50.76808244112006],[-3.801622386267443,50.76691054920418],[-3.800900873032797,50.766957673078444],[-3.8000279528743843,50.7667552845557],[-3.7979348829161053,50.767651047003405],[-3.7950282556889148,50.768415386843905],[-3.792136827478387,50.76883763030157],[-3.7916395770295392,50.76918706143876],[-3.7904733356873703,50.76947480906967],[-3.7894129357116086,50.769563042567974],[-3.788997050988755,50.769443501542106],[-3.788395743146597,50.7696685926425],[-3.7851589734240068,50.76959226862834],[-3.784516486967896,50.76985394785461],[-3.784219335825962,50.770245256733595],[-3.7832091122525724,50.770161771188555],[-3.781842968004766,50.7704165111021],[-3.7800015033157757,50.7704806137854],[-3.779414995915048,50.7707234212],[-3.7772961330530066,50.77095361394435],[-3.7771928036175275,50.77271810059462],[-3.775948258578689,50.77356455077406],[-3.7739211115245057,50.77397317328692],[-3.7732785013634023,50.77423479164584],[-3.772148432509443,50.77435990449237],[-3.7725846142878843,50.77464109692273],[-3.77270992627224,50.774953997349954],[-3.7726440945866737,50.77621421944111],[-3.7723829764284242,50.776811821325175],[-3.770472974643102,50.77807307337668],[-3.7700498271349594,50.77888899591514],[-3.7696305879008465,50.779057258484634],[-3.7681175768680326,50.77918814212926],[-3.7671838933312265,50.779634027650346],[-3.765872742271202,50.77985176707497],[-3.765002508486585,50.780476562551854],[-3.7645805293398045,50.780572892837036],[-3.763179532009871,50.7806660393331],[-3.76233081274191,50.78035506947879],[-3.761250524681491,50.780299434930924],[-3.7596064524505985,50.781097774066666],[-3.7560225227786246,50.781620299740084],[-3.755714096328192,50.78171885344858],[-3.755445147394508,50.78211389751975],[-3.7552111271287334,50.7826840679709],[-3.755285014519188,50.78314167081954],[-3.7536454490249365,50.78406577839079],[-3.750022762348793,50.78431807526467],[-3.7493792040338016,50.78456158548201],[-3.7474196636764847,50.78451900862773],[-3.746630375972726,50.78427898948188],[-3.7454494128663813,50.784188738370204],[-3.744728363259082,50.78387572986048],[-3.7423508072493665,50.78403719789755],[-3.739593874181427,50.783916456505686],[-3.737720960353054,50.783530637611236],[-3.735989679176315,50.78352044493722],[-3.7345125133934505,50.78309270529492],[-3.731851405481067,50.780955612501806],[-3.730493157538102,50.7795186844024],[-3.7296648016422824,50.77898412012487],[-3.7300357704841693,50.777888491349074],[-3.731087424806224,50.77717132180235],[-3.7308314924254558,50.77677036665067],[-3.733092943590705,50.77539661972226],[-3.734528402645143,50.775087456039145],[-3.736791833417624,50.77415432619798],[-3.739265995380161,50.77278627722336],[-3.7398574112652985,50.77266952160238],[-3.7413340892963713,50.77194591533483],[-3.742038899877055,50.77182745514704],[-3.743150280549394,50.771199226370896],[-3.7446105497854174,50.77079962228794],[-3.745222248758116,50.770466669702486],[-3.74576093267682,50.77045860611373],[-3.746222595523531,50.770667559548755],[-3.7464750840177685,50.770591822824166],[-3.7463388056052347,50.769217717478185],[-3.747135865305909,50.76853119589736],[-3.7485109658185407,50.768132818286],[-3.749498711318509,50.767236548804874],[-3.7510087880700826,50.76665622752152],[-3.752543276268169,50.765212053994695],[-3.7537798529054434,50.764905639605324],[-3.7551379691901956,50.7640577163713],[-3.7556010377788924,50.763547056558025],[-3.7582111045218074,50.76205062907018],[-3.7590500512187477,50.76135439769087],[-3.7609451858296237,50.76084009137795],[-3.762817322035958,50.76009224600564],[-3.7637857449374588,50.75944798890352],[-3.7640779309247256,50.75892189030294],[-3.764964662259228,50.75836880358283],[-3.7668596579650777,50.75823216922607],[-3.7677119022092413,50.757517683665384],[-3.768991980001202,50.75686865695121],[-3.7722014609640055,50.756622039612985],[-3.773403899139282,50.75617202225379],[-3.7754727991923915,50.755762767930456],[-3.7764484460373837,50.75531617218666],[-3.7778263106299987,50.75500734728152],[-3.779489470721406,50.75437035092047],[-3.780971258659127,50.75418582502435],[-3.7822973291425357,50.75438142878931],[-3.78325478994295,50.7542048878544],[-3.784049530011246,50.75385093944705],[-3.7877937666195307,50.753505762348105],[-3.7912810192102495,50.752372898251934],[-3.792414806310599,50.75161792501503],[-3.7925137418222308,50.751238635322196],[-3.791645709505431,50.75078426429636],[-3.790447230729388,50.75058680775414],[-3.789982831971273,50.75030611493314],[-3.7899224825070004,50.748724010972495],[-3.7904931212030455,50.748445413905145],[-3.7916615886126674,50.748229584218535],[-3.792940391376143,50.747562321147825],[-3.7932062444010177,50.745615420617725],[-3.7936783374265004,50.74535631224747],[-3.7945837104151807,50.74530640123715],[-3.7956930675711744,50.74465970423309],[-3.795721457453997,50.742437624095096],[-3.7954691326082357,50.741029372715424],[-3.8000535933840656,50.74081476405959],[-3.802021030220731,50.7403706213511],[-3.803261140961925,50.73870544883333],[-3.803483690230003,50.736381419607234],[-3.8040223169081715,50.73564452907184],[-3.8087319223879907,50.73501389081982],[-3.81024953244119,50.734306749676],[-3.812173532245117,50.734582670497396],[-3.8130067428127883,50.73413797730595],[-3.8135717863128042,50.73335565793168],[-3.8148259791328423,50.732436685221785],[-3.8148884595275976,50.73221984353046],[-3.815484034676708,50.73222855865143],[-3.8158620277226265,50.732474518323656],[-3.817829866697574,50.732785640876976],[-3.8191348094275086,50.73208169885605],[-3.822339017942841,50.73138404452399],[-3.8236246036340917,50.73091421244235],[-3.8244810760532726,50.73034314840684],[-3.8247448094929446,50.72910676648877],[-3.825322525574691,50.728656988380024],[-3.8267784808155976,50.728562224240235],[-3.828780309015007,50.728656759494264],[-3.830128009517457,50.72832979319818],[-3.831658963159217,50.72834172519977],[-3.832736846437925,50.728000978844406],[-3.8353421322164856,50.72758221611321],[-3.835231126355206,50.724741680118065],[-3.8355880803024687,50.72444823328031],[-3.8357404485441915,50.72399610517056],[-3.8367602516310346,50.723260474114355],[-3.8374952135810254,50.723212912223076],[-3.8389192138845356,50.722668770166266],[-3.8415158790919692,50.72095478349031],[-3.8416883592177724,50.7206552308702],[-3.8438353278226787,50.72084615935515],[-3.844223341873379,50.72062415079858],[-3.844927109241524,50.720505078617116],[-3.8459403034978306,50.71996735120855],[-3.847121955965884,50.71975075061309],[-3.8484890992321086,50.719207391168105],[-3.850814101580315,50.71888266919069],[-3.8519057853323244,50.71854152399665],[-3.8538581863200116,50.718456677288174],[-3.8548919561921062,50.718098278424016],[-3.8570163338371812,50.716643304667684],[-3.8578332772885067,50.7165223507537],[-3.858513214844211,50.71616071509759],[-3.859893258167699,50.71594982137595],[-3.8603505236915407,50.715690674820806],[-3.861408134677047,50.715565854131775],[-3.862162384939064,50.715292956204955]]]},"properties":{"WB_CAT":"River","RBD_ID":"8","MNCAT_NAME":"Devon East","RBD_NAME":"South West","OPCAT_ID":"3114","hydromorph":"not designated artificial or heavily modified","MANCAT_ID":"3033","url":"/catchment-planning/WaterBody/GB108045009270","OPCAT_NAME":"Creedy and West Exe","WB_ID":"GB108045009270","version":"2","WB_NAME":"Troney"}},{"type":"Feature","geometry":{"bbox":[-3.7170183916118305,50.76099153752855,-3.612768851327308,50.80245063258106],"type":"Polygon","coordinates":[[[-3.7170027121739393,50.782641259520126],[-3.71633585362913,50.783415604031866],[-3.7161290516204897,50.78396730418627],[-3.717780847027211,50.78490538316269],[-3.7179163682679057,50.78550600983108],[-3.717305563503217,50.786648296556294],[-3.716900146693007,50.78874995347828],[-3.715006022370137,50.78933547349177],[-3.7147734843247355,50.78957274627889],[-3.715412380219378,50.79307115144108],[-3.7160921246833354,50.79380768410064],[-3.715540926645809,50.794256516797745],[-3.7143884207459377,50.794561283279094],[-3.713412019584689,50.7950253496014],[-3.7135563049060387,50.79664221334643],[-3.714274050479424,50.79725226896191],[-3.7137729256684207,50.79752047695243],[-3.712067135754544,50.79783334849642],[-3.711291854858047,50.798366398683314],[-3.7094431071796006,50.79904110282816],[-3.7085523292149016,50.799521861133066],[-3.7083424180292104,50.79999264174656],[-3.7018919125231484,50.799799125903974],[-3.70035030502555,50.79994753125378],[-3.698236561127388,50.7995825768059],[-3.6962080968760294,50.7996120945706],[-3.694553118583415,50.80015782240987],[-3.693223179243313,50.801058581346076],[-3.692548770033511,50.80124825652472],[-3.6889482157682365,50.80137240496924],[-3.6886051671525957,50.80130541744181],[-3.6859593100004506,50.79956281775331],[-3.6851803762057584,50.79921430190036],[-3.6832034582960542,50.798703189439614],[-3.6811821035079486,50.79853446829326],[-3.6776275712559783,50.79716454808339],[-3.6738107096300214,50.796787659974534],[-3.669171125777556,50.79681817411477],[-3.6681647708807428,50.79645481112984],[-3.6668284672930893,50.795592474064286],[-3.6662823214482385,50.79140892746136],[-3.666280870472614,50.78977198255615],[-3.666101093689713,50.78950472141722],[-3.6655016054292946,50.78940535226141],[-3.664260224010781,50.788811459910654],[-3.6636620249480734,50.78874804021573],[-3.6633828518189446,50.78887794271762],[-3.662531927534417,50.788890075995745],[-3.6581202076186963,50.78852115586323],[-3.654764587209849,50.786715988071045],[-3.654171503633877,50.78679635623965],[-3.6538715662174,50.787142393899984],[-3.6529463603918577,50.787461317241714],[-3.6527012347455026,50.78775260907274],[-3.6522171516761937,50.787705502192914],[-3.6517519273955834,50.787388296978015],[-3.649677975414568,50.78772345822195],[-3.649361545844739,50.78760201345387],[-3.647618449820966,50.78766262924687],[-3.6471047448344174,50.78757994243116],[-3.646841890637907,50.78736779115993],[-3.646009588946022,50.78750546122313],[-3.6450691733689458,50.78739280992916],[-3.6438946104909498,50.78748132636165],[-3.643206294509546,50.783227726796845],[-3.641861360059037,50.782904885657295],[-3.6413389024275102,50.78257045633982],[-3.6397296068077303,50.7823952199499],[-3.637476292633469,50.78165337045968],[-3.635339112098445,50.7822050286236],[-3.6347179314423417,50.782699429769586],[-3.6339355020111515,50.78263844030023],[-3.6334105968832477,50.78223205561505],[-3.6324092111685733,50.781994236503216],[-3.6308843167485887,50.782204451564574],[-3.6305367972643636,50.78200244209907],[-3.6296273875051095,50.78196118768612],[-3.6292801876614114,50.781768164329705],[-3.628308939153304,50.78198859812395],[-3.627893965728516,50.78188645987157],[-3.626853678729525,50.78216181092951],[-3.6261621296250905,50.78267513626587],[-3.6254728988700693,50.78284664202934],[-3.6236582703168816,50.782476171394485],[-3.6231321783286847,50.78285226054174],[-3.6227161381301944,50.782309398579436],[-3.6221162069099275,50.78219182465735],[-3.620943971651942,50.781524557747346],[-3.618636952284879,50.781682520752845],[-3.6165591992854145,50.78149547743733],[-3.6160098919307027,50.78161102185021],[-3.616244554277082,50.78183262073247],[-3.6136921031686438,50.781867966936055],[-3.6129907422528516,50.78168879593996],[-3.6122662687013776,50.78124909981973],[-3.612016508542775,50.780586975593145],[-3.6127458225425544,50.78034304082857],[-3.6134794067675373,50.77981122527567],[-3.6144251102492877,50.77967221727718],[-3.615032288567405,50.77917811874631],[-3.61563526249913,50.779385629638526],[-3.6164218763928253,50.779158866389785],[-3.6169403991273374,50.77938552965506],[-3.618474269946638,50.77943620658647],[-3.6200659923310083,50.77910829946589],[-3.6224752466805885,50.77903882813115],[-3.6239500665253517,50.77861355688155],[-3.624606050111305,50.77871235180103],[-3.6254373275265777,50.77854786530632],[-3.6270202327284435,50.7779681453411],[-3.6274284388117635,50.77746776294349],[-3.6275059792030584,50.776432336187135],[-3.626770848137775,50.775687072053245],[-3.6253922735719337,50.77520261389715],[-3.6252878797143517,50.77382794059138],[-3.6243390790001766,50.772644918058326],[-3.624785301985646,50.769967392525466],[-3.6260259724514556,50.76893374210892],[-3.6269768608965482,50.76854271780682],[-3.6280299065282526,50.76782646411953],[-3.6297012234285333,50.76735340234507],[-3.6309159645686098,50.76721049856685],[-3.6322340912749422,50.76677831676095],[-3.6341554235651503,50.76656251981964],[-3.634073079891507,50.76704937342004],[-3.634901704634412,50.76803612831158],[-3.63569027877365,50.769500138047825],[-3.635990492287088,50.76956788112577],[-3.6377550085949286,50.769327248688505],[-3.6390144656612873,50.76965133740407],[-3.6410558311452625,50.77043211621335],[-3.641181200566279,50.77077213608355],[-3.641583814433922,50.77092836681766],[-3.642373306471135,50.7707913296198],[-3.644022864514802,50.77172148360001],[-3.6454897409636517,50.77229441937753],[-3.645926148172521,50.77341255094966],[-3.646729876495701,50.773680028046925],[-3.6475169465608928,50.774280524938604],[-3.648176076069712,50.77446908602608],[-3.648297715829158,50.774701219155936],[-3.6481061776789554,50.774901801417215],[-3.648524654730351,50.77550750027351],[-3.650089430513927,50.776438767546296],[-3.6504342692172953,50.77736929709447],[-3.651325522374167,50.77850795316382],[-3.6521593110338286,50.77881993910504],[-3.6525001037869447,50.77923157091118],[-3.652857658233843,50.779313725262924],[-3.654691238813566,50.77820840423445],[-3.6548630863995286,50.77745044248713],[-3.6557072389134198,50.7764490844234],[-3.657026023671124,50.77603460236605],[-3.6583824177280286,50.775079910543134],[-3.659392130058267,50.773950249606365],[-3.6616411067377967,50.772569074633914],[-3.666144046207313,50.77115567225789],[-3.669890617925116,50.77081426144093],[-3.6732912471273687,50.769524293194465],[-3.6760214949612857,50.76892743313931],[-3.6784771846334756,50.76819055136971],[-3.679863826443144,50.76809862856227],[-3.6804675798472686,50.76832378262988],[-3.6812072957483664,50.76838507489883],[-3.683092606074059,50.767170621774866],[-3.6832678292550476,50.766520498127704],[-3.683900519848739,50.76597170113961],[-3.6840544796432804,50.76551975928825],[-3.685270209394775,50.7646207466122],[-3.685690193408445,50.763679261170715],[-3.686102495197943,50.76331352501921],[-3.687424517370208,50.7630065808246],[-3.6887322808486256,50.7623040754482],[-3.689571128184518,50.76236387854315],[-3.6901748524935933,50.76258898282297],[-3.691294592000296,50.7625727465809],[-3.692315567317118,50.76178441628002],[-3.6936916017392254,50.76140466152779],[-3.6945110687997027,50.761320800392454],[-3.6951074808942135,50.761734861247554],[-3.695113978370095,50.7619146544701],[-3.6966930233480806,50.76283610483347],[-3.6971999371201987,50.76430380646078],[-3.6983393935108384,50.765222631560334],[-3.6988294528778654,50.76622286359574],[-3.699236123131735,50.76648676951119],[-3.6997203505974783,50.767325183895984],[-3.700268789112612,50.767587019648104],[-3.700981469714869,50.76768455823177],[-3.7017375098215446,50.76819520124133],[-3.702425114924265,50.76838304080902],[-3.7037303111941298,50.76917347239293],[-3.704057859440581,50.76960041649582],[-3.7062023439454275,50.7708462604231],[-3.7063349442682565,50.77293101636208],[-3.706614342433422,50.773592511662514],[-3.707803716863634,50.77431263800797],[-3.709526276141523,50.774638178772314],[-3.71018152459012,50.774556609657],[-3.7102706253117113,50.77478916307957],[-3.7096836338513857,50.77529656020618],[-3.710117183488154,50.776293474630755],[-3.7114840380696568,50.77720883717275],[-3.712916308327594,50.777583560287674],[-3.7130692601853554,50.77788712237252],[-3.7128031011036815,50.7806972771956],[-3.713448395713303,50.7808856739011],[-3.7168194173437246,50.78112391485315],[-3.7170508968598552,50.781246428088764],[-3.7170027121739393,50.782641259520126]]]},"properties":{"WB_CAT":"River","RBD_ID":"8","MNCAT_NAME":"Devon East","RBD_NAME":"South West","OPCAT_ID":"3114","hydromorph":"not designated artificial or heavily modified","MANCAT_ID":"3033","url":"/catchment-planning/WaterBody/GB108045009280","OPCAT_NAME":"Creedy and West Exe","WB_ID":"GB108045009280","version":"2","WB_NAME":"Lower Yeo (Creedy)"}},{"type":"Feature","geometry":{"bbox":[-3.8172071402029393,50.76648881477766,-3.7141541491613412,50.815305676531196],"type":"Polygon","coordinates":[[[-3.7170027121739393,50.782641259520126],[-3.7172863078982736,50.782637083712906],[-3.717513499488905,50.7822559804463],[-3.717416266564819,50.78115110409228],[-3.7176342708638246,50.78013152858099],[-3.719283327687142,50.778677121300184],[-3.7206952445506136,50.77849439754193],[-3.721478676784225,50.778195014710874],[-3.7228318743330466,50.77795916543395],[-3.7244665412743956,50.77689124170188],[-3.7263732405990027,50.77685444838203],[-3.727650373658993,50.777060394132576],[-3.7308314924254558,50.77677036665067],[-3.731087424806224,50.77717132180235],[-3.7300357704841693,50.777888491349074],[-3.7296648016422824,50.77898412012487],[-3.730493157538102,50.7795186844024],[-3.731851405481067,50.780955612501806],[-3.7345125133934505,50.78309270529492],[-3.735989679176315,50.78352044493722],[-3.737720960353054,50.783530637611236],[-3.739593874181427,50.783916456505686],[-3.7423508072493665,50.78403719789755],[-3.744728363259082,50.78387572986048],[-3.7454494128663813,50.784188738370204],[-3.746630375972726,50.78427898948188],[-3.7474196636764847,50.78451900862773],[-3.7493792040338016,50.78456158548201],[-3.750022762348793,50.78431807526467],[-3.7536454490249365,50.78406577839079],[-3.755285014519188,50.78314167081954],[-3.7552111271287334,50.7826840679709],[-3.755445147394508,50.78211389751975],[-3.755714096328192,50.78171885344858],[-3.7560225227786246,50.781620299740084],[-3.7596064524505985,50.781097774066666],[-3.761250524681491,50.780299434930924],[-3.76233081274191,50.78035506947879],[-3.763179532009871,50.7806660393331],[-3.7645805293398045,50.780572892837036],[-3.765002508486585,50.780476562551854],[-3.765872742271202,50.77985176707497],[-3.7671838933312265,50.779634027650346],[-3.7681175768680326,50.77918814212926],[-3.7696305879008465,50.779057258484634],[-3.7700498271349594,50.77888899591514],[-3.770472974643102,50.77807307337668],[-3.7723829764284242,50.776811821325175],[-3.7726440945866737,50.77621421944111],[-3.77270992627224,50.774953997349954],[-3.7725846142878843,50.77464109692273],[-3.772148432509443,50.77435990449237],[-3.7732785013634023,50.77423479164584],[-3.7739211115245057,50.77397317328692],[-3.775948258578689,50.77356455077406],[-3.7771928036175275,50.77271810059462],[-3.7772961330530066,50.77095361394435],[-3.779414995915048,50.7707234212],[-3.7800015033157757,50.7704806137854],[-3.781842968004766,50.7704165111021],[-3.7832091122525724,50.770161771188555],[-3.784219335825962,50.770245256733595],[-3.784516486967896,50.76985394785461],[-3.7851589734240068,50.76959226862834],[-3.788395743146597,50.7696685926425],[-3.788997050988755,50.769443501542106],[-3.7894129357116086,50.769563042567974],[-3.7904733356873703,50.76947480906967],[-3.7916395770295392,50.76918706143876],[-3.792136827478387,50.76883763030157],[-3.7950282556889148,50.768415386843905],[-3.7979348829161053,50.767651047003405],[-3.8000279528743843,50.7667552845557],[-3.800900873032797,50.766957673078444],[-3.801622386267443,50.76691054920418],[-3.8037806999625614,50.76808244112006],[-3.8053261041899886,50.768436292374105],[-3.8060497122449064,50.7684430756475],[-3.8068708385397714,50.768772144655074],[-3.80824545737092,50.76874184101534],[-3.808539702589159,50.769016106518336],[-3.809492200263522,50.76907328500343],[-3.81051725533483,50.76880552768393],[-3.8109434851344672,50.768457118282384],[-3.8128117749306325,50.768356131080616],[-3.813452418988275,50.768418125132676],[-3.8151521790115943,50.76909324740268],[-3.8167509160765936,50.76935617258184],[-3.817087071133669,50.76961176848948],[-3.8173580502000997,50.770382856886854],[-3.817263043136691,50.77085926640491],[-3.8156431277437655,50.77165802720925],[-3.8156629344400903,50.77234844130251],[-3.816204911516365,50.77283655044765],[-3.8165222153405804,50.773704072798836],[-3.8165815663076805,50.77450365721117],[-3.8168223253734666,50.774859685567755],[-3.8165824708510345,50.77525917962285],[-3.8145525814634715,50.7760533447607],[-3.814095606388986,50.776611088713885],[-3.814068380073981,50.77700726926036],[-3.813409426542876,50.77757517610024],[-3.8126521823456896,50.777802816994885],[-3.8115866266336216,50.77886273451813],[-3.8097180172686933,50.77970125116997],[-3.8078750075707393,50.77989173897652],[-3.8058629278216265,50.779796993044634],[-3.8033454213634887,50.779997852468014],[-3.801734607146084,50.78053543591124],[-3.800700957052678,50.780587379644494],[-3.800495508932078,50.78114820831927],[-3.8005725564337265,50.7824152370822],[-3.8012766146750967,50.783753532355384],[-3.80130425393992,50.78447266175918],[-3.800842798036558,50.786494545888324],[-3.7989356678492414,50.787081636440696],[-3.797399792343638,50.78810085695374],[-3.7968490679270417,50.78965023841414],[-3.796574402898419,50.78988832550734],[-3.7950503893730687,50.79010967101621],[-3.7944272803067376,50.790541998950864],[-3.7925604770253023,50.791047413145286],[-3.7920629983255765,50.79139684719903],[-3.78925957592602,50.79230335820709],[-3.7888939540684494,50.794620535287265],[-3.788941198687216,50.79511450408045],[-3.7891992394032257,50.795182501079395],[-3.7893999930636855,50.79560836527471],[-3.7894727874921372,50.797514066473035],[-3.789367215949892,50.79809411761357],[-3.7885948830993748,50.798681607545504],[-3.789006240780923,50.799790606505695],[-3.7891688168723046,50.8010743145673],[-3.7891995616551766,50.80485149756041],[-3.788629747800661,50.807027890345665],[-3.7890815002734373,50.80993514994822],[-3.7888094262636756,50.81024513268041],[-3.7872276675182817,50.81046718166813],[-3.7855204094686297,50.81104206308071],[-3.784248734151875,50.81186084354679],[-3.783962037992157,50.81230712806036],[-3.7824982225264288,50.812266553658645],[-3.7788952384694547,50.812717311940446],[-3.775070115818991,50.81180419217809],[-3.7739436837872247,50.81129965456837],[-3.7703161249804493,50.81072516152922],[-3.7681994122830313,50.81068531393167],[-3.767090882790453,50.81120579884019],[-3.764701857257376,50.81167369812734],[-3.762737790000482,50.81154149787694],[-3.761679069513074,50.81132363921604],[-3.759048178963525,50.81157921010078],[-3.758415119060744,50.81135490176186],[-3.7559227477482584,50.81114060637927],[-3.7513176512677555,50.81137173965786],[-3.750866989410597,50.81146844895253],[-3.7495945877632506,50.81236898939106],[-3.749199995247268,50.81244686239839],[-3.747679133040318,50.81239770488332],[-3.7461314535829504,50.81162938010319],[-3.745405166988823,50.81156829550896],[-3.7425513305768354,50.812409582044324],[-3.7409727610721673,50.813391761586956],[-3.7401502425884288,50.81354361955177],[-3.739446417543485,50.8139598635],[-3.7380774159429535,50.81417814635832],[-3.737327212177803,50.81462105127248],[-3.7353675575997025,50.81499200749199],[-3.7335027475333957,50.81485783781685],[-3.732193994527553,50.81454448961317],[-3.7278562645474245,50.81458184197072],[-3.726195049088199,50.814192698085826],[-3.724128048500584,50.8143491895275],[-3.7205784268285753,50.81433863495775],[-3.7207464472892684,50.81195801908732],[-3.7203043937654243,50.811131706186345],[-3.719752028022578,50.81078007797631],[-3.7195230069163068,50.80918246211926],[-3.719366605547382,50.80878901673596],[-3.7186605214337756,50.808115852977025],[-3.7185397652579337,50.80753300007777],[-3.718543065913268,50.80723613817898],[-3.719103954525445,50.80704798592279],[-3.7198509125565624,50.80651530241194],[-3.720295162918007,50.80122007435332],[-3.7186229377506574,50.80090294160429],[-3.717889917581205,50.80103966142222],[-3.7173901342571862,50.800957078131596],[-3.7169408657672065,50.79992934236889],[-3.7167077198113656,50.79821485312804],[-3.715546621999466,50.79751238948558],[-3.714274050479424,50.79725226896191],[-3.7135563049060387,50.79664221334643],[-3.713412019584689,50.7950253496014],[-3.7143884207459377,50.794561283279094],[-3.715540926645809,50.794256516797745],[-3.7160921246833354,50.79380768410064],[-3.715412380219378,50.79307115144108],[-3.7147734843247355,50.78957274627889],[-3.715006022370137,50.78933547349177],[-3.716900146693007,50.78874995347828],[-3.717305563503217,50.786648296556294],[-3.7179163682679057,50.78550600983108],[-3.717780847027211,50.78490538316269],[-3.7161290516204897,50.78396730418627],[-3.71633585362913,50.783415604031866],[-3.7170027121739393,50.782641259520126]]]},"properties":{"WB_CAT":"River","RBD_ID":"8","MNCAT_NAME":"Devon East","RBD_NAME":"South West","OPCAT_ID":"3114","hydromorph":"not designated artificial or heavily modified","MANCAT_ID":"3033","url":"/catchment-planning/WaterBody/GB108045009290","OPCAT_NAME":"Creedy and West Exe","WB_ID":"GB108045009290","version":"2","WB_NAME":"Colebrook"}},{"type":"Feature","geometry":{"bbox":[-3.667075890465714,50.820089391574435,-3.566284094211161,50.89359218329525],"type":"Polygon","coordinates":[[[-3.6040231354343026,50.89307964708153],[-3.60359671212727,50.8930855065686],[-3.6028603430428325,50.89276284635394],[-3.6023783004495615,50.892805441654524],[-3.6010001881888924,50.892428612360156],[-3.596910874387857,50.892610551275716],[-3.5951774628062725,50.89223851407284],[-3.594641632629658,50.89237175358189],[-3.5920949916981106,50.89192083757357],[-3.5889963713254063,50.89196306378139],[-3.586306117728815,50.892305457634336],[-3.584273513457748,50.892333065136455],[-3.5839422009274045,50.8917889218097],[-3.5836354301487825,50.89029107000956],[-3.5836438040218783,50.88886089431499],[-3.5829738551113475,50.88839329523913],[-3.582525229334704,50.88774280956431],[-3.582021390211672,50.886301589441246],[-3.580635325427796,50.88525906493963],[-3.581405219576501,50.88406141359997],[-3.5817958344719987,50.88384026158858],[-3.582064024933062,50.88252348653775],[-3.582593687546785,50.88221050565147],[-3.582518756423054,50.879998970096956],[-3.5818837615107313,50.87971976714799],[-3.5808285555805797,50.87962613569862],[-3.579784747365017,50.87902867014154],[-3.578406005376725,50.878615607919706],[-3.5780145549038385,50.87712787876399],[-3.577474782645763,50.87629872342417],[-3.5776992761853945,50.8753692948384],[-3.5783265277461456,50.87500104868296],[-3.575400990985334,50.87466282520241],[-3.575109542620351,50.87445090043055],[-3.5749117641067194,50.8736440992365],[-3.5742493643754774,50.87296948376295],[-3.5744672733987937,50.8722650028958],[-3.5733233690978157,50.87206457152717],[-3.570950953293209,50.86999190848796],[-3.569185018642951,50.86988974985413],[-3.5683465117083446,50.8694693042491],[-3.567171874720316,50.8691972729986],[-3.5683466141826745,50.867778408735575],[-3.5693389833297497,50.86727938505144],[-3.568750480877909,50.867107415394045],[-3.5673286993752487,50.86624509608973],[-3.5653580041169097,50.865965747713055],[-3.5654354112164084,50.86573086224292],[-3.5665199780838464,50.86501476655978],[-3.566675379606353,50.86456297423453],[-3.5674830274526568,50.86406644569634],[-3.567688669597813,50.86257065851304],[-3.5673689223798526,50.86235909466924],[-3.567342960083423,50.86200867246486],[-3.5675702726530676,50.86158289513293],[-3.569098996345734,50.860555006550875],[-3.5703302625769204,50.859980807440685],[-3.570619194941816,50.8592753764851],[-3.5717023246594497,50.858523273647265],[-3.57200029722574,50.85808754129423],[-3.572671790869042,50.857772692470675],[-3.5728319497675143,50.85746473312935],[-3.5741882188385694,50.85723058474773],[-3.5749605910397206,50.85653660771268],[-3.5767446392224045,50.8555051701088],[-3.5784477685570035,50.85544616713229],[-3.5802572224839753,50.855169839840336],[-3.58123481889084,50.85382546215749],[-3.5829025734683992,50.852723551493824],[-3.5835071706231125,50.852535464987625],[-3.581029562547908,50.85195745999878],[-3.5792531261495326,50.85194554029417],[-3.5761734173019972,50.85162741633556],[-3.5756098568011176,50.8513472149236],[-3.5752634995728765,50.85034454669857],[-3.5738448599197,50.84998593623915],[-3.571176237022243,50.850057877825165],[-3.5695092575360157,50.84991841807153],[-3.5694237878966417,50.849065123829504],[-3.5696776298200055,50.8481622944594],[-3.5717306829435906,50.846686598575204],[-3.572091440021607,50.84431626863907],[-3.572088418144961,50.84422636779593],[-3.572562108589272,50.84437289221058],[-3.5741086450362656,50.84431606112551],[-3.5768945173359237,50.84478211588096],[-3.5793404917859633,50.844856962581794],[-3.5806127647048447,50.845091570620355],[-3.5839409682370675,50.84520833108319],[-3.585268425434415,50.8449744426684],[-3.587108716840967,50.84520126102056],[-3.5885124981022023,50.84554192418561],[-3.589220676602249,50.84715123067269],[-3.5905066481206203,50.84736755629438],[-3.5919396540907673,50.847312036700266],[-3.5934936102887227,50.84747070779356],[-3.5934691039334807,50.84675150882827],[-3.5923370074293324,50.84604743075587],[-3.59204860140269,50.84425253195293],[-3.593241569890587,50.84340878356536],[-3.5944843462236387,50.84319393442473],[-3.5977023537821706,50.840919355386404],[-3.5993623241449653,50.84086063533749],[-3.599754341247955,50.840693365512315],[-3.598830290754787,50.84025632275798],[-3.5985433223411696,50.83975658054512],[-3.5983368355268737,50.837870630259246],[-3.598970248323329,50.83728632289222],[-3.5991077333422887,50.836322060188685],[-3.599623546170434,50.8356224363105],[-3.5999038997227295,50.83468319595021],[-3.600876113852791,50.83404026583445],[-3.6025154807176385,50.833801898465794],[-3.6022933366608685,50.833121390558674],[-3.602954383933231,50.832932425831686],[-3.605549751994874,50.832824783601176],[-3.6086074063829634,50.83294455966368],[-3.610736196980608,50.833310933021004],[-3.6132184294407312,50.831981469685594],[-3.614656440146149,50.83167376141726],[-3.6171032485623495,50.83014683166072],[-3.6182684731270567,50.83016665108232],[-3.618586761029638,50.82951465188769],[-3.6186718914275438,50.8270490544801],[-3.6192013076598024,50.826753892432144],[-3.619443108903054,50.826354790231505],[-3.619550824356991,50.82536393023333],[-3.6203397423606467,50.825182084837564],[-3.622513276224597,50.82356888346956],[-3.6229390620598694,50.823562960671254],[-3.6234934893833946,50.82358223599182],[-3.623873732464369,50.82390073590268],[-3.624472332639577,50.82396435565192],[-3.625113971647294,50.82363162657121],[-3.6260469524230516,50.82351069491793],[-3.6267132099249233,50.82306968296371],[-3.627897577818707,50.8228283056073],[-3.6281255975690274,50.822852106144495],[-3.6286269150046517,50.82338476252437],[-3.6298988362332114,50.82361883704734],[-3.6318376101006358,50.823429836492494],[-3.632073016914473,50.82285091196668],[-3.632553055953068,50.822772241063426],[-3.6337439745168814,50.822719591538025],[-3.634961643780897,50.823026324613366],[-3.6363723689707563,50.823168440758046],[-3.637277279797101,50.822652066056314],[-3.640381648557435,50.82250052340091],[-3.6417346597289537,50.82221166228414],[-3.6425928144381015,50.82157897864047],[-3.642873803219857,50.82068459079536],[-3.643418447449882,50.82042508000352],[-3.6444374318310553,50.82073451317122],[-3.6462325593210507,50.82090706744782],[-3.647201764373191,50.821415052677295],[-3.649805875251422,50.82157612611619],[-3.651198757853578,50.82241986740849],[-3.6538387408062296,50.82198672215463],[-3.655646867906007,50.82212297051185],[-3.6557996026128694,50.82242660759028],[-3.6555259321536533,50.82271830812769],[-3.655004976258393,50.82284261839711],[-3.6550176915414974,50.82320220841217],[-3.6541965070912457,50.8236725702885],[-3.653796139531851,50.824397787501304],[-3.6534148158239597,50.8256623886091],[-3.6533010269731943,50.827264978487676],[-3.6513078785854045,50.82873228856803],[-3.6520813489565804,50.82891921110456],[-3.65376219667273,50.82986677467231],[-3.654760901468313,50.82999652094288],[-3.654637296597438,50.83132042874214],[-3.6549185610608013,50.832044973256],[-3.6556461350500147,50.83253832784771],[-3.6564480761529063,50.83272481763907],[-3.6568318002259423,50.83313310408],[-3.658779600406753,50.833591114980344],[-3.6602620086845694,50.83454140692196],[-3.6626255580661478,50.83470562063048],[-3.6628584447307104,50.83486419796605],[-3.664384451979102,50.83504031086646],[-3.665549053024384,50.835437426026715],[-3.667077752211543,50.83528967224456],[-3.667632585342428,50.835713466858806],[-3.667137538942507,50.83617025473186],[-3.6669857618039052,50.83669409013346],[-3.6662919454821274,50.837153714214175],[-3.6649083495125994,50.837389329213195],[-3.6645791431945924,50.8377178196687],[-3.663709808340507,50.838036024296166],[-3.6631024008355175,50.838530373795216],[-3.662945457950245,50.83891036921072],[-3.661864262783202,50.83966330311235],[-3.6616310893867574,50.84109670868222],[-3.661624812538943,50.84411886219199],[-3.6616513226116165,50.84486500620854],[-3.6619991280471176,50.84505792545481],[-3.660648143755678,50.845418943113295],[-3.658369080302997,50.84564923240866],[-3.6566552340580327,50.84619524516906],[-3.6539081612964135,50.846450079720825],[-3.654422638499787,50.84693746812534],[-3.654783067332438,50.84829048477422],[-3.6557830544882504,50.84924767423879],[-3.6562986063623644,50.85096724762766],[-3.656084764394575,50.85134804028768],[-3.6550641974013316,50.85141648655768],[-3.6536574420903154,50.85181418969874],[-3.6512644196176542,50.85204595332166],[-3.65043288926102,50.85223760254182],[-3.649805247377283,50.852570270501175],[-3.649186973718876,50.85236314984514],[-3.648505305800004,50.85237278271289],[-3.644695870166796,50.85273234479885],[-3.641287808323218,50.85238458893775],[-3.640219849235902,50.852723397867685],[-3.6387182614284277,50.85285242692296],[-3.63833258615762,50.853199622559636],[-3.638203429632136,50.85437967633111],[-3.6377953174461233,50.85489807482404],[-3.636988584068876,50.855395082278456],[-3.636718934742819,50.856622075703385],[-3.636031447165459,50.85727929900233],[-3.634824450702172,50.857709948830944],[-3.6350939427812192,50.85810191725874],[-3.637082955042675,50.85890149444993],[-3.6375307895374145,50.85951580987438],[-3.637963774335968,50.86051708226236],[-3.637640711401183,50.862653239609806],[-3.6368578461272922,50.86302399132625],[-3.635129270175596,50.8631741445656],[-3.6346576263006427,50.86350454319465],[-3.633504763882144,50.863862466318395],[-3.631319072303673,50.86394700750182],[-3.630358772966282,50.86412232360145],[-3.629998218936966,50.864379197559195],[-3.629672126309003,50.86440174047281],[-3.629514828649061,50.86478169260214],[-3.628631171147839,50.86511781924721],[-3.6285419517443565,50.867043817831565],[-3.6280954806176093,50.86850710365977],[-3.6282605062041324,50.869979845041506],[-3.6305838049487917,50.87138647215825],[-3.6315542973910095,50.87149882603734],[-3.631701548776054,50.87245914332454],[-3.6315995033900608,50.872793354328095],[-3.630210723313174,50.87373016798684],[-3.6280011591532313,50.873958884761805],[-3.626856127328742,50.87455047908584],[-3.6265437420999485,50.87701023892137],[-3.6268179763365325,50.877537071726934],[-3.6280984660793973,50.87838265398892],[-3.628237210558184,50.879100250837816],[-3.627984975389221,50.88002117353102],[-3.627537774173693,50.88024327064127],[-3.6256887734416474,50.88062880772994],[-3.623240409515065,50.88095070012763],[-3.622685740106648,50.88135415611899],[-3.622530829871241,50.88180601725525],[-3.622003316813713,50.88217311573995],[-3.6218459000208933,50.882553057538814],[-3.6202383446786417,50.88293515191745],[-3.6194950130954977,50.88281955113504],[-3.6186326319828024,50.883371163290285],[-3.617821074936495,50.88456964243541],[-3.617646061242505,50.8885474763435],[-3.6167841762843596,50.889117055122],[-3.615881400135044,50.88932742832468],[-3.6154099804604756,50.88967573104037],[-3.6140839027974114,50.889981889566286],[-3.6136371612935037,50.89022191418102],[-3.610418779366916,50.890086483178216],[-3.609501700130974,50.88988327443909],[-3.6084450398415937,50.890581394421744],[-3.607238785579278,50.891065705827515],[-3.6040231354343026,50.89307964708153]]]},"properties":{"WB_CAT":"River","RBD_ID":"8","MNCAT_NAME":"Devon East","RBD_NAME":"South West","OPCAT_ID":"3114","hydromorph":"not designated artificial or heavily modified","MANCAT_ID":"3033","url":"/catchment-planning/WaterBody/GB108045014900","OPCAT_NAME":"Creedy and West Exe","WB_ID":"GB108045014900","version":"2","WB_NAME":"Holly Water"}},{"type":"Feature","geometry":{"bbox":[-3.7334997040119235,50.81669272918649,-3.604265639897194,50.90013669717677],"type":"Polygon","coordinates":[[[-3.6040231354343026,50.89307964708153],[-3.607238785579278,50.891065705827515],[-3.6084450398415937,50.890581394421744],[-3.609501700130974,50.88988327443909],[-3.610418779366916,50.890086483178216],[-3.6136371612935037,50.89022191418102],[-3.6140839027974114,50.889981889566286],[-3.6154099804604756,50.88967573104037],[-3.615881400135044,50.88932742832468],[-3.6167841762843596,50.889117055122],[-3.617646061242505,50.8885474763435],[-3.617821074936495,50.88456964243541],[-3.6186326319828024,50.883371163290285],[-3.6194950130954977,50.88281955113504],[-3.6202383446786417,50.88293515191745],[-3.6218459000208933,50.882553057538814],[-3.622003316813713,50.88217311573995],[-3.622530829871241,50.88180601725525],[-3.622685740106648,50.88135415611899],[-3.623240409515065,50.88095070012763],[-3.6256887734416474,50.88062880772994],[-3.627537774173693,50.88024327064127],[-3.627984975389221,50.88002117353102],[-3.628237210558184,50.879100250837816],[-3.6280984660793973,50.87838265398892],[-3.6268179763365325,50.877537071726934],[-3.6265437420999485,50.87701023892137],[-3.626856127328742,50.87455047908584],[-3.6280011591532313,50.873958884761805],[-3.630210723313174,50.87373016798684],[-3.6315995033900608,50.872793354328095],[-3.631701548776054,50.87245914332454],[-3.6315542973910095,50.87149882603734],[-3.6305838049487917,50.87138647215825],[-3.6282605062041324,50.869979845041506],[-3.6280954806176093,50.86850710365977],[-3.6285419517443565,50.867043817831565],[-3.628631171147839,50.86511781924721],[-3.629514828649061,50.86478169260214],[-3.629672126309003,50.86440174047281],[-3.629998218936966,50.864379197559195],[-3.630358772966282,50.86412232360145],[-3.631319072303673,50.86394700750182],[-3.633504763882144,50.863862466318395],[-3.6346576263006427,50.86350454319465],[-3.635129270175596,50.8631741445656],[-3.6368578461272922,50.86302399132625],[-3.637640711401183,50.862653239609806],[-3.637963774335968,50.86051708226236],[-3.6375307895374145,50.85951580987438],[-3.637082955042675,50.85890149444993],[-3.6350939427812192,50.85810191725874],[-3.634824450702172,50.857709948830944],[-3.636031447165459,50.85727929900233],[-3.636718934742819,50.856622075703385],[-3.636988584068876,50.855395082278456],[-3.6377953174461233,50.85489807482404],[-3.638203429632136,50.85437967633111],[-3.63833258615762,50.853199622559636],[-3.6387182614284277,50.85285242692296],[-3.640219849235902,50.852723397867685],[-3.641287808323218,50.85238458893775],[-3.644695870166796,50.85273234479885],[-3.648505305800004,50.85237278271289],[-3.649186973718876,50.85236314984514],[-3.649805247377283,50.852570270501175],[-3.65043288926102,50.85223760254182],[-3.6512644196176542,50.85204595332166],[-3.6536574420903154,50.85181418969874],[-3.6550641974013316,50.85141648655768],[-3.656084764394575,50.85134804028768],[-3.6562986063623644,50.85096724762766],[-3.6557830544882504,50.84924767423879],[-3.654783067332438,50.84829048477422],[-3.654422638499787,50.84693746812534],[-3.6539081612964135,50.846450079720825],[-3.6566552340580327,50.84619524516906],[-3.658369080302997,50.84564923240866],[-3.660648143755678,50.845418943113295],[-3.6619991280471176,50.84505792545481],[-3.6616513226116165,50.84486500620854],[-3.661624812538943,50.84411886219199],[-3.6616310893867574,50.84109670868222],[-3.661864262783202,50.83966330311235],[-3.662945457950245,50.83891036921072],[-3.6631024008355175,50.838530373795216],[-3.663709808340507,50.838036024296166],[-3.6645791431945924,50.8377178196687],[-3.6649083495125994,50.837389329213195],[-3.6662919454821274,50.837153714214175],[-3.6669857618039052,50.83669409013346],[-3.667137538942507,50.83617025473186],[-3.667632585342428,50.835713466858806],[-3.667077752211543,50.83528967224456],[-3.665549053024384,50.835437426026715],[-3.664384451979102,50.83504031086646],[-3.6628584447307104,50.83486419796605],[-3.6626255580661478,50.83470562063048],[-3.6602620086845694,50.83454140692196],[-3.658779600406753,50.833591114980344],[-3.6568318002259423,50.83313310408],[-3.6564480761529063,50.83272481763907],[-3.6556461350500147,50.83253832784771],[-3.6549185610608013,50.832044973256],[-3.654637296597438,50.83132042874214],[-3.654760901468313,50.82999652094288],[-3.65376219667273,50.82986677467231],[-3.6520813489565804,50.82891921110456],[-3.6513078785854045,50.82873228856803],[-3.6533010269731943,50.827264978487676],[-3.6534148158239597,50.8256623886091],[-3.653796139531851,50.824397787501304],[-3.6541965070912457,50.8236725702885],[-3.6550176915414974,50.82320220841217],[-3.6556528630908014,50.823130242699555],[-3.6560591231032697,50.82334033831465],[-3.65700747785508,50.82325491733676],[-3.6583025376767764,50.822534962129694],[-3.6601993638745016,50.82196832636337],[-3.661483824791374,50.82175216514375],[-3.6631478977900986,50.82063115108601],[-3.663836015950693,50.819218231818226],[-3.6645217971182,50.818938620044044],[-3.665426832745679,50.81883575960624],[-3.66736845347087,50.81873606867535],[-3.6678535124646734,50.818801088615054],[-3.668375926225565,50.81911741207967],[-3.6724623390589564,50.81904090688016],[-3.6729589740287594,50.819429533812205],[-3.673912359105779,50.819487811150246],[-3.6774885513381683,50.81943643891142],[-3.678519337066526,50.82006919986417],[-3.680046850555926,50.820299050231256],[-3.682117486947848,50.81983748410615],[-3.683199194339214,50.81912032607615],[-3.6848092110928725,50.81888122030262],[-3.6851413808644264,50.81864257057055],[-3.6868590663881773,50.818239983565206],[-3.6878620029118454,50.817703806610574],[-3.6897654040428063,50.817334466272506],[-3.6923790516423916,50.81736853026463],[-3.693827252022176,50.81776124824663],[-3.696529832912672,50.817506110116135],[-3.6971162056785314,50.81762350076765],[-3.698215239405889,50.817391642399635],[-3.700939983750945,50.81774769227131],[-3.7042011842485856,50.817628138152905],[-3.704905469386123,50.81747393758193],[-3.7081847646834074,50.81746193923682],[-3.7087577405810443,50.81721069343088],[-3.7100348682100703,50.81719197796987],[-3.710100547446169,50.81898987877211],[-3.710222980517356,50.818844181934935],[-3.7104080512959037,50.819246212695596],[-3.7119577658058875,50.81969118378549],[-3.7131438031879513,50.82028538507446],[-3.713167076930328,50.821697151058395],[-3.7129066019949746,50.82233957254967],[-3.7123965028774286,50.82275724197918],[-3.7122921255855807,50.82339737038403],[-3.7127143088301904,50.82406930420818],[-3.7142358203732875,50.82451465964934],[-3.7153685341754525,50.82519956531307],[-3.717148216464276,50.82571304089243],[-3.7189295040698758,50.82584870455762],[-3.7196725554636374,50.82562188959297],[-3.720399030926204,50.825683132471205],[-3.7224016049153836,50.826463070380086],[-3.723622954504663,50.827236530929525],[-3.7267225247950067,50.82810811336339],[-3.7273629660532084,50.828530359302974],[-3.728051562412337,50.82871803611418],[-3.728452057865,50.82917980750053],[-3.728026657035879,50.82958185972856],[-3.7265871754253266,50.82983702586273],[-3.726397082701098,50.83007369140483],[-3.725655067040921,50.83035449944656],[-3.725079071401067,50.830524916043245],[-3.724336333292776,50.830409976460786],[-3.723059597461261,50.831220340495285],[-3.7227698267756626,50.83183623322663],[-3.7212064391359876,50.832577705269635],[-3.7199274779832896,50.83294423666585],[-3.7174874166905663,50.832633665824716],[-3.7164746433297586,50.83212690191852],[-3.713629757663798,50.83200682785529],[-3.713958507792355,50.83245171345934],[-3.7139729976560023,50.832847249837165],[-3.7133922017147576,50.83405202325712],[-3.713468990647138,50.83537305725406],[-3.712019397969991,50.83543931035382],[-3.7105472956344396,50.83578652081311],[-3.709464422431315,50.83578354646657],[-3.7089816502030013,50.836176409861594],[-3.7080525869623258,50.83640587874882],[-3.7083317231649016,50.837826443972936],[-3.707748867351766,50.83936944582248],[-3.707797366238708,50.83953063304064],[-3.7082810521048213,50.839550534590195],[-3.708617359094497,50.84020219265722],[-3.7087322753610987,50.84179249800964],[-3.709123097848211,50.84238039607421],[-3.7105031955312393,50.84282787321632],[-3.7119301425038564,50.84377832661021],[-3.7129834538630533,50.84383482066044],[-3.713819872411104,50.84339980572586],[-3.714041884548251,50.844418537058324],[-3.7143794481645966,50.84471374450478],[-3.71666542281911,50.84468013169557],[-3.7185284035143265,50.84434689958375],[-3.7220218844410122,50.844313377734984],[-3.7235095002197585,50.8449749777712],[-3.7233162018920174,50.84666875992244],[-3.722222904288718,50.847071657842754],[-3.721947925605762,50.84809207104527],[-3.7215685399296516,50.84859235540879],[-3.7213596051898254,50.849863632311106],[-3.7220400148582327,50.850753020359846],[-3.7221876848939757,50.8512904977736],[-3.721569522657822,50.852477871309304],[-3.7215547571242116,50.853620362703836],[-3.721198622031615,50.85383248523015],[-3.72188440127729,50.85408320094376],[-3.722360704047131,50.85466979333726],[-3.7234965961439523,50.85541753403799],[-3.724032790862739,50.85942105967251],[-3.7270548025709194,50.85942134070347],[-3.729494586409699,50.860068768489924],[-3.732200513568918,50.86022650376706],[-3.7332419705906337,50.861101464950124],[-3.7326738324820514,50.861109902750265],[-3.7321361920404867,50.86155861188691],[-3.7319983949668405,50.8624420965037],[-3.731620710208996,50.862915404321164],[-3.7313963019430063,50.86383615033596],[-3.7315330940702554,50.864493557294594],[-3.7324081792653074,50.865062341552125],[-3.734009773603421,50.865326369229294],[-3.7353284400790443,50.86600831955032],[-3.73450035891552,50.86629045959812],[-3.7327429354129853,50.86642450053776],[-3.7320684220841853,50.86663238855885],[-3.731359963363028,50.86822589368913],[-3.729454554514637,50.869459380545806],[-3.729413442283576,50.870021127574546],[-3.7254586379863226,50.86815140671745],[-3.7221949376782413,50.867911803761345],[-3.7216181022912016,50.86768646490393],[-3.719302597477683,50.86772060420724],[-3.718808709185984,50.86781782260309],[-3.718255690595879,50.86823970279015],[-3.7170789252702443,50.868706737195986],[-3.7138353076243056,50.869402006859374],[-3.7126941297373572,50.870066347353934],[-3.7124099237667494,50.87084402347496],[-3.711303030762829,50.87166974321018],[-3.7086720413780636,50.87178924471859],[-3.7077176484681695,50.871578359276846],[-3.7067826248802414,50.87166399267262],[-3.7007831531661237,50.875151406434966],[-3.6966149845844964,50.87522107412382],[-3.695490455060663,50.874634804672816],[-3.6949495784669857,50.87461567910555],[-3.69437246167777,50.874381215854335],[-3.693803764834643,50.87516297474296],[-3.6914696217252887,50.87665600810077],[-3.690560413830954,50.87745855933899],[-3.688988707591001,50.87774214925901],[-3.6857327428446904,50.87801408217042],[-3.6848460095668307,50.87826073702704],[-3.683852673758991,50.87831105069575],[-3.683520080449545,50.87854969853408],[-3.68300984758441,50.87859303480447],[-3.6827686564556754,50.87900125219219],[-3.682492071775404,50.88079508680687],[-3.6820896995995738,50.88107071313208],[-3.6799595064013726,50.88113737369412],[-3.67845196460794,50.881518833090254],[-3.6779520288594676,50.8818498132798],[-3.6760717692189333,50.881750913354466],[-3.675653850201045,50.88199076371125],[-3.674901997573332,50.88203753322026],[-3.674060982425361,50.88237339108997],[-3.672177143782347,50.88253428499717],[-3.671113530956129,50.883045226502915],[-3.6705341125989195,50.8831434636656],[-3.6691866740074404,50.883234696693876],[-3.667754053045125,50.88293142680535],[-3.6659422044812318,50.882876356821214],[-3.6591015421075785,50.883504421646734],[-3.6600030615287156,50.884067229577184],[-3.661217605163832,50.88543505141653],[-3.6620275193666494,50.88581926414978],[-3.662469545378415,50.886253683184556],[-3.6618359653541748,50.886829339647015],[-3.6615456962601636,50.88746306470673],[-3.6600750182218085,50.88849134011699],[-3.6602021409247865,50.888867287084224],[-3.660901604479484,50.88934302047504],[-3.6615343599883565,50.89034136130179],[-3.6619412796227673,50.890587404406126],[-3.66237316891239,50.891534635719275],[-3.662136532702433,50.8920776560741],[-3.6603686622875475,50.89275039911166],[-3.658365967183406,50.89402006656367],[-3.6569384714658395,50.89466993176634],[-3.655565429983694,50.894851310628695],[-3.654587388277768,50.89454138987393],[-3.6534050624161893,50.89448619144674],[-3.6506943714621802,50.895046220573],[-3.6501094421755185,50.89539626940921],[-3.6492913536301947,50.89558771544027],[-3.643241635625489,50.89583493951973],[-3.642383062145292,50.895685129387125],[-3.6420374548503767,50.89475460091641],[-3.641597747581972,50.894383031990124],[-3.6401873786393706,50.89431291857841],[-3.6378003097771057,50.89477815781594],[-3.637366889671607,50.895395840473924],[-3.6362517793120945,50.89604106816247],[-3.6344511709294576,50.896605944866664],[-3.6321094707590458,50.89674664253215],[-3.630057707563471,50.8970451387178],[-3.6284710516651035,50.89803865256059],[-3.6279921158269173,50.89817125144384],[-3.6277746996530307,50.89846209581492],[-3.6265174629856034,50.89829973978429],[-3.626069455230667,50.89850385275158],[-3.623623118071894,50.89850193117744],[-3.621436440912145,50.89876353990119],[-3.6199870337020705,50.8986423947229],[-3.619042065669361,50.898871365084084],[-3.616171441065469,50.89893812332073],[-3.6144655431369848,50.89896173135122],[-3.6145820387573253,50.899041074186805],[-3.6142272642646596,50.89906396938082],[-3.61271928365332,50.89987629648049],[-3.610165342033934,50.90005546129452],[-3.609811441371069,50.89969158424257],[-3.6097557261124504,50.89890087092287],[-3.6093035258563186,50.89816059529065],[-3.6087156922609753,50.897611063700566],[-3.6081680718822704,50.89740275137099],[-3.6076778836855463,50.89638417535004],[-3.6065455933535033,50.89571621330305],[-3.6061969862128795,50.8946776939574],[-3.6046302934436736,50.89378184364718],[-3.604444274211165,50.89333469519175],[-3.6040231354343026,50.89307964708153]]]},"properties":{"WB_CAT":"River","RBD_ID":"8","MNCAT_NAME":"Devon East","RBD_NAME":"South West","OPCAT_ID":"3114","hydromorph":"not designated artificial or heavily modified","MANCAT_ID":"3033","url":"/catchment-planning/WaterBody/GB108045014910","OPCAT_NAME":"Creedy and West Exe","WB_ID":"GB108045014910","version":"2","WB_NAME":"Upper Creedy"}},{"type":"Feature","geometry":{"bbox":[-3.4593769866075603,50.67914532930034,-3.34714121257259,50.71689619295036],"type":"Polygon","coordinates":[[[-3.349861057089564,50.7094895126704],[-3.349947232995027,50.70903881230534],[-3.3495280339313154,50.70825217871967],[-3.348133363829176,50.707036114520015],[-3.3481150543073324,50.706397739709445],[-3.348580731921716,50.7058437083015],[-3.348368835517963,50.705369468095476],[-3.34840174253336,50.704541622908],[-3.3479606960189714,50.70299073063532],[-3.347009251125739,50.70240811330369],[-3.347475676376477,50.70188105976116],[-3.346837017300675,50.70133979570996],[-3.3473003421018084,50.70070484834769],[-3.3470184575930646,50.69976371669842],[-3.346643158664071,50.69951621592391],[-3.346762323136901,50.69873234487311],[-3.347367964159759,50.698122735010706],[-3.348978219353775,50.69797819167225],[-3.350213678720942,50.697604119229695],[-3.351185000667849,50.69690930486693],[-3.3521649559868636,50.69553082318567],[-3.3533920444213856,50.694868999329096],[-3.3541388464214346,50.69424872001362],[-3.355483781140606,50.69374740020243],[-3.3579772206332237,50.69182959336457],[-3.357942431731153,50.6906247749671],[-3.3571074652006603,50.6901488127634],[-3.3569834652459236,50.68585102371112],[-3.3576241221965257,50.68548379424022],[-3.358649263095446,50.68519302143408],[-3.3604307701541805,50.68462359929708],[-3.3607893740422337,50.684295621022216],[-3.3623814048082825,50.68353949593364],[-3.3640577010623254,50.683250062213475],[-3.366276454923516,50.6831161424048],[-3.3686907342229895,50.68240425373299],[-3.369144117606156,50.68241691690965],[-3.3690707638823483,50.68184214800204],[-3.3694447787770936,50.68155892644371],[-3.369431692743374,50.681109368718374],[-3.3735356175906404,50.68106107463092],[-3.373184160951585,50.68114617054823],[-3.373779047806396,50.68115714831748],[-3.3742109456162543,50.68140389506577],[-3.3749216759126464,50.681503443364],[-3.3761282914609225,50.68210081027675],[-3.376696465987451,50.68216605400634],[-3.380563009278007,50.68198540299221],[-3.381200414250941,50.68223868366223],[-3.3819416983803032,50.68289546983458],[-3.3826692613202276,50.68308471377795],[-3.3838249641131655,50.68290910093644],[-3.3843836330716806,50.68265062752298],[-3.3859240658445167,50.682560365575036],[-3.3914058077248046,50.68314263543247],[-3.395084780750381,50.68308066701571],[-3.3959320168566465,50.68348425769794],[-3.3976441515647213,50.68393143899584],[-3.3981920888507022,50.6842666481842],[-3.3995581955099268,50.68450209024872],[-3.400087420342555,50.684207917922976],[-3.4013428208492438,50.68262783039342],[-3.4023884418203316,50.682561287689815],[-3.4030784508455105,50.682912752926505],[-3.4037013993150054,50.68291424594614],[-3.404376123627901,50.68275321518428],[-3.405096708300231,50.682231857409086],[-3.4054635756217655,50.68219145678123],[-3.406066359878658,50.68151861105899],[-3.4059937208556623,50.680035434848826],[-3.407005597319501,50.67978937232102],[-3.4079204002464896,50.680084129351755],[-3.408312858752138,50.6799534678941],[-3.40964329680062,50.68089077495101],[-3.4112673185196134,50.681230890976266],[-3.4124451126934976,50.6813245539484],[-3.4151234026926174,50.681885685385076],[-3.416914135749049,50.68164806563962],[-3.418175774609413,50.681704674310325],[-3.4196698073957723,50.681956312559755],[-3.4202178762344264,50.68229141720077],[-3.420945035733803,50.68246243910313],[-3.4230057164932606,50.68272511316852],[-3.423696423706834,50.6830944369249],[-3.4241699667415575,50.68377221561474],[-3.4248879132505907,50.684105222412754],[-3.427093449403653,50.68400628264973],[-3.428968564049842,50.68374945597931],[-3.4300452638044643,50.68423992880526],[-3.4313927492499285,50.684322317809766],[-3.4313954851348174,50.68441222692837],[-3.4352826136608363,50.684211524899226],[-3.4364878564225103,50.68473633246985],[-3.4366670188527406,50.685039929435966],[-3.4382545562173434,50.68602770798125],[-3.439091756833599,50.686089327704224],[-3.439920152012558,50.68586323337087],[-3.440429199500668,50.687691775272185],[-3.4408326454440727,50.68792063950965],[-3.4417742727447047,50.68907825049619],[-3.4436502532918736,50.68930686836855],[-3.4448967329535303,50.6902448152566],[-3.4454590151336384,50.69011192336646],[-3.4463812193957044,50.690172436760584],[-3.445618239740386,50.69068558210885],[-3.4453822595664922,50.69130011937804],[-3.4454190126561994,50.69249590175218],[-3.4457330595558284,50.69349936500155],[-3.4464315694625225,50.694111303193715],[-3.4474084950022674,50.69456687751421],[-3.4478220000083097,50.69511938645275],[-3.4472539623253398,50.6969073060606],[-3.447838465246044,50.69749366850966],[-3.4487849466327485,50.69787765542106],[-3.4496562089962497,50.69857736952815],[-3.450047536128998,50.70024543504911],[-3.4508963803987776,50.70067559086312],[-3.4516439184421372,50.70057634068672],[-3.452024214697503,50.70096735142759],[-3.453290037866125,50.70159916276679],[-3.4540151357607867,50.70214776423931],[-3.454248318394031,50.70294646892263],[-3.4551717536183792,50.70294972719982],[-3.456147051079911,50.70210680372627],[-3.4566108814056045,50.70195729885178],[-3.4571270972029935,50.70191491824627],[-3.457456134379698,50.70204970831867],[-3.457887141040329,50.70272346182649],[-3.4582091305945575,50.704432556438675],[-3.458895575169632,50.70424540556697],[-3.4597450489517136,50.70423477041499],[-3.4601683513450654,50.704639226522936],[-3.460124007644447,50.70503552964785],[-3.4593826825384744,50.70533660810856],[-3.4592245066635123,50.70571634742538],[-3.4566312782439823,50.707961370208956],[-3.456214402848627,50.70913583215215],[-3.4556325177763343,50.709556835663044],[-3.453884523904225,50.70983048981345],[-3.453282313376684,50.70959515454465],[-3.452389428075065,50.70957930032014],[-3.4512755432777364,50.709287369167775],[-3.45025133471243,50.70960592076907],[-3.4504176256019123,50.710404339964676],[-3.4501435845434036,50.71070455966125],[-3.4488533698580133,50.71066663776363],[-3.4487492616248887,50.71050603525657],[-3.448108743757112,50.710406063148774],[-3.4450332941457953,50.71035428616999],[-3.444667902389004,50.71044875763023],[-3.444063102097125,50.71104987164758],[-3.4425786960647176,50.711607905705065],[-3.4415341488903963,50.71172875854183],[-3.4409466412495533,50.71197169305861],[-3.4405063416461785,50.71147163707743],[-3.440021588999911,50.71136969556623],[-3.439386656843411,50.710064378412284],[-3.438979877357345,50.71019532001793],[-3.4368323974389323,50.709916005867676],[-3.435736376002906,50.70992951047481],[-3.4353429964440476,50.710312112955464],[-3.4355436742332413,50.71131699627214],[-3.435097137942078,50.71153835616179],[-3.435132597213202,50.71177176972566],[-3.433684610140879,50.71259906851381],[-3.4332314716929053,50.712604640751934],[-3.4322570428504617,50.71223885958687],[-3.431268705833601,50.71327634108869],[-3.4306238785473555,50.71350011808248],[-3.4302655476631925,50.7138283074019],[-3.429198064447213,50.714129215246345],[-3.4277886037176515,50.71529774792255],[-3.4265476478362946,50.71595152417598],[-3.4259029766361047,50.71571657378879],[-3.42542257446546,50.71575842590511],[-3.423840824740011,50.714986264962086],[-3.4231855908626434,50.71440064768829],[-3.42256358749386,50.714444216748284],[-3.422217187676547,50.71423258215449],[-3.4212618646028496,50.714028372238424],[-3.420795661176785,50.713602332744486],[-3.419442803858056,50.71289927617183],[-3.4181879742395744,50.712626734021576],[-3.415980678642059,50.71177213341394],[-3.415269407517061,50.71167284046498],[-3.414764134435274,50.710887482516576],[-3.4141394633243802,50.710841096970086],[-3.4136068829431103,50.710559741632146],[-3.4126570760109596,50.710535279003054],[-3.412421057212177,50.71022334131054],[-3.412136506616647,50.71018181766635],[-3.411022432988969,50.70940381716922],[-3.4105257622600185,50.70937385129354],[-3.410360701876573,50.7095377444309],[-3.4098477126112994,50.70943601934836],[-3.409121109131799,50.709768596941146],[-3.406990503560329,50.71004617106376],[-3.4057150300920145,50.71002558226853],[-3.4051462992037895,50.710428184698955],[-3.4041489910414526,50.710710028574354],[-3.402968326967329,50.71054436018404],[-3.402305155967628,50.710156594570485],[-3.402119677722128,50.70963716137846],[-3.4012529285847792,50.709071954069124],[-3.3963167932915854,50.70884337162931],[-3.3949184708670908,50.708500344784134],[-3.394138385127464,50.70798801303256],[-3.3916710154084133,50.70693819154044],[-3.3911733170108356,50.70687217875936],[-3.3899940552590357,50.70722802667956],[-3.3894936980315,50.70707209636111],[-3.3893452698867255,50.706363323168375],[-3.388845721010196,50.7062343630789],[-3.3885805013454764,50.7058867486778],[-3.3882956348642397,50.70487379621047],[-3.3878831779285914,50.70481574840591],[-3.385807442131982,50.70502932308014],[-3.3851662151401403,50.70537872451581],[-3.383672803427982,50.705648299138915],[-3.382495508269714,50.705590314435554],[-3.3817875124617234,50.70535586577822],[-3.3783847121863433,50.705477101267384],[-3.3776935677938686,50.70557521397385],[-3.376666356085899,50.706288897605724],[-3.3753401431368277,50.70646644837224],[-3.3695726704580076,50.706372459074714],[-3.36714492679552,50.706176103170954],[-3.366253121745705,50.70668123972172],[-3.3651119710143536,50.70689248142837],[-3.3639094056594643,50.70742822127446],[-3.361720421884705,50.70765168513997],[-3.3606521066825676,50.70793398557869],[-3.360291242928266,50.70819003437464],[-3.3591332679931005,50.70831147174264],[-3.357576599739678,50.70885127382318],[-3.35593716272257,50.708978285484854],[-3.354700934526138,50.70933443752422],[-3.353823528145843,50.70936261924679],[-3.3541090935535363,50.709440243684476],[-3.349861057089564,50.7094895126704]]]},"properties":{"WB_CAT":"River","RBD_ID":"8","MNCAT_NAME":"Devon East","RBD_NAME":"South West","OPCAT_ID":"3085","hydromorph":"not designated artificial or heavily modified","MANCAT_ID":"3033","url":"/catchment-planning/WaterBody/GB108045008710","OPCAT_NAME":"Clyst and Culm","WB_ID":"GB108045008710","version":"2","WB_NAME":"Grindle Brook"}},{"type":"Feature","geometry":{"bbox":[-3.438583919507065,50.70420104633436,-3.3428276178524206,50.73499721542271],"type":"Polygon","coordinates":[[[-3.349861057089564,50.7094895126704],[-3.3541090935535363,50.709440243684476],[-3.353823528145843,50.70936261924679],[-3.354700934526138,50.70933443752422],[-3.35593716272257,50.708978285484854],[-3.357576599739678,50.70885127382318],[-3.3591332679931005,50.70831147174264],[-3.360291242928266,50.70819003437464],[-3.3606521066825676,50.70793398557869],[-3.361720421884705,50.70765168513997],[-3.3639094056594643,50.70742822127446],[-3.3651119710143536,50.70689248142837],[-3.366253121745705,50.70668123972172],[-3.36714492679552,50.706176103170954],[-3.3695726704580076,50.706372459074714],[-3.3753401431368277,50.70646644837224],[-3.376666356085899,50.706288897605724],[-3.3776935677938686,50.70557521397385],[-3.3783847121863433,50.705477101267384],[-3.3817875124617234,50.70535586577822],[-3.382495508269714,50.705590314435554],[-3.383672803427982,50.705648299138915],[-3.3851662151401403,50.70537872451581],[-3.385807442131982,50.70502932308014],[-3.3878831779285914,50.70481574840591],[-3.3882956348642397,50.70487379621047],[-3.3885805013454764,50.7058867486778],[-3.388845721010196,50.7062343630789],[-3.3893452698867255,50.706363323168375],[-3.3894936980315,50.70707209636111],[-3.3899940552590357,50.70722802667956],[-3.3911733170108356,50.70687217875936],[-3.3916710154084133,50.70693819154044],[-3.394138385127464,50.70798801303256],[-3.3949184708670908,50.708500344784134],[-3.3963167932915854,50.70884337162931],[-3.4012529285847792,50.709071954069124],[-3.402119677722128,50.70963716137846],[-3.402305155967628,50.710156594570485],[-3.402968326967329,50.71054436018404],[-3.4041489910414526,50.710710028574354],[-3.4051462992037895,50.710428184698955],[-3.4057150300920145,50.71002558226853],[-3.406990503560329,50.71004617106376],[-3.409121109131799,50.709768596941146],[-3.4098477126112994,50.70943601934836],[-3.410360701876573,50.7095377444309],[-3.4105257622600185,50.70937385129354],[-3.411022432988969,50.70940381716922],[-3.412136506616647,50.71018181766635],[-3.412421057212177,50.71022334131054],[-3.4126570760109596,50.710535279003054],[-3.4136068829431103,50.710559741632146],[-3.4141394633243802,50.710841096970086],[-3.414764134435274,50.710887482516576],[-3.415269407517061,50.71167284046498],[-3.415980678642059,50.71177213341394],[-3.4181879742395744,50.712626734021576],[-3.419442803858056,50.71289927617183],[-3.420795661176785,50.713602332744486],[-3.4212618646028496,50.714028372238424],[-3.422217187676547,50.71423258215449],[-3.42256358749386,50.714444216748284],[-3.4231855908626434,50.71440064768829],[-3.423840824740011,50.714986264962086],[-3.42542257446546,50.71575842590511],[-3.4259029766361047,50.71571657378879],[-3.4265476478362946,50.71595152417598],[-3.4269444522001034,50.7164233677239],[-3.4269213898993334,50.71752993920848],[-3.4272855885800153,50.718325966254675],[-3.426584636893365,50.71950379458939],[-3.4287444745074596,50.71971119347122],[-3.4293862366426295,50.720314933183616],[-3.4303635498666742,50.72077064525295],[-3.4308299117382663,50.72119664466841],[-3.4329485493955993,50.72190814789534],[-3.43357057423656,50.722790928050536],[-3.434320535299382,50.72322242000584],[-3.4361363754435295,50.72375770631273],[-3.4366898682340077,50.72378686340199],[-3.4370391542506327,50.72408836180725],[-3.4382349873594036,50.72427148781303],[-3.438697049327661,50.724553601479656],[-3.4388263358623203,50.72507367059028],[-3.4383585154360787,50.72552915435836],[-3.438368977772385,50.72587080552839],[-3.438718290236169,50.72617229858016],[-3.4385354056831883,50.72667823151368],[-3.439199107533076,50.7270657855072],[-3.4393133022224402,50.728017762538016],[-3.4390807585828735,50.72829045968567],[-3.4373842108595984,50.72861719249203],[-3.4371845740960003,50.72894492756633],[-3.436190609994562,50.729702213645105],[-3.435830529167893,50.73090287863153],[-3.4363941400551337,50.73172340307839],[-3.4369423642366512,50.7320404388513],[-3.4372100173412425,50.73245087318529],[-3.4368293099494247,50.73297722964315],[-3.4341158913932746,50.73322649941279],[-3.432139212476377,50.73393435666743],[-3.429319973611736,50.733968953493594],[-3.4283772906247343,50.73372866905859],[-3.4280437429963597,50.73301321920808],[-3.4266248070521965,50.73202324053525],[-3.426003605234614,50.73116739719604],[-3.424918788071767,50.73091083499072],[-3.422279525352208,50.73079915526906],[-3.422118252612418,50.730621238651565],[-3.4215930189785864,50.73059166752706],[-3.4212672161931192,50.73012794152378],[-3.4208798395292668,50.72997076777178],[-3.4178490704545244,50.72992671816173],[-3.4149601109232854,50.730096729373216],[-3.4138203373101015,50.72989469629706],[-3.4110590628356854,50.729964126177705],[-3.4093232615933,50.72973328480098],[-3.4090329303035296,50.72950294516275],[-3.408433651579623,50.72936627942831],[-3.4080812728126983,50.7289568032192],[-3.407463257646104,50.72866745760355],[-3.4078654670919653,50.72743039716776],[-3.4077251978629057,50.72653267181353],[-3.406040277497445,50.72610329537547],[-3.404267524259816,50.72605270869131],[-3.4027724981058745,50.72628656769421],[-3.39919919203616,50.726203589965984],[-3.397876789970923,50.72652525596936],[-3.3953180082509635,50.726250106544356],[-3.3942053840127713,50.7264792780492],[-3.39332662039604,50.72647179544585],[-3.3931058471113613,50.72667230577103],[-3.3925087818514017,50.72660748541495],[-3.391991379215327,50.726361827256504],[-3.3910548927901365,50.72631904000742],[-3.3903310888672067,50.72675939472236],[-3.3901878111017547,50.72718382340626],[-3.389762853977009,50.727188889988255],[-3.3885227370314954,50.7269428416741],[-3.386506503711421,50.72680494266434],[-3.3837313309472883,50.72735957635661],[-3.381832296143424,50.72807465165499],[-3.380937805974808,50.72825613950039],[-3.378529564810024,50.72779895498768],[-3.3776749639284533,50.72813284694838],[-3.376659784339285,50.728306733842516],[-3.3738859434891233,50.72842939658693],[-3.3729898238495295,50.728314035090165],[-3.3722170158786713,50.72853899358366],[-3.371225412956202,50.728550660606565],[-3.3689358135675644,50.72827176593475],[-3.3679195496717544,50.7284096126535],[-3.3653760902734566,50.72768391854625],[-3.3643976233628217,50.727659397070404],[-3.3637549529917963,50.727487033348346],[-3.3629937454870045,50.7271361688231],[-3.3625567857883505,50.7267275452606],[-3.3619835699889675,50.725529025961755],[-3.3609610914446204,50.72545102501294],[-3.3599157091184204,50.72458179630295],[-3.3586866276414855,50.72421837221137],[-3.357937076071811,50.72377739739017],[-3.3573089176998256,50.722633460038935],[-3.3535893008643534,50.72041017875186],[-3.353382206708817,50.720106781649875],[-3.352209427504457,50.71972464767095],[-3.3505041551356114,50.71954654336007],[-3.3494405853887157,50.7190192098783],[-3.348799860319316,50.718415021918474],[-3.347576182438515,50.71823130191737],[-3.3440849957454715,50.71604105463113],[-3.343254851732812,50.715744821565586],[-3.3430594646628866,50.71485665086808],[-3.3427806594410954,50.714518078227314],[-3.3422314390100856,50.71413766056536],[-3.342509823662199,50.71346888689754],[-3.343482612311566,50.71281009997864],[-3.344553201959586,50.712599885065885],[-3.345403904776583,50.71163668822749],[-3.3461876381972777,50.71130385013963],[-3.3476734402211887,50.71026134693616],[-3.348671086825619,50.70997998370822],[-3.3496046333031115,50.70993320253593],[-3.349861057089564,50.7094895126704]]]},"properties":{"WB_CAT":"River","RBD_ID":"8","MNCAT_NAME":"Devon East","RBD_NAME":"South West","OPCAT_ID":"3085","hydromorph":"not designated artificial or heavily modified","MANCAT_ID":"3033","url":"/catchment-planning/WaterBody/GB108045008730","OPCAT_NAME":"Clyst and Culm","WB_ID":"GB108045008730","version":"2","WB_NAME":"Aylesbeare Stream"}},{"type":"Feature","geometry":{"bbox":[-3.4872036341477095,50.67633809097534,-3.42709595664167,50.736334688420406],"type":"Polygon","coordinates":[[[-3.488256065128857,50.70960358112662],[-3.4863442392903488,50.709618986804415],[-3.485254490210974,50.709201151917846],[-3.484430983090393,50.709139687776506],[-3.483998860827683,50.70936105260543],[-3.483581492932666,50.710049930376066],[-3.483101772492548,50.71011000063238],[-3.4826895140016285,50.711410420628376],[-3.4827705501365007,50.712182897287256],[-3.482585923467832,50.712616970668144],[-3.4829626023268863,50.712882007363056],[-3.48345773991975,50.714206859294386],[-3.483916562218264,50.714380904834876],[-3.483926215851762,50.714686587106755],[-3.484418478964802,50.71502210182779],[-3.484378308405702,50.71554428094488],[-3.484694967098148,50.71570214510006],[-3.484628749165243,50.71629661014354],[-3.4842707781338773,50.71662496225636],[-3.484337081082746,50.71692992308359],[-3.483587119000034,50.71740717192633],[-3.4834109963955933,50.71811096588701],[-3.482224798158339,50.71823398560958],[-3.482150037019661,50.718558729621805],[-3.481893985496621,50.7185260078173],[-3.4815068036643617,50.7188277397139],[-3.480700977666304,50.71888294930396],[-3.480549160378928,50.71901079721347],[-3.479653542870739,50.718914237495355],[-3.477947836378561,50.7191877145602],[-3.477532016053349,50.71948080191341],[-3.4773025377360414,50.7202931933131],[-3.477513821496715,50.72070425137328],[-3.477252645472686,50.72095940045682],[-3.4780361262471287,50.72109337757132],[-3.478399801822231,50.72184428345285],[-3.478020208122346,50.722388752009245],[-3.4776842496170532,50.72251893053121],[-3.4778791004147407,50.723307954725165],[-3.476815109246596,50.72371718538068],[-3.476581077325639,50.724385724364325],[-3.478653501951543,50.725402789604686],[-3.4787560361221037,50.725959132494125],[-3.4794670791555573,50.72648976601183],[-3.4808489693066824,50.72672405980571],[-3.4810356703452694,50.72725234879653],[-3.4814150119175284,50.727598304733526],[-3.480948717520229,50.728089918477366],[-3.480906799283056,50.728558151810134],[-3.4804302875110036,50.728726100278834],[-3.479965671703586,50.72927165406396],[-3.47992147630551,50.72966796186111],[-3.4794188845696024,50.72990819111225],[-3.478587372229354,50.73095307146986],[-3.478304055715462,50.730956664324175],[-3.4782827685300166,50.731181796567945],[-3.4775721888195963,50.73156856262656],[-3.476862756815631,50.731541574754395],[-3.4762779591873523,50.731872773956354],[-3.4753214419784686,50.73210074384247],[-3.4738009712834517,50.73332520220502],[-3.472410391375103,50.73327081883833],[-3.47126861498442,50.733015406240426],[-3.469654953954609,50.73217231263015],[-3.4688514146755005,50.732308358413725],[-3.46877063505409,50.73244428959686],[-3.4675217491084016,50.73238806284444],[-3.4629025165272282,50.732868844712876],[-3.4619559888066247,50.733420371262135],[-3.4618181763018385,50.73445643502779],[-3.4613678380615527,50.73546943352768],[-3.460474833891621,50.73592134021057],[-3.4600686398754927,50.73562062432838],[-3.460172664192006,50.733496685290504],[-3.4599189719131336,50.73308612809041],[-3.459358092486746,50.73282332351305],[-3.458165871631978,50.732766287199915],[-3.4571781221743016,50.732904556120275],[-3.456250604561498,50.732700283925595],[-3.4539425778397304,50.73276506703456],[-3.4530286866103124,50.73254261089148],[-3.45212147647476,50.73253592563125],[-3.451722035796216,50.7324509579536],[-3.4513942566728835,50.73193337434295],[-3.4501862405413632,50.731363782749355],[-3.4501243010420772,50.731193663043165],[-3.4497020941608376,50.73128885601981],[-3.4494932232881736,50.73094967280039],[-3.4492232367606,50.73092604656699],[-3.4436220568200584,50.731274358877535],[-3.4429357280041373,50.731075988467694],[-3.4422817952977227,50.73147083127413],[-3.441571276686034,50.731407665270346],[-3.4409374808171784,50.731073720375974],[-3.439340956646526,50.73076965016792],[-3.439161596542334,50.73046606122312],[-3.4380357305388456,50.72979639387499],[-3.437570478711785,50.72894767534894],[-3.4371845740960003,50.72894492756633],[-3.4373842108595984,50.72861719249203],[-3.4390807585828735,50.72829045968567],[-3.4393133022224402,50.728017762538016],[-3.439199107533076,50.7270657855072],[-3.4385354056831883,50.72667823151368],[-3.438718290236169,50.72617229858016],[-3.438368977772385,50.72587080552839],[-3.4383585154360787,50.72552915435836],[-3.4388263358623203,50.72507367059028],[-3.438697049327661,50.724553601479656],[-3.4382349873594036,50.72427148781303],[-3.4370391542506327,50.72408836180725],[-3.4366898682340077,50.72378686340199],[-3.4361363754435295,50.72375770631273],[-3.434320535299382,50.72322242000584],[-3.43357057423656,50.722790928050536],[-3.4329485493955993,50.72190814789534],[-3.4308299117382663,50.72119664466841],[-3.4303635498666742,50.72077064525295],[-3.4293862366426295,50.720314933183616],[-3.4287444745074596,50.71971119347122],[-3.426584636893365,50.71950379458939],[-3.4272855885800153,50.718325966254675],[-3.4269213898993334,50.71752993920848],[-3.4269444522001034,50.7164233677239],[-3.4265476478362946,50.71595152417598],[-3.4277886037176515,50.71529774792255],[-3.429198064447213,50.714129215246345],[-3.4302655476631925,50.7138283074019],[-3.4306238785473555,50.71350011808248],[-3.431268705833601,50.71327634108869],[-3.4322570428504617,50.71223885958687],[-3.4332314716929053,50.712604640751934],[-3.433684610140879,50.71259906851381],[-3.435132597213202,50.71177176972566],[-3.435097137942078,50.71153835616179],[-3.4355436742332413,50.71131699627214],[-3.4353429964440476,50.710312112955464],[-3.435736376002906,50.70992951047481],[-3.4368323974389323,50.709916005867676],[-3.438979877357345,50.71019532001793],[-3.439386656843411,50.710064378412284],[-3.440021588999911,50.71136969556623],[-3.4405063416461785,50.71147163707743],[-3.4409466412495533,50.71197169305861],[-3.4415341488903963,50.71172875854183],[-3.4425786960647176,50.711607905705065],[-3.444063102097125,50.71104987164758],[-3.444667902389004,50.71044875763023],[-3.4450332941457953,50.71035428616999],[-3.448108743757112,50.710406063148774],[-3.4487492616248887,50.71050603525657],[-3.4488533698580133,50.71066663776363],[-3.4501435845434036,50.71070455966125],[-3.4504176256019123,50.710404339964676],[-3.45025133471243,50.70960592076907],[-3.4512755432777364,50.709287369167775],[-3.452389428075065,50.70957930032014],[-3.453282313376684,50.70959515454465],[-3.453884523904225,50.70983048981345],[-3.4556325177763343,50.709556835663044],[-3.456214402848627,50.70913583215215],[-3.4566312782439823,50.707961370208956],[-3.4592245066635123,50.70571634742538],[-3.4593826825384744,50.70533660810856],[-3.460124007644447,50.70503552964785],[-3.4601683513450654,50.704639226522936],[-3.4597450489517136,50.70423477041499],[-3.458895575169632,50.70424540556697],[-3.4582091305945575,50.704432556438675],[-3.457887141040329,50.70272346182649],[-3.457456134379698,50.70204970831867],[-3.4571270972029935,50.70191491824627],[-3.4566108814056045,50.70195729885178],[-3.456147051079911,50.70210680372627],[-3.4551717536183792,50.70294972719982],[-3.454248318394031,50.70294646892263],[-3.4540151357607867,50.70214776423931],[-3.453290037866125,50.70159916276679],[-3.452024214697503,50.70096735142759],[-3.4516439184421372,50.70057634068672],[-3.4508963803987776,50.70067559086312],[-3.450047536128998,50.70024543504911],[-3.4496562089962497,50.69857736952815],[-3.4487849466327485,50.69787765542106],[-3.447838465246044,50.69749366850966],[-3.4472539623253398,50.6969073060606],[-3.4478220000083097,50.69511938645275],[-3.4474084950022674,50.69456687751421],[-3.4464315694625225,50.694111303193715],[-3.4457330595558284,50.69349936500155],[-3.4454190126561994,50.69249590175218],[-3.4453822595664922,50.69130011937804],[-3.445618239740386,50.69068558210885],[-3.4463812193957044,50.690172436760584],[-3.4454590151336384,50.69011192336646],[-3.4448967329535303,50.6902448152566],[-3.4436502532918736,50.68930686836855],[-3.4417742727447047,50.68907825049619],[-3.4408326454440727,50.68792063950965],[-3.440429199500668,50.687691775272185],[-3.439920152012558,50.68586323337087],[-3.439091756833599,50.686089327704224],[-3.4382545562173434,50.68602770798125],[-3.4366670188527406,50.685039929435966],[-3.4364878564225103,50.68473633246985],[-3.4352826136608363,50.684211524899226],[-3.4313954851348174,50.68441222692837],[-3.4313927492499285,50.684322317809766],[-3.4316757907459805,50.68431884122183],[-3.431938354266104,50.68410875357418],[-3.4320398008609607,50.68372075336548],[-3.4318907343262963,50.68254433498475],[-3.4313719776113865,50.68224490202138],[-3.431212683505836,50.681662230422994],[-3.4315055318668777,50.68012061235523],[-3.433976341774451,50.67944264877537],[-3.435385365684017,50.67922742891295],[-3.4358406442210465,50.67698223744793],[-3.43711412937176,50.67696654042087],[-3.437045820656857,50.677048337629934],[-3.437643410925527,50.67714889871317],[-3.4391446977921842,50.67810175219896],[-3.4403187718975645,50.6785369622185],[-3.4413833478608633,50.67863173184821],[-3.4423271899378185,50.67894384896791],[-3.4432290496540987,50.678905701119625],[-3.4449682047835366,50.67966665396273],[-3.4458784809509013,50.6802669758695],[-3.4468287939768287,50.68032713630089],[-3.4489478382460987,50.67972517524879],[-3.4499945809625863,50.67986585283339],[-3.449526454463464,50.68218231677052],[-3.4505009656972914,50.68366785814962],[-3.4488854385783547,50.68443947738303],[-3.4488348563864553,50.684642164621835],[-3.4490748246833043,50.684743374620965],[-3.448951133921431,50.68454520965056],[-3.449195396923119,50.684380748565054],[-3.450743919036107,50.68389340058157],[-3.4526346562504244,50.68415190864355],[-3.4536320759995114,50.68400598368172],[-3.4541565511598558,50.683633230260384],[-3.4545179291003585,50.68279301520352],[-3.4549985903971288,50.682552788697215],[-3.4554215756851363,50.68278224921088],[-3.455539871216556,50.68330385293859],[-3.4561324979131003,50.68413736239979],[-3.457013348683847,50.68456726459079],[-3.457503927540353,50.68505583634049],[-3.458259478925618,50.68507370346402],[-3.457599322106288,50.68445665152737],[-3.4565503148296695,50.68387212540249],[-3.4555452785796517,50.68220037991722],[-3.4546222476930053,50.682230579983106],[-3.4540066379381567,50.68250576123937],[-3.453405577620184,50.68371167584204],[-3.451935676878945,50.68366992448851],[-3.4510404829820747,50.683272723809374],[-3.4505262029862336,50.6827783776807],[-3.4504069097334775,50.68224919298521],[-3.451089297641334,50.680073988028866],[-3.451146536426346,50.67994162674638],[-3.4519458171206936,50.68008361221308],[-3.4526733388076805,50.680722135264645],[-3.453850379609312,50.681247115473866],[-3.4555676581447194,50.681387577429994],[-3.4568798065187134,50.68124526178211],[-3.4580146718589826,50.681321012499524],[-3.457970049243791,50.681708325506634],[-3.458305279749126,50.68201893163076],[-3.4581407600092544,50.6821918817705],[-3.458393874278778,50.682593457960046],[-3.4593462738510103,50.68317515957472],[-3.458763060641127,50.68354223278461],[-3.4588002861592404,50.68382958425346],[-3.459552357300122,50.684341837179346],[-3.459632399738974,50.68509635539354],[-3.4600509852618906,50.68581065565808],[-3.4605735910324764,50.68622683922029],[-3.46052731063023,50.68656020799393],[-3.460880934502221,50.687005490543214],[-3.4605499244684594,50.68728846217214],[-3.4607245046801713,50.68743917718097],[-3.4616347559205853,50.68757167387274],[-3.462037005578744,50.68821421747717],[-3.461879464836034,50.68861194238588],[-3.4623316313156183,50.689037995858484],[-3.4640706477561216,50.68941191238431],[-3.464019351738841,50.689583448252534],[-3.464450674309201,50.689793892424575],[-3.4646625435494762,50.690231950286126],[-3.464420656004229,50.690648727078326],[-3.46510171749841,50.690694133494965],[-3.465465233201085,50.690545654710064],[-3.465228393408883,50.69112426690813],[-3.4656874766492693,50.69222479204028],[-3.4649702216543092,50.692836426799445],[-3.4651773477618106,50.69312164034975],[-3.46485220307553,50.6935934300987],[-3.46507025654986,50.69422928356134],[-3.46543912308509,50.69425162919778],[-3.4660829578738803,50.6940096810067],[-3.4669157329162323,50.69528538556124],[-3.467288536299913,50.69543359580517],[-3.4682777151038366,50.69536717324585],[-3.469481497306374,50.69763655069779],[-3.4707148367210903,50.69722524635446],[-3.4719670605335766,50.69560845596051],[-3.472652781660806,50.69534795388934],[-3.472897925010685,50.695488764876856],[-3.4729210192278397,50.696226004629864],[-3.47259987409241,50.69682368545919],[-3.473346669796273,50.697156030679274],[-3.473331036350829,50.69756097116267],[-3.4730770770435333,50.69759116392762],[-3.472973970596539,50.697916261241424],[-3.4717796404785797,50.6986688796431],[-3.471538055903284,50.699094661180865],[-3.471727183002923,50.70061230678683],[-3.472189770756734,50.70091227052256],[-3.4723548368358,50.70256513284336],[-3.4725581086222705,50.7027244619912],[-3.4724173551169613,50.70456107242701],[-3.4726347195826937,50.70516993712395],[-3.4726865506810736,50.7068242284922],[-3.472365332971193,50.707421908256656],[-3.4727769918539937,50.70790239832192],[-3.4745332602321723,50.70789818342125],[-3.474999606433696,50.708315014006786],[-3.475048523036344,50.70897097678719],[-3.4758550337651775,50.70894277965736],[-3.478264964267907,50.70810275752707],[-3.479015966324971,50.70766150573148],[-3.482860890561338,50.706965068134004],[-3.484235937295316,50.706551819006926],[-3.4847501011254858,50.70578975114353],[-3.4857552816586304,50.70532722880496],[-3.486460909676421,50.705246278111574],[-3.4873818170503803,50.70570223339517],[-3.4875347799435295,50.706060052821655],[-3.487551283269288,50.70658151069851],[-3.486923034194744,50.70731806349612],[-3.486824838940829,50.70779601300643],[-3.487249735138686,50.70869002061963],[-3.4877974561208847,50.70898883650585],[-3.488256065128857,50.70960358112662]]]},"properties":{"WB_CAT":"River","RBD_ID":"8","MNCAT_NAME":"Devon East","RBD_NAME":"South West","OPCAT_ID":"3085","hydromorph":"heavily modified","MANCAT_ID":"3033","url":"/catchment-planning/WaterBody/GB108045008750","OPCAT_NAME":"Clyst and Culm","WB_ID":"GB108045008750","version":"2","WB_NAME":"Lower Clyst"}},{"type":"Feature","geometry":{"bbox":[-3.4105711447523532,50.713717502372496,-3.32888419880787,50.752605542975054],"type":"Polygon","coordinates":[[[-3.389762853977009,50.727188889988255],[-3.3897708351669897,50.727458620174055],[-3.3892808687415505,50.72766233811998],[-3.3889817272262506,50.7280886287584],[-3.3889952881313326,50.728547170146776],[-3.389344040819193,50.72883982235327],[-3.389725256078731,50.730229375803354],[-3.3905748464041228,50.731163633642716],[-3.39165682370167,50.73133060693576],[-3.3920592664335665,50.7324770565208],[-3.392753140027659,50.73293646654706],[-3.3932315577267023,50.73377620253861],[-3.394068470135792,50.73427886622351],[-3.3944242068209767,50.735758650133455],[-3.394916596052549,50.736112526868666],[-3.3962622811359378,50.73656411585219],[-3.3965258631122315,50.73684877237965],[-3.398855563720448,50.736551018932566],[-3.399382459620601,50.73663463777608],[-3.3994875670592597,50.737307938992174],[-3.399134464888179,50.737824844529314],[-3.397874299908246,50.73834363341457],[-3.3979205733364264,50.738945687818116],[-3.398331223003826,50.739408460184414],[-3.398370272831789,50.73976775849157],[-3.398603404920409,50.73998082216564],[-3.399702960710853,50.73977874974926],[-3.400251035705612,50.74009595885918],[-3.4014161196477417,50.74018989081794],[-3.4023641709124846,50.7406102118106],[-3.403189209805317,50.74070821557383],[-3.4037972225944384,50.74113261676332],[-3.404913733326338,50.741496923742915],[-3.4052398572130853,50.74197407642171],[-3.405366206552754,50.74193217873604],[-3.4053836711565277,50.74251553950619],[-3.40484611852315,50.74302674687223],[-3.404828272523375,50.743377734360365],[-3.4039358064317096,50.74481855597439],[-3.404977071407347,50.74550755833873],[-3.405916105869677,50.74562215774506],[-3.407498608059938,50.746394551981524],[-3.4080970236261767,50.746495256772356],[-3.4082997332921208,50.746636715210904],[-3.408254379396505,50.747015017843744],[-3.4089977547223116,50.74722189712753],[-3.409925776174933,50.747912223906454],[-3.410253215516254,50.74842992549949],[-3.4112336406696206,50.74897570148844],[-3.411647755686448,50.749546315061366],[-3.411653164535566,50.74972613281138],[-3.411126527094384,50.7501282504987],[-3.4093195259434252,50.75038395307768],[-3.4091586395753515,50.750691698912945],[-3.4080636140656355,50.751523389269444],[-3.4068918498001044,50.751690440150576],[-3.4061337010290296,50.751465737187644],[-3.4053253317511736,50.75145749429616],[-3.4048653528561825,50.75124717744388],[-3.404384029049635,50.75127096386924],[-3.4023511249847487,50.75061187508851],[-3.4013825802277906,50.75046162475478],[-3.3997680221963895,50.75051699464885],[-3.396682479477158,50.75021221679788],[-3.395897662705201,50.75004173182224],[-3.395305379348483,50.749671066539456],[-3.394923002818119,50.74968463572048],[-3.3944804522271466,50.75005868922809],[-3.392968839138595,50.75023865183842],[-3.390752649264894,50.75008522308368],[-3.3898649228995392,50.74979000694326],[-3.3888041452747917,50.74987459940152],[-3.3882158322369924,50.750115452788584],[-3.3865980791932246,50.75006274859699],[-3.3859077257719568,50.749729178598564],[-3.384166004439458,50.74931814846571],[-3.3830899957266656,50.749366893177246],[-3.38178087944085,50.749202531242986],[-3.380806606736944,50.748854307106335],[-3.3805992085475323,50.748550962200945],[-3.3789473607989233,50.74830068470207],[-3.378731525201306,50.747709623828584],[-3.3784134148537013,50.74749752549505],[-3.3757623000161394,50.74749285929442],[-3.3740097351251412,50.74718973551899],[-3.3704317254394742,50.74748367916369],[-3.370280564149285,50.747647350088116],[-3.369688508486049,50.74776223592198],[-3.3696074112640138,50.748383783639184],[-3.3689594342399904,50.74901198799884],[-3.367445130792539,50.74910170971044],[-3.3669186723354434,50.74903592947747],[-3.366138206234245,50.748523416723394],[-3.3648829801159814,50.74825929850897],[-3.3643516263549325,50.74753699264426],[-3.362936561432598,50.747625494729796],[-3.362054271211554,50.74750988655527],[-3.360173103721117,50.74765776357335],[-3.359075642333726,50.74745470142942],[-3.357891475843522,50.74768435671436],[-3.3559228045821468,50.7472575602004],[-3.35510220355117,50.74633171101243],[-3.354476075117222,50.74624904479154],[-3.352947658172976,50.74633874239922],[-3.3524751629125094,50.74666801230252],[-3.351476955636731,50.746463727496085],[-3.3468916457296576,50.74673264268586],[-3.342671677517748,50.746394565296306],[-3.341386455819341,50.74656225757106],[-3.339219455802775,50.747126813368006],[-3.338360047963433,50.74781123909172],[-3.3362429148387216,50.747142973904886],[-3.33416770385004,50.745952532442715],[-3.333777296757732,50.74618185160607],[-3.332958425249039,50.746299144921636],[-3.3326399199095005,50.74656360837859],[-3.3322147772227377,50.74656846655847],[-3.3319313486996545,50.746571704484225],[-3.331198118152172,50.74621132574541],[-3.331145659549903,50.74586115446773],[-3.331558440432235,50.74492105408811],[-3.330882104408071,50.744065341327385],[-3.330784382807255,50.742618404891886],[-3.3305747860838304,50.742225055997885],[-3.331216412901249,50.74185796770661],[-3.331183523462368,50.74069810251487],[-3.33095094611929,50.74049389297667],[-3.3293127854151536,50.7402067812089],[-3.3286662506643805,50.73989935655796],[-3.3284657859850886,50.73782400009694],[-3.3287106465652787,50.737461445223545],[-3.32938157920481,50.7371300090557],[-3.3294250154876686,50.73666181960383],[-3.3297857558622566,50.73638788220451],[-3.3300770841944565,50.73566502947447],[-3.330876920016105,50.73488240774192],[-3.3310280748856993,50.734215117084744],[-3.331385728178563,50.733833280262104],[-3.331368393582363,50.73322187768143],[-3.330851027754325,50.73196860673368],[-3.3312852978567586,50.730290740824],[-3.3312102819980214,50.729644019986395],[-3.3329727811519874,50.72883239852834],[-3.3332193477847936,50.728532772775864],[-3.333285711172322,50.72787544203404],[-3.3339830191544384,50.727480717635345],[-3.3355894659085954,50.72716551890734],[-3.3347780229598722,50.72553787870284],[-3.3350130617857854,50.724833644544624],[-3.3356832592386976,50.72448419070619],[-3.335842497056044,50.724104612247835],[-3.3368094568165114,50.72323009068563],[-3.3377830379155693,50.72258933266333],[-3.3385989224552515,50.722382096216535],[-3.3389850097144036,50.722008902425486],[-3.3389641348211017,50.720282265553855],[-3.3382627749384626,50.719534810227636],[-3.338073610564732,50.718862420232455],[-3.336975215862758,50.71810152528931],[-3.3390354363659283,50.71681869771113],[-3.3420992118548827,50.715956003337425],[-3.3426549065761906,50.715571849765645],[-3.342677321462542,50.71536472591717],[-3.342806353084621,50.71541719836471],[-3.3427806594410954,50.714518078227314],[-3.3430594646628866,50.71485665086808],[-3.343254851732812,50.715744821565586],[-3.3440849957454715,50.71604105463113],[-3.347576182438515,50.71823130191737],[-3.348799860319316,50.718415021918474],[-3.3494405853887157,50.7190192098783],[-3.3505041551356114,50.71954654336007],[-3.352209427504457,50.71972464767095],[-3.353382206708817,50.720106781649875],[-3.3535893008643534,50.72041017875186],[-3.3573089176998256,50.722633460038935],[-3.357937076071811,50.72377739739017],[-3.3586866276414855,50.72421837221137],[-3.3599157091184204,50.72458179630295],[-3.3609610914446204,50.72545102501294],[-3.3619835699889675,50.725529025961755],[-3.3625567857883505,50.7267275452606],[-3.3629937454870045,50.7271361688231],[-3.3637549529917963,50.727487033348346],[-3.3643976233628217,50.727659397070404],[-3.3653760902734566,50.72768391854625],[-3.3679195496717544,50.7284096126535],[-3.3689358135675644,50.72827176593475],[-3.371225412956202,50.728550660606565],[-3.3722170158786713,50.72853899358366],[-3.3729898238495295,50.728314035090165],[-3.3738859434891233,50.72842939658693],[-3.376659784339285,50.728306733842516],[-3.3776749639284533,50.72813284694838],[-3.378529564810024,50.72779895498768],[-3.380937805974808,50.72825613950039],[-3.381832296143424,50.72807465165499],[-3.3837313309472883,50.72735957635661],[-3.386506503711421,50.72680494266434],[-3.3885227370314954,50.7269428416741],[-3.389762853977009,50.727188889988255]]]},"properties":{"WB_CAT":"River","RBD_ID":"8","MNCAT_NAME":"Devon East","RBD_NAME":"South West","OPCAT_ID":"3085","hydromorph":"not designated artificial or heavily modified","MANCAT_ID":"3033","url":"/catchment-planning/WaterBody/GB108045008780","OPCAT_NAME":"Clyst and Culm","WB_ID":"GB108045008780","version":"2","WB_NAME":"Ford Stream (EXE)"}},{"type":"Feature","geometry":{"bbox":[-3.448157605550117,50.738188623031775,-3.3840045286150304,50.772201117531935],"type":"Polygon","coordinates":[[[-3.3837798171859377,50.764585764064265],[-3.384346879628852,50.7645790338037],[-3.384907431265906,50.76483321386035],[-3.38564674077842,50.76489638453572],[-3.388818380370543,50.76424705501045],[-3.3893881623545243,50.76385352050611],[-3.3891066292971215,50.76296645615088],[-3.3894471205951584,50.762971393831286],[-3.389853907729119,50.76329932890291],[-3.390435395807488,50.76330139115499],[-3.3915491755181657,50.76308124086642],[-3.3941869896930914,50.763085710525814],[-3.395725757645727,50.76285144432744],[-3.397413232546093,50.762849223260694],[-3.399552954435614,50.76231989118325],[-3.400022050926527,50.76188254181791],[-3.403169961739192,50.76092730411054],[-3.4038091130196877,50.760487892840416],[-3.4046095619585484,50.760226418039075],[-3.404999098938711,50.759502193977376],[-3.4065236761458237,50.75880025992567],[-3.4063225865938667,50.757768358592216],[-3.4065476478571406,50.75723498946485],[-3.40821023231099,50.75593775409566],[-3.408714550473663,50.75573379127677],[-3.4085101803318802,50.755538388759945],[-3.4086165519222904,50.75530325591019],[-3.4102412334745464,50.754636039294176],[-3.410194782572757,50.754033992770324],[-3.4106383247010217,50.75369584412125],[-3.4099110098797265,50.752139657535395],[-3.409365151403893,50.7518832583588],[-3.4089280395039063,50.751863421046586],[-3.4084887881510464,50.751518254231755],[-3.4080636140656355,50.751523389269444],[-3.4091586395753515,50.750691698912945],[-3.4093195259434252,50.75038395307768],[-3.411126527094384,50.7501282504987],[-3.411653164535566,50.74972613281138],[-3.411647755686448,50.749546315061366],[-3.4112336406696206,50.74897570148844],[-3.410253215516254,50.74842992549949],[-3.409925776174933,50.747912223906454],[-3.4089977547223116,50.74722189712753],[-3.408254379396505,50.747015017843744],[-3.4082997332921208,50.746636715210904],[-3.4080970236261767,50.746495256772356],[-3.407498608059938,50.746394551981524],[-3.405916105869677,50.74562215774506],[-3.404977071407347,50.74550755833873],[-3.4039358064317096,50.74481855597439],[-3.404828272523375,50.743377734360365],[-3.40484611852315,50.74302674687223],[-3.4053836711565277,50.74251553950619],[-3.4113563490960606,50.743743523108286],[-3.4155799536779217,50.74399603316569],[-3.418453999156306,50.744405701817676],[-3.421675803544729,50.74511824265434],[-3.4246242912303773,50.74612275930063],[-3.427345486167463,50.74662920290718],[-3.4293038597605863,50.74685085029397],[-3.430100757415295,50.74679059371326],[-3.4315092189953265,50.746258134269375],[-3.4362062060430096,50.74395908931348],[-3.437128991797288,50.74369461977216],[-3.4379326699468136,50.7430910944615],[-3.4386912224584125,50.74286587638662],[-3.4387943835530375,50.742531818280746],[-3.438520871567866,50.7419325821854],[-3.4366474807640306,50.74000394070235],[-3.4363605328232096,50.738964149416866],[-3.436544861531256,50.73850317438468],[-3.437491280355975,50.73832061977623],[-3.4380460472670036,50.738385732143286],[-3.4385543273351575,50.73932385268007],[-3.438656462047615,50.74080663488611],[-3.4398013554387044,50.74208766644629],[-3.441188579682265,50.744795768279666],[-3.4431927243113942,50.74635395667667],[-3.443822188583615,50.74746144340015],[-3.4457699414944907,50.74810287855353],[-3.446607944413444,50.74861414779583],[-3.4480650730540634,50.74897381666175],[-3.4485018714303535,50.74934614722325],[-3.4485143589869875,50.74975073066242],[-3.44802248733395,50.75035045658505],[-3.447922704861736,50.75079241093846],[-3.448012081806159,50.75277002214533],[-3.4468845810659294,50.75390829129435],[-3.446517192913091,50.75394882619173],[-3.4459660664821463,50.75446833017238],[-3.444585956924133,50.75477324994345],[-3.443746075373918,50.755125430778484],[-3.442897886611266,50.75520788295759],[-3.441870772789889,50.75500472790044],[-3.441678976306088,50.75522295963307],[-3.4417693745819267,50.75631913142006],[-3.441526954386426,50.75673586059553],[-3.440401879402889,50.75703757723861],[-3.43980602207776,50.75702694777511],[-3.438935674588297,50.75777521321964],[-3.438330044021095,50.757908603503516],[-3.4368132829482962,50.75931240442519],[-3.4363310727247964,50.76023574998006],[-3.439068101239503,50.76070567807161],[-3.439577091369511,50.76158082390717],[-3.440072852232875,50.76202441091074],[-3.4385345066197903,50.76272695480383],[-3.4384849724355777,50.762961414095834],[-3.4377763396179053,50.76343784982353],[-3.436925235273581,50.76343035211361],[-3.4365746928899603,50.763560589302216],[-3.43650395498142,50.76402915705102],[-3.4362251134124326,50.764185492358955],[-3.4359666402678934,50.76408074555634],[-3.4354095013026593,50.764411394522355],[-3.4351790883171054,50.765223704678924],[-3.4355490417453765,50.76619051997026],[-3.4355182015153467,50.76703635022348],[-3.4357265874423346,50.76735757440973],[-3.4355988519831326,50.76781784882434],[-3.434554137094594,50.76797461151072],[-3.434230964143103,50.76760982631047],[-3.43403362262642,50.76672183200608],[-3.4336022695676016,50.76652926422823],[-3.4326382436048193,50.76654111144595],[-3.4322156832940585,50.76663624343734],[-3.431884770407661,50.76694610826742],[-3.430726096944264,50.767086247601895],[-3.430258060773778,50.767550690533255],[-3.429816329251421,50.76887824723395],[-3.4287885531651123,50.76959238743389],[-3.4290089594405204,50.77030921847079],[-3.4288132064814056,50.7704015584534],[-3.428215537819094,50.77033692641667],[-3.42726391667259,50.769826916595065],[-3.4255876457500833,50.7697394903394],[-3.4246115331828872,50.76935567637712],[-3.424305083649333,50.7695393024338],[-3.421622743271651,50.76994978601144],[-3.4208522302521027,50.769797281803804],[-3.4204765239181505,50.7695680111028],[-3.419768175774001,50.76959462531855],[-3.419278237686374,50.76933975902086],[-3.4190598267391885,50.769621235237956],[-3.417885738547294,50.77019315261],[-3.4172935209125015,50.77030828109548],[-3.4169635698039507,50.77065406773542],[-3.4166674572786175,50.77071163003824],[-3.4158113352134567,50.770542144211376],[-3.415179286470508,50.770747686809884],[-3.413887982115246,50.77072737314762],[-3.413366638916273,50.77084162230967],[-3.413244453478901,50.77102298570489],[-3.4121417921431147,50.771144272561116],[-3.411142812343994,50.77094050574785],[-3.410083222891724,50.77107924018621],[-3.409733211928591,50.770759683096244],[-3.409348236873628,50.7706923831269],[-3.4080345177077196,50.77087014634554],[-3.4075648686261983,50.77128954566771],[-3.405145032185401,50.77194831588504],[-3.4032429381172102,50.7718992654315],[-3.401968672300906,50.77150086150657],[-3.401348040361438,50.771616250330105],[-3.4012825207829875,50.77179692004456],[-3.4008745633105426,50.771909750688906],[-3.400321594902402,50.77191639175592],[-3.4000200846154764,50.771794094059715],[-3.399970569857256,50.77156084133565],[-3.399470563208613,50.77144092490598],[-3.3974762103751437,50.77162673465094],[-3.397001101581113,50.77186627402743],[-3.395682483307625,50.77188206229357],[-3.3943459423900615,50.77177213230707],[-3.39411213399529,50.771541080521466],[-3.392557587602102,50.771253853662294],[-3.392577400851829,50.77096580536935],[-3.391491302019495,50.770690957865305],[-3.3909943032672563,50.7701932164463],[-3.389768580141423,50.76999197119328],[-3.389013005458944,50.76890369093515],[-3.388516781068322,50.7689096002734],[-3.3881359156041353,50.76850040508638],[-3.387505179873071,50.768274064167244],[-3.387804849950299,50.76785676899209],[-3.3877862269661976,50.76722740240277],[-3.387638069360719,50.76701330660914],[-3.386978469943196,50.766769318087434],[-3.3866357373250926,50.76573007613766],[-3.3857183221085045,50.76539920464659],[-3.3847029009034455,50.76559114859692],[-3.3839757525504313,50.76497918639693],[-3.3837798171859377,50.764585764064265]]]},"properties":{"WB_CAT":"River","RBD_ID":"8","MNCAT_NAME":"Devon East","RBD_NAME":"South West","OPCAT_ID":"3085","hydromorph":"not designated artificial or heavily modified","MANCAT_ID":"3033","url":"/catchment-planning/WaterBody/GB108045008800","OPCAT_NAME":"Clyst and Culm","WB_ID":"GB108045008800","version":"2","WB_NAME":"Lower Cranny Brook"}},{"type":"Feature","geometry":{"bbox":[-3.4103786421077364,50.74505559660588,-3.3179892709771117,50.778119445550026],"type":"Polygon","coordinates":[[[-3.329277369814119,50.77799133529515],[-3.327537842484284,50.77767837485138],[-3.3261516789050565,50.77782006163857],[-3.3248308219079212,50.777763120863575],[-3.3236274423856096,50.77734506972461],[-3.322099957383744,50.777002633194634],[-3.321376235835701,50.77699284700357],[-3.320345098623271,50.77664476294319],[-3.318324423171688,50.77540845411924],[-3.318651852500033,50.77494605565052],[-3.3186379455798396,50.77445153982751],[-3.318404493825283,50.77422033368011],[-3.318205520569932,50.77319726034571],[-3.3178424404878313,50.77289556571273],[-3.319332321622626,50.77190736225408],[-3.3205036208609835,50.771696236397105],[-3.321103949321053,50.77135665714016],[-3.3214115624126728,50.77019293790638],[-3.3220804765434693,50.76977162970456],[-3.3227934121283496,50.76890011493447],[-3.3236050913936754,50.768513154620564],[-3.324992165589173,50.767409121016804],[-3.3252326304162176,50.766884732534955],[-3.3248674785004417,50.76600746238188],[-3.3249735315691535,50.76574542937035],[-3.326251907481776,50.76481350224245],[-3.3276022078076584,50.764420386633475],[-3.328289917362617,50.76366604700359],[-3.3287990835370933,50.76261693306663],[-3.328556562538744,50.76106372012968],[-3.3286529097881328,50.75895800664873],[-3.328605291832124,50.75877866746384],[-3.3282643249476687,50.75875556947213],[-3.3280311601897585,50.75853337293997],[-3.32790274532956,50.75800418421275],[-3.3280564013612546,50.756419474841685],[-3.327910840164067,50.75628622118723],[-3.326744472416535,50.75615559209351],[-3.326563449471612,50.7557709057401],[-3.326795291109772,50.75544447452987],[-3.327868706213361,50.75379533770588],[-3.3280113083478304,50.7528223515985],[-3.328551513725252,50.75187181801893],[-3.3301943688174918,50.750809773178574],[-3.330391873733049,50.748774853159155],[-3.3309551879981223,50.748642507207386],[-3.331072938781581,50.74779571735731],[-3.331799667099477,50.74742765495674],[-3.331959010721495,50.7470480824307],[-3.332320835717056,50.74681010193307],[-3.3322147772227377,50.74656846655847],[-3.3326399199095005,50.74656360837859],[-3.332958425249039,50.746299144921636],[-3.333777296757732,50.74618185160607],[-3.33416770385004,50.745952532442715],[-3.3362429148387216,50.747142973904886],[-3.338360047963433,50.74781123909172],[-3.339219455802775,50.747126813368006],[-3.341386455819341,50.74656225757106],[-3.342671677517748,50.746394565296306],[-3.3468916457296576,50.74673264268586],[-3.351476955636731,50.746463727496085],[-3.3524751629125094,50.74666801230252],[-3.352947658172976,50.74633874239922],[-3.354476075117222,50.74624904479154],[-3.35510220355117,50.74633171101243],[-3.3559228045821468,50.7472575602004],[-3.357891475843522,50.74768435671436],[-3.359075642333726,50.74745470142942],[-3.360173103721117,50.74765776357335],[-3.362054271211554,50.74750988655527],[-3.362936561432598,50.747625494729796],[-3.3643516263549325,50.74753699264426],[-3.3648829801159814,50.74825929850897],[-3.366138206234245,50.748523416723394],[-3.3669186723354434,50.74903592947747],[-3.367445130792539,50.74910170971044],[-3.3689594342399904,50.74901198799884],[-3.3696074112640138,50.748383783639184],[-3.369688508486049,50.74776223592198],[-3.370280564149285,50.747647350088116],[-3.3704317254394742,50.74748367916369],[-3.3740097351251412,50.74718973551899],[-3.3757623000161394,50.74749285929442],[-3.3784134148537013,50.74749752549505],[-3.378731525201306,50.747709623828584],[-3.3789473607989233,50.74830068470207],[-3.3805992085475323,50.748550962200945],[-3.380806606736944,50.748854307106335],[-3.38178087944085,50.749202531242986],[-3.3830899957266656,50.749366893177246],[-3.384166004439458,50.74931814846571],[-3.3859077257719568,50.749729178598564],[-3.3865980791932246,50.75006274859699],[-3.3882158322369924,50.750115452788584],[-3.3888041452747917,50.74987459940152],[-3.3898649228995392,50.74979000694326],[-3.390752649264894,50.75008522308368],[-3.392968839138595,50.75023865183842],[-3.3944804522271466,50.75005868922809],[-3.394923002818119,50.74968463572048],[-3.395305379348483,50.749671066539456],[-3.395897662705201,50.75004173182224],[-3.396682479477158,50.75021221679788],[-3.3997680221963895,50.75051699464885],[-3.4013825802277906,50.75046162475478],[-3.4023511249847487,50.75061187508851],[-3.404384029049635,50.75127096386924],[-3.4048653528561825,50.75124717744388],[-3.4053253317511736,50.75145749429616],[-3.4061337010290296,50.751465737187644],[-3.4068918498001044,50.751690440150576],[-3.4080636140656355,50.751523389269444],[-3.4084887881510464,50.751518254231755],[-3.4089280395039063,50.751863421046586],[-3.409365151403893,50.7518832583588],[-3.4099110098797265,50.752139657535395],[-3.4106383247010217,50.75369584412125],[-3.410194782572757,50.754033992770324],[-3.4102412334745464,50.754636039294176],[-3.4086165519222904,50.75530325591019],[-3.4085101803318802,50.755538388759945],[-3.408714550473663,50.75573379127677],[-3.40821023231099,50.75593775409566],[-3.4065476478571406,50.75723498946485],[-3.4063225865938667,50.757768358592216],[-3.4065236761458237,50.75880025992567],[-3.404999098938711,50.759502193977376],[-3.4046095619585484,50.760226418039075],[-3.4038091130196877,50.760487892840416],[-3.403169961739192,50.76092730411054],[-3.400022050926527,50.76188254181791],[-3.399552954435614,50.76231989118325],[-3.397413232546093,50.762849223260694],[-3.395725757645727,50.76285144432744],[-3.3941869896930914,50.763085710525814],[-3.3915491755181657,50.76308124086642],[-3.390435395807488,50.76330139115499],[-3.389853907729119,50.76329932890291],[-3.3894471205951584,50.762971393831286],[-3.3891066292971215,50.76296645615088],[-3.3893881623545243,50.76385352050611],[-3.388818380370543,50.76424705501045],[-3.38564674077842,50.76489638453572],[-3.384907431265906,50.76483321386035],[-3.384346879628852,50.7645790338037],[-3.3837798171859377,50.764585764064265],[-3.3835385179626676,50.76457963929889],[-3.3833506526006234,50.76494163272808],[-3.382595712903226,50.76531035042806],[-3.3802924135358428,50.76607515293397],[-3.379623023170098,50.76646082677105],[-3.3794377645553277,50.7669127239167],[-3.3788573846363343,50.767432251978434],[-3.377332900398253,50.76816080172243],[-3.3750718505356785,50.768439319126635],[-3.372992943913359,50.76815801377518],[-3.3715153474112185,50.76903883463141],[-3.3698244930492307,50.76941847191185],[-3.368606224845516,50.76946875182343],[-3.36752656857715,50.769895145816186],[-3.366227930110467,50.77010823698859],[-3.365273225890388,50.770443205071224],[-3.363980894884653,50.770386374404566],[-3.3626812516079485,50.770077780219744],[-3.36151793917577,50.771044741303015],[-3.3609980260149217,50.77121270362299],[-3.3606966208901596,50.77109030341261],[-3.3603158833125097,50.77116669783137],[-3.3600779746972202,50.77127740173554],[-3.3602575082017125,50.771599095094025],[-3.3587980202490098,50.772137766351186],[-3.35823138120157,50.77216235521287],[-3.35845124518599,50.77289730959619],[-3.3579551135191044,50.77339776236381],[-3.3576915711625346,50.77409337532878],[-3.3571191829003286,50.77392015574767],[-3.355731666679964,50.77400824629086],[-3.355117639035731,50.77435715778293],[-3.354071457535797,50.77447723818722],[-3.353238318468437,50.775098505886966],[-3.3509845545843855,50.775646291797386],[-3.3492787013923544,50.77453278607389],[-3.3479560686966288,50.773918495208214],[-3.34620216846386,50.773596978864724],[-3.3428295013565417,50.77370781369995],[-3.3413498385559524,50.77503797599066],[-3.340865662462082,50.774971591095735],[-3.3402247828150236,50.77438534894887],[-3.339547749121313,50.77451904428892],[-3.3391723971319034,50.77428950910892],[-3.337418540690737,50.773967860329336],[-3.335034461686538,50.774426891188085],[-3.3343104150667617,50.77490286876108],[-3.333985955099481,50.775464212549764],[-3.3333403159327823,50.77570544137463],[-3.332171657107495,50.776510273904194],[-3.331524972748595,50.77671552823605],[-3.3306894511779745,50.777264708007074],[-3.3303613600718545,50.777700165860956],[-3.329277369814119,50.77799133529515]]]},"properties":{"WB_CAT":"River","RBD_ID":"8","MNCAT_NAME":"Devon East","RBD_NAME":"South West","OPCAT_ID":"3085","hydromorph":"not designated artificial or heavily modified","MANCAT_ID":"3033","url":"/catchment-planning/WaterBody/GB108045008810","OPCAT_NAME":"Clyst and Culm","WB_ID":"GB108045008810","version":"2","WB_NAME":"Upper Cranny Brook"}},{"type":"Feature","geometry":{"bbox":[-3.5052732035215364,50.72479228406733,-3.3143523846348466,50.82598165907951],"type":"Polygon","coordinates":[[[-3.329277369814119,50.77799133529515],[-3.3303613600718545,50.777700165860956],[-3.3306894511779745,50.777264708007074],[-3.331524972748595,50.77671552823605],[-3.332171657107495,50.776510273904194],[-3.3333403159327823,50.77570544137463],[-3.333985955099481,50.775464212549764],[-3.3343104150667617,50.77490286876108],[-3.335034461686538,50.774426891188085],[-3.337418540690737,50.773967860329336],[-3.3391723971319034,50.77428950910892],[-3.339547749121313,50.77451904428892],[-3.3402247828150236,50.77438534894887],[-3.340865662462082,50.774971591095735],[-3.3413498385559524,50.77503797599066],[-3.3428295013565417,50.77370781369995],[-3.34620216846386,50.773596978864724],[-3.3479560686966288,50.773918495208214],[-3.3492787013923544,50.77453278607389],[-3.3509845545843855,50.775646291797386],[-3.353238318468437,50.775098505886966],[-3.354071457535797,50.77447723818722],[-3.355117639035731,50.77435715778293],[-3.355731666679964,50.77400824629086],[-3.3571191829003286,50.77392015574767],[-3.3576915711625346,50.77409337532878],[-3.3579551135191044,50.77339776236381],[-3.35845124518599,50.77289730959619],[-3.35823138120157,50.77216235521287],[-3.3587980202490098,50.772137766351186],[-3.3602575082017125,50.771599095094025],[-3.3600779746972202,50.77127740173554],[-3.3603158833125097,50.77116669783137],[-3.3606966208901596,50.77109030341261],[-3.3609980260149217,50.77121270362299],[-3.36151793917577,50.771044741303015],[-3.3626812516079485,50.770077780219744],[-3.363980894884653,50.770386374404566],[-3.365273225890388,50.770443205071224],[-3.366227930110467,50.77010823698859],[-3.36752656857715,50.769895145816186],[-3.368606224845516,50.76946875182343],[-3.3698244930492307,50.76941847191185],[-3.3715153474112185,50.76903883463141],[-3.372992943913359,50.76815801377518],[-3.3750718505356785,50.768439319126635],[-3.377332900398253,50.76816080172243],[-3.3788573846363343,50.767432251978434],[-3.3794377645553277,50.7669127239167],[-3.379623023170098,50.76646082677105],[-3.3802924135358428,50.76607515293397],[-3.382595712903226,50.76531035042806],[-3.3833506526006234,50.76494163272808],[-3.3835385179626676,50.76457963929889],[-3.3837798171859377,50.764585764064265],[-3.3839757525504313,50.76497918639693],[-3.3847029009034455,50.76559114859692],[-3.3857183221085045,50.76539920464659],[-3.3866357373250926,50.76573007613766],[-3.386978469943196,50.766769318087434],[-3.387638069360719,50.76701330660914],[-3.3877862269661976,50.76722740240277],[-3.387804849950299,50.76785676899209],[-3.387505179873071,50.768274064167244],[-3.3881359156041353,50.76850040508638],[-3.388516781068322,50.7689096002734],[-3.389013005458944,50.76890369093515],[-3.389768580141423,50.76999197119328],[-3.3909943032672563,50.7701932164463],[-3.391491302019495,50.770690957865305],[-3.392577400851829,50.77096580536935],[-3.392557587602102,50.771253853662294],[-3.39411213399529,50.771541080521466],[-3.3943459423900615,50.77177213230707],[-3.395682483307625,50.77188206229357],[-3.397001101581113,50.77186627402743],[-3.3974762103751437,50.77162673465094],[-3.399470563208613,50.77144092490598],[-3.399970569857256,50.77156084133565],[-3.4000200846154764,50.771794094059715],[-3.400321594902402,50.77191639175592],[-3.4008745633105426,50.771909750688906],[-3.4012825207829875,50.77179692004456],[-3.401348040361438,50.771616250330105],[-3.401968672300906,50.77150086150657],[-3.4032429381172102,50.7718992654315],[-3.405145032185401,50.77194831588504],[-3.4075648686261983,50.77128954566771],[-3.4080345177077196,50.77087014634554],[-3.409348236873628,50.7706923831269],[-3.409733211928591,50.770759683096244],[-3.410083222891724,50.77107924018621],[-3.411142812343994,50.77094050574785],[-3.4121417921431147,50.771144272561116],[-3.413244453478901,50.77102298570489],[-3.413366638916273,50.77084162230967],[-3.413887982115246,50.77072737314762],[-3.415179286470508,50.770747686809884],[-3.4158113352134567,50.770542144211376],[-3.4166674572786175,50.77071163003824],[-3.4169635698039507,50.77065406773542],[-3.4172935209125015,50.77030828109548],[-3.417885738547294,50.77019315261],[-3.4190598267391885,50.769621235237956],[-3.419278237686374,50.76933975902086],[-3.419768175774001,50.76959462531855],[-3.4204765239181505,50.7695680111028],[-3.4208522302521027,50.769797281803804],[-3.421622743271651,50.76994978601144],[-3.424305083649333,50.7695393024338],[-3.4246115331828872,50.76935567637712],[-3.4255876457500833,50.7697394903394],[-3.42726391667259,50.769826916595065],[-3.428215537819094,50.77033692641667],[-3.4288132064814056,50.7704015584534],[-3.4290089594405204,50.77030921847079],[-3.4287885531651123,50.76959238743389],[-3.429816329251421,50.76887824723395],[-3.430258060773778,50.767550690533255],[-3.430726096944264,50.767086247601895],[-3.431884770407661,50.76694610826742],[-3.4322156832940585,50.76663624343734],[-3.4326382436048193,50.76654111144595],[-3.4336022695676016,50.76652926422823],[-3.43403362262642,50.76672183200608],[-3.434230964143103,50.76760982631047],[-3.434554137094594,50.76797461151072],[-3.4355988519831326,50.76781784882434],[-3.4357265874423346,50.76735757440973],[-3.4355182015153467,50.76703635022348],[-3.4355490417453765,50.76619051997026],[-3.4351790883171054,50.765223704678924],[-3.4354095013026593,50.764411394522355],[-3.4359666402678934,50.76408074555634],[-3.4362251134124326,50.764185492358955],[-3.43650395498142,50.76402915705102],[-3.4365746928899603,50.763560589302216],[-3.436925235273581,50.76343035211361],[-3.4377763396179053,50.76343784982353],[-3.4384849724355777,50.762961414095834],[-3.4385345066197903,50.76272695480383],[-3.440072852232875,50.76202441091074],[-3.439577091369511,50.76158082390717],[-3.439068101239503,50.76070567807161],[-3.4363310727247964,50.76023574998006],[-3.4368132829482962,50.75931240442519],[-3.438330044021095,50.757908603503516],[-3.438935674588297,50.75777521321964],[-3.43980602207776,50.75702694777511],[-3.440401879402889,50.75703757723861],[-3.441526954386426,50.75673586059553],[-3.4417693745819267,50.75631913142006],[-3.441678976306088,50.75522295963307],[-3.441870772789889,50.75500472790044],[-3.442897886611266,50.75520788295759],[-3.443746075373918,50.755125430778484],[-3.444585956924133,50.75477324994345],[-3.4459660664821463,50.75446833017238],[-3.446517192913091,50.75394882619173],[-3.4468845810659294,50.75390829129435],[-3.448012081806159,50.75277002214533],[-3.447922704861736,50.75079241093846],[-3.44802248733395,50.75035045658505],[-3.4485143589869875,50.74975073066242],[-3.4485018714303535,50.74934614722325],[-3.4480650730540634,50.74897381666175],[-3.446607944413444,50.74861414779583],[-3.4457699414944907,50.74810287855353],[-3.443822188583615,50.74746144340015],[-3.4431927243113942,50.74635395667667],[-3.441188579682265,50.744795768279666],[-3.4398013554387044,50.74208766644629],[-3.438656462047615,50.74080663488611],[-3.4385543273351575,50.73932385268007],[-3.4380460472670036,50.738385732143286],[-3.437491280355975,50.73832061977623],[-3.436544861531256,50.73850317438468],[-3.4363605328232096,50.738964149416866],[-3.4366474807640306,50.74000394070235],[-3.438520871567866,50.7419325821854],[-3.4387943835530375,50.742531818280746],[-3.4386912224584125,50.74286587638662],[-3.4379326699468136,50.7430910944615],[-3.437128991797288,50.74369461977216],[-3.4362062060430096,50.74395908931348],[-3.4315092189953265,50.746258134269375],[-3.430100757415295,50.74679059371326],[-3.4293038597605863,50.74685085029397],[-3.427345486167463,50.74662920290718],[-3.4246242912303773,50.74612275930063],[-3.421675803544729,50.74511824265434],[-3.418453999156306,50.744405701817676],[-3.4155799536779217,50.74399603316569],[-3.4113563490960606,50.743743523108286],[-3.4053836711565277,50.74251553950619],[-3.405366206552754,50.74193217873604],[-3.4052398572130853,50.74197407642171],[-3.404913733326338,50.741496923742915],[-3.4037972225944384,50.74113261676332],[-3.403189209805317,50.74070821557383],[-3.4023641709124846,50.7406102118106],[-3.4014161196477417,50.74018989081794],[-3.400251035705612,50.74009595885918],[-3.399702960710853,50.73977874974926],[-3.398603404920409,50.73998082216564],[-3.398370272831789,50.73976775849157],[-3.398331223003826,50.739408460184414],[-3.3979205733364264,50.738945687818116],[-3.397874299908246,50.73834363341457],[-3.399134464888179,50.737824844529314],[-3.3994875670592597,50.737307938992174],[-3.399382459620601,50.73663463777608],[-3.398855563720448,50.736551018932566],[-3.3965258631122315,50.73684877237965],[-3.3962622811359378,50.73656411585219],[-3.394916596052549,50.736112526868666],[-3.3944242068209767,50.735758650133455],[-3.394068470135792,50.73427886622351],[-3.3932315577267023,50.73377620253861],[-3.392753140027659,50.73293646654706],[-3.3920592664335665,50.7324770565208],[-3.39165682370167,50.73133060693576],[-3.3905748464041228,50.731163633642716],[-3.389725256078731,50.730229375803354],[-3.389344040819193,50.72883982235327],[-3.3889952881313326,50.728547170146776],[-3.3889817272262506,50.7280886287584],[-3.3892808687415505,50.72766233811998],[-3.3897708351669897,50.727458620174055],[-3.389762853977009,50.727188889988255],[-3.3901878111017547,50.72718382340626],[-3.3903310888672067,50.72675939472236],[-3.3910548927901365,50.72631904000742],[-3.391991379215327,50.726361827256504],[-3.3925087818514017,50.72660748541495],[-3.3931058471113613,50.72667230577103],[-3.39332662039604,50.72647179544585],[-3.3942053840127713,50.7264792780492],[-3.3953180082509635,50.726250106544356],[-3.397876789970923,50.72652525596936],[-3.39919919203616,50.726203589965984],[-3.4027724981058745,50.72628656769421],[-3.404267524259816,50.72605270869131],[-3.406040277497445,50.72610329537547],[-3.4077251978629057,50.72653267181353],[-3.4078654670919653,50.72743039716776],[-3.407463257646104,50.72866745760355],[-3.4080812728126983,50.7289568032192],[-3.408433651579623,50.72936627942831],[-3.4090329303035296,50.72950294516275],[-3.4093232615933,50.72973328480098],[-3.4110590628356854,50.729964126177705],[-3.4138203373101015,50.72989469629706],[-3.4149601109232854,50.730096729373216],[-3.4178490704545244,50.72992671816173],[-3.4208798395292668,50.72997076777178],[-3.4212672161931192,50.73012794152378],[-3.4215930189785864,50.73059166752706],[-3.422118252612418,50.730621238651565],[-3.422279525352208,50.73079915526906],[-3.424918788071767,50.73091083499072],[-3.426003605234614,50.73116739719604],[-3.4266248070521965,50.73202324053525],[-3.4280437429963597,50.73301321920808],[-3.4283772906247343,50.73372866905859],[-3.429319973611736,50.733968953493594],[-3.432139212476377,50.73393435666743],[-3.4341158913932746,50.73322649941279],[-3.4368293099494247,50.73297722964315],[-3.4372100173412425,50.73245087318529],[-3.4369423642366512,50.7320404388513],[-3.4363941400551337,50.73172340307839],[-3.435830529167893,50.73090287863153],[-3.436190609994562,50.729702213645105],[-3.4371845740960003,50.72894492756633],[-3.437570478711785,50.72894767534894],[-3.4380357305388456,50.72979639387499],[-3.439161596542334,50.73046606122312],[-3.439340956646526,50.73076965016792],[-3.4409374808171784,50.731073720375974],[-3.441571276686034,50.731407665270346],[-3.4422817952977227,50.73147083127413],[-3.4429357280041373,50.731075988467694],[-3.4436220568200584,50.731274358877535],[-3.4492232367606,50.73092604656699],[-3.4494932232881736,50.73094967280039],[-3.4497020941608376,50.73128885601981],[-3.4501243010420772,50.731193663043165],[-3.4501862405413632,50.731363782749355],[-3.4513942566728835,50.73193337434295],[-3.451722035796216,50.7324509579536],[-3.45212147647476,50.73253592563125],[-3.4530286866103124,50.73254261089148],[-3.4539425778397304,50.73276506703456],[-3.456250604561498,50.732700283925595],[-3.4571781221743016,50.732904556120275],[-3.458165871631978,50.732766287199915],[-3.459358092486746,50.73282332351305],[-3.4599189719131336,50.73308612809041],[-3.460172664192006,50.733496685290504],[-3.4600686398754927,50.73562062432838],[-3.460474833891621,50.73592134021057],[-3.4613678380615527,50.73546943352768],[-3.4618181763018385,50.73445643502779],[-3.4619559888066247,50.733420371262135],[-3.4629025165272282,50.732868844712876],[-3.4675217491084016,50.73238806284444],[-3.46877063505409,50.73244428959686],[-3.4688514146755005,50.732308358413725],[-3.469654953954609,50.73217231263015],[-3.47126861498442,50.733015406240426],[-3.472410391375103,50.73327081883833],[-3.4738009712834517,50.73332520220502],[-3.4753214419784686,50.73210074384247],[-3.4762779591873523,50.731872773956354],[-3.476862756815631,50.731541574754395],[-3.4775721888195963,50.73156856262656],[-3.4782827685300166,50.731181796567945],[-3.478304055715462,50.730956664324175],[-3.478587372229354,50.73095307146986],[-3.480138499556103,50.73115825112801],[-3.480413325268097,50.73178435858416],[-3.4802297371134134,50.732254390222444],[-3.48029464013414,50.73431324697055],[-3.4807955924034664,50.73491849348853],[-3.480748847913151,50.73523388549059],[-3.481692955130249,50.73550970635913],[-3.482616743182133,50.7369370403165],[-3.483927550197251,50.73715421401335],[-3.483991609330557,50.73738724880873],[-3.4833761826577785,50.73764691919045],[-3.4835951824386826,50.73784936219312],[-3.483423835030934,50.73825792088183],[-3.485351358727998,50.73915079218863],[-3.486538207025823,50.73992715849736],[-3.489387302842005,50.74037648637582],[-3.490656406491511,50.741061817855346],[-3.4912709170698255,50.741665567634584],[-3.4922152144497036,50.741941301357684],[-3.4927384514466553,50.74234833838288],[-3.4935115958233722,50.74259027586617],[-3.4937483169960135,50.7429020415936],[-3.494728722170886,50.74342013684651],[-3.4959876704004835,50.74378174829348],[-3.4975778763241583,50.744750700003365],[-3.4979062543734183,50.74526814747204],[-3.4991779115750896,50.74602530779892],[-3.499533891956429,50.74740584234795],[-3.5002301768272157,50.747900562589926],[-3.500684792216034,50.74793068920277],[-3.5011463097706934,50.74817658681816],[-3.5052911199646744,50.7483390119529],[-3.505215361688166,50.751281105036156],[-3.5054909326722137,50.75191613785978],[-3.5061555404225517,50.75230330110313],[-3.50565053185888,50.7529124305595],[-3.5042636345877765,50.7529932969813],[-3.5028990608011203,50.7528849740418],[-3.502263610433259,50.75296511660044],[-3.501705349518894,50.753242134604754],[-3.501646349447004,50.754942803262345],[-3.5019342701324048,50.75596443660938],[-3.5025199132623763,50.7565415162366],[-3.503465152248364,50.75683513602883],[-3.5040452980875387,50.757682105623324],[-3.502784574511669,50.758606776766946],[-3.501190965083205,50.7588791419873],[-3.4991935636919496,50.75894081630509],[-3.4980797286277023,50.759584726539636],[-3.496254021144453,50.76102925323179],[-3.494908139072145,50.761514214034314],[-3.4938531750580717,50.76222928204457],[-3.4929522592250595,50.762438692528306],[-3.492455108961303,50.76285878998519],[-3.4907925898174077,50.762754137323114],[-3.487947419289371,50.76336610544434],[-3.487450134600832,50.763336472914624],[-3.4870606300133136,50.7635752898979],[-3.485751125059034,50.76387080198451],[-3.484611196386038,50.7645958619715],[-3.4834425544023127,50.76486257186255],[-3.4819081337148425,50.7647741510682],[-3.4816047812419724,50.76504783152149],[-3.478124823494653,50.76532584279228],[-3.4775866381495253,50.766249222559956],[-3.477501292186388,50.767141576761276],[-3.4777697881220297,50.76756090144072],[-3.478317294685123,50.76783278182941],[-3.4787434538511732,50.76785436122045],[-3.4788044140380996,50.76798850101223],[-3.4783081974253984,50.76934392049806],[-3.4785993834024262,50.77138190867155],[-3.4787564735649816,50.77186560267096],[-3.479607484573424,50.77231350547212],[-3.4785789571361283,50.772533422938544],[-3.4776414585952846,50.77339075836988],[-3.47767713443434,50.77542299047179],[-3.4766612813519293,50.77649717026159],[-3.4763628714919332,50.77783208586537],[-3.475543197774274,50.77883181816373],[-3.4747201348739694,50.77927394884545],[-3.4740513924063383,50.77921044985452],[-3.4734456416442163,50.77889431451714],[-3.4732794331835493,50.77902233264294],[-3.471633379807702,50.77900713844566],[-3.4711869432134166,50.77924661928874],[-3.469692833483667,50.77955327074061],[-3.4686398966550565,50.78035802124854],[-3.4672704378660884,50.7810228380161],[-3.466704653120824,50.78198333556095],[-3.466061591814886,50.78228822812438],[-3.4660714335752467,50.782602899889916],[-3.4665830927914443,50.78263244356358],[-3.4670759568188174,50.78296802275749],[-3.4702827698266843,50.782531896739265],[-3.471810911989978,50.782854400055655],[-3.472990184556452,50.7833611733208],[-3.473120308871003,50.78389018527602],[-3.47261964851291,50.78421130356777],[-3.4723347574153207,50.78507833962624],[-3.4713889945564436,50.78568388947122],[-3.469504655970613,50.788936547482756],[-3.4694303736895997,50.790187670081174],[-3.4699329269980033,50.79082891615992],[-3.4698290432281826,50.79113602635758],[-3.4678039969825787,50.791719165363006],[-3.4660522222214305,50.792874459450985],[-3.464692185043221,50.792945511255304],[-3.464644572665128,50.7927842146242],[-3.4642298480704126,50.79268149205313],[-3.4636675204064784,50.7928504445714],[-3.4633400051512444,50.79326828448867],[-3.4627646050672722,50.79347337315296],[-3.461843713843749,50.793520895126136],[-3.4604069479193273,50.79386268254247],[-3.458734242838317,50.79391959088675],[-3.4568569366055075,50.79469856151784],[-3.4553510681988544,50.794645407642065],[-3.4542879672417333,50.79422694939144],[-3.452554039922558,50.794140626257594],[-3.4518887109666307,50.793735180144566],[-3.4507294407380966,50.793875522614904],[-3.448364166271763,50.79356314090725],[-3.447458295002138,50.79317864464495],[-3.446821643570309,50.79324050845293],[-3.446431683804098,50.793479192290604],[-3.446227480027307,50.794219242646456],[-3.444451791753052,50.79461899948058],[-3.4440067295321293,50.79491232215839],[-3.443177083881727,50.79654153178249],[-3.441584393125891,50.79643530946525],[-3.4412059958858587,50.797051586344836],[-3.4403050892639286,50.79682886742439],[-3.4383026579336047,50.796781623813345],[-3.4362163623367907,50.79723904875487],[-3.4354032081896357,50.79756385225972],[-3.433513607072792,50.79610306159778],[-3.432097566424768,50.79527500983404],[-3.4316051696300747,50.794021878819706],[-3.43116698211787,50.79361352708245],[-3.430054510762558,50.793429301498335],[-3.428697544224108,50.79267243725956],[-3.426181691742631,50.791934604607015],[-3.424003352083818,50.790427349969505],[-3.4232139261914436,50.78966349178421],[-3.4224147150818975,50.78951134723412],[-3.421965196162774,50.789660734230765],[-3.4199805364657956,50.78972088989751],[-3.4196521057613665,50.790120628727934],[-3.419653719057209,50.79064226737853],[-3.420234667709125,50.792487980890705],[-3.4209728069513616,50.79343236581811],[-3.42282234689683,50.79452508780614],[-3.4236718706684517,50.79539614407748],[-3.423004612908166,50.7958539916855],[-3.421617679146989,50.79597883316413],[-3.4189670784739183,50.796550754592644],[-3.4176902579364903,50.79750166744371],[-3.4175423290447555,50.798240981167574],[-3.4168498603041435,50.798807028448415],[-3.413395729818653,50.80003615414045],[-3.4124194386834015,50.800605613397586],[-3.411840101761317,50.80116126630157],[-3.4111573358186065,50.802995327508604],[-3.4098236993133177,50.80395583238606],[-3.4097664418038085,50.80488291466236],[-3.4082415095890357,50.8056208606413],[-3.4077037160556056,50.80567231508042],[-3.4077118228556356,50.80594203954773],[-3.4072861548670885,50.805947175684366],[-3.407125723717137,50.805805213031384],[-3.4054533219405316,50.80588833353173],[-3.403369522798474,50.80645306597727],[-3.4022243195039903,50.807078434666906],[-3.4008985918804586,50.80736418541869],[-3.39678687696736,50.80752142065738],[-3.3945015656005944,50.807998465887934],[-3.3936094813225464,50.80854877055258],[-3.39331816996643,50.80925378716451],[-3.391677411829401,50.81040662445517],[-3.3913831335518974,50.81149089573395],[-3.3908531507137445,50.81228721852607],[-3.3897124398266816,50.8130743018991],[-3.388630382378241,50.81344694936809],[-3.387327977018652,50.813570373993535],[-3.385989909754007,50.81392805300151],[-3.3847770693825328,50.81396044443205],[-3.383018193713966,50.814251131272975],[-3.3825289210098854,50.81450876402216],[-3.380342992244741,50.81500233957542],[-3.3793134551237847,50.815716052106005],[-3.378387366379839,50.81608675961484],[-3.3770875029628633,50.81629997977532],[-3.3759546529892206,50.81736564907893],[-3.3751412540926853,50.81770801919853],[-3.374979919742349,50.8180157179789],[-3.373752587754588,50.81876768767196],[-3.3733131808904226,50.81927652683879],[-3.3723496258545103,50.81934182975521],[-3.371902293795377,50.81958093583683],[-3.370460895619631,50.81981373388344],[-3.369916300129622,50.820125927022765],[-3.3694195290880824,50.82013175931723],[-3.3674723647159017,50.82152169105624],[-3.3650677909560693,50.82183766005067],[-3.3643401847278303,50.822205932161175],[-3.364152471917279,50.8225858760313],[-3.3637886608238365,50.8227700098413],[-3.363565640948963,50.82388787483199],[-3.3626140160720697,50.82436668211656],[-3.3613706276295616,50.82457906602474],[-3.3597102602735722,50.82510209351577],[-3.359053634036289,50.82498382822097],[-3.3575204607717897,50.825487354584],[-3.3561388409353956,50.825341530477466],[-3.355291435523485,50.82500960527825],[-3.3545512125356183,50.82494624982327],[-3.352947175779719,50.82496486225761],[-3.3508409385293825,50.82529506464237],[-3.3489947349992044,50.82479477412235],[-3.348114338142744,50.82430128637518],[-3.3466728971366075,50.82404811355077],[-3.345952582686971,50.82418234188416],[-3.3447483344617144,50.82378250461869],[-3.343907748437577,50.82368426250851],[-3.3428281861116385,50.82317504112275],[-3.3413615101133294,50.8230300213242],[-3.3387117641324435,50.8232223484974],[-3.3364743350061414,50.8239315446261],[-3.3345205774940725,50.82413378934151],[-3.3319015540408987,50.82391188632649],[-3.3315283961934004,50.82377224190769],[-3.328953622360512,50.82410739522398],[-3.3264390842372737,50.82406405920011],[-3.325338438786512,50.8238067480399],[-3.322721184279223,50.82213657977808],[-3.32327846535621,50.82125785034101],[-3.3251655891500533,50.819707451477036],[-3.3190355247934935,50.815801576052195],[-3.318537590084189,50.81324391578006],[-3.318744929036764,50.81153271207341],[-3.3193688430988035,50.81050034107069],[-3.318987219380768,50.81005495639034],[-3.3184857801344574,50.80837874601609],[-3.3179313715158174,50.80784537053909],[-3.3176122076417385,50.80558248596727],[-3.318886763670943,50.80346348377421],[-3.3185201668329176,50.802541244627854],[-3.318830565702096,50.801467447825566],[-3.3183649066129566,50.8010589868938],[-3.3170231470905214,50.80078633531733],[-3.3162869320788793,50.800344944491336],[-3.3160619912445997,50.799915769786665],[-3.3159770414863474,50.7979020672262],[-3.3164015489208323,50.79583764630843],[-3.3162458767256426,50.79433740106346],[-3.3153745270317705,50.7936277085078],[-3.3141490048401856,50.79344365377357],[-3.313686996208818,50.79316104930251],[-3.3133991457330962,50.7920040615872],[-3.3139017679384866,50.78968693553314],[-3.314220952941775,50.78943150670743],[-3.3146181184112145,50.78942703097665],[-3.3159777621394486,50.789843412184084],[-3.316182494313573,50.78904962727424],[-3.3177195148253826,50.78820482170831],[-3.321854163593443,50.78790620376057],[-3.3229174823725787,50.788379826349335],[-3.324303968161445,50.788238175812836],[-3.324565379957189,50.788451064393335],[-3.325872862734952,50.788526149326],[-3.326992319053925,50.787973776034704],[-3.3281166764784205,50.786593883948676],[-3.3287834667748433,50.786091616846086],[-3.328885972362738,50.785703704984485],[-3.327794209096106,50.78472679379484],[-3.3268393677601567,50.78457576722169],[-3.3260754620909596,50.78415274074079],[-3.3256912545108803,50.784112138154846],[-3.3256859144675457,50.78392332386241],[-3.326842282397516,50.783676329287836],[-3.3271704471598857,50.783240881205266],[-3.3277032714276653,50.78301895975456],[-3.3283549837784383,50.781986217229004],[-3.3290511597114274,50.7805212494983],[-3.329277369814119,50.77799133529515]]]},"properties":{"WB_CAT":"River","RBD_ID":"8","MNCAT_NAME":"Devon East","RBD_NAME":"South West","OPCAT_ID":"3085","hydromorph":"not designated artificial or heavily modified","MANCAT_ID":"3033","url":"/catchment-planning/WaterBody/GB108045008860","OPCAT_NAME":"Clyst and Culm","WB_ID":"GB108045008860","version":"2","WB_NAME":"Upper Clyst"}},{"type":"Feature","geometry":{"bbox":[-3.4419490038226224,50.65597707351929,-3.368485377862527,50.68507794388011],"type":"Polygon","coordinates":[[[-3.441130753860485,50.667293041936524],[-3.4408809883377924,50.6673714649708],[-3.4412005801127363,50.66737934938494],[-3.442320824043863,50.66811479418859],[-3.44201785082642,50.66838837279881],[-3.4421983618463443,50.668736916782755],[-3.442108048447295,50.66948456156265],[-3.441586965000226,50.6700306668915],[-3.4413809780112317,50.67069879308222],[-3.4407675526185333,50.67100319059708],[-3.440298608262188,50.671866580191676],[-3.4380126719227486,50.672557253614634],[-3.4354609057661403,50.6742796401723],[-3.434539129455995,50.674686739258064],[-3.4347179029497794,50.6759077616295],[-3.4355283797785146,50.676491404854865],[-3.4358406442210465,50.67698223744793],[-3.435385365684017,50.67922742891295],[-3.433976341774451,50.67944264877537],[-3.4315055318668777,50.68012061235523],[-3.431212683505836,50.681662230422994],[-3.4313719776113865,50.68224490202138],[-3.4318907343262963,50.68254433498475],[-3.4320398008609607,50.68372075336548],[-3.431938354266104,50.68410875357418],[-3.4316757907459805,50.68431884122183],[-3.4313927492499285,50.684322317809766],[-3.4300452638044643,50.68423992880526],[-3.428968564049842,50.68374945597931],[-3.427093449403653,50.68400628264973],[-3.4248879132505907,50.684105222412754],[-3.4241699667415575,50.68377221561474],[-3.423696423706834,50.6830944369249],[-3.4230057164932606,50.68272511316852],[-3.420945035733803,50.68246243910313],[-3.4202178762344264,50.68229141720077],[-3.4196698073957723,50.681956312559755],[-3.418175774609413,50.681704674310325],[-3.416914135749049,50.68164806563962],[-3.4151234026926174,50.681885685385076],[-3.4124451126934976,50.6813245539484],[-3.4112673185196134,50.681230890976266],[-3.40964329680062,50.68089077495101],[-3.408312858752138,50.6799534678941],[-3.4079204002464896,50.680084129351755],[-3.407005597319501,50.67978937232102],[-3.4059937208556623,50.680035434848826],[-3.406066359878658,50.68151861105899],[-3.4054635756217655,50.68219145678123],[-3.405096708300231,50.682231857409086],[-3.404376123627901,50.68275321518428],[-3.4037013993150054,50.68291424594614],[-3.4030784508455105,50.682912752926505],[-3.4023884418203316,50.682561287689815],[-3.4013428208492438,50.68262783039342],[-3.400087420342555,50.684207917922976],[-3.3995581955099268,50.68450209024872],[-3.3981920888507022,50.6842666481842],[-3.3976441515647213,50.68393143899584],[-3.3959320168566465,50.68348425769794],[-3.395084780750381,50.68308066701571],[-3.3914058077248046,50.68314263543247],[-3.3859240658445167,50.682560365575036],[-3.3843836330716806,50.68265062752298],[-3.3838249641131655,50.68290910093644],[-3.3826692613202276,50.68308471377795],[-3.3819416983803032,50.68289546983458],[-3.381200414250941,50.68223868366223],[-3.380563009278007,50.68198540299221],[-3.376696465987451,50.68216605400634],[-3.3761282914609225,50.68210081027675],[-3.3749216759126464,50.681503443364],[-3.3742109456162543,50.68140389506577],[-3.373779047806396,50.68115714831748],[-3.373184160951585,50.68114617054823],[-3.3735356175906404,50.68106107463092],[-3.369431692743374,50.681109368718374],[-3.369639254482735,50.67997366282744],[-3.369356794697578,50.67902359332934],[-3.3689173577813003,50.67851608446166],[-3.3682868822974186,50.67825366130266],[-3.3690950607247063,50.677812446767675],[-3.3691731611345848,50.67757767914505],[-3.3698759703205194,50.677407524009254],[-3.371514263426574,50.67630894607275],[-3.371385864580933,50.67578879119719],[-3.3706914798840923,50.67527529434636],[-3.3702478989031546,50.673652553145935],[-3.370496881989551,50.67053761692941],[-3.369687605557909,50.668991126650475],[-3.369754212218541,50.66738936740756],[-3.370143009885421,50.66713295777313],[-3.370282676208197,50.666096976594126],[-3.370635050706724,50.66556217163614],[-3.370421289798564,50.66502503041186],[-3.3710710003450317,50.66449486044362],[-3.372056000022497,50.66381855287978],[-3.37326575937101,50.66357045200087],[-3.3737210173240006,50.662683648660376],[-3.3745786371057482,50.66200796008395],[-3.376770116107767,50.661460421586824],[-3.3768017189218877,50.660605593031306],[-3.37725588807384,50.66016850128962],[-3.3764592416594237,50.65953932128246],[-3.3761301824817758,50.65893159760174],[-3.375611776178983,50.658622919222765],[-3.375578455807676,50.657966731000265],[-3.376091816567871,50.657618887483],[-3.3762788001185275,50.65723891985337],[-3.377328573887158,50.656848756913384],[-3.378223339229672,50.6569640971684],[-3.3789808049547765,50.65673927311294],[-3.379584904615158,50.65679507703654],[-3.3816708205052004,50.6567973506595],[-3.382907281994828,50.6574662479495],[-3.3840163510880963,50.65765095448248],[-3.3849678614441485,50.65825125992097],[-3.385992089356563,50.658436956067575],[-3.3868854740287953,50.658983971616735],[-3.3876437889970816,50.6597484514786],[-3.388187129421183,50.65993985400216],[-3.3886731844217164,50.66106734122855],[-3.3893915959398235,50.661436537189374],[-3.4008170978368955,50.661641531363955],[-3.401790991514925,50.661557865626385],[-3.4025393080293265,50.66102719281564],[-3.4030754876695446,50.66097576666192],[-3.4039612093205673,50.660308515743225],[-3.4048958539056247,50.66033322822442],[-3.406001496404061,50.65992414427562],[-3.407571579233924,50.65990518924633],[-3.410307044743195,50.661473098127125],[-3.4110636219400035,50.66216549360015],[-3.413198725146871,50.663524740318124],[-3.413666515115081,50.664022746473506],[-3.41510544803729,50.6648147673772],[-3.4167349038808967,50.66535261438889],[-3.418056963130213,50.66602009982697],[-3.418944949789818,50.66590135918357],[-3.41981711378778,50.66619654187305],[-3.4203552308251433,50.666207972815435],[-3.420788858876016,50.666508492565086],[-3.4219124298287404,50.666692662657546],[-3.4228178269454954,50.666681611571924],[-3.4248457147650497,50.666351028103215],[-3.4258963842891017,50.666464096824704],[-3.428555969181279,50.6664315234502],[-3.4290423692629357,50.666137742186194],[-3.4301180586032327,50.66614253446372],[-3.4305864737690364,50.6657230472264],[-3.431512485763758,50.665459835018154],[-3.431923825469151,50.66549075841991],[-3.4328846009806013,50.66497526763366],[-3.4337747190846004,50.66492834191177],[-3.4344161303890366,50.66461464199137],[-3.436060255522212,50.664234619961924],[-3.4368485798665076,50.66438679981777],[-3.4381884744743587,50.66534165578082],[-3.4398780920365946,50.665986369319484],[-3.441130753860485,50.667293041936524]]]},"properties":{"WB_CAT":"River","RBD_ID":"8","MNCAT_NAME":"Devon East","RBD_NAME":"South West","OPCAT_ID":"3085","hydromorph":"not designated artificial or heavily modified","MANCAT_ID":"3033","url":"/catchment-planning/WaterBody/GB108045008980","OPCAT_NAME":"Clyst and Culm","WB_ID":"GB108045008980","version":"2","WB_NAME":"Polly Brook"}},{"type":"Feature","geometry":{"bbox":[-3.4192997428793155,50.80565772377171,-3.2796070342733032,50.858773025316275],"type":"Polygon","coordinates":[[[-3.3206183994648177,50.858316123764276],[-3.3201736853112602,50.85816826590816],[-3.3193355729481895,50.858177744335606],[-3.3186514394331796,50.857600871243825],[-3.3185005131480922,50.85728778890311],[-3.3186953258845198,50.85714168468291],[-3.318673009094439,50.8563504705803],[-3.3183914627129685,50.855436270269145],[-3.3182428269264705,50.85520410707347],[-3.3178146674870934,50.85513699151522],[-3.311348551076142,50.85560556634802],[-3.3100965335898382,50.85554767761752],[-3.3092894965115964,50.85514301438045],[-3.306868578569099,50.85545795717931],[-3.303144820018437,50.85440234115296],[-3.301854236097913,50.854488697610094],[-3.300621266582718,50.85511403312849],[-3.3001403145641452,50.855191343975626],[-3.2965156697073295,50.85514173192859],[-3.2941674449309044,50.85500590720669],[-3.292566600213734,50.85466389311298],[-3.2912618847434896,50.85372498205913],[-3.2889611093181053,50.85387633315876],[-3.284836478223838,50.85343614799652],[-3.2839938109839646,50.85396707002955],[-3.283842616789453,50.854670258784736],[-3.282921406567166,50.85527398820911],[-3.2829964827812312,50.85593871223257],[-3.2824810486515434,50.85631312106337],[-3.2816238226632155,50.85614266055235],[-3.2816065701694357,50.85551327634687],[-3.281735612425494,50.85555683582033],[-3.281980942932174,50.8551763967108],[-3.2808752838521515,50.85423518335658],[-3.2803820905572048,50.85282855152794],[-3.279426182173477,50.85216449252975],[-3.279412897751107,50.85167896682775],[-3.2798808066439773,50.85112520693533],[-3.279674823903183,50.85086664242763],[-3.2799216238930504,50.85054015471043],[-3.2807839990611978,50.8498651427401],[-3.2836747660597374,50.84855624147044],[-3.290957451147174,50.84372710367736],[-3.2921354378602565,50.843174428854354],[-3.2930956301811127,50.8429659253933],[-3.2939321665859858,50.84245299140364],[-3.2994171973966124,50.84246398946],[-3.300816360560962,50.84271821798903],[-3.302230056878654,50.84349391628527],[-3.3040014996461293,50.84385187874854],[-3.304493361995836,50.84417016292299],[-3.3061892596403557,50.84392634254699],[-3.3091841673241413,50.84383881498937],[-3.310103147874863,50.843612645816066],[-3.310123239157548,50.84331561993832],[-3.3106522896406476,50.84293193273313],[-3.3109405147994373,50.84206527565368],[-3.3133710007341226,50.840598911126925],[-3.315211437601051,50.84038031363052],[-3.3156303548503687,50.84012376013468],[-3.3181807496959252,50.8398971084314],[-3.318593563916965,50.83942475809596],[-3.3190981581379186,50.83918521166974],[-3.3220922238590056,50.83907937300396],[-3.323017224188095,50.83914083997868],[-3.323220086135763,50.8392824430162],[-3.3234452438792177,50.83920793767516],[-3.3226266846559116,50.8383897745694],[-3.3221975956968954,50.8372793860132],[-3.322164055717229,50.83609256242336],[-3.3226320653234063,50.83556560793273],[-3.3221064406019685,50.835058908889074],[-3.321967197120784,50.8341520956491],[-3.322840027063091,50.832874052937505],[-3.3227091636332173,50.83226394636705],[-3.3217639575462945,50.830979525798625],[-3.3208753665748523,50.83069278786288],[-3.319547950523827,50.829952314317055],[-3.318977304989987,50.8288525078376],[-3.31986709576039,50.82616223961546],[-3.3208022010066856,50.825081373233104],[-3.3216307689181304,50.823246211104795],[-3.322721184279223,50.82213657977808],[-3.325338438786512,50.8238067480399],[-3.3264390842372737,50.82406405920011],[-3.328953622360512,50.82410739522398],[-3.3315283961934004,50.82377224190769],[-3.3319015540408987,50.82391188632649],[-3.3345205774940725,50.82413378934151],[-3.3364743350061414,50.8239315446261],[-3.3387117641324435,50.8232223484974],[-3.3413615101133294,50.8230300213242],[-3.3428281861116385,50.82317504112275],[-3.343907748437577,50.82368426250851],[-3.3447483344617144,50.82378250461869],[-3.345952582686971,50.82418234188416],[-3.3466728971366075,50.82404811355077],[-3.348114338142744,50.82430128637518],[-3.3489947349992044,50.82479477412235],[-3.3508409385293825,50.82529506464237],[-3.352947175779719,50.82496486225761],[-3.3545512125356183,50.82494624982327],[-3.355291435523485,50.82500960527825],[-3.3561388409353956,50.825341530477466],[-3.3575204607717897,50.825487354584],[-3.359053634036289,50.82498382822097],[-3.3597102602735722,50.82510209351577],[-3.3613706276295616,50.82457906602474],[-3.3626140160720697,50.82436668211656],[-3.363565640948963,50.82388787483199],[-3.3637886608238365,50.8227700098413],[-3.364152471917279,50.8225858760313],[-3.3643401847278303,50.822205932161175],[-3.3650677909560693,50.82183766005067],[-3.3674723647159017,50.82152169105624],[-3.3694195290880824,50.82013175931723],[-3.369916300129622,50.820125927022765],[-3.370460895619631,50.81981373388344],[-3.371902293795377,50.81958093583683],[-3.3723496258545103,50.81934182975521],[-3.3733131808904226,50.81927652683879],[-3.373752587754588,50.81876768767196],[-3.374979919742349,50.8180157179789],[-3.3751412540926853,50.81770801919853],[-3.3759546529892206,50.81736564907893],[-3.3770875029628633,50.81629997977532],[-3.378387366379839,50.81608675961484],[-3.3793134551237847,50.815716052106005],[-3.380342992244741,50.81500233957542],[-3.3825289210098854,50.81450876402216],[-3.383018193713966,50.814251131272975],[-3.3847770693825328,50.81396044443205],[-3.385989909754007,50.81392805300151],[-3.387327977018652,50.813570373993535],[-3.388630382378241,50.81344694936809],[-3.3897124398266816,50.8130743018991],[-3.3908531507137445,50.81228721852607],[-3.3913831335518974,50.81149089573395],[-3.391677411829401,50.81040662445517],[-3.39331816996643,50.80925378716451],[-3.3936094813225464,50.80854877055258],[-3.3945015656005944,50.807998465887934],[-3.39678687696736,50.80752142065738],[-3.4008985918804586,50.80736418541869],[-3.4022243195039903,50.807078434666906],[-3.403369522798474,50.80645306597727],[-3.4054533219405316,50.80588833353173],[-3.407125723717137,50.805805213031384],[-3.4072861548670885,50.805947175684366],[-3.4077118228556356,50.80594203954773],[-3.4077199297801353,50.80621176400151],[-3.4081419223514784,50.806557446823724],[-3.408628423462224,50.8076308620564],[-3.409034924621523,50.80793175114484],[-3.409427121993131,50.80870050350009],[-3.4093549708865405,50.80913309075499],[-3.4080213950593947,50.81010256654853],[-3.4081419457148665,50.81033495725235],[-3.4092988121396317,50.81104051241847],[-3.409985910054412,50.81123007908387],[-3.4126501243970884,50.81296068446278],[-3.4132264487388686,50.81324151421842],[-3.4144528586159253,50.81342451993929],[-3.41517328561793,50.813775545350694],[-3.4173509611677364,50.815368040071306],[-3.417677879761544,50.81584974742828],[-3.418267401847399,50.815626724093384],[-3.419088269359586,50.81554478889107],[-3.4196139704283035,50.81602407261374],[-3.418920723352911,50.816572150926596],[-3.4167187274040587,50.81699465214966],[-3.415886770909059,50.81765232535433],[-3.415463601931184,50.818682783938996],[-3.414600495399927,50.81925088491654],[-3.4122766516921015,50.819404957044355],[-3.4114943143926473,50.819828152009315],[-3.4102392520213054,50.82011315211951],[-3.4082838335011085,50.82024470210905],[-3.407182024577263,50.82090556936347],[-3.406028660248841,50.822214619108195],[-3.4051856644943865,50.822512585480695],[-3.4021567705683076,50.8228368379886],[-3.401040081171498,50.82347983709971],[-3.4006274353789396,50.82392550009482],[-3.400259187227645,50.823956902670275],[-3.399755828024111,50.82516814487707],[-3.3987863743850943,50.8259892360043],[-3.3979978961279103,50.82621454381586],[-3.3971596077569735,50.82667428776835],[-3.39722122031287,50.826835442589385],[-3.3964605743923006,50.82704241849076],[-3.3959733899159144,50.82737203416114],[-3.3944726820989595,50.82704820765588],[-3.3922186136600514,50.82574401051251],[-3.391417275628651,50.82553771351666],[-3.3910953661839787,50.82521776703603],[-3.3896231498200584,50.82489353870273],[-3.389128467044739,50.82497138214974],[-3.3886607816364758,50.82548061575997],[-3.387731977142175,50.82528480468999],[-3.3872638114034066,50.825299366548414],[-3.3867597203383735,50.825539204355984],[-3.3864557949130094,50.82678399278785],[-3.384677719705183,50.82764155406989],[-3.3862536454713377,50.82954756135076],[-3.386601926599269,50.83075761597422],[-3.387126595610795,50.831210074489235],[-3.387217499211185,50.83236022862231],[-3.388056008166657,50.83381628140973],[-3.3878484562627893,50.83543767391506],[-3.3869275016694105,50.83695062572506],[-3.386794165119056,50.83820237857897],[-3.3864162644017477,50.83846769594854],[-3.3798635249594224,50.8382305840569],[-3.378940443709724,50.83871817937219],[-3.37640877974835,50.8386041678136],[-3.375752716181973,50.83851297125095],[-3.374389482910933,50.83755768473263],[-3.3737910245874407,50.83749278063837],[-3.372898138157889,50.83804293049961],[-3.3726546933402846,50.83845951886404],[-3.3722876291693855,50.838535788605135],[-3.3722256006653355,50.83884231417178],[-3.3719037668653224,50.83900799074271],[-3.3695787860661506,50.83916122057123],[-3.369088118332734,50.83889715904487],[-3.3685627495349437,50.83890332244661],[-3.3675041199070512,50.83913159058311],[-3.3666653141801075,50.83910544257057],[-3.3657086903430486,50.83942243946596],[-3.3643003335647923,50.83934897555909],[-3.363868062914275,50.83913817332178],[-3.3634988821547913,50.83914248810904],[-3.3622855997504346,50.83942647986388],[-3.3622072106099536,50.83966123887392],[-3.3613914932210442,50.83994057907663],[-3.3606552102989387,50.84002111944066],[-3.359969972623874,50.83990319241201],[-3.359445022788272,50.84041297323396],[-3.3583510239860215,50.84089340168075],[-3.358022757017454,50.84132893415363],[-3.357302211361811,50.84146323398147],[-3.3564258610687085,50.84210300383009],[-3.356303150733966,50.84276998508197],[-3.3572217770798733,50.84358674994777],[-3.356204942160615,50.844282115623535],[-3.355465193335169,50.84522608521882],[-3.354821315955915,50.845557346258744],[-3.3536679639322404,50.8469378164593],[-3.3524322550253425,50.84743781988597],[-3.350182950061102,50.849244674496425],[-3.3489734729575478,50.84967238544709],[-3.348810303600393,50.84992610273523],[-3.348524032791033,50.850837802009316],[-3.348026983661479,50.85133821317637],[-3.3502769292999757,50.85249940310968],[-3.351002945173132,50.85303963169323],[-3.3514453418764303,50.85458147071984],[-3.351340285075367,50.85487948811122],[-3.350894066300193,50.85517246137039],[-3.3472861945380985,50.85521417191737],[-3.346407825746006,50.854810587760554],[-3.340886023381428,50.855000083088036],[-3.3395420689900965,50.85470972387204],[-3.3384728503392673,50.855081750810875],[-3.337864328839824,50.85566434182708],[-3.3365068715683948,50.85589575157177],[-3.335976863117815,50.85624359063638],[-3.3316978195869615,50.85667024638349],[-3.3305721848378465,50.857060832060704],[-3.3302947386528365,50.85729783771146],[-3.3289650938989808,50.85751085437685],[-3.3278577068712663,50.858045108874656],[-3.3206183994648177,50.858316123764276]]]},"properties":{"WB_CAT":"River","RBD_ID":"8","MNCAT_NAME":"Devon East","RBD_NAME":"South West","OPCAT_ID":"3085","hydromorph":"not designated artificial or heavily modified","MANCAT_ID":"3033","url":"/catchment-planning/WaterBody/GB108045009110","OPCAT_NAME":"Clyst and Culm","WB_ID":"GB108045009110","version":"2","WB_NAME":"Weaver"}},{"type":"Feature","geometry":{"bbox":[-3.3803652572608915,50.85234522615861,-3.279408036345727,50.88213233785354],"type":"Polygon","coordinates":[[[-3.3060190314416165,50.879975864964635],[-3.305653898145085,50.87962919555036],[-3.3037307741591566,50.87948880291285],[-3.3025702425419903,50.88018529603663],[-3.3012647339863834,50.880271809490864],[-3.2985312223309324,50.87961871787194],[-3.2970334764782008,50.879437506041995],[-3.296323121794792,50.87894174026415],[-3.295941400147116,50.879017930393516],[-3.294823398489285,50.87971387389874],[-3.2926347514725802,50.87973813373926],[-3.2913622224103403,50.87896075846763],[-3.2910152739438456,50.877723440762054],[-3.289886428145235,50.87699842332978],[-3.2893974260914005,50.875762670475915],[-3.2869953016272166,50.87577119568365],[-3.2856403240833645,50.87560625149885],[-3.2843205733686887,50.87517108748797],[-3.2837672276158147,50.874691505579044],[-3.283135050888002,50.87444662872061],[-3.2826752741980276,50.8737501596974],[-3.281727930860456,50.872897154428586],[-3.280120800914686,50.87338247493653],[-3.279996282320403,50.872988109773814],[-3.280637621862875,50.87253138007831],[-3.2808702318588603,50.87168340225929],[-3.28036961297604,50.871050329497784],[-3.2805525294818603,50.87046371999739],[-3.2796305804787664,50.870015143939916],[-3.2809606437950682,50.868759396353674],[-3.281307459547026,50.86689385363181],[-3.281038897246122,50.86642911940826],[-3.2806003770182084,50.86614612750024],[-3.278965938388634,50.865984172853686],[-3.279846262961554,50.86543488843714],[-3.279720291989678,50.8649865751113],[-3.2792318199631127,50.8647940647593],[-3.279213429057681,50.86464137013351],[-3.279294916602133,50.86398392252613],[-3.2797856995495605,50.863223054204106],[-3.2795720326715294,50.86268576326248],[-3.280213729365745,50.86224701850137],[-3.2805026326615945,50.86138043446958],[-3.281178629748395,50.86115716148253],[-3.2818971450983594,50.86041177115039],[-3.2825775618336985,50.86035033166776],[-3.2830954319780017,50.85954418140198],[-3.282973148124543,50.85923073914578],[-3.282305375828148,50.858716432116175],[-3.283027044091464,50.85808792047477],[-3.283031519823081,50.85721546218593],[-3.2824810486515434,50.85631312106337],[-3.2829964827812312,50.85593871223257],[-3.282921406567166,50.85527398820911],[-3.283842616789453,50.854670258784736],[-3.2839938109839646,50.85396707002955],[-3.284836478223838,50.85343614799652],[-3.2889611093181053,50.85387633315876],[-3.2912618847434896,50.85372498205913],[-3.292566600213734,50.85466389311298],[-3.2941674449309044,50.85500590720669],[-3.2965156697073295,50.85514173192859],[-3.3001403145641452,50.855191343975626],[-3.300621266582718,50.85511403312849],[-3.301854236097913,50.854488697610094],[-3.303144820018437,50.85440234115296],[-3.306868578569099,50.85545795717931],[-3.3092894965115964,50.85514301438045],[-3.3100965335898382,50.85554767761752],[-3.311348551076142,50.85560556634802],[-3.3178146674870934,50.85513699151522],[-3.3182428269264705,50.85520410707347],[-3.3183914627129685,50.855436270269145],[-3.318673009094439,50.8563504705803],[-3.3186953258845198,50.85714168468291],[-3.3185005131480922,50.85728778890311],[-3.3186514394331796,50.857600871243825],[-3.3193355729481895,50.858177744335606],[-3.3201736853112602,50.85816826590816],[-3.3206183994648177,50.858316123764276],[-3.3239452275249106,50.860886676052104],[-3.324039377459629,50.861200395531505],[-3.323451626897421,50.8615218501243],[-3.323721343798722,50.86201345726881],[-3.3245397120007323,50.86180630519782],[-3.3249131550967412,50.861945968945],[-3.3270913292123363,50.86208311024899],[-3.3332127541483425,50.86195937424628],[-3.334514942417716,50.8627719327211],[-3.335278343119613,50.863626618461026],[-3.336983556435663,50.86461441619165],[-3.3373084619354367,50.86504240246233],[-3.3393030742096967,50.86620672855624],[-3.339683812265537,50.866598091727106],[-3.3439936509945625,50.86622475598923],[-3.3445727809883974,50.86560649711293],[-3.34608335724988,50.864761640664874],[-3.346384000435383,50.86434445111218],[-3.3473329714942484,50.86373989855885],[-3.3476118224756717,50.86256746572025],[-3.348569181121952,50.8612702717256],[-3.349075150331046,50.86107555067524],[-3.350932498298071,50.86092814894719],[-3.3519255187393546,50.86037701199088],[-3.352311836125866,50.859976801905454],[-3.3575978967982283,50.859969389979824],[-3.358321762766824,50.860428652521755],[-3.3586557176931877,50.86116226953784],[-3.359415869178012,50.86189092159641],[-3.3603597575446065,50.86209577748841],[-3.3621206914367447,50.8630285966205],[-3.3633556094809838,50.86297820026105],[-3.3645481349393016,50.863422954303054],[-3.3648209785913203,50.86303302340448],[-3.367057730183179,50.861765675910625],[-3.3677175249297155,50.86197380005065],[-3.368136867883195,50.86173504148637],[-3.3689713408276676,50.86159933987472],[-3.369740290611336,50.8611676004752],[-3.370279324518326,50.86113429042006],[-3.37280565028725,50.85908994924265],[-3.3736232148998506,50.8588644732381],[-3.374395972919474,50.85808189278328],[-3.3758822835139646,50.85837017320267],[-3.3796698373556793,50.85863125022287],[-3.380450982872667,50.85909869309386],[-3.380611623850548,50.86068872657282],[-3.379235089822104,50.8621980034481],[-3.3783064962866027,50.86251476964118],[-3.377110185896513,50.86339231398745],[-3.3762641465721175,50.86361814982616],[-3.375455508183276,50.86414933355055],[-3.3749756513362614,50.86426291586105],[-3.374624254999285,50.86487864516602],[-3.374231217050977,50.86504516547517],[-3.3736618773663922,50.86501589257937],[-3.373725047868838,50.86523100412919],[-3.3749385476041245,50.865900254619945],[-3.374481411431866,50.866787047882255],[-3.3747075579273518,50.867710762224476],[-3.3743293033297794,50.8683807703093],[-3.3738591802420186,50.86882700961516],[-3.3733798000388417,50.86895856737484],[-3.3728007491612515,50.86956797534643],[-3.3714459728587003,50.86989869215654],[-3.3713702202732287,50.870223364702824],[-3.370608754314275,50.87043017694946],[-3.369984122857736,50.87094117239762],[-3.368745328535579,50.87135144156139],[-3.3677822815425857,50.87292767942447],[-3.36722547723907,50.87332993735004],[-3.3646066426905823,50.874188030182246],[-3.363168729320962,50.87508624023857],[-3.3621892749419366,50.875133651881],[-3.3609175533177593,50.876371663577395],[-3.359845922657654,50.8766719604393],[-3.3590058352258994,50.87711345446687],[-3.3567593681213466,50.87758928759683],[-3.3543039940043307,50.87772573218891],[-3.353061234325799,50.878009964134456],[-3.3526148083442253,50.878302944453395],[-3.3523245445622982,50.87907978581599],[-3.351234774992961,50.87973997019555],[-3.3510467331346288,50.88011989190752],[-3.3505134435646893,50.880359905880475],[-3.3499739124191565,50.880384135416556],[-3.3481977472152717,50.88090832537893],[-3.3468530006263313,50.88061805768982],[-3.346288149873138,50.880750489384],[-3.345841360648973,50.88053978806739],[-3.3453617797937056,50.880671231995734],[-3.3433863124837,50.88069398620201],[-3.34189844856794,50.88036933305918],[-3.3408240561800544,50.87959021589429],[-3.339038611460332,50.878801260983224],[-3.3368118461561855,50.87848501819327],[-3.3364810620852317,50.878848563085995],[-3.335749777309258,50.87912675210915],[-3.3356207717450457,50.879586918086886],[-3.33583284816374,50.8800431806113],[-3.3355568369830766,50.88033414451709],[-3.3346560067012865,50.88065024211034],[-3.3346626858704833,50.88088400743377],[-3.3333618436657804,50.881132717158444],[-3.3324757081623013,50.88146661770645],[-3.329365257785007,50.88157403746866],[-3.3285246829761572,50.88151165706914],[-3.32694804340058,50.88106190941675],[-3.326528229360134,50.8807968643694],[-3.325760108081885,50.8797802866205],[-3.3249220514166304,50.87930413210407],[-3.324508063924716,50.87874221475036],[-3.324139328912789,50.878773380397554],[-3.3238937134058175,50.87913592292696],[-3.323295107730935,50.87940353462197],[-3.3217127504036035,50.87943045829717],[-3.320390021373557,50.87890579553513],[-3.3192901345180843,50.87821670887387],[-3.3183750231570186,50.878029183467106],[-3.318027355710141,50.87779926863279],[-3.316672195716245,50.87813834482168],[-3.3146445212118207,50.878323091957604],[-3.31403140560482,50.87825804514526],[-3.3133368712432083,50.877825161420525],[-3.3126504337773177,50.87767998731968],[-3.3108732678564037,50.877672979412836],[-3.309118477780688,50.87744983992526],[-3.3085286579886066,50.8777082832578],[-3.3080960507218973,50.878504595436695],[-3.3060190314416165,50.879975864964635]]]},"properties":{"WB_CAT":"River","RBD_ID":"8","MNCAT_NAME":"Devon East","RBD_NAME":"South West","OPCAT_ID":"3085","hydromorph":"not designated artificial or heavily modified","MANCAT_ID":"3033","url":"/catchment-planning/WaterBody/GB108045014880","OPCAT_NAME":"Clyst and Culm","WB_ID":"GB108045014880","version":"2","WB_NAME":"Ken Stream"}},{"type":"Feature","geometry":{"bbox":[-3.4714593556600373,50.86199794164973,-3.386587206125536,50.892060752828],"type":"Polygon","coordinates":[[[-3.4099387080216834,50.87804722976281],[-3.4094521096553003,50.87741454225364],[-3.4094049727627267,50.876794527289164],[-3.408651619285033,50.87538257442919],[-3.407629560104055,50.87448651445562],[-3.4067331264964165,50.873984666370674],[-3.4052577624897973,50.87408338608908],[-3.4031752574745666,50.874791984523945],[-3.4001936810292865,50.8753854197694],[-3.3961921263869725,50.87710524262551],[-3.3943455904376987,50.876624649773206],[-3.3931629041168727,50.87653084586293],[-3.3917804862894108,50.875935750122416],[-3.3905825414010184,50.875806126252016],[-3.389914694059778,50.87533740172795],[-3.3895761334560466,50.87446901893341],[-3.388656281927827,50.87412920288685],[-3.3887606064893285,50.873813172846056],[-3.389097895668709,50.87368324332354],[-3.3886733051237425,50.87278889982512],[-3.387709740475636,50.87289030072279],[-3.387275451117022,50.872625644944485],[-3.3870958648785594,50.872321984759516],[-3.386548444908027,50.87207665875179],[-3.3859545538701137,50.87074361239633],[-3.3861006083995258,50.8701569093918],[-3.3874265693958896,50.86909821386504],[-3.387706577794339,50.867997620382944],[-3.38824923300873,50.86760441850188],[-3.3890571719172136,50.86753185417637],[-3.3902409278028895,50.86814733655788],[-3.390368500699507,50.868613503297794],[-3.39006815841897,50.86998416457858],[-3.3903608880704623,50.87026848453173],[-3.390831911138356,50.87033482381811],[-3.392122747908738,50.870247481365546],[-3.3928540894529586,50.86998692401691],[-3.395379970586312,50.86984882293794],[-3.396357901245487,50.86927949974573],[-3.3965347839523985,50.86853987719478],[-3.3967588871280796,50.86842926751916],[-3.397357771946281,50.86849405006199],[-3.3979363109376957,50.8688288925705],[-3.4015127791094604,50.869127768131555],[-3.4048468233744136,50.868925789721786],[-3.405353987333471,50.86877577977554],[-3.4101267860077042,50.868682231558395],[-3.411455359953067,50.86796463968199],[-3.416599165064244,50.86698492717434],[-3.4209460536775405,50.86551102886838],[-3.4277799659707946,50.86451022982167],[-3.4314178284330525,50.86341336553116],[-3.435161327137208,50.86283441665668],[-3.442948579821786,50.8623539616017],[-3.4435168127992934,50.86234693402822],[-3.444862693843519,50.862672208195356],[-3.4464972028368988,50.8626787911705],[-3.4491072235662017,50.86435527459071],[-3.4494465309088125,50.865214486989935],[-3.450300926862526,50.86618422041233],[-3.450487873379212,50.866712544258874],[-3.4513280790239027,50.86722375141415],[-3.451806172411892,50.86797330249363],[-3.4526452973403945,50.86844853757463],[-3.452976873529016,50.86905600320408],[-3.453818826961606,50.86962113487945],[-3.4543003431495185,50.8704785613115],[-3.4561531756064037,50.87155272787424],[-3.456538852355073,50.872069568131764],[-3.4583882263922368,50.87211842434417],[-3.4609702715068584,50.87196021306722],[-3.462708789738902,50.872100328738696],[-3.46394707213582,50.87260645559091],[-3.4660112974552835,50.87270645993536],[-3.466361338259231,50.87298987111085],[-3.468210107538644,50.87347029269689],[-3.4692211378286224,50.873979222583245],[-3.4699946572179483,50.87416735066879],[-3.470906570177832,50.87468650128074],[-3.4720384500717847,50.88038344225108],[-3.4713914329452966,50.881506859319344],[-3.469876963577202,50.88217351157857],[-3.4680661789841833,50.88336552418268],[-3.4680321723954606,50.88590226272787],[-3.468167355360682,50.88658410692686],[-3.468427147666454,50.88670675483073],[-3.4685842627419725,50.887181460410254],[-3.4688949620471523,50.88892238774221],[-3.4687962398145618,50.88940031232679],[-3.468531013528498,50.88955654051012],[-3.467962455890771,50.889563692587394],[-3.4675294213467467,50.88981198326964],[-3.466871622232685,50.88969433600911],[-3.4660715862615885,50.89002817177384],[-3.46269637963478,50.89077204950843],[-3.4623256803783584,50.89074071840691],[-3.4618809545534157,50.89107007314494],[-3.461115625168612,50.89115160806278],[-3.4576231535909505,50.89042179141466],[-3.455575176113809,50.89041137302002],[-3.455144264873547,50.89027284210678],[-3.4532930545612865,50.890187978513865],[-3.451900607199073,50.88976459505324],[-3.4511842471276415,50.88913493776538],[-3.450722794331856,50.886181650958214],[-3.450437696153219,50.886158212241206],[-3.448867545341421,50.88504447082812],[-3.4472328108186687,50.88459706476402],[-3.4468270605930877,50.88435026342611],[-3.4452832078709053,50.884081583399485],[-3.4440676819726592,50.88339509757576],[-3.4416142984548412,50.88313761894555],[-3.4405208645785295,50.88271940800527],[-3.439124760372425,50.88262870293477],[-3.436917300407861,50.88204430962352],[-3.4344837583793817,50.88196631692136],[-3.4337818583587305,50.881795061881256],[-3.432664809817902,50.880603584892505],[-3.4312434387264776,50.87968564917712],[-3.4307558529242015,50.879547723660956],[-3.429505081733083,50.878627675394256],[-3.4280953762544617,50.87808730613234],[-3.4255711327775895,50.87642729658346],[-3.424743649954303,50.87632947329034],[-3.4240172458595524,50.87581668747548],[-3.423111058681393,50.8754679813007],[-3.4209178048472295,50.87533281290582],[-3.4192459506807706,50.87551504738],[-3.418670985807486,50.87577386941653],[-3.417282217933117,50.87591665827458],[-3.416806163114508,50.876156281900606],[-3.41551630458929,50.87627986093715],[-3.412224341423165,50.87694931965177],[-3.4114367046638496,50.87722866689005],[-3.4103098372812366,50.878042745709415],[-3.4099387080216834,50.87804722976281]]]},"properties":{"WB_CAT":"River","RBD_ID":"8","MNCAT_NAME":"Devon East","RBD_NAME":"South West","OPCAT_ID":"3085","hydromorph":"not designated artificial or heavily modified","MANCAT_ID":"3033","url":"/catchment-planning/WaterBody/GB108045014890","OPCAT_NAME":"Clyst and Culm","WB_ID":"GB108045014890","version":"2","WB_NAME":"Fulford Water"}},{"type":"Feature","geometry":{"bbox":[-3.2473041712930084,50.83999274796295,-3.1836311639900243,50.91815732524244],"type":"Polygon","coordinates":[[[-3.2360505144422613,50.88982158411287],[-3.2361647464663146,50.89037799891189],[-3.235929570252724,50.89116295211733],[-3.2348492203363173,50.89171401547151],[-3.2347999650135746,50.89200233888601],[-3.234001530630284,50.892460473436905],[-3.233964150101015,50.893198361984865],[-3.2336035499844886,50.89354393856647],[-3.2334201947092907,50.894139468237036],[-3.2327740600228267,50.89444308978366],[-3.2327288249707844,50.89488426458706],[-3.2322250831570614,50.89519537301021],[-3.232066342197779,50.895646739414985],[-3.2312531274028555,50.89608702294085],[-3.231100064421831,50.896754179571104],[-3.2306887079755096,50.89733412118899],[-3.2294304250339088,50.89815682317897],[-3.2276275495869036,50.89882335119475],[-3.225752533128564,50.899994261757946],[-3.224537286314377,50.90029481755004],[-3.2224435768696034,50.901809732437016],[-3.222421260829467,50.90204380493297],[-3.2218931712406844,50.90251701121866],[-3.221661697615143,50.90345478884033],[-3.2206407070873535,50.903573394512115],[-3.220109761777139,50.9039386967948],[-3.22091590866774,50.904850308623885],[-3.2209387239423024,50.90572246806789],[-3.2205561283635986,50.90686600754435],[-3.2200260855780685,50.90726727484094],[-3.2199264213605883,50.90780794377254],[-3.219963793818823,50.90923756567877],[-3.2203504877408333,50.91096932498662],[-3.220006106873401,50.911944253064476],[-3.219803463898956,50.913987959094335],[-3.2202440305784683,50.91560223551978],[-3.221110789479254,50.9166920158533],[-3.221275929860438,50.91723567206373],[-3.2210982112371975,50.91755625781149],[-3.22033002719129,50.91777950446784],[-3.218144025322268,50.917439793900726],[-3.217485117870868,50.91673727301291],[-3.216682026037703,50.916493819276745],[-3.2161993608304242,50.91653482334425],[-3.2148634517698227,50.916045080649404],[-3.2139076708636063,50.915947097008576],[-3.2114882432469285,50.91482102499953],[-3.209386255267596,50.914411117022425],[-3.208546165720238,50.9143838413005],[-3.2051957937667876,50.91245783299949],[-3.2039205170669933,50.9121022390134],[-3.2039135574364566,50.9118324975933],[-3.204198002518544,50.9118295639939],[-3.2048531822861865,50.911310166282824],[-3.204879424775991,50.910122717086544],[-3.2062783545262428,50.9092088931081],[-3.207382508846545,50.908999615886835],[-3.2100668477794176,50.90719105421127],[-3.210717216982496,50.907038261074135],[-3.2108235739413087,50.90675150640248],[-3.210479012886853,50.9066291666156],[-3.2103549877437065,50.90623472598432],[-3.2108447652717094,50.905375237288574],[-3.210939164658093,50.904627773725046],[-3.2091292722301468,50.90394501814891],[-3.206383348520255,50.90226460704],[-3.2060598365877606,50.90185423549333],[-3.204658053350457,50.900995867547664],[-3.204299713139696,50.8997858474432],[-3.199850590256903,50.89711553700288],[-3.1997160529770117,50.89630747841635],[-3.199994877332461,50.89387628773808],[-3.1997708898818615,50.89290725995411],[-3.1999611404584396,50.89256354002056],[-3.1995418305111265,50.89174042014021],[-3.195639000921021,50.88926219759388],[-3.194693421875525,50.888984077715],[-3.1943155447067917,50.88866416781638],[-3.191957634376641,50.88820260425985],[-3.191195517798924,50.887868619756766],[-3.1889990774795542,50.88760321226916],[-3.188222776732307,50.88726935290902],[-3.186426221911338,50.88707177614394],[-3.1860811846217265,50.88692238810205],[-3.1856037150115877,50.88603685276628],[-3.1833209186700993,50.884603021972886],[-3.1832838345181376,50.88426163351446],[-3.1827561936996176,50.88363741525038],[-3.182970307694856,50.88254698820529],[-3.1828281732256736,50.8825484286442],[-3.183515257563427,50.88217272515171],[-3.183817012907333,50.88173796247002],[-3.184889460887028,50.88142129110552],[-3.1849615104286335,50.880898918921254],[-3.185459028968718,50.88033625093719],[-3.1856163462739895,50.8798130121759],[-3.1862871345544392,50.87935650602983],[-3.187084953569475,50.878305112509345],[-3.187199427501853,50.877215696867594],[-3.186676611774582,50.876780316708235],[-3.186105523672767,50.87556296290888],[-3.186283478999544,50.87473372326951],[-3.185789806313704,50.87432502432094],[-3.1859814561178372,50.8740352749059],[-3.186118324967558,50.87158756521353],[-3.186929720810234,50.87107566234961],[-3.1872222369370493,50.87028123073351],[-3.1884553107976994,50.869585150306214],[-3.188601583358505,50.868630315135235],[-3.189547209879287,50.86781123625375],[-3.1898348548442033,50.86682797664731],[-3.191186737086137,50.86633751334377],[-3.191772487752903,50.865899829381135],[-3.192051590010531,50.86458387913416],[-3.1927390422096167,50.86367747173415],[-3.193271128740526,50.863366242066306],[-3.1935726744266533,50.86293145422253],[-3.1943870555283387,50.86254538120395],[-3.19510435489536,50.86114180701235],[-3.1964555517932123,50.860077867918925],[-3.196947515468293,50.85820210305076],[-3.196810490432091,50.85617989223926],[-3.200554031403741,50.85366812987478],[-3.2014051441346645,50.852508156762205],[-3.202772180795909,50.851522737817476],[-3.202929212449497,50.850999475168656],[-3.2034303663258057,50.85059857801402],[-3.2033582811863446,50.85000572635618],[-3.2041393200497157,50.84944004989926],[-3.2044133522859743,50.84794423992138],[-3.2050929108150275,50.846750033195825],[-3.2056203197642383,50.84626791014092],[-3.2059116740717983,50.84544645717195],[-3.2067277375932832,50.84514122297659],[-3.207162010974689,50.84435426406354],[-3.2086739551648327,50.84349318848815],[-3.2095274745700215,50.84244105446496],[-3.2104288171879114,50.842126290227554],[-3.2117600561611854,50.84088893102418],[-3.212521763232554,50.84068315286335],[-3.212870049481109,50.840418703303826],[-3.2144162357360337,50.840339671356624],[-3.215357670379222,50.84049175937906],[-3.2178371382686213,50.84188694175588],[-3.2210080433117643,50.842555327566465],[-3.2215443975977522,50.84242379948747],[-3.222494825961927,50.84291750368628],[-3.2245136699837618,50.843525907554174],[-3.226177115186196,50.84358039063729],[-3.2286543245961155,50.84324854091147],[-3.229695271369286,50.84339946567251],[-3.2301582258508024,50.84371836606298],[-3.231692923342374,50.84373815220554],[-3.2321563684080035,50.84407502731606],[-3.2326553163427314,50.844141708771566],[-3.2335428978731238,50.84386251240723],[-3.2337322315838835,50.84350075496374],[-3.234518049782105,50.843672321750034],[-3.236745760287173,50.8435767807108],[-3.2379461327787227,50.84277258895138],[-3.2383276574035365,50.842696589466826],[-3.2390003459191536,50.84288731442297],[-3.2396738511482503,50.8436446424672],[-3.240201819995305,50.84319833110429],[-3.241591626535048,50.84311160006159],[-3.2430133098802694,50.84369006156316],[-3.244069261828166,50.84386767292053],[-3.245489398243673,50.84385252334624],[-3.2452642200838064,50.84446651913083],[-3.245311534845125,50.8451765323353],[-3.244949947390865,50.84546819547751],[-3.24389198188784,50.84574929509475],[-3.244516541567306,50.846264281759034],[-3.2449672561590335,50.84718584535321],[-3.244938449478916,50.8482384385296],[-3.2452864965086246,50.84850454165741],[-3.245361743877235,50.849196268508166],[-3.245982464313397,50.85009802565132],[-3.2465140086774427,50.85031718900912],[-3.246523595497289,50.8506768423236],[-3.2466596613101752,50.85205146142389],[-3.246466559699782,50.85226937757377],[-3.246571834959797,50.85355358776668],[-3.246243349196057,50.85455620927058],[-3.246276901701978,50.85581499497693],[-3.2465599201431368,50.85683727494024],[-3.247287935402605,50.85749504345127],[-3.2476601575327995,50.85759899110179],[-3.247782200805094,50.85791247214724],[-3.2458988783880813,50.859758351740425],[-3.2448880044837196,50.86021883338441],[-3.243953257440842,50.860336727424574],[-3.243649806938465,50.8606817289028],[-3.2429760244047316,50.860994699008344],[-3.2425627330198386,50.861484769415995],[-3.242413999099224,50.86230479541237],[-3.2420023627935364,50.86285780314889],[-3.241046064049296,50.86323672523963],[-3.2405921472788077,50.8632685329955],[-3.2400637203466878,50.863705854854075],[-3.2398277821130095,50.864454852700085],[-3.240042671663896,50.86505515871638],[-3.2395213732306307,50.86576221813155],[-3.2384582390382826,50.866403075244776],[-3.2386726438361166,50.866985400978585],[-3.2385692226156255,50.8673732347018],[-3.2375196949826064,50.86745631911128],[-3.2367987967054055,50.86706823110426],[-3.2363138063098837,50.867001418873606],[-3.235607296489695,50.86823206600384],[-3.2339642958521164,50.86844731402761],[-3.233374641182011,50.868723362712004],[-3.2330819720009485,50.86948193919727],[-3.2306375029927543,50.87164827731189],[-3.2310770710257337,50.873226559141635],[-3.2329277877750098,50.874412198993895],[-3.233399619749426,50.87505477080863],[-3.2338036982760596,50.875284339966775],[-3.233928309207577,50.87569673959944],[-3.2339769916733925,50.877539963292186],[-3.2336132537573845,50.8788389217516],[-3.233097166100882,50.87975275322918],[-3.2328873802530937,50.88149977415973],[-3.2338000736606793,50.884835836954345],[-3.23420922911853,50.88525422148127],[-3.234399520893318,50.88599869732554],[-3.2353609666868057,50.88686992122141],[-3.235959765767356,50.88800579878973],[-3.235991653247509,50.889210634281774],[-3.235815897454067,50.8895542606652],[-3.2360505144422613,50.88982158411287]]]},"properties":{"WB_CAT":"River","RBD_ID":"8","MNCAT_NAME":"Devon East","RBD_NAME":"South West","OPCAT_ID":"3085","hydromorph":"not designated artificial or heavily modified","MANCAT_ID":"3033","url":"/catchment-planning/WaterBody/GB108045014920","OPCAT_NAME":"Clyst and Culm","WB_ID":"GB108045014920","version":"2","WB_NAME":"Madford River"}},{"type":"Feature","geometry":{"bbox":[-3.210334439468152,50.88130411354977,-3.1294299745545335,50.912576818037],"type":"Polygon","coordinates":[[[-3.1308391438290593,50.902040510543266],[-3.1299955797743015,50.90185981759677],[-3.129874205531766,50.901546211487215],[-3.130629208801544,50.90100827096587],[-3.1309031392942437,50.900573917989774],[-3.130600808614209,50.8986611790382],[-3.1299284714882027,50.897912214101204],[-3.1301103339900003,50.897199947699],[-3.129887342639838,50.89621279402608],[-3.1299945569322545,50.895941943788955],[-3.13067004265248,50.895647603150664],[-3.1307532974206467,50.894387671659594],[-3.13060132666467,50.893984424819166],[-3.12993536815855,50.8934962166029],[-3.1293675004824175,50.89235950539627],[-3.129416320476446,50.892026264164556],[-3.1289149133499596,50.891284632755514],[-3.1290249485913946,50.89113067470642],[-3.129671241724668,50.89122765766494],[-3.130423716348382,50.891090156114274],[-3.130861311921162,50.890627236009024],[-3.131961018355491,50.89023883923539],[-3.1322524062874524,50.88935462480017],[-3.133356435430643,50.88914604795109],[-3.134756156877708,50.8882330729918],[-3.135058406366017,50.887798433668095],[-3.1361365612959617,50.8871127441023],[-3.136186859254419,50.88684244155005],[-3.1368674321340966,50.886179938300906],[-3.1393844148639594,50.88444658036345],[-3.1398655047677804,50.88435194559063],[-3.140443733072335,50.884742023492535],[-3.142044674982527,50.88451052019049],[-3.1430618081787935,50.88482433989272],[-3.1441722885022405,50.88488541011233],[-3.1469743633384764,50.88435425823894],[-3.149229549081096,50.884134213095145],[-3.1496964010982533,50.88403967789533],[-3.150197922326474,50.883621023129464],[-3.150993902723912,50.88361317680759],[-3.152608063992146,50.883921024775915],[-3.154700190820675,50.884008272382026],[-3.155316229243539,50.884772502970414],[-3.15653386996293,50.885141322326454],[-3.1579757625865414,50.88537885275683],[-3.1604317305316134,50.885228549396665],[-3.161202436340829,50.885346797783455],[-3.161695020489364,50.885144033153324],[-3.162444244793554,50.88439908368984],[-3.1631865134639603,50.88451760216027],[-3.1649183959412963,50.8844103927656],[-3.1654873454908445,50.88385037742058],[-3.1655314094737723,50.8827674034744],[-3.1665476028124053,50.882469450526045],[-3.1670287104304324,50.88180808716444],[-3.167312976462032,50.881805244616345],[-3.1674753564161366,50.88204646018971],[-3.1685763512541745,50.88172965362217],[-3.1697844788755214,50.88171755200957],[-3.173839320718726,50.88183873224828],[-3.1753967122903024,50.882146836305004],[-3.1780963421367483,50.88208364440098],[-3.179239614986252,50.882318023292676],[-3.180436744651042,50.882995354056284],[-3.180912732584886,50.88270273769389],[-3.182038329481345,50.88279926988052],[-3.1828281732256736,50.8825484286442],[-3.182970307694856,50.88254698820529],[-3.1827561936996176,50.88363741525038],[-3.1832838345181376,50.88426163351446],[-3.1833209186700993,50.884603021972886],[-3.1856037150115877,50.88603685276628],[-3.1860811846217265,50.88692238810205],[-3.186426221911338,50.88707177614394],[-3.188222776732307,50.88726935290902],[-3.1889990774795542,50.88760321226916],[-3.191195517798924,50.887868619756766],[-3.191957634376641,50.88820260425985],[-3.1943155447067917,50.88866416781638],[-3.194693421875525,50.888984077715],[-3.195639000921021,50.88926219759388],[-3.1995418305111265,50.89174042014021],[-3.1999611404584396,50.89256354002056],[-3.1997708898818615,50.89290725995411],[-3.199994877332461,50.89387628773808],[-3.1997160529770117,50.89630747841635],[-3.199850590256903,50.89711553700288],[-3.204299713139696,50.8997858474432],[-3.204658053350457,50.900995867547664],[-3.2060598365877606,50.90185423549333],[-3.206383348520255,50.90226460704],[-3.2091292722301468,50.90394501814891],[-3.210939164658093,50.904627773725046],[-3.2108447652717094,50.905375237288574],[-3.2103549877437065,50.90623472598432],[-3.210479012886853,50.9066291666156],[-3.2108235739413087,50.90675150640248],[-3.210717216982496,50.907038261074135],[-3.2100668477794176,50.90719105421127],[-3.207382508846545,50.908999615886835],[-3.2062783545262428,50.9092088931081],[-3.204879424775991,50.910122717086544],[-3.2048531822861865,50.911310166282824],[-3.204198002518544,50.9118295639939],[-3.2039135574364566,50.9118324975933],[-3.2020646632434673,50.911851549102046],[-3.2008650987645084,50.91167503207277],[-3.199531336787406,50.911257042644955],[-3.197505336103714,50.91102601603134],[-3.1949861905832924,50.910979878449005],[-3.194637955801003,50.91071362932743],[-3.1936617001453462,50.91092147796903],[-3.1930281147227872,50.91062216620191],[-3.1925477856015028,50.910752986447065],[-3.1914792997144565,50.91069194589257],[-3.190311723424854,50.910092279933224],[-3.187991309963375,50.909468364178714],[-3.187615140738313,50.90922036600431],[-3.185422280772694,50.90913472763066],[-3.183477206490921,50.90872276096927],[-3.1777204002137576,50.90833128958355],[-3.174361449416309,50.9082572013434],[-3.173928929143158,50.90802771364802],[-3.172549704503656,50.908617174869775],[-3.171544271805318,50.90823154351439],[-3.1701275495032584,50.90846160203843],[-3.1693555382146874,50.908307449731275],[-3.1691785744788032,50.908057396974435],[-3.1688496833235242,50.907988740266994],[-3.1680124288261964,50.90806906993975],[-3.1677943380121536,50.908448989397634],[-3.1672166574381397,50.90867061658196],[-3.165780287319989,50.90868496858527],[-3.165437175095144,50.908616444277946],[-3.1648223677767957,50.90792106743492],[-3.1620625447872115,50.90791259607166],[-3.160863931349067,50.90776263328915],[-3.1597195289546818,50.9075041947044],[-3.158967524022665,50.907008012576924],[-3.1559393680738497,50.90764961004562],[-3.155023444415568,50.90800043781566],[-3.1538448514668502,50.90808404234314],[-3.1522614078757063,50.90732621944382],[-3.1496221231929424,50.90643487729321],[-3.148552517654432,50.90574389311515],[-3.147434019731467,50.905377154577124],[-3.1469421236614243,50.90504022593225],[-3.1440296836550856,50.90460112833482],[-3.14276112041213,50.90391204084438],[-3.1421621136653117,50.903845952920406],[-3.141328402215642,50.90406995657225],[-3.139744688900334,50.9038695792239],[-3.1391789549237337,50.90400101349675],[-3.1385289568689103,50.9035936422991],[-3.1372279190373407,50.90331852377996],[-3.1368236271911605,50.90307063668975],[-3.135262720041338,50.90263613929361],[-3.1340798546032693,50.902539711373024],[-3.1329606724015417,50.90213686625798],[-3.1308391438290593,50.902040510543266]]]},"properties":{"WB_CAT":"River","RBD_ID":"8","MNCAT_NAME":"Devon East","RBD_NAME":"South West","OPCAT_ID":"3085","hydromorph":"not designated artificial or heavily modified","MANCAT_ID":"3033","url":"/catchment-planning/WaterBody/GB108045014930","OPCAT_NAME":"Clyst and Culm","WB_ID":"GB108045014930","version":"2","WB_NAME":"Bolham River"}},{"type":"Feature","geometry":{"bbox":[-3.3065603236368464,50.8500200727816,-3.2317669758981156,50.91448292044531],"type":"Polygon","coordinates":[[[-3.2360505144422613,50.88982158411287],[-3.235815897454067,50.8895542606652],[-3.235991653247509,50.889210634281774],[-3.235959765767356,50.88800579878973],[-3.2353609666868057,50.88686992122141],[-3.234399520893318,50.88599869732554],[-3.23420922911853,50.88525422148127],[-3.2338000736606793,50.884835836954345],[-3.2328873802530937,50.88149977415973],[-3.233097166100882,50.87975275322918],[-3.2336132537573845,50.8788389217516],[-3.2339769916733925,50.877539963292186],[-3.233928309207577,50.87569673959944],[-3.2338036982760596,50.875284339966775],[-3.233399619749426,50.87505477080863],[-3.2329277877750098,50.874412198993895],[-3.2310770710257337,50.873226559141635],[-3.2306375029927543,50.87164827731189],[-3.2330819720009485,50.86948193919727],[-3.233374641182011,50.868723362712004],[-3.2339642958521164,50.86844731402761],[-3.235607296489695,50.86823206600384],[-3.2363138063098837,50.867001418873606],[-3.2367987967054055,50.86706823110426],[-3.2375196949826064,50.86745631911128],[-3.2385692226156255,50.8673732347018],[-3.2386726438361166,50.866985400978585],[-3.2384582390382826,50.866403075244776],[-3.2395213732306307,50.86576221813155],[-3.240042671663896,50.86505515871638],[-3.2398277821130095,50.864454852700085],[-3.2400637203466878,50.863705854854075],[-3.2405921472788077,50.8632685329955],[-3.241046064049296,50.86323672523963],[-3.2420023627935364,50.86285780314889],[-3.242413999099224,50.86230479541237],[-3.2425627330198386,50.861484769415995],[-3.2429760244047316,50.860994699008344],[-3.243649806938465,50.8606817289028],[-3.243953257440842,50.860336727424574],[-3.2448880044837196,50.86021883338441],[-3.2458988783880813,50.859758351740425],[-3.247782200805094,50.85791247214724],[-3.2476601575327995,50.85759899110179],[-3.247287935402605,50.85749504345127],[-3.2465599201431368,50.85683727494024],[-3.246276901701978,50.85581499497693],[-3.246243349196057,50.85455620927058],[-3.246571834959797,50.85355358776668],[-3.246466559699782,50.85226937757377],[-3.2466596613101752,50.85205146142389],[-3.246523595497289,50.8506768423236],[-3.246807663962021,50.85067380752769],[-3.247226485117897,50.850930161957535],[-3.2496179569218877,50.85110244279798],[-3.2504508982795346,50.851435288183836],[-3.251632687380785,50.85153054522461],[-3.253791420575739,50.852029017007474],[-3.2555271797234777,50.8521182813343],[-3.256603974410318,50.85253508825921],[-3.258770805441574,50.8528028493909],[-3.2594206410165243,50.85319156937771],[-3.2614674881536185,50.85322342428826],[-3.2640074856728045,50.85362764647989],[-3.265415650036483,50.85368433630776],[-3.2720215842465334,50.85364849133634],[-3.2727900613695597,50.85473736858148],[-3.2732764427072087,50.854857977306864],[-3.2739528712773365,50.85465272883151],[-3.2739626706045266,50.855012378083956],[-3.274254603761668,50.855296995667686],[-3.2759782761900738,50.85545803949454],[-3.2764254631497787,50.85518333179298],[-3.2777773596163824,50.85525847589376],[-3.278453773715987,50.85505320144339],[-3.27949963196808,50.85588716630797],[-3.2816238226632155,50.85614266055235],[-3.2824810486515434,50.85631312106337],[-3.283031519823081,50.85721546218593],[-3.283027044091464,50.85808792047477],[-3.282305375828148,50.858716432116175],[-3.282973148124543,50.85923073914578],[-3.2830954319780017,50.85954418140198],[-3.2825775618336985,50.86035033166776],[-3.2818971450983594,50.86041177115039],[-3.281178629748395,50.86115716148253],[-3.2805026326615945,50.86138043446958],[-3.280213729365745,50.86224701850137],[-3.2795720326715294,50.86268576326248],[-3.2797856995495605,50.863223054204106],[-3.279294916602133,50.86398392252613],[-3.279213429057681,50.86464137013351],[-3.2792318199631127,50.8647940647593],[-3.279720291989678,50.8649865751113],[-3.279846262961554,50.86543488843714],[-3.278965938388634,50.865984172853686],[-3.2806003770182084,50.86614612750024],[-3.281038897246122,50.86642911940826],[-3.281307459547026,50.86689385363181],[-3.2809606437950682,50.868759396353674],[-3.2796305804787664,50.870015143939916],[-3.2805525294818603,50.87046371999739],[-3.28036961297604,50.871050329497784],[-3.2808702318588603,50.87168340225929],[-3.280637621862875,50.87253138007831],[-3.279996282320403,50.872988109773814],[-3.280120800914686,50.87338247493653],[-3.281727930860456,50.872897154428586],[-3.2826752741980276,50.8737501596974],[-3.283135050888002,50.87444662872061],[-3.2837672276158147,50.874691505579044],[-3.2843205733686887,50.87517108748797],[-3.2856403240833645,50.87560625149885],[-3.2869953016272166,50.87577119568365],[-3.2893974260914005,50.875762670475915],[-3.289886428145235,50.87699842332978],[-3.2910152739438456,50.877723440762054],[-3.2913622224103403,50.87896075846763],[-3.2926347514725802,50.87973813373926],[-3.294823398489285,50.87971387389874],[-3.295941400147116,50.879017930393516],[-3.296323121794792,50.87894174026415],[-3.2970334764782008,50.879437506041995],[-3.2985312223309324,50.87961871787194],[-3.3012647339863834,50.880271809490864],[-3.3025702425419903,50.88018529603663],[-3.3037307741591566,50.87948880291285],[-3.305653898145085,50.87962919555036],[-3.3060190314416165,50.879975864964635],[-3.306026572671743,50.88024559732499],[-3.306588607330875,50.88051812477192],[-3.3067098499436347,50.880786584188115],[-3.306726874070718,50.8813951522698],[-3.3064247621047165,50.8817762775862],[-3.306528726490993,50.88244348752187],[-3.3075110640371768,50.884015411505324],[-3.3072919678061017,50.88533097296445],[-3.3067415351726157,50.88598469624829],[-3.305484909700881,50.88680820728368],[-3.3044624999929315,50.88685561354063],[-3.303652136687175,50.88736832443897],[-3.3032282177577983,50.88746299712934],[-3.3018382239373745,50.88758643490719],[-3.300006480941957,50.889207760159024],[-3.2992987405573264,50.889323566893744],[-3.297920675348118,50.889878530776485],[-3.2954352895940464,50.89152503680922],[-3.2951497298934695,50.892508537021314],[-3.294811011560719,50.896703434495564],[-3.2941834422886407,50.89766374290766],[-3.29503973033393,50.89879646607266],[-3.2966007232665016,50.89969651123035],[-3.297074687882549,50.90037477879785],[-3.2977686626654807,50.90078078306547],[-3.2982636615546013,50.90221429567065],[-3.299387245696921,50.90272343793388],[-3.2998852132678382,50.90323953748938],[-3.301524744669632,50.90388681459266],[-3.302195388689135,50.904472929823456],[-3.302971774537964,50.904770057726765],[-3.303294898819093,50.90513519868294],[-3.303577974889,50.90610337403237],[-3.303614642137982,50.90741606675405],[-3.3035199656775065,50.90810065647568],[-3.3031371047602334,50.90865355557731],[-3.303048695699089,50.90956292093546],[-3.3031702476521425,50.909840373354236],[-3.304008639410598,50.91031667919791],[-3.3043924664087756,50.910816046576485],[-3.30531370226219,50.911201478969595],[-3.3057833837887984,50.911717869497004],[-3.306621332411298,50.91217617392238],[-3.3066480214754264,50.9131292226814],[-3.3057704401164343,50.91334589277016],[-3.3052124584114138,50.91368491170109],[-3.3029465965967684,50.913548332943854],[-3.300618176703637,50.91269290007443],[-3.2998739777856363,50.91253929951265],[-3.299249213317863,50.912582229549386],[-3.2982893363989634,50.91234108060577],[-3.297476408885169,50.911756524852635],[-3.2963546242601574,50.91131929493307],[-3.29499533901243,50.91155023303365],[-3.29425381659801,50.91148650542533],[-3.2929793890101204,50.91067319418949],[-3.292893356669135,50.9096218679855],[-3.2922928906333335,50.90848629892968],[-3.291153032055421,50.907905317897004],[-3.2906957816072855,50.907316780764404],[-3.2895390184094904,50.90663703869342],[-3.2890043620519913,50.906849801756685],[-3.287811346968456,50.90691693159492],[-3.287253942691168,50.907336795802365],[-3.2858604876361643,50.90787379513852],[-3.284617354401805,50.90767162916872],[-3.2842795251813275,50.907801259854644],[-3.2833389877282357,50.9077396523603],[-3.2818501681563514,50.90739625621879],[-3.2807810726704663,50.90679640967501],[-3.278298856683382,50.90653581360061],[-3.276945424859101,50.905939045224706],[-3.274543683719059,50.90549761257337],[-3.2725190599242855,50.90427855096085],[-3.270740653131596,50.9037403056586],[-3.2698792213061174,50.903237031172296],[-3.2688607966508387,50.903131185453155],[-3.267696826594593,50.9026941397633],[-3.2672325383996474,50.90235741518636],[-3.2664024677549515,50.902168558789235],[-3.2656489406927123,50.901655088749756],[-3.264961076498915,50.90146468026067],[-3.26388746363498,50.90068485202005],[-3.2631338809344084,50.90069300859769],[-3.2626454735985524,50.90104005792336],[-3.2616711908129226,50.901302419185534],[-3.260714163974029,50.90115086982771],[-3.259531247792214,50.90053407107075],[-3.25920194773408,50.89992604330724],[-3.2573196595409475,50.89868719614939],[-3.2562004961080064,50.89832150430302],[-3.253280692873312,50.89657211058331],[-3.2518787131552345,50.89626337653324],[-3.2514107467257185,50.89578272748467],[-3.2491126487117112,50.89546557599863],[-3.2482473327875394,50.8955467829564],[-3.2476873004422964,50.89587654800407],[-3.2462920978349605,50.895819501708424],[-3.245171649293725,50.89539975525655],[-3.243770714915883,50.89512688821704],[-3.2422639217012614,50.89408166206209],[-3.2415738717132236,50.893801201251016],[-3.240700808506152,50.89305500279934],[-3.240578955524252,50.89275050780396],[-3.240769381742696,50.89242470606111],[-3.240361298151892,50.892051302339894],[-3.2388202403876187,50.89185181567479],[-3.2382074330356536,50.89126472514559],[-3.2367942789312836,50.890524225395154],[-3.236761283374412,50.88981405541989],[-3.2360505144422613,50.88982158411287]]]},"properties":{"WB_CAT":"River","RBD_ID":"8","MNCAT_NAME":"Devon East","RBD_NAME":"South West","OPCAT_ID":"3085","hydromorph":"not designated artificial or heavily modified","MANCAT_ID":"3033","url":"/catchment-planning/WaterBody/GB108045014940","OPCAT_NAME":"Clyst and Culm","WB_ID":"GB108045014940","version":"2","WB_NAME":"Sheldon Stream"}},{"type":"Feature","geometry":{"bbox":[-3.451440395572623,50.87495720842236,-3.3851258698799214,50.91487188958503],"type":"Polygon","coordinates":[[[-3.4298608007955975,50.91333101252561],[-3.4297601803141906,50.913575616339976],[-3.4282462853408013,50.91418119975772],[-3.4272649746876853,50.914364313523684],[-3.4262659169477936,50.91423963409188],[-3.4239211824036895,50.913002029867016],[-3.42307184364413,50.9127333433551],[-3.4217366162696217,50.91237053414505],[-3.418442261281545,50.9118025044756],[-3.4150264300680355,50.90997226055915],[-3.4133870393644115,50.90946035817367],[-3.4068778551575654,50.9083148798668],[-3.4048693643436367,50.90812320413744],[-3.401275307142036,50.90809532417355],[-3.3978385451959623,50.90734151692838],[-3.3945914036829614,50.9070776186444],[-3.3931919324604554,50.90719962889316],[-3.391209352772258,50.90787349540348],[-3.389392498826186,50.909207598037185],[-3.388235638454075,50.90908973686903],[-3.38679803129914,50.90862247116984],[-3.3856543364937086,50.907979075814985],[-3.3850299705887803,50.907283612952014],[-3.384837812113918,50.905166721860375],[-3.3854615013587357,50.901913469845816],[-3.385791285902922,50.901089160468466],[-3.3889972475405354,50.89802633111412],[-3.3894730095729138,50.896961470100834],[-3.3894196698060775,50.896288188053795],[-3.388562936104632,50.894774173155476],[-3.390610725397193,50.89225419636797],[-3.392375715311491,50.88821334391253],[-3.3927805370686404,50.88629732564652],[-3.3925649242752667,50.885067891982345],[-3.3920038733171536,50.884534923331564],[-3.391428413732643,50.88337822331903],[-3.3908055097836054,50.88130279044666],[-3.392181726031873,50.88100789409932],[-3.3942324760571485,50.88098341445858],[-3.3957156776311996,50.88070390719696],[-3.3991612461963316,50.878823701296035],[-3.402521504807804,50.878138407778614],[-3.4057526392547532,50.87772835241085],[-3.4068639771043996,50.87780973080963],[-3.408673630899565,50.87831237901246],[-3.409625571047537,50.87838714126021],[-3.4099387080216834,50.87804722976281],[-3.4103098372812366,50.878042745709415],[-3.4114367046638496,50.87722866689005],[-3.412224341423165,50.87694931965177],[-3.41551630458929,50.87627986093715],[-3.416806163114508,50.876156281900606],[-3.417282217933117,50.87591665827458],[-3.418670985807486,50.87577386941653],[-3.4192459506807706,50.87551504738],[-3.4209178048472295,50.87533281290582],[-3.423111058681393,50.8754679813007],[-3.4240172458595524,50.87581668747548],[-3.424743649954303,50.87632947329034],[-3.4255711327775895,50.87642729658346],[-3.4280953762544617,50.87808730613234],[-3.429505081733083,50.878627675394256],[-3.4307558529242015,50.879547723660956],[-3.4312434387264776,50.87968564917712],[-3.432664809817902,50.880603584892505],[-3.4337818583587305,50.881795061881256],[-3.4344837583793817,50.88196631692136],[-3.436917300407861,50.88204430962352],[-3.439124760372425,50.88262870293477],[-3.4405208645785295,50.88271940800527],[-3.4416142984548412,50.88313761894555],[-3.4440676819726592,50.88339509757576],[-3.4452832078709053,50.884081583399485],[-3.4468270605930877,50.88435026342611],[-3.4472328108186687,50.88459706476402],[-3.448867545341421,50.88504447082812],[-3.450437696153219,50.886158212241206],[-3.450722794331856,50.886181650958214],[-3.4511842471276415,50.88913493776538],[-3.451900607199073,50.88976459505324],[-3.451047760542634,50.88977520067375],[-3.4499451463955997,50.889528084594595],[-3.4485346083417823,50.88943767058929],[-3.44748639372131,50.889108903143224],[-3.4459479472472894,50.889020044114666],[-3.4448002630271572,50.88869248484684],[-3.4434039727444676,50.88860183258889],[-3.4413154358908145,50.88819593058679],[-3.440235194610938,50.88820926507976],[-3.4390918352325124,50.88894288626707],[-3.438103872147558,50.89010629243367],[-3.435902799460027,50.89159041485274],[-3.435530768672285,50.89244042440882],[-3.436317186494831,50.89304234000531],[-3.4362219942397036,50.89364610743357],[-3.4356440231116676,50.89427380157437],[-3.433753490913387,50.8947647251117],[-3.4324710205203997,50.895607915778896],[-3.4325419374227093,50.896992115958],[-3.4314758239984053,50.89747288112776],[-3.4305435905203447,50.89768217693678],[-3.4296923446599594,50.89821425587979],[-3.428191412563669,50.898430496854786],[-3.427332428800264,50.898710822244546],[-3.4249343096142617,50.90028708138674],[-3.424117742484167,50.90149324193813],[-3.4236355986226306,50.903405840135996],[-3.423652327190393,50.90395426685304],[-3.4244853391107934,50.90514929337256],[-3.424629279733957,50.90613687068312],[-3.4243933648167233,50.90679630738605],[-3.42332949111807,50.90829328401527],[-3.4233750141213544,50.9097857227436],[-3.4241402187011887,50.910154135551444],[-3.425966484589793,50.910329708509934],[-3.4264981412132514,50.91050309185775],[-3.4298608007955975,50.91333101252561]]]},"properties":{"WB_CAT":"River","RBD_ID":"8","MNCAT_NAME":"Devon East","RBD_NAME":"South West","OPCAT_ID":"3085","hydromorph":"not designated artificial or heavily modified","MANCAT_ID":"3033","url":"/catchment-planning/WaterBody/GB108045014960","OPCAT_NAME":"Clyst and Culm","WB_ID":"GB108045014960","version":"2","WB_NAME":"Halberton Stream"}},{"type":"Feature","geometry":{"bbox":[-3.514853746135859,50.76262392964861,-3.2651438961058923,50.940055097377055],"type":"Polygon","coordinates":[[[-3.301711789901323,50.93965317204748],[-3.300715674980382,50.93966427234734],[-3.3007845354851506,50.939582569160834],[-3.3003551215164117,50.93949741401032],[-3.2996431115648432,50.939487353361436],[-3.2986893915895363,50.93897632416294],[-3.297987614162559,50.938822238854435],[-3.295816424711247,50.939062204795135],[-3.2954384475194947,50.938778597237196],[-3.2948487802325475,50.93907293912625],[-3.2944041527283,50.93895195565544],[-3.2932717360885837,50.9391803544476],[-3.2895766810201534,50.93887945676319],[-3.2877388420724767,50.93830614904074],[-3.2856755087085507,50.93832888579324],[-3.2851734763906566,50.93846931924327],[-3.2838693015783957,50.93838473437943],[-3.2836374139666575,50.93823438935578],[-3.2839452708466608,50.938042135045684],[-3.283849492036467,50.937665448972275],[-3.283646810144541,50.937541764214544],[-3.283050153914485,50.93758429705549],[-3.282542598097473,50.93672646916694],[-3.2812750876543566,50.93618276944885],[-3.279073262953757,50.93478589055486],[-3.277192097988448,50.93469855678919],[-3.2758756632383577,50.93444313511622],[-3.2739066482811983,50.933223490927276],[-3.272098659509121,50.93268558747769],[-3.2713332850027115,50.9322802092102],[-3.2663666837882883,50.93229820579252],[-3.2658709649548556,50.931970811055976],[-3.2651303756960743,50.931843930972775],[-3.2649145731755334,50.93160372100003],[-3.265365921768303,50.92967847426627],[-3.2661395175988126,50.928554238302816],[-3.271467975011407,50.92493817066452],[-3.2734630403250544,50.922524402992146],[-3.2747923606174116,50.92131726606528],[-3.2764327835388105,50.920429823425096],[-3.28009260686387,50.91759873439816],[-3.2821858396318175,50.916447416914046],[-3.282946306411937,50.91613852598283],[-3.2839115857885535,50.916011976046974],[-3.2866800348714538,50.91589543312729],[-3.2893101126222857,50.91510421113447],[-3.290979772719851,50.91479435730636],[-3.292853343806758,50.914951441409194],[-3.296394398224706,50.914804282199036],[-3.299284043348801,50.915477934678236],[-3.303157240771414,50.9153536948851],[-3.304008900574785,50.915180515457585],[-3.3059587631900813,50.91444694570357],[-3.3061949624031377,50.913933453962464],[-3.3057704401164343,50.91334589277016],[-3.3066480214754264,50.9131292226814],[-3.306621332411298,50.91217617392238],[-3.3057833837887984,50.911717869497004],[-3.30531370226219,50.911201478969595],[-3.3043924664087756,50.910816046576485],[-3.304008639410598,50.91031667919791],[-3.3031702476521425,50.909840373354236],[-3.303048695699089,50.90956292093546],[-3.3031371047602334,50.90865355557731],[-3.3035199656775065,50.90810065647568],[-3.303614642137982,50.90741606675405],[-3.303577974889,50.90610337403237],[-3.303294898819093,50.90513519868294],[-3.302971774537964,50.904770057726765],[-3.302195388689135,50.904472929823456],[-3.301524744669632,50.90388681459266],[-3.2998852132678382,50.90323953748938],[-3.299387245696921,50.90272343793388],[-3.2982636615546013,50.90221429567065],[-3.2977686626654807,50.90078078306547],[-3.297074687882549,50.90037477879785],[-3.2966007232665016,50.89969651123035],[-3.29503973033393,50.89879646607266],[-3.2941834422886407,50.89766374290766],[-3.294811011560719,50.896703434495564],[-3.2951497298934695,50.892508537021314],[-3.2954352895940464,50.89152503680922],[-3.297920675348118,50.889878530776485],[-3.2992987405573264,50.889323566893744],[-3.300006480941957,50.889207760159024],[-3.3018382239373745,50.88758643490719],[-3.3032282177577983,50.88746299712934],[-3.303652136687175,50.88736832443897],[-3.3044624999929315,50.88685561354063],[-3.305484909700881,50.88680820728368],[-3.3067415351726157,50.88598469624829],[-3.3072919678061017,50.88533097296445],[-3.3075110640371768,50.884015411505324],[-3.306528726490993,50.88244348752187],[-3.3064247621047165,50.8817762775862],[-3.306726874070718,50.8813951522698],[-3.3067098499436347,50.880786584188115],[-3.306588607330875,50.88051812477192],[-3.306026572671743,50.88024559732499],[-3.3060190314416165,50.879975864964635],[-3.3080960507218973,50.878504595436695],[-3.3085286579886066,50.8777082832578],[-3.309118477780688,50.87744983992526],[-3.3108732678564037,50.877672979412836],[-3.3126504337773177,50.87767998731968],[-3.3133368712432083,50.877825161420525],[-3.31403140560482,50.87825804514526],[-3.3146445212118207,50.878323091957604],[-3.316672195716245,50.87813834482168],[-3.318027355710141,50.87779926863279],[-3.3183750231570186,50.878029183467106],[-3.3192901345180843,50.87821670887387],[-3.320390021373557,50.87890579553513],[-3.3217127504036035,50.87943045829717],[-3.323295107730935,50.87940353462197],[-3.3238937134058175,50.87913592292696],[-3.324139328912789,50.878773380397554],[-3.324508063924716,50.87874221475036],[-3.3249220514166304,50.87930413210407],[-3.325760108081885,50.8797802866205],[-3.326528229360134,50.8807968643694],[-3.32694804340058,50.88106190941675],[-3.3285246829761572,50.88151165706914],[-3.329365257785007,50.88157403746866],[-3.3324757081623013,50.88146661770645],[-3.3333618436657804,50.881132717158444],[-3.3346626858704833,50.88088400743377],[-3.3346560067012865,50.88065024211034],[-3.3355568369830766,50.88033414451709],[-3.33583284816374,50.8800431806113],[-3.3356207717450457,50.879586918086886],[-3.335749777309258,50.87912675210915],[-3.3364810620852317,50.878848563085995],[-3.3368118461561855,50.87848501819327],[-3.339038611460332,50.878801260983224],[-3.3408240561800544,50.87959021589429],[-3.34189844856794,50.88036933305918],[-3.3433863124837,50.88069398620201],[-3.3453617797937056,50.880671231995734],[-3.345841360648973,50.88053978806739],[-3.346288149873138,50.880750489384],[-3.3468530006263313,50.88061805768982],[-3.3481977472152717,50.88090832537893],[-3.3499739124191565,50.880384135416556],[-3.3505134435646893,50.880359905880475],[-3.3510467331346288,50.88011989190752],[-3.351234774992961,50.87973997019555],[-3.3523245445622982,50.87907978581599],[-3.3526148083442253,50.878302944453395],[-3.353061234325799,50.878009964134456],[-3.3543039940043307,50.87772573218891],[-3.3567593681213466,50.87758928759683],[-3.3590058352258994,50.87711345446687],[-3.359845922657654,50.8766719604393],[-3.3609175533177593,50.876371663577395],[-3.3621892749419366,50.875133651881],[-3.363168729320962,50.87508624023857],[-3.3646066426905823,50.874188030182246],[-3.36722547723907,50.87332993735004],[-3.3677822815425857,50.87292767942447],[-3.368745328535579,50.87135144156139],[-3.369984122857736,50.87094117239762],[-3.370608754314275,50.87043017694946],[-3.3713702202732287,50.870223364702824],[-3.3714459728587003,50.86989869215654],[-3.3728007491612515,50.86956797534643],[-3.3733798000388417,50.86895856737484],[-3.3738591802420186,50.86882700961516],[-3.3743293033297794,50.8683807703093],[-3.3747075579273518,50.867710762224476],[-3.374481411431866,50.866787047882255],[-3.3749385476041245,50.865900254619945],[-3.373725047868838,50.86523100412919],[-3.3736618773663922,50.86501589257937],[-3.374231217050977,50.86504516547517],[-3.374624254999285,50.86487864516602],[-3.3749756513362614,50.86426291586105],[-3.375455508183276,50.86414933355055],[-3.3762641465721175,50.86361814982616],[-3.377110185896513,50.86339231398745],[-3.3783064962866027,50.86251476964118],[-3.379235089822104,50.8621980034481],[-3.380611623850548,50.86068872657282],[-3.380450982872667,50.85909869309386],[-3.3796698373556793,50.85863125022287],[-3.3758822835139646,50.85837017320267],[-3.374395972919474,50.85808189278328],[-3.3736232148998506,50.8588644732381],[-3.37280565028725,50.85908994924265],[-3.370279324518326,50.86113429042006],[-3.369740290611336,50.8611676004752],[-3.3689713408276676,50.86159933987472],[-3.368136867883195,50.86173504148637],[-3.3677175249297155,50.86197380005065],[-3.367057730183179,50.861765675910625],[-3.3648209785913203,50.86303302340448],[-3.3645481349393016,50.863422954303054],[-3.3633556094809838,50.86297820026105],[-3.3621206914367447,50.8630285966205],[-3.3603597575446065,50.86209577748841],[-3.359415869178012,50.86189092159641],[-3.3586557176931877,50.86116226953784],[-3.358321762766824,50.860428652521755],[-3.3575978967982283,50.859969389979824],[-3.352311836125866,50.859976801905454],[-3.3519255187393546,50.86037701199088],[-3.350932498298071,50.86092814894719],[-3.349075150331046,50.86107555067524],[-3.348569181121952,50.8612702717256],[-3.3476118224756717,50.86256746572025],[-3.3473329714942484,50.86373989855885],[-3.346384000435383,50.86434445111218],[-3.34608335724988,50.864761640664874],[-3.3445727809883974,50.86560649711293],[-3.3439936509945625,50.86622475598923],[-3.339683812265537,50.866598091727106],[-3.3393030742096967,50.86620672855624],[-3.3373084619354367,50.86504240246233],[-3.336983556435663,50.86461441619165],[-3.335278343119613,50.863626618461026],[-3.334514942417716,50.8627719327211],[-3.3332127541483425,50.86195937424628],[-3.3270913292123363,50.86208311024899],[-3.3249131550967412,50.861945968945],[-3.3245397120007323,50.86180630519782],[-3.323721343798722,50.86201345726881],[-3.323451626897421,50.8615218501243],[-3.324039377459629,50.861200395531505],[-3.3239452275249106,50.860886676052104],[-3.3206183994648177,50.858316123764276],[-3.3278577068712663,50.858045108874656],[-3.3289650938989808,50.85751085437685],[-3.3302947386528365,50.85729783771146],[-3.3305721848378465,50.857060832060704],[-3.3316978195869615,50.85667024638349],[-3.335976863117815,50.85624359063638],[-3.3365068715683948,50.85589575157177],[-3.337864328839824,50.85566434182708],[-3.3384728503392673,50.855081750810875],[-3.3395420689900965,50.85470972387204],[-3.340886023381428,50.855000083088036],[-3.346407825746006,50.854810587760554],[-3.3472861945380985,50.85521417191737],[-3.350894066300193,50.85517246137039],[-3.351340285075367,50.85487948811122],[-3.3514453418764303,50.85458147071984],[-3.351002945173132,50.85303963169323],[-3.3502769292999757,50.85249940310968],[-3.348026983661479,50.85133821317637],[-3.348524032791033,50.850837802009316],[-3.348810303600393,50.84992610273523],[-3.3489734729575478,50.84967238544709],[-3.350182950061102,50.849244674496425],[-3.3524322550253425,50.84743781988597],[-3.3536679639322404,50.8469378164593],[-3.354821315955915,50.845557346258744],[-3.355465193335169,50.84522608521882],[-3.356204942160615,50.844282115623535],[-3.3572217770798733,50.84358674994777],[-3.356303150733966,50.84276998508197],[-3.3564258610687085,50.84210300383009],[-3.357302211361811,50.84146323398147],[-3.358022757017454,50.84132893415363],[-3.3583510239860215,50.84089340168075],[-3.359445022788272,50.84041297323396],[-3.359969972623874,50.83990319241201],[-3.3606552102989387,50.84002111944066],[-3.3613914932210442,50.83994057907663],[-3.3622072106099536,50.83966123887392],[-3.3622855997504346,50.83942647986388],[-3.3634988821547913,50.83914248810904],[-3.363868062914275,50.83913817332178],[-3.3643003335647923,50.83934897555909],[-3.3657086903430486,50.83942243946596],[-3.3666653141801075,50.83910544257057],[-3.3675041199070512,50.83913159058311],[-3.3685627495349437,50.83890332244661],[-3.369088118332734,50.83889715904487],[-3.3695787860661506,50.83916122057123],[-3.3719037668653224,50.83900799074271],[-3.3722256006653355,50.83884231417178],[-3.3722876291693855,50.838535788605135],[-3.3726546933402846,50.83845951886404],[-3.372898138157889,50.83804293049961],[-3.3737910245874407,50.83749278063837],[-3.374389482910933,50.83755768473263],[-3.375752716181973,50.83851297125095],[-3.37640877974835,50.8386041678136],[-3.378940443709724,50.83871817937219],[-3.3798635249594224,50.8382305840569],[-3.3864162644017477,50.83846769594854],[-3.386794165119056,50.83820237857897],[-3.3869275016694105,50.83695062572506],[-3.3878484562627893,50.83543767391506],[-3.388056008166657,50.83381628140973],[-3.387217499211185,50.83236022862231],[-3.387126595610795,50.831210074489235],[-3.386601926599269,50.83075761597422],[-3.3862536454713377,50.82954756135076],[-3.384677719705183,50.82764155406989],[-3.3864557949130094,50.82678399278785],[-3.3867597203383735,50.825539204355984],[-3.3872638114034066,50.825299366548414],[-3.387731977142175,50.82528480468999],[-3.3886607816364758,50.82548061575997],[-3.389128467044739,50.82497138214974],[-3.3896231498200584,50.82489353870273],[-3.3910953661839787,50.82521776703603],[-3.391417275628651,50.82553771351666],[-3.3922186136600514,50.82574401051251],[-3.3944726820989595,50.82704820765588],[-3.3959733899159144,50.82737203416114],[-3.3964605743923006,50.82704241849076],[-3.39722122031287,50.826835442589385],[-3.3971596077569735,50.82667428776835],[-3.3979978961279103,50.82621454381586],[-3.3987863743850943,50.8259892360043],[-3.399755828024111,50.82516814487707],[-3.400259187227645,50.823956902670275],[-3.4006274353789396,50.82392550009482],[-3.401040081171498,50.82347983709971],[-3.4021567705683076,50.8228368379886],[-3.4051856644943865,50.822512585480695],[-3.406028660248841,50.822214619108195],[-3.407182024577263,50.82090556936347],[-3.4082838335011085,50.82024470210905],[-3.4102392520213054,50.82011315211951],[-3.4114943143926473,50.819828152009315],[-3.4122766516921015,50.819404957044355],[-3.414600495399927,50.81925088491654],[-3.415463601931184,50.818682783938996],[-3.415886770909059,50.81765232535433],[-3.4167187274040587,50.81699465214966],[-3.418920723352911,50.816572150926596],[-3.4196139704283035,50.81602407261374],[-3.419088269359586,50.81554478889107],[-3.418267401847399,50.815626724093384],[-3.417677879761544,50.81584974742828],[-3.4173509611677364,50.815368040071306],[-3.41517328561793,50.813775545350694],[-3.4144528586159253,50.81342451993929],[-3.4132264487388686,50.81324151421842],[-3.4126501243970884,50.81296068446278],[-3.409985910054412,50.81123007908387],[-3.4092988121396317,50.81104051241847],[-3.4081419457148665,50.81033495725235],[-3.4080213950593947,50.81010256654853],[-3.4093549708865405,50.80913309075499],[-3.409427121993131,50.80870050350009],[-3.409034924621523,50.80793175114484],[-3.408628423462224,50.8076308620564],[-3.4081419223514784,50.806557446823724],[-3.4077199297801353,50.80621176400151],[-3.4077118228556356,50.80594203954773],[-3.4077037160556056,50.80567231508042],[-3.4082415095890357,50.8056208606413],[-3.4097664418038085,50.80488291466236],[-3.4098236993133177,50.80395583238606],[-3.4111573358186065,50.802995327508604],[-3.411840101761317,50.80116126630157],[-3.4124194386834015,50.800605613397586],[-3.413395729818653,50.80003615414045],[-3.4168498603041435,50.798807028448415],[-3.4175423290447555,50.798240981167574],[-3.4176902579364903,50.79750166744371],[-3.4189670784739183,50.796550754592644],[-3.421617679146989,50.79597883316413],[-3.423004612908166,50.7958539916855],[-3.4236718706684517,50.79539614407748],[-3.42282234689683,50.79452508780614],[-3.4209728069513616,50.79343236581811],[-3.420234667709125,50.792487980890705],[-3.419653719057209,50.79064226737853],[-3.4196521057613665,50.790120628727934],[-3.4199805364657956,50.78972088989751],[-3.421965196162774,50.789660734230765],[-3.4224147150818975,50.78951134723412],[-3.4232139261914436,50.78966349178421],[-3.424003352083818,50.790427349969505],[-3.426181691742631,50.791934604607015],[-3.428697544224108,50.79267243725956],[-3.430054510762558,50.793429301498335],[-3.43116698211787,50.79361352708245],[-3.4316051696300747,50.794021878819706],[-3.432097566424768,50.79527500983404],[-3.433513607072792,50.79610306159778],[-3.4354032081896357,50.79756385225972],[-3.4362163623367907,50.79723904875487],[-3.4383026579336047,50.796781623813345],[-3.4403050892639286,50.79682886742439],[-3.4412059958858587,50.797051586344836],[-3.441584393125891,50.79643530946525],[-3.443177083881727,50.79654153178249],[-3.4440067295321293,50.79491232215839],[-3.444451791753052,50.79461899948058],[-3.446227480027307,50.794219242646456],[-3.446431683804098,50.793479192290604],[-3.446821643570309,50.79324050845293],[-3.447458295002138,50.79317864464495],[-3.448364166271763,50.79356314090725],[-3.4507294407380966,50.793875522614904],[-3.4518887109666307,50.793735180144566],[-3.452554039922558,50.794140626257594],[-3.4542879672417333,50.79422694939144],[-3.4553510681988544,50.794645407642065],[-3.4568569366055075,50.79469856151784],[-3.458734242838317,50.79391959088675],[-3.4604069479193273,50.79386268254247],[-3.461843713843749,50.793520895126136],[-3.4627646050672722,50.79347337315296],[-3.4633400051512444,50.79326828448867],[-3.4636675204064784,50.7928504445714],[-3.4642298480704126,50.79268149205313],[-3.464644572665128,50.7927842146242],[-3.464692185043221,50.792945511255304],[-3.4660522222214305,50.792874459450985],[-3.4678039969825787,50.791719165363006],[-3.4698290432281826,50.79113602635758],[-3.4699329269980033,50.79082891615992],[-3.4694303736895997,50.790187670081174],[-3.469504655970613,50.788936547482756],[-3.4713889945564436,50.78568388947122],[-3.4723347574153207,50.78507833962624],[-3.47261964851291,50.78421130356777],[-3.473120308871003,50.78389018527602],[-3.472990184556452,50.7833611733208],[-3.471810911989978,50.782854400055655],[-3.4702827698266843,50.782531896739265],[-3.4670759568188174,50.78296802275749],[-3.4665830927914443,50.78263244356358],[-3.4660714335752467,50.782602899889916],[-3.466061591814886,50.78228822812438],[-3.466704653120824,50.78198333556095],[-3.4672704378660884,50.7810228380161],[-3.4686398966550565,50.78035802124854],[-3.469692833483667,50.77955327074061],[-3.4711869432134166,50.77924661928874],[-3.471633379807702,50.77900713844566],[-3.4732794331835493,50.77902233264294],[-3.4734456416442163,50.77889431451714],[-3.4740513924063383,50.77921044985452],[-3.4747201348739694,50.77927394884545],[-3.475543197774274,50.77883181816373],[-3.4763628714919332,50.77783208586537],[-3.4766612813519293,50.77649717026159],[-3.47767713443434,50.77542299047179],[-3.4776414585952846,50.77339075836988],[-3.4785789571361283,50.772533422938544],[-3.479607484573424,50.77231350547212],[-3.480174616702395,50.772306308548885],[-3.4806322497473774,50.771976714857516],[-3.4814055410015565,50.77220973723085],[-3.4847575231533146,50.77414582943318],[-3.48541101271812,50.77507290272204],[-3.4862441597020193,50.774954357639515],[-3.4877777797847935,50.775006756134864],[-3.488096567463466,50.77521854922572],[-3.4889632071784957,50.77526145266099],[-3.4896399095504558,50.77557660153279],[-3.4903925515932785,50.77560296207938],[-3.4910692683750275,50.77591810251482],[-3.4917895530299523,50.77581894915453],[-3.492262491978341,50.77552508446012],[-3.4932046177699787,50.77571089748575],[-3.494234544867071,50.77553581041439],[-3.494730091333233,50.775061762143125],[-3.495495918330873,50.77550165350662],[-3.496148159892841,50.77549328759372],[-3.4968370262708457,50.77485485450652],[-3.497318471105408,50.77394026053159],[-3.497571964506631,50.773883040389435],[-3.4975636373024197,50.77362231567609],[-3.4981267591262832,50.773489164239905],[-3.4985386109383296,50.77306114549222],[-3.4991819068067898,50.772774057291684],[-3.4997555420684856,50.77208312244102],[-3.5006809387297113,50.77174742653697],[-3.5006404987972637,50.77137019051048],[-3.500988039269298,50.77114985697083],[-3.501021939320825,50.77087959458808],[-3.5015022549967796,50.77081944602998],[-3.5019601089203274,50.77005803693754],[-3.5025440405517476,50.769690746510555],[-3.5044316926391548,50.7692886528854],[-3.5052204984141175,50.76823514580002],[-3.50595076876164,50.76800985636058],[-3.5068095123328553,50.767369168609285],[-3.5072235815089443,50.766131610357746],[-3.5078019316612905,50.765593475035566],[-3.5084181619568997,50.76535165587888],[-3.5091043996222853,50.76464122817427],[-3.5090375727088823,50.764327295372],[-3.5092831886533906,50.76402730743984],[-3.5101959190480025,50.76374566385288],[-3.5113690103708857,50.76362253481203],[-3.5118815978382076,50.76280641013708],[-3.51240144302834,50.76265576142864],[-3.513041645741626,50.7627194101313],[-3.5139263846600777,50.76332852213679],[-3.5139379917087488,50.76368814036413],[-3.514358337830193,50.763970503712294],[-3.5149312731913667,50.765024380120146],[-3.5140261374108217,50.765980528636575],[-3.51305533920705,50.76754013434276],[-3.5118356162277755,50.768419398476546],[-3.5110232374194092,50.76961716375333],[-3.509899185256892,50.76994652045515],[-3.5093318027340206,50.770826303664926],[-3.5070152512958592,50.772888953539194],[-3.5033244915945416,50.7781082527922],[-3.5013328251094866,50.78058932318383],[-3.5011532973716584,50.781185250507974],[-3.4997726056663416,50.7823722580912],[-3.4984938001246655,50.78319817248801],[-3.495335820787671,50.78471375054822],[-3.495417791075809,50.78550418708361],[-3.4949424787048193,50.785726140781485],[-3.494645951100703,50.78621562669894],[-3.494389520980867,50.78618293595359],[-3.494111605034458,50.78636638006834],[-3.4933165221491733,50.78724000348704],[-3.493536282191165,50.78790275819905],[-3.493447744319425,50.788686384767395],[-3.4928334085335244,50.78989047399422],[-3.4932222284032286,50.79140551085196],[-3.4931250854832063,50.79191942191072],[-3.4926302071618767,50.79242043518581],[-3.4926471043423057,50.79295087457895],[-3.493164901898336,50.79405952304805],[-3.492785486578119,50.79462201764415],[-3.4921057531163533,50.794666691922465],[-3.491583037555243,50.795186044788984],[-3.4919549729022665,50.79617064613338],[-3.4919956285863774,50.79744729635325],[-3.4915144200678907,50.798379848702],[-3.4915026494100654,50.798901660134064],[-3.490977305563366,50.7993400959391],[-3.4908761175859615,50.79972813787687],[-3.491856234618135,50.8010917113495],[-3.4919745731954754,50.802133519119465],[-3.4910871948610187,50.802792444774276],[-3.4907116917839907,50.80348079945928],[-3.490729146176412,50.804029219279855],[-3.491069204239141,50.80445659179443],[-3.490217126021375,50.80578062566743],[-3.4902912208897288,50.80810916149445],[-3.48991223268083,50.808689627655916],[-3.4880399165144143,50.809181222078486],[-3.486555245216319,50.80981175297051],[-3.4845948591449902,50.810214472638506],[-3.484507562339324,50.81104304364283],[-3.484008119373345,50.81140916368463],[-3.4843294214060054,50.81169288785751],[-3.4843130105661815,50.81207085008063],[-3.485358098302523,50.81279506595972],[-3.4874754302380246,50.813307734137325],[-3.4861439446735543,50.814296070455],[-3.484567668031075,50.81472987097275],[-3.48390359098829,50.815277967703686],[-3.483194596299358,50.81530497254399],[-3.4827501554504043,50.81561642264859],[-3.481846458912936,50.81577181156754],[-3.4819180223830744,50.81623859676978],[-3.4816325179503207,50.81663796456122],[-3.482113367426211,50.817027597629384],[-3.4820825001816873,50.8178464546055],[-3.4822897290717445,50.81811364520321],[-3.482190708847235,50.818573603346564],[-3.481940939625247,50.81875665885572],[-3.4818900125791643,50.82073601115795],[-3.4820229118045187,50.821345922624765],[-3.48243142379524,50.821691502675485],[-3.482587309355481,50.822130233218644],[-3.4826390475880213,50.822867092868734],[-3.4827906670319666,50.823170965634425],[-3.4837746472476776,50.82375206625587],[-3.483956945272355,50.82412750020005],[-3.485376485150185,50.825008845972356],[-3.4854024505808185,50.82582697938021],[-3.4827286639732793,50.82748892548885],[-3.48213589096016,50.82760438694267],[-3.480707909204354,50.828252106698756],[-3.4799379957177945,50.829053356667885],[-3.475256854974303,50.829670277808184],[-3.473702649462487,50.8303734714892],[-3.4736532271657223,50.83060794218031],[-3.4730700142086453,50.83102903560963],[-3.4704384326550333,50.83224945227271],[-3.4684938077454404,50.833641045970786],[-3.4683369872088607,50.834074735731704],[-3.4682061411483542,50.833977440274566],[-3.4682484608081525,50.835326020102855],[-3.467830780069385,50.83514240708986],[-3.467212497493786,50.834448645582924],[-3.4647812053995537,50.833004165813925],[-3.4634368590066473,50.83179784098917],[-3.462239096424564,50.83118991526467],[-3.4614246486631566,50.83103158446561],[-3.4600039056852023,50.83101339607174],[-3.457800882887981,50.83050129925802],[-3.4560521770165,50.82998349187457],[-3.4551057485248204,50.8293957589036],[-3.453049814317693,50.829337373652855],[-3.4504429157858496,50.82953507222125],[-3.4485800947577467,50.829914612820126],[-3.4480790563829156,50.8302446193717],[-3.447721620682932,50.83154420157839],[-3.447782263126764,50.83350415616096],[-3.447918375201047,50.834230986518946],[-3.448762138262488,50.83487707913874],[-3.4488862977371766,50.835217311869286],[-3.4486468876093785,50.83574194051018],[-3.4479820925117965,50.836289836740164],[-3.447832306969714,50.83695725624338],[-3.446882407882827,50.83747270727979],[-3.444764330537528,50.83787670474752],[-3.4430364543185004,50.83895938655187],[-3.441713411136956,50.839353492555205],[-3.4402928088957347,50.840270442807196],[-3.4396038801757767,50.84096249292706],[-3.439060059948213,50.842678070709376],[-3.438399754772194,50.84337875424365],[-3.43824345297504,50.8438393773017],[-3.4372470052813293,50.844697095689895],[-3.436179361941467,50.845087991475445],[-3.4342527593029093,50.8461909738923],[-3.436223848406291,50.84746187047134],[-3.436709226222579,50.84846322735403],[-3.4375500567154966,50.84901050171441],[-3.4379288458117556,50.85116440305354],[-3.438639054633503,50.85208203453579],[-3.4389944015718523,50.85347172801401],[-3.439737226789258,50.85452386094007],[-3.4407158062678316,50.854925508405366],[-3.4411863948396713,50.85544135112738],[-3.443913894878572,50.85726040373709],[-3.4448056130586777,50.85898649762776],[-3.4448203404701463,50.859462998770354],[-3.4445698552707715,50.860094398276274],[-3.444044780297109,50.860577580409576],[-3.443771973966814,50.8618671014184],[-3.442948579821786,50.8623539616017],[-3.435161327137208,50.86283441665668],[-3.4314178284330525,50.86341336553116],[-3.4277799659707946,50.86451022982167],[-3.4209460536775405,50.86551102886838],[-3.416599165064244,50.86698492717434],[-3.411455359953067,50.86796463968199],[-3.4101267860077042,50.868682231558395],[-3.405353987333471,50.86877577977554],[-3.4048468233744136,50.868925789721786],[-3.4015127791094604,50.869127768131555],[-3.3979363109376957,50.8688288925705],[-3.397357771946281,50.86849405006199],[-3.3967588871280796,50.86842926751916],[-3.3965347839523985,50.86853987719478],[-3.396357901245487,50.86927949974573],[-3.395379970586312,50.86984882293794],[-3.3928540894529586,50.86998692401691],[-3.392122747908738,50.870247481365546],[-3.390831911138356,50.87033482381811],[-3.3903608880704623,50.87026848453173],[-3.39006815841897,50.86998416457858],[-3.390368500699507,50.868613503297794],[-3.3902409278028895,50.86814733655788],[-3.3890571719172136,50.86753185417637],[-3.38824923300873,50.86760441850188],[-3.3875388449141823,50.867612866831294],[-3.387175878987221,50.8673563637977],[-3.3866548973012747,50.86728160950669],[-3.3857882291809083,50.867291904004155],[-3.38521905199359,50.8675090509568],[-3.385046062958766,50.86742685403864],[-3.3852544583965836,50.86678558477667],[-3.3856448051678747,50.866529119526035],[-3.385897949882342,50.86595949336264],[-3.38573925526385,50.86516091430016],[-3.3853633844469564,50.86470668427067],[-3.3853263427908464,50.86345696156604],[-3.3862290415625607,50.86226803126396],[-3.3863117589440987,50.86122374715547],[-3.386041391367272,50.86073228982236],[-3.3849946070577364,50.859935259915915],[-3.383864026416378,50.86014654012597],[-3.383310327360875,50.859683583270765],[-3.3820819289016297,50.85935989623753],[-3.3815094979657965,50.859667288213046],[-3.381015525244024,50.863777874368736],[-3.3804945270806286,50.86442261056677],[-3.380469831813495,50.86551117297448],[-3.380114782123398,50.866001046613874],[-3.3800789268250857,50.8667119940206],[-3.3797759168779407,50.86703935968743],[-3.3801309672072466,50.86847419576911],[-3.3799232753396753,50.87010455894991],[-3.3778585810537036,50.87142408370699],[-3.377301983746592,50.87231206143712],[-3.3757722342959733,50.87297766923293],[-3.374354074127563,50.874055664481986],[-3.373454161060364,50.87439004053613],[-3.3732094811793236,50.874770665603094],[-3.3709527596109754,50.875372809107205],[-3.370257542398514,50.87590262237508],[-3.3687912514692666,50.87631556191386],[-3.3683812627892316,50.87687799402859],[-3.368394693515793,50.87733652761568],[-3.3689039434753867,50.878220955997335],[-3.3682628727106474,50.878660182391116],[-3.3679676020483305,50.879257243559834],[-3.3664574894134134,50.88012036349856],[-3.366172441990966,50.88106806363126],[-3.3652602036235586,50.88196014346862],[-3.365224662028486,50.882203395383684],[-3.3647909098653415,50.88244231039393],[-3.3639555279519175,50.88256000289132],[-3.3633259396691346,50.88290912794842],[-3.3621641800667654,50.88304860726181],[-3.360884778101174,50.88500621983218],[-3.360071408000563,50.88539344532547],[-3.3593242988577963,50.886103674617914],[-3.3578570672790815,50.88649849753965],[-3.3574105916199763,50.88679149617943],[-3.3573102080534505,50.887251353444505],[-3.357961241160664,50.88812518500671],[-3.357865043289741,50.88872889664013],[-3.357585460773417,50.88889403928632],[-3.3567857961180696,50.88877742255466],[-3.3557986198454177,50.88905871085513],[-3.355073564519283,50.890533138466104],[-3.3545440902694055,50.8909080344506],[-3.354503399997705,50.89146612913143],[-3.353326519833327,50.89207337806886],[-3.3538293951298903,50.89274208973769],[-3.353364306544935,50.89337705662099],[-3.3534934103616045,50.8939062001732],[-3.354760589532505,50.89444912204722],[-3.3571935885362496,50.895958816871186],[-3.3572758092915547,50.896830269708474],[-3.3586936550807733,50.89765920208201],[-3.359165878030761,50.89824730232323],[-3.3606767054575917,50.899335951254336],[-3.36037649541805,50.899771157630354],[-3.3604425373340803,50.900085174564445],[-3.3593471628433753,50.900565618275614],[-3.3588032162037105,50.900446036664086],[-3.356473346491935,50.901516426129525],[-3.355765566804292,50.90163257536082],[-3.3553199791938,50.901961529929906],[-3.3547217621542185,50.901932498342816],[-3.35409132370841,50.90226359325452],[-3.350962562299296,50.90276752677176],[-3.3465331665229856,50.90404187262392],[-3.3451715016720605,50.90417449185918],[-3.3445016738296447,50.90462290884019],[-3.3434525522587593,50.90474291392064],[-3.3429336808970302,50.90500071287565],[-3.3416728055974816,50.90517710100259],[-3.3396215879914597,50.905074743624766],[-3.339146897959513,50.90538598189221],[-3.3387456557991237,50.905282657506476],[-3.3382597920042874,50.90619661004844],[-3.337084647978185,50.90688461643796],[-3.337041677775129,50.90737077782853],[-3.3362333842344976,50.90795564053261],[-3.335183136266992,50.908039608243676],[-3.3343470426804087,50.907653437553066],[-3.3330103372902746,50.907668708665355],[-3.332390292419299,50.907873652277665],[-3.33237371317641,50.90928587894015],[-3.3318327031910893,50.909768727262026],[-3.331113078373177,50.909974799898926],[-3.3305368186624733,50.9107188660749],[-3.3309060802871193,50.91169498810577],[-3.330611684601111,50.91334422068015],[-3.330761085071539,50.91359434586437],[-3.332103608798609,50.9137768997465],[-3.332422658211447,50.913989111491496],[-3.3325698191600117,50.915156633680006],[-3.3323932991184564,50.91595010797545],[-3.331747776210674,50.91626326452051],[-3.3305545904727274,50.91633083242681],[-3.3303331767752193,50.91654920819812],[-3.3290068515811213,50.91643840019566],[-3.3287417366453536,50.916621294967506],[-3.32890548033071,50.91737491496788],[-3.3292057057705806,50.917425460322576],[-3.329514131404419,50.917763714840525],[-3.3295666656416487,50.918608538741374],[-3.3290369261244983,50.91899231302461],[-3.3287398818684877,50.919553312850546],[-3.327064527437003,50.9196802944118],[-3.3269006859292363,50.920923307632016],[-3.325550988880319,50.92149625787305],[-3.324717433861823,50.92220723858924],[-3.324350285507044,50.92330865258759],[-3.3245372598336944,50.92688607945882],[-3.323585700224903,50.92745448831676],[-3.323287517618293,50.92797951060143],[-3.322043739557651,50.92828140320869],[-3.318770136383492,50.93027907893455],[-3.317343343622743,50.93065493856511],[-3.3164754735634916,50.93066472711086],[-3.3164129797758606,50.93046756756968],[-3.316242759491523,50.93048747425722],[-3.316195494093815,50.93082977241126],[-3.3155786190509184,50.93116050227003],[-3.315002868860343,50.93194045676873],[-3.3139581206272055,50.93224002070391],[-3.3119223990200926,50.93323424411873],[-3.309298260742897,50.933551501196646],[-3.308653348356018,50.93390049600487],[-3.3080293159715133,50.9339794388829],[-3.304687907873328,50.933971853974064],[-3.3042885065605003,50.93406688111087],[-3.304081851744624,50.93431139536031],[-3.3027823701762467,50.93466766627484],[-3.3024849124427993,50.935228600874886],[-3.3025861869041298,50.93630620184365],[-3.302198669462463,50.93721043087475],[-3.301642043045799,50.937666327373364],[-3.3008791640835984,50.93787269268269],[-3.3011289223437705,50.938661364497285],[-3.301941366050201,50.939209924372385],[-3.301711789901323,50.93965317204748]]]},"properties":{"WB_CAT":"River","RBD_ID":"8","MNCAT_NAME":"Devon East","RBD_NAME":"South West","OPCAT_ID":"3085","hydromorph":"not designated artificial or heavily modified","MANCAT_ID":"3033","url":"/catchment-planning/WaterBody/GB108045014970","OPCAT_NAME":"Clyst and Culm","WB_ID":"GB108045014970","version":"2","WB_NAME":"Lower Culm"}},{"type":"Feature","geometry":{"bbox":[-3.3054992608108713,50.889065503361614,-3.218952391447383,50.94837097139845],"type":"Polygon","coordinates":[[[-3.223587709102225,50.9459841240556],[-3.224112316344627,50.94048345870159],[-3.2230888556451744,50.93728341581316],[-3.222928080171607,50.93549534355399],[-3.2231098360989594,50.93482790221116],[-3.222891525190737,50.934101694831995],[-3.223452009320857,50.931595559521114],[-3.223226161385433,50.93058163112415],[-3.2234539542835976,50.92949999335952],[-3.223590095624663,50.9292647289841],[-3.224976884846668,50.92842276185698],[-3.225185149833632,50.927683088069756],[-3.2250229846314165,50.92746893925081],[-3.2245402139394046,50.92750997846265],[-3.2243922791609925,50.92729567952855],[-3.2237390709149323,50.925179998929124],[-3.2233915094897223,50.9249498032739],[-3.2230496102475668,50.924935397681175],[-3.222452210777168,50.92440251455055],[-3.221763888747523,50.9203980114775],[-3.2199040842840043,50.91892449141309],[-3.2193430598342747,50.9181299061542],[-3.2185985275493816,50.91796679790122],[-3.218144025322268,50.917439793900726],[-3.22033002719129,50.91777950446784],[-3.2210982112371975,50.91755625781149],[-3.221275929860438,50.91723567206373],[-3.221110789479254,50.9166920158533],[-3.2202440305784683,50.91560223551978],[-3.219803463898956,50.913987959094335],[-3.220006106873401,50.911944253064476],[-3.2203504877408333,50.91096932498662],[-3.219963793818823,50.90923756567877],[-3.2199264213605883,50.90780794377254],[-3.2200260855780685,50.90726727484094],[-3.2205561283635986,50.90686600754435],[-3.2209387239423024,50.90572246806789],[-3.22091590866774,50.904850308623885],[-3.220109761777139,50.9039386967948],[-3.2206407070873535,50.903573394512115],[-3.221661697615143,50.90345478884033],[-3.2218931712406844,50.90251701121866],[-3.222421260829467,50.90204380493297],[-3.2224435768696034,50.901809732437016],[-3.224537286314377,50.90029481755004],[-3.225752533128564,50.899994261757946],[-3.2276275495869036,50.89882335119475],[-3.2294304250339088,50.89815682317897],[-3.2306887079755096,50.89733412118899],[-3.231100064421831,50.896754179571104],[-3.2312531274028555,50.89608702294085],[-3.232066342197779,50.895646739414985],[-3.2322250831570614,50.89519537301021],[-3.2327288249707844,50.89488426458706],[-3.2327740600228267,50.89444308978366],[-3.2334201947092907,50.894139468237036],[-3.2336035499844886,50.89354393856647],[-3.233964150101015,50.893198361984865],[-3.234001530630284,50.892460473436905],[-3.2347999650135746,50.89200233888601],[-3.2348492203363173,50.89171401547151],[-3.235929570252724,50.89116295211733],[-3.2361647464663146,50.89037799891189],[-3.2360505144422613,50.88982158411287],[-3.236761283374412,50.88981405541989],[-3.2367942789312836,50.890524225395154],[-3.2382074330356536,50.89126472514559],[-3.2388202403876187,50.89185181567479],[-3.240361298151892,50.892051302339894],[-3.240769381742696,50.89242470606111],[-3.240578955524252,50.89275050780396],[-3.240700808506152,50.89305500279934],[-3.2415738717132236,50.893801201251016],[-3.2422639217012614,50.89408166206209],[-3.243770714915883,50.89512688821704],[-3.245171649293725,50.89539975525655],[-3.2462920978349605,50.895819501708424],[-3.2476873004422964,50.89587654800407],[-3.2482473327875394,50.8955467829564],[-3.2491126487117112,50.89546557599863],[-3.2514107467257185,50.89578272748467],[-3.2518787131552345,50.89626337653324],[-3.253280692873312,50.89657211058331],[-3.2562004961080064,50.89832150430302],[-3.2573196595409475,50.89868719614939],[-3.25920194773408,50.89992604330724],[-3.259531247792214,50.90053407107075],[-3.260714163974029,50.90115086982771],[-3.2616711908129226,50.901302419185534],[-3.2626454735985524,50.90104005792336],[-3.2631338809344084,50.90069300859769],[-3.26388746363498,50.90068485202005],[-3.264961076498915,50.90146468026067],[-3.2656489406927123,50.901655088749756],[-3.2664024677549515,50.902168558789235],[-3.2672325383996474,50.90235741518636],[-3.267696826594593,50.9026941397633],[-3.2688607966508387,50.903131185453155],[-3.2698792213061174,50.903237031172296],[-3.270740653131596,50.9037403056586],[-3.2725190599242855,50.90427855096085],[-3.274543683719059,50.90549761257337],[-3.276945424859101,50.905939045224706],[-3.278298856683382,50.90653581360061],[-3.2807810726704663,50.90679640967501],[-3.2818501681563514,50.90739625621879],[-3.2833389877282357,50.9077396523603],[-3.2842795251813275,50.907801259854644],[-3.284617354401805,50.90767162916872],[-3.2858604876361643,50.90787379513852],[-3.287253942691168,50.907336795802365],[-3.287811346968456,50.90691693159492],[-3.2890043620519913,50.906849801756685],[-3.2895390184094904,50.90663703869342],[-3.2906957816072855,50.907316780764404],[-3.291153032055421,50.907905317897004],[-3.2922928906333335,50.90848629892968],[-3.292893356669135,50.9096218679855],[-3.2929793890101204,50.91067319418949],[-3.29425381659801,50.91148650542533],[-3.29499533901243,50.91155023303365],[-3.2963546242601574,50.91131929493307],[-3.297476408885169,50.911756524852635],[-3.2982893363989634,50.91234108060577],[-3.299249213317863,50.912582229549386],[-3.2998739777856363,50.91253929951265],[-3.300618176703637,50.91269290007443],[-3.3029465965967684,50.913548332943854],[-3.3052124584114138,50.91368491170109],[-3.3057704401164343,50.91334589277016],[-3.3061949624031377,50.913933453962464],[-3.3059587631900813,50.91444694570357],[-3.304008900574785,50.915180515457585],[-3.303157240771414,50.9153536948851],[-3.299284043348801,50.915477934678236],[-3.296394398224706,50.914804282199036],[-3.292853343806758,50.914951441409194],[-3.290979772719851,50.91479435730636],[-3.2893101126222857,50.91510421113447],[-3.2866800348714538,50.91589543312729],[-3.2839115857885535,50.916011976046974],[-3.282946306411937,50.91613852598283],[-3.2821858396318175,50.916447416914046],[-3.28009260686387,50.91759873439816],[-3.2764327835388105,50.920429823425096],[-3.2747923606174116,50.92131726606528],[-3.2734630403250544,50.922524402992146],[-3.271467975011407,50.92493817066452],[-3.2661395175988126,50.928554238302816],[-3.265365921768303,50.92967847426627],[-3.2649145731755334,50.93160372100003],[-3.2643412837606856,50.93160963789594],[-3.264152143765884,50.93145879955751],[-3.2637846547888976,50.9315527155464],[-3.2633478746696767,50.93224096988758],[-3.2630676955185716,50.93240588914102],[-3.262696788003486,50.93237392566871],[-3.2625171773460346,50.93257373110679],[-3.262486665110308,50.933023750151605],[-3.261794826245099,50.93322909170812],[-3.2595889260630124,50.933234921179164],[-3.2591182691453113,50.933725661527966],[-3.258303684832099,50.93413016894277],[-3.258112731240133,50.93443801501458],[-3.2568220962179764,50.93513544113065],[-3.257152349538147,50.93577044394777],[-3.256773562506456,50.93650301718593],[-3.2553854771471387,50.937813052129016],[-3.253507680858782,50.938912477639384],[-3.2519254826399204,50.93936115251652],[-3.251312610105086,50.939331746683806],[-3.250422848431186,50.93959310349109],[-3.2493828061893524,50.940089899333444],[-3.249106385347596,50.9403986444947],[-3.2485120662174602,50.9405309131581],[-3.2484664614990986,50.94095410752346],[-3.2479471113156064,50.9417601036759],[-3.2466855461008386,50.94249307995094],[-3.2447268969635505,50.94271183714433],[-3.243527939068302,50.94365996161556],[-3.2429340417371715,50.943810184617114],[-3.2424587890696754,50.94413901730946],[-3.241927260647199,50.94391982771887],[-3.2388661311997153,50.943943350052635],[-3.2383580841057316,50.94411062637231],[-3.23405818670507,50.944623821378975],[-3.2330548437700593,50.94490423262223],[-3.2327054361550895,50.94514985239809],[-3.2329360699076077,50.94579586732043],[-3.232126988887068,50.946424975125616],[-3.2306306725657192,50.94690842795824],[-3.2296789737257883,50.94753002762819],[-3.228443545627887,50.947650955185665],[-3.2283083247484567,50.947922189668525],[-3.2272074066401517,50.94828451194066],[-3.2253075915208735,50.94696440312242],[-3.2238952970713624,50.94631367703642],[-3.223587709102225,50.9459841240556]]]},"properties":{"WB_CAT":"River","RBD_ID":"8","MNCAT_NAME":"Devon East","RBD_NAME":"South West","OPCAT_ID":"3085","hydromorph":"not designated artificial or heavily modified","MANCAT_ID":"3033","url":"/catchment-planning/WaterBody/GB108045014980","OPCAT_NAME":"Clyst and Culm","WB_ID":"GB108045014980","version":"2","WB_NAME":"Middle Culm"}},{"type":"Feature","geometry":{"bbox":[-3.2244871839763722,50.901095784439846,-3.1040282470397775,50.95311146315278],"type":"Polygon","coordinates":[[[-3.223587709102225,50.9459841240556],[-3.2233030576870925,50.945987106314746],[-3.2228241495186785,50.9456413746152],[-3.2220784025138514,50.945433331733646],[-3.221671410216367,50.94511381580107],[-3.2203189758382886,50.94457034520702],[-3.2191004262909537,50.94370168685706],[-3.218043036082684,50.94355083381128],[-3.2172479305202804,50.94363107456705],[-3.2168289551004876,50.94394122818084],[-3.2157748499762264,50.943916232645805],[-3.2143505382813764,50.94443470195279],[-3.2130535404115377,50.94437623250297],[-3.2125351016420804,50.94414777988382],[-3.2084096620516087,50.944262493584],[-3.207020967526184,50.944510692740074],[-3.2053975649768285,50.944491486530595],[-3.2042155332159306,50.945025317973275],[-3.2038424053898806,50.945460863889835],[-3.20409103254324,50.94626773558186],[-3.2045648980799606,50.946424735562886],[-3.2054898291178247,50.94640741875053],[-3.205494945813663,50.946605227832826],[-3.2043916637715206,50.94743381916949],[-3.203288908270418,50.947732986322876],[-3.20296262979929,50.94832993331286],[-3.2015439263715972,50.948524413451324],[-3.1989175650754373,50.94826360784765],[-3.1985234095001362,50.94788441450299],[-3.1974348901136262,50.947631272969126],[-3.1920634681777464,50.94802798873068],[-3.1906442764479648,50.948761963886454],[-3.190322881256303,50.94955668665533],[-3.188568872661496,50.95063363542556],[-3.1884814155716366,50.95090433666322],[-3.1881404583126494,50.95107186654963],[-3.1878534338200604,50.95210006859515],[-3.187301472151912,50.952276561930745],[-3.1861643534305046,50.95230609655674],[-3.1852448903930957,50.95142506364307],[-3.1838751861566608,50.95131304525898],[-3.183499153896014,50.95108302046088],[-3.1826116044241544,50.950894150379355],[-3.1816851047593198,50.950291957463726],[-3.1798251087187284,50.94993302824055],[-3.178701664779006,50.94942273830903],[-3.1777287630762627,50.94923469269402],[-3.177006171906421,50.948810280213266],[-3.1752696626554324,50.94882776935839],[-3.173562135777306,50.94999613465506],[-3.172912348180123,50.95020052405381],[-3.1721559190448088,50.95069377846736],[-3.169466090271631,50.950738733184224],[-3.167379321026584,50.9504178514755],[-3.1658432116995656,50.94991156269858],[-3.1636582127965975,50.94964555739813],[-3.162382415077658,50.9492985155008],[-3.1618049888688,50.94898048869634],[-3.1606244784720507,50.949028201977484],[-3.1592210635847766,50.948700381274456],[-3.1589483864990213,50.94861315081052],[-3.158852251644594,50.94818240776147],[-3.1583900720539604,50.94791718257415],[-3.1568563733592536,50.947500688942384],[-3.1563590975077256,50.94754158884129],[-3.1550149183813954,50.94730306805858],[-3.154149784670346,50.94686193716726],[-3.1538219619712398,50.94627159321986],[-3.1529615299256184,50.946019274562126],[-3.1519863375691104,50.94688329899398],[-3.1509003720458684,50.947298722538626],[-3.1502814581731866,50.947026016284504],[-3.1497405940062637,50.94703134259598],[-3.148878127515025,50.94727366658658],[-3.1463187770542667,50.947406741759764],[-3.1453717685186704,50.94768584432038],[-3.1447560965859327,50.94812357787319],[-3.143818442427712,50.948204715076656],[-3.142534767446218,50.94810935702268],[-3.1420627646190926,50.947439448054766],[-3.141723415588956,50.94637251834507],[-3.1412876146826982,50.94601703105047],[-3.1403131702995903,50.94575673993609],[-3.1384580567143177,50.94557697906295],[-3.137587842854143,50.94491992715531],[-3.1374078345517598,50.94454394598531],[-3.1366727632699716,50.94417336868188],[-3.135006250688581,50.944135616105655],[-3.1324487777167853,50.944924899879844],[-3.1313880564033987,50.94521399346873],[-3.130745999862712,50.94574184536723],[-3.129923539329058,50.945875717679264],[-3.1294781066230914,50.94629373573307],[-3.128088046075502,50.946505032854894],[-3.1277258151566434,50.94683230363393],[-3.1272444921128018,50.94694487478707],[-3.1258077915768894,50.946994708781446],[-3.1253717678569646,50.947214759507716],[-3.124870558756694,50.94709367707738],[-3.122064842621503,50.947048719904764],[-3.121196993292196,50.946481460622124],[-3.120510338593863,50.9463441525065],[-3.1206144751418283,50.94593843820086],[-3.1203222485441096,50.94562646367276],[-3.119497167152038,50.945652363580294],[-3.118650082299053,50.94535469640077],[-3.1169874169221305,50.945478535698115],[-3.1165541812200392,50.94522186247849],[-3.116784734101038,50.94414941140856],[-3.117567527441787,50.943548340448],[-3.1166273294949787,50.94352135980788],[-3.1163043114904903,50.94311073929568],[-3.11531152916996,50.942670541956815],[-3.114584401479977,50.942623522382625],[-3.1142475599414996,50.94282459764869],[-3.112723859615166,50.94280315180247],[-3.109129538314295,50.94310715564417],[-3.10933692454568,50.942250787460786],[-3.109869390962085,50.941894974938386],[-3.109975966199,50.94158817726098],[-3.107869912625728,50.94042101271415],[-3.1077980722314686,50.93859597930512],[-3.105916271689811,50.93727375945004],[-3.105602774069909,50.93725874075294],[-3.105785885097505,50.93717605575485],[-3.1036513124406073,50.9371962499396],[-3.105328291235816,50.93648788345604],[-3.106949687151197,50.936436549691045],[-3.107854012652305,50.93615816322318],[-3.108752767582446,50.93564598702245],[-3.1134961309278406,50.93520512960246],[-3.1147928059127192,50.93467112399961],[-3.1157302424172,50.93459022107156],[-3.1170423846716164,50.934703587687004],[-3.117715924234875,50.93430142041248],[-3.1194428791430164,50.93450072553991],[-3.1209085267144325,50.93448666539964],[-3.1216432734286546,50.9342637614917],[-3.123034732889738,50.934124475617175],[-3.1225120814709197,50.93369780413092],[-3.1220333739952615,50.9327310867495],[-3.1216289045986434,50.93248314937818],[-3.121588892608028,50.93081970104736],[-3.122821294534451,50.929989430673416],[-3.123146529052139,50.929311775674606],[-3.1237912658536064,50.92890085591856],[-3.1240938754008143,50.92846624564859],[-3.1250479118332892,50.92789944788356],[-3.1253099318078337,50.92578340352948],[-3.127374434532822,50.92406367813376],[-3.12827200923625,50.921168027912564],[-3.1281488545527947,50.9207824875092],[-3.1271986818534963,50.92032399167064],[-3.127799375250058,50.91927492029262],[-3.1267187169166046,50.91812516500501],[-3.1267532469858734,50.91719847920842],[-3.1263838598397937,50.916041854168554],[-3.127216223169876,50.91516143026189],[-3.1281523753571796,50.9150444634963],[-3.1285853464633777,50.91412291952092],[-3.1290606841905193,50.91384851200534],[-3.1300528129398217,50.913623063857266],[-3.1306699170257564,50.91325734021003],[-3.1310421699788695,50.91276807342581],[-3.1307895445724157,50.91173624217491],[-3.1296461506913538,50.910928882107775],[-3.1293614277222277,50.90987937070259],[-3.1295527326035755,50.90903210948967],[-3.1294903462777146,50.906226100632566],[-3.129246339206927,50.905851321526114],[-3.1293090816679094,50.905230118189316],[-3.1289332558146294,50.904981928562265],[-3.1286633701868247,50.904408939091205],[-3.129159823628724,50.90406237636799],[-3.129453338888531,50.90296230112293],[-3.130070308105742,50.902596580857775],[-3.1308478571537846,50.90240017573171],[-3.1308391438290593,50.902040510543266],[-3.1329606724015417,50.90213686625798],[-3.1340798546032693,50.902539711373024],[-3.135262720041338,50.90263613929361],[-3.1368236271911605,50.90307063668975],[-3.1372279190373407,50.90331852377996],[-3.1385289568689103,50.9035936422991],[-3.1391789549237337,50.90400101349675],[-3.139744688900334,50.9038695792239],[-3.141328402215642,50.90406995657225],[-3.1421621136653117,50.903845952920406],[-3.14276112041213,50.90391204084438],[-3.1440296836550856,50.90460112833482],[-3.1469421236614243,50.90504022593225],[-3.147434019731467,50.905377154577124],[-3.148552517654432,50.90574389311515],[-3.1496221231929424,50.90643487729321],[-3.1522614078757063,50.90732621944382],[-3.1538448514668502,50.90808404234314],[-3.155023444415568,50.90800043781566],[-3.1559393680738497,50.90764961004562],[-3.158967524022665,50.907008012576924],[-3.1597195289546818,50.9075041947044],[-3.160863931349067,50.90776263328915],[-3.1620625447872115,50.90791259607166],[-3.1648223677767957,50.90792106743492],[-3.165437175095144,50.908616444277946],[-3.165780287319989,50.90868496858527],[-3.1672166574381397,50.90867061658196],[-3.1677943380121536,50.908448989397634],[-3.1680124288261964,50.90806906993975],[-3.1688496833235242,50.907988740266994],[-3.1691785744788032,50.908057396974435],[-3.1693555382146874,50.908307449731275],[-3.1701275495032584,50.90846160203843],[-3.171544271805318,50.90823154351439],[-3.172549704503656,50.908617174869775],[-3.173928929143158,50.90802771364802],[-3.174361449416309,50.9082572013434],[-3.1777204002137576,50.90833128958355],[-3.183477206490921,50.90872276096927],[-3.185422280772694,50.90913472763066],[-3.187615140738313,50.90922036600431],[-3.187991309963375,50.909468364178714],[-3.190311723424854,50.910092279933224],[-3.1914792997144565,50.91069194589257],[-3.1925477856015028,50.910752986447065],[-3.1930281147227872,50.91062216620191],[-3.1936617001453462,50.91092147796903],[-3.194637955801003,50.91071362932743],[-3.1949861905832924,50.910979878449005],[-3.197505336103714,50.91102601603134],[-3.199531336787406,50.911257042644955],[-3.2008650987645084,50.91167503207277],[-3.2020646632434673,50.911851549102046],[-3.2039135574364566,50.9118324975933],[-3.2039205170669933,50.9121022390134],[-3.2051957937667876,50.91245783299949],[-3.208546165720238,50.9143838413005],[-3.209386255267596,50.914411117022425],[-3.2114882432469285,50.91482102499953],[-3.2139076708636063,50.915947097008576],[-3.2148634517698227,50.916045080649404],[-3.2161993608304242,50.91653482334425],[-3.216682026037703,50.916493819276745],[-3.217485117870868,50.91673727301291],[-3.218144025322268,50.917439793900726],[-3.2185985275493816,50.91796679790122],[-3.2193430598342747,50.9181299061542],[-3.2199040842840043,50.91892449141309],[-3.221763888747523,50.9203980114775],[-3.222452210777168,50.92440251455055],[-3.2230496102475668,50.924935397681175],[-3.2233915094897223,50.9249498032739],[-3.2237390709149323,50.925179998929124],[-3.2243922791609925,50.92729567952855],[-3.2245402139394046,50.92750997846265],[-3.2250229846314165,50.92746893925081],[-3.225185149833632,50.927683088069756],[-3.224976884846668,50.92842276185698],[-3.223590095624663,50.9292647289841],[-3.2234539542835976,50.92949999335952],[-3.223226161385433,50.93058163112415],[-3.223452009320857,50.931595559521114],[-3.222891525190737,50.934101694831995],[-3.2231098360989594,50.93482790221116],[-3.222928080171607,50.93549534355399],[-3.2230888556451744,50.93728341581316],[-3.224112316344627,50.94048345870159],[-3.223587709102225,50.9459841240556]]]},"properties":{"WB_CAT":"River","RBD_ID":"8","MNCAT_NAME":"Devon East","RBD_NAME":"South West","OPCAT_ID":"3085","hydromorph":"not designated artificial or heavily modified","MANCAT_ID":"3033","url":"/catchment-planning/WaterBody/GB108045015000","OPCAT_NAME":"Clyst and Culm","WB_ID":"GB108045015000","version":"2","WB_NAME":"Upper Culm"}},{"type":"Feature","geometry":{"bbox":[-3.4328474952729344,50.85874760873219,-3.2953884059824117,50.97692172818879],"type":"Polygon","coordinates":[[[-3.301711789901323,50.93965317204748],[-3.301941366050201,50.939209924372385],[-3.3011289223437705,50.938661364497285],[-3.3008791640835984,50.93787269268269],[-3.301642043045799,50.937666327373364],[-3.302198669462463,50.93721043087475],[-3.3025861869041298,50.93630620184365],[-3.3024849124427993,50.935228600874886],[-3.3027823701762467,50.93466766627484],[-3.304081851744624,50.93431139536031],[-3.3042885065605003,50.93406688111087],[-3.304687907873328,50.933971853974064],[-3.3080293159715133,50.9339794388829],[-3.308653348356018,50.93390049600487],[-3.309298260742897,50.933551501196646],[-3.3119223990200926,50.93323424411873],[-3.3139581206272055,50.93224002070391],[-3.315002868860343,50.93194045676873],[-3.3155786190509184,50.93116050227003],[-3.316195494093815,50.93082977241126],[-3.316242759491523,50.93048747425722],[-3.3164129797758606,50.93046756756968],[-3.3164754735634916,50.93066472711086],[-3.317343343622743,50.93065493856511],[-3.318770136383492,50.93027907893455],[-3.322043739557651,50.92828140320869],[-3.323287517618293,50.92797951060143],[-3.323585700224903,50.92745448831676],[-3.3245372598336944,50.92688607945882],[-3.324350285507044,50.92330865258759],[-3.324717433861823,50.92220723858924],[-3.325550988880319,50.92149625787305],[-3.3269006859292363,50.920923307632016],[-3.327064527437003,50.9196802944118],[-3.3287398818684877,50.919553312850546],[-3.3290369261244983,50.91899231302461],[-3.3295666656416487,50.918608538741374],[-3.329514131404419,50.917763714840525],[-3.3292057057705806,50.917425460322576],[-3.32890548033071,50.91737491496788],[-3.3287417366453536,50.916621294967506],[-3.3290068515811213,50.91643840019566],[-3.3303331767752193,50.91654920819812],[-3.3305545904727274,50.91633083242681],[-3.331747776210674,50.91626326452051],[-3.3323932991184564,50.91595010797545],[-3.3325698191600117,50.915156633680006],[-3.332422658211447,50.913989111491496],[-3.332103608798609,50.9137768997465],[-3.330761085071539,50.91359434586437],[-3.330611684601111,50.91334422068015],[-3.3309060802871193,50.91169498810577],[-3.3305368186624733,50.9107188660749],[-3.331113078373177,50.909974799898926],[-3.3318327031910893,50.909768727262026],[-3.33237371317641,50.90928587894015],[-3.332390292419299,50.907873652277665],[-3.3330103372902746,50.907668708665355],[-3.3343470426804087,50.907653437553066],[-3.335183136266992,50.908039608243676],[-3.3362333842344976,50.90795564053261],[-3.337041677775129,50.90737077782853],[-3.337084647978185,50.90688461643796],[-3.3382597920042874,50.90619661004844],[-3.3387456557991237,50.905282657506476],[-3.339146897959513,50.90538598189221],[-3.3396215879914597,50.905074743624766],[-3.3416728055974816,50.90517710100259],[-3.3429336808970302,50.90500071287565],[-3.3434525522587593,50.90474291392064],[-3.3445016738296447,50.90462290884019],[-3.3451715016720605,50.90417449185918],[-3.3465331665229856,50.90404187262392],[-3.350962562299296,50.90276752677176],[-3.35409132370841,50.90226359325452],[-3.3547217621542185,50.901932498342816],[-3.3553199791938,50.901961529929906],[-3.355765566804292,50.90163257536082],[-3.356473346491935,50.901516426129525],[-3.3588032162037105,50.900446036664086],[-3.3593471628433753,50.900565618275614],[-3.3604425373340803,50.900085174564445],[-3.36037649541805,50.899771157630354],[-3.3606767054575917,50.899335951254336],[-3.359165878030761,50.89824730232323],[-3.3586936550807733,50.89765920208201],[-3.3572758092915547,50.896830269708474],[-3.3571935885362496,50.895958816871186],[-3.354760589532505,50.89444912204722],[-3.3534934103616045,50.8939062001732],[-3.353364306544935,50.89337705662099],[-3.3538293951298903,50.89274208973769],[-3.353326519833327,50.89207337806886],[-3.354503399997705,50.89146612913143],[-3.3545440902694055,50.8909080344506],[-3.355073564519283,50.890533138466104],[-3.3557986198454177,50.88905871085513],[-3.3567857961180696,50.88877742255466],[-3.357585460773417,50.88889403928632],[-3.357865043289741,50.88872889664013],[-3.357961241160664,50.88812518500671],[-3.3573102080534505,50.887251353444505],[-3.3574105916199763,50.88679149617943],[-3.3578570672790815,50.88649849753965],[-3.3593242988577963,50.886103674617914],[-3.360071408000563,50.88539344532547],[-3.360884778101174,50.88500621983218],[-3.3621641800667654,50.88304860726181],[-3.3633259396691346,50.88290912794842],[-3.3639555279519175,50.88256000289132],[-3.3647909098653415,50.88244231039393],[-3.365224662028486,50.882203395383684],[-3.3652602036235586,50.88196014346862],[-3.366172441990966,50.88106806363126],[-3.3664574894134134,50.88012036349856],[-3.3679676020483305,50.879257243559834],[-3.3682628727106474,50.878660182391116],[-3.3689039434753867,50.878220955997335],[-3.368394693515793,50.87733652761568],[-3.3683812627892316,50.87687799402859],[-3.3687912514692666,50.87631556191386],[-3.370257542398514,50.87590262237508],[-3.3709527596109754,50.875372809107205],[-3.3732094811793236,50.874770665603094],[-3.373454161060364,50.87439004053613],[-3.374354074127563,50.874055664481986],[-3.3757722342959733,50.87297766923293],[-3.377301983746592,50.87231206143712],[-3.3778585810537036,50.87142408370699],[-3.3799232753396753,50.87010455894991],[-3.3801309672072466,50.86847419576911],[-3.3797759168779407,50.86703935968743],[-3.3800789268250857,50.8667119940206],[-3.380114782123398,50.866001046613874],[-3.380469831813495,50.86551117297448],[-3.3804945270806286,50.86442261056677],[-3.381015525244024,50.863777874368736],[-3.3815094979657965,50.859667288213046],[-3.3820819289016297,50.85935989623753],[-3.383310327360875,50.859683583270765],[-3.383864026416378,50.86014654012597],[-3.3849946070577364,50.859935259915915],[-3.386041391367272,50.86073228982236],[-3.3863117589440987,50.86122374715547],[-3.3862290415625607,50.86226803126396],[-3.3853263427908464,50.86345696156604],[-3.3853633844469564,50.86470668427067],[-3.38573925526385,50.86516091430016],[-3.385897949882342,50.86595949336264],[-3.3856448051678747,50.866529119526035],[-3.3852544583965836,50.86678558477667],[-3.385046062958766,50.86742685403864],[-3.38521905199359,50.8675090509568],[-3.3857882291809083,50.867291904004155],[-3.3866548973012747,50.86728160950669],[-3.387175878987221,50.8673563637977],[-3.3875388449141823,50.867612866831294],[-3.38824923300873,50.86760441850188],[-3.387706577794339,50.867997620382944],[-3.3874265693958896,50.86909821386504],[-3.3861006083995258,50.8701569093918],[-3.3859545538701137,50.87074361239633],[-3.386548444908027,50.87207665875179],[-3.3870958648785594,50.872321984759516],[-3.387275451117022,50.872625644944485],[-3.387709740475636,50.87289030072279],[-3.3886733051237425,50.87278889982512],[-3.389097895668709,50.87368324332354],[-3.3887606064893285,50.873813172846056],[-3.388656281927827,50.87412920288685],[-3.3895761334560466,50.87446901893341],[-3.389914694059778,50.87533740172795],[-3.3905825414010184,50.875806126252016],[-3.3917804862894108,50.875935750122416],[-3.3931629041168727,50.87653084586293],[-3.3943455904376987,50.876624649773206],[-3.3961921263869725,50.87710524262551],[-3.4001936810292865,50.8753854197694],[-3.4031752574745666,50.874791984523945],[-3.4052577624897973,50.87408338608908],[-3.4067331264964165,50.873984666370674],[-3.407629560104055,50.87448651445562],[-3.408651619285033,50.87538257442919],[-3.4094049727627267,50.876794527289164],[-3.4094521096553003,50.87741454225364],[-3.4099387080216834,50.87804722976281],[-3.409625571047537,50.87838714126021],[-3.408673630899565,50.87831237901246],[-3.4068639771043996,50.87780973080963],[-3.4057526392547532,50.87772835241085],[-3.402521504807804,50.878138407778614],[-3.3991612461963316,50.878823701296035],[-3.3957156776311996,50.88070390719696],[-3.3942324760571485,50.88098341445858],[-3.392181726031873,50.88100789409932],[-3.3908055097836054,50.88130279044666],[-3.391428413732643,50.88337822331903],[-3.3920038733171536,50.884534923331564],[-3.3925649242752667,50.885067891982345],[-3.3927805370686404,50.88629732564652],[-3.392375715311491,50.88821334391253],[-3.390610725397193,50.89225419636797],[-3.388562936104632,50.894774173155476],[-3.3894196698060775,50.896288188053795],[-3.3894730095729138,50.896961470100834],[-3.3889972475405354,50.89802633111412],[-3.385791285902922,50.901089160468466],[-3.3854615013587357,50.901913469845816],[-3.384837812113918,50.905166721860375],[-3.3850299705887803,50.907283612952014],[-3.3856543364937086,50.907979075814985],[-3.38679803129914,50.90862247116984],[-3.388235638454075,50.90908973686903],[-3.389392498826186,50.909207598037185],[-3.391209352772258,50.90787349540348],[-3.3931919324604554,50.90719962889316],[-3.3945914036829614,50.9070776186444],[-3.3978385451959623,50.90734151692838],[-3.401275307142036,50.90809532417355],[-3.4048693643436367,50.90812320413744],[-3.4068778551575654,50.9083148798668],[-3.4133870393644115,50.90946035817367],[-3.4150264300680355,50.90997226055915],[-3.418442261281545,50.9118025044756],[-3.4217366162696217,50.91237053414505],[-3.42307184364413,50.9127333433551],[-3.4239211824036895,50.913002029867016],[-3.4262659169477936,50.91423963409188],[-3.4272649746876853,50.914364313523684],[-3.4282462853408013,50.91418119975772],[-3.4297601803141906,50.913575616339976],[-3.4298608007955975,50.91333101252561],[-3.4329697278293465,50.912780245054364],[-3.434416174124692,50.91355394800015],[-3.4345415560986887,50.913930152844166],[-3.433760067288833,50.914425426055274],[-3.4333074636172496,50.91543830485486],[-3.432512133284017,50.91548404256496],[-3.43206696245417,50.915813285956354],[-3.4315270718664683,50.91583789533115],[-3.4301208388451974,50.91637677853451],[-3.428366075358086,50.916686067203834],[-3.426953807337046,50.917494803630014],[-3.4240715348487245,50.91769188836457],[-3.4228559793813598,50.91702317120099],[-3.4216240687790345,50.91675037336075],[-3.42092824348764,50.916327136110866],[-3.4202685391787533,50.91615528522554],[-3.4169109704498237,50.91616010842743],[-3.414691780125149,50.91570134973331],[-3.4138280379022654,50.9158377282253],[-3.4120633850832953,50.91582311011285],[-3.410631196624252,50.91645201067658],[-3.4103965848442725,50.919045093833766],[-3.4101295134512464,50.919623930407454],[-3.4092967495141133,50.92031752324941],[-3.407766561056681,50.9205338506115],[-3.40746666022699,50.92096917410697],[-3.406660778854105,50.92114077702571],[-3.4051935449897996,50.92108649474209],[-3.404418413897398,50.9208619801546],[-3.4035813694558383,50.92094399759236],[-3.3978780124452737,50.92245144956021],[-3.397315821290357,50.92315970350662],[-3.3970462379151645,50.92461094693683],[-3.396363787722229,50.92558145774074],[-3.3951586956703026,50.92620744907911],[-3.395373994144889,50.92674450959689],[-3.395274176193369,50.92721338480911],[-3.3946010124260377,50.927545207545016],[-3.394078164524321,50.92814504826227],[-3.394888815183157,50.92860304827034],[-3.395015535812465,50.92903324084274],[-3.3950060858431956,50.932522980888734],[-3.394746278146828,50.9333535217766],[-3.393880285376276,50.93390349601745],[-3.392961270734187,50.9342015562807],[-3.392057499885902,50.93482462988731],[-3.388359692078447,50.93587597141705],[-3.3868207613447954,50.93677565922067],[-3.3850933907325516,50.937083966641445],[-3.3843405131444495,50.93761453943155],[-3.3836322599957818,50.93773086067562],[-3.382422417498171,50.93821287180318],[-3.3816796178056783,50.93908507458156],[-3.3808928826715614,50.93943614809515],[-3.3804532729502403,50.94093432684078],[-3.379490690079369,50.9420789287901],[-3.3784176805080617,50.942379403740155],[-3.378085716123018,50.94270710077811],[-3.3777973812706317,50.942584589371414],[-3.3769741276492202,50.94266625122792],[-3.3758694414740367,50.94285914992367],[-3.3750825986597266,50.943210184901034],[-3.3740326947243355,50.9433304701834],[-3.3702173903232175,50.945264010511316],[-3.3699486977020205,50.94677812867726],[-3.3687240094031745,50.94773684328142],[-3.368688789336977,50.949446085302654],[-3.3690986670482443,50.94982801546278],[-3.3705958157257077,50.95038605843945],[-3.37279632758029,50.95161934740813],[-3.37324203173629,50.95321500972363],[-3.37286679517382,50.95401087908236],[-3.371770823810625,50.954509425322904],[-3.3711909753906784,50.95512781571675],[-3.370097075061617,50.95569827228924],[-3.369544073691949,50.956262376292145],[-3.3688661448867587,50.95742153448418],[-3.3689097387499003,50.95890500445824],[-3.3694699909684194,50.95955498498433],[-3.369815966131373,50.96066616127397],[-3.370136039406272,50.96089624589288],[-3.3714505434568793,50.96104270525827],[-3.3725815016090595,50.96075960374107],[-3.3729162812368036,50.96052182912902],[-3.374474830423409,50.960251669235326],[-3.3773776091475733,50.962097178789634],[-3.3778281130713332,50.962883321189395],[-3.3781884144102294,50.96447097653543],[-3.3791751910780596,50.965088895112714],[-3.379370007955507,50.96589603823908],[-3.380256250979498,50.966964826078545],[-3.3808074288519587,50.967300075928264],[-3.381193736995014,50.96975981420676],[-3.3817148761634774,50.97004145211873],[-3.3815772877056793,50.970204968484325],[-3.3792199906332305,50.97044868159984],[-3.3789281896541716,50.97069495203859],[-3.376509458257769,50.9712721146747],[-3.3759214980552037,50.97162080760674],[-3.37498381196596,50.97170380101939],[-3.374696365911585,50.97161724661528],[-3.3736350445037857,50.97040657586926],[-3.3725528659909925,50.97041929872002],[-3.3719659460885754,50.9708039347125],[-3.371668126819558,50.97181543262223],[-3.371346950330409,50.97203436211228],[-3.369879247501842,50.97250127626841],[-3.3677490793360323,50.97272410518453],[-3.3666046281337243,50.973528956355636],[-3.364360474106219,50.97375305683718],[-3.362739129907686,50.97481526578242],[-3.3621246795913615,50.97475048298402],[-3.3613889448432834,50.974435284481],[-3.360933249079583,50.97444059522343],[-3.3602876433256026,50.9747718927198],[-3.3595787639343277,50.97488807213358],[-3.3590496928694056,50.975307944030476],[-3.3566376678958343,50.975641774222545],[-3.355731487417259,50.9758321720206],[-3.3554265631923053,50.97612351223902],[-3.354433090510921,50.97625195636509],[-3.3535974346022903,50.97592887385334],[-3.3534155645385226,50.975553242414264],[-3.3524239386525716,50.97476428186622],[-3.3523267424495944,50.97436068685706],[-3.35161576032123,50.97440489193251],[-3.3504006198535823,50.97425705953177],[-3.3497530199824723,50.974030706844054],[-3.3492698873745943,50.974072264292154],[-3.3486493899716465,50.97330596524943],[-3.3480999308358226,50.97302450744475],[-3.3480646821299054,50.97279107584438],[-3.348884354207646,50.97256576132108],[-3.349323357903065,50.971985087917595],[-3.349384120847799,50.97014965270512],[-3.3492080394613724,50.96997181112227],[-3.3471388652651424,50.96934814327102],[-3.346321203686806,50.96865605601693],[-3.3428671103212264,50.968408020851314],[-3.3402285589851926,50.966801459544044],[-3.339493111194927,50.96599146201572],[-3.339306999222929,50.96546296280411],[-3.338329005057134,50.96513241004976],[-3.3377134569560214,50.96452788447297],[-3.336423606223014,50.96375119793703],[-3.334969653112653,50.96321021172247],[-3.334140803964291,50.96311175768173],[-3.333126700770498,50.96251176034661],[-3.332183971843486,50.962414592355],[-3.331775567062918,50.96207748629146],[-3.3299806914965964,50.96206196521604],[-3.3289848763746788,50.96110197226593],[-3.3295953745900544,50.96053740839266],[-3.3293237234016706,50.960000873362404],[-3.3288822713218362,50.959502245123254],[-3.327433806126213,50.95864632039343],[-3.3262933441348914,50.959603625989594],[-3.325119415483749,50.95988676576717],[-3.3238259599816584,50.95997338532446],[-3.323308127314151,50.95984434731244],[-3.321984155312855,50.959859341953624],[-3.3205190967702087,50.96037057511678],[-3.319672524323362,50.96014630606318],[-3.3180048334766608,50.960093188797096],[-3.317565540854972,50.96017009596272],[-3.3172050563407556,50.960515926080795],[-3.3155841269081763,50.96060614726216],[-3.315126527090555,50.96053935096173],[-3.3132199303399217,50.95958947747884],[-3.3115487209580428,50.95941039475844],[-3.310397685029496,50.95899161440343],[-3.307815906549951,50.95884067955268],[-3.3044556954152116,50.95886027313167],[-3.303254835100646,50.95869380480799],[-3.3027701144545283,50.957655935223144],[-3.302352251872957,50.95748072041389],[-3.301084274122424,50.95745887874488],[-3.300754520499011,50.95686896296301],[-3.300495270047726,50.95676392497056],[-3.2992802419204574,50.9565975737416],[-3.296387451324332,50.9565217967286],[-3.2950488455177065,50.956006008106165],[-3.2947985675938165,50.955711996899836],[-3.2949039520001784,50.95540504016263],[-3.2961061546243293,50.954600251549195],[-3.2959837726355383,50.954295821410966],[-3.2950292863253465,50.95376678351108],[-3.295391385290117,50.95347496665491],[-3.295547698287936,50.9529515936127],[-3.296777294298345,50.95211051846302],[-3.2968831584314824,50.95182154190982],[-3.2967122373202216,50.949772857949],[-3.2960179937250635,50.94835954722708],[-3.296538831380841,50.94763426284515],[-3.297630453010316,50.946956597390226],[-3.2983180293066274,50.946085551153644],[-3.2988245237417866,50.944847769479935],[-3.2986883713408033,50.944048836340635],[-3.2983070799138448,50.943648355643006],[-3.299387303664144,50.94256607884345],[-3.300755354800523,50.94159750512885],[-3.301052872659524,50.941036575083196],[-3.3014443013498775,50.9407803867251],[-3.301476621684192,50.93989863413807],[-3.301711789901323,50.93965317204748]]]},"properties":{"WB_CAT":"River","RBD_ID":"8","MNCAT_NAME":"Devon East","RBD_NAME":"South West","OPCAT_ID":"3085","hydromorph":"not designated artificial or heavily modified","MANCAT_ID":"3033","url":"/catchment-planning/WaterBody/GB108045015020","OPCAT_NAME":"Clyst and Culm","WB_ID":"GB108045015020","version":"2","WB_NAME":"Spratford Stream"}}],"fileName":"Exe_Catchment_Boarders"}