{
"type": "FeatureCollection",
"name": "Exe_WMS",
"features": [
{ "type": "Feature", "properties": { "Join_Count": 1, "TARGET_FID": 14508, "F_id": "http://environment.data.gov.uk/water-quality/id/sampling-point/SW-70550314", "label": "RAINBOW VALLEY FISH FARM OUTLET B", "comment": "RAINBOW VALLEY FISH FARM - OUTLET B", "easting": 292700, "northing": 121600, "lat": 50.98377, "long": -3.529978, "notation": "SW-70550314", "area_label": "Devon and Cornwall", "subarea_la": "EAST DEVON AND CORNWALL", "samplingPo": "open", "sampling_1": "AGRICULTURE - FISH FARMING - NOT WATER COMPANY", "CaBA_Partn": "East Devon Catchment Partnership", "CaBA_Websi": "https://catchmentbasedapproach.org/get-involved/east-devon/", "CaBA_ID": 24, "CaBA_Catch": "East Devon", "EA_NE_Area": "Devon Cornwall and the Isles of Scilly", "WFD_RBD": "South West", "EA_WM_Area": "Devon and Cornwall", "X": -3.3763267531799999, "Y": 50.847270363299998, "Shape__Are": 2285053823.8099999, "Shape__Len": 328711.531449, "sampling_2": "AGRICULTURE" }, "geometry": { "type": "Point", "coordinates": [ -3.5299855, 50.9837736 ] } },
{ "type": "Feature", "properties": { "Join_Count": 1, "TARGET_FID": 14518, "F_id": "http://environment.data.gov.uk/water-quality/id/sampling-point/SW-70557003", "label": "IRON MILL STREAM PRIOR TO RIVER EXE", "comment": "IRON MILL STREAM PRIOR TO RIVER EXE", "easting": 293830, "northing": 120864, "lat": 50.977364, "long": -3.513671, "notation": "SW-70557003", "area_label": "Devon and Cornwall", "subarea_la": "EAST DEVON AND CORNWALL", "samplingPo": "open", "sampling_1": "FRESHWATER - RIVERS", "CaBA_Partn": "East Devon Catchment Partnership", "CaBA_Websi": "https://catchmentbasedapproach.org/get-involved/east-devon/", "CaBA_ID": 24, "CaBA_Catch": "East Devon", "EA_NE_Area": "Devon Cornwall and the Isles of Scilly", "WFD_RBD": "South West", "EA_WM_Area": "Devon and Cornwall", "X": -3.3763267531799999, "Y": 50.847270363299998, "Shape__Are": 2285053823.8099999, "Shape__Len": 328711.531449, "sampling_2": "FRESHWATER" }, "geometry": { "type": "Point", "coordinates": [ -3.5136782, 50.9773673 ] } },
{ "type": "Feature", "properties": { "Join_Count": 1, "TARGET_FID": 14519, "F_id": "http://environment.data.gov.uk/water-quality/id/sampling-point/SW-G0550323", "label": "HIGHLEIGH MILL FISH FARM - OUTLET 3", "comment": "HIGHLEIGH MILL FISH FARM - OUTLET 3", "easting": 291920, "northing": 122720, "lat": 50.993692, "long": -3.54142, "notation": "SW-G0550323", "area_label": "Devon and Cornwall", "subarea_la": "EAST DEVON AND CORNWALL", "samplingPo": "open", "sampling_1": "AGRICULTURE - FISH FARMING - NOT WATER COMPANY", "CaBA_Partn": "East Devon Catchment Partnership", "CaBA_Websi": "https://catchmentbasedapproach.org/get-involved/east-devon/", "CaBA_ID": 24, "CaBA_Catch": "East Devon", "EA_NE_Area": "Devon Cornwall and the Isles of Scilly", "WFD_RBD": "South West", "EA_WM_Area": "Devon and Cornwall", "X": -3.3763267531799999, "Y": 50.847270363299998, "Shape__Are": 2285053823.8099999, "Shape__Len": 328711.531449, "sampling_2": "AGRICULTURE" }, "geometry": { "type": "Point", "coordinates": [ -3.5414268, 50.9936952 ] } },
{ "type": "Feature", "properties": { "Join_Count": 1, "TARGET_FID": 14552, "F_id": "http://environment.data.gov.uk/water-quality/id/sampling-point/SW-70529999", "label": "MISCELLANEOUS CLYST CATCHMENT", "comment": "MISCELLANEOUS CLYST CATCHMENT", "easting": 297000, "northing": 91100, "lat": 50.710377, "long": -3.460155, "notation": "SW-70529999", "area_label": "Devon and Cornwall", "subarea_la": "EAST DEVON AND CORNWALL", "samplingPo": "open", "sampling_1": "POLLUTION/INVESTIGATION POINTS - ENVIRONMENT", "CaBA_Partn": "East Devon Catchment Partnership", "CaBA_Websi": "https://catchmentbasedapproach.org/get-involved/east-devon/", "CaBA_ID": 24, "CaBA_Catch": "East Devon", "EA_NE_Area": "Devon Cornwall and the Isles of Scilly", "WFD_RBD": "South West", "EA_WM_Area": "Devon and Cornwall", "X": -3.3763267531799999, "Y": 50.847270363299998, "Shape__Are": 2285053823.8099999, "Shape__Len": 328711.531449, "sampling_2": "POLLUTION/INVESTIGATION POINTS" }, "geometry": { "type": "Point", "coordinates": [ -3.4601616, 50.7103791 ] } },
{ "type": "Feature", "properties": { "Join_Count": 1, "TARGET_FID": 14566, "F_id": "http://environment.data.gov.uk/water-quality/id/sampling-point/SW-70550346", "label": "EXE VALLEY FISHERY INLET", "comment": "EXE VALLEY FISHERY INLET", "easting": 293180, "northing": 124890, "lat": 51.013434, "long": -3.524112, "notation": "SW-70550346", "area_label": "Devon and Cornwall", "subarea_la": "EAST DEVON AND CORNWALL", "samplingPo": "open", "sampling_1": "FRESHWATER - COMPARATIVE INLET POINTS", "CaBA_Partn": "East Devon Catchment Partnership", "CaBA_Websi": "https://catchmentbasedapproach.org/get-involved/east-devon/", "CaBA_ID": 24, "CaBA_Catch": "East Devon", "EA_NE_Area": "Devon Cornwall and the Isles of Scilly", "WFD_RBD": "South West", "EA_WM_Area": "Devon and Cornwall", "X": -3.3763267531799999, "Y": 50.847270363299998, "Shape__Are": 2285053823.8099999, "Shape__Len": 328711.531449, "sampling_2": "FRESHWATER" }, "geometry": { "type": "Point", "coordinates": [ -3.5241189, 51.0134369 ] } },
{ "type": "Feature", "properties": { "Join_Count": 1, "TARGET_FID": 14568, "F_id": "http://environment.data.gov.uk/water-quality/id/sampling-point/SW-70532981", "label": "PRIORY FISH FM INLET A", "comment": "PRIORY F. FM. INLET A D/S KERSWELL STW (NO SUSP. SOLIDS)", "easting": 307734, "northing": 106273, "lat": 50.84859, "long": -3.311985, "notation": "SW-70532981", "area_label": "Devon and Cornwall", "subarea_la": "EAST DEVON AND CORNWALL", "samplingPo": "open", "sampling_1": "FRESHWATER - COMPARATIVE INLET POINTS", "CaBA_Partn": "East Devon Catchment Partnership", "CaBA_Websi": "https://catchmentbasedapproach.org/get-involved/east-devon/", "CaBA_ID": 24, "CaBA_Catch": "East Devon", "EA_NE_Area": "Devon Cornwall and the Isles of Scilly", "WFD_RBD": "South West", "EA_WM_Area": "Devon and Cornwall", "X": -3.3763267531799999, "Y": 50.847270363299998, "Shape__Are": 2285053823.8099999, "Shape__Len": 328711.531449, "sampling_2": "FRESHWATER" }, "geometry": { "type": "Point", "coordinates": [ -3.3119926, 50.8485927 ] } },
{ "type": "Feature", "properties": { "Join_Count": 1, "TARGET_FID": 14569, "F_id": "http://environment.data.gov.uk/water-quality/id/sampling-point/SW-70534925", "label": "DUNKESWELL STW FE", "comment": "DUNKESWELL S T W - EFFLUENT", "easting": 314800, "northing": 108100, "lat": 50.866101, "long": -3.212065, "notation": "SW-70534925", "area_label": "Devon and Cornwall", "subarea_la": "EAST DEVON AND CORNWALL", "samplingPo": "open", "sampling_1": "SEWAGE DISCHARGES - FINAL/TREATED EFFLUENT - WATER COMPANY", "CaBA_Partn": "East Devon Catchment Partnership", "CaBA_Websi": "https://catchmentbasedapproach.org/get-involved/east-devon/", "CaBA_ID": 24, "CaBA_Catch": "East Devon", "EA_NE_Area": "Devon Cornwall and the Isles of Scilly", "WFD_RBD": "South West", "EA_WM_Area": "Devon and Cornwall", "X": -3.3763267531799999, "Y": 50.847270363299998, "Shape__Are": 2285053823.8099999, "Shape__Len": 328711.531449, "sampling_2": "SEWAGE DISCHARGES - WATER COMPANY" }, "geometry": { "type": "Point", "coordinates": [ -3.2120721, 50.8661036 ] } },
{ "type": "Feature", "properties": { "Join_Count": 1, "TARGET_FID": 14580, "F_id": "http://environment.data.gov.uk/water-quality/id/sampling-point/SW-70523315", "label": "EXETER AIRPORT", "comment": "EXETER AIRPORT DEPARTMENT OF THE ENVIRONMENT", "easting": 300080, "northing": 94040, "lat": 50.737345, "long": -3.417344, "notation": "SW-70523315", "area_label": "Devon and Cornwall", "subarea_la": "EAST DEVON AND CORNWALL", "samplingPo": "open", "sampling_1": "SEWAGE DISCHARGES - FINAL/TREATED EFFLUENT - NOT WATER COMPANY", "CaBA_Partn": "East Devon Catchment Partnership", "CaBA_Websi": "https://catchmentbasedapproach.org/get-involved/east-devon/", "CaBA_ID": 24, "CaBA_Catch": "East Devon", "EA_NE_Area": "Devon Cornwall and the Isles of Scilly", "WFD_RBD": "South West", "EA_WM_Area": "Devon and Cornwall", "X": -3.3763267531799999, "Y": 50.847270363299998, "Shape__Are": 2285053823.8099999, "Shape__Len": 328711.531449, "sampling_2": "SEWAGE DISCHARGES - NOT WATER COMPANY" }, "geometry": { "type": "Point", "coordinates": [ -3.4173512, 50.7373476 ] } },
{ "type": "Feature", "properties": { "Join_Count": 1, "TARGET_FID": 14581, "F_id": "http://environment.data.gov.uk/water-quality/id/sampling-point/SW-70591215", "label": "JACKMOOR BROOK AT LANGFORD", "comment": "JACKMOOR BROOK AT LANGFORD", "easting": 289795, "northing": 97739, "lat": 50.768734, "long": -3.564148, "notation": "SW-70591215", "area_label": "Devon and Cornwall", "subarea_la": "EAST DEVON AND CORNWALL", "samplingPo": "open", "sampling_1": "FRESHWATER - RIVERS", "CaBA_Partn": "East Devon Catchment Partnership", "CaBA_Websi": "https://catchmentbasedapproach.org/get-involved/east-devon/", "CaBA_ID": 24, "CaBA_Catch": "East Devon", "EA_NE_Area": "Devon Cornwall and the Isles of Scilly", "WFD_RBD": "South West", "EA_WM_Area": "Devon and Cornwall", "X": -3.3763267531799999, "Y": 50.847270363299998, "Shape__Are": 2285053823.8099999, "Shape__Len": 328711.531449, "sampling_2": "FRESHWATER" }, "geometry": { "type": "Point", "coordinates": [ -3.564155, 50.7687363 ] } },
{ "type": "Feature", "properties": { "Join_Count": 1, "TARGET_FID": 14606, "F_id": "http://environment.data.gov.uk/water-quality/id/sampling-point/SW-70501051", "label": "YEOFORD STW FE", "comment": "YEOFORD S T W - EFFLUENT", "easting": 278938, "northing": 98745, "lat": 50.77561, "long": -3.718369, "notation": "SW-70501051", "area_label": "Devon and Cornwall", "subarea_la": "EAST DEVON AND CORNWALL", "samplingPo": "open", "sampling_1": "SEWAGE DISCHARGES - FINAL/TREATED EFFLUENT - WATER COMPANY", "CaBA_Partn": "East Devon Catchment Partnership", "CaBA_Websi": "https://catchmentbasedapproach.org/get-involved/east-devon/", "CaBA_ID": 24, "CaBA_Catch": "East Devon", "EA_NE_Area": "Devon Cornwall and the Isles of Scilly", "WFD_RBD": "South West", "EA_WM_Area": "Devon and Cornwall", "X": -3.3763267531799999, "Y": 50.847270363299998, "Shape__Are": 2285053823.8099999, "Shape__Len": 328711.531449, "sampling_2": "SEWAGE DISCHARGES - WATER COMPANY" }, "geometry": { "type": "Point", "coordinates": [ -3.7183761, 50.7756127 ] } },
{ "type": "Feature", "properties": { "Join_Count": 1, "TARGET_FID": 14608, "F_id": "http://environment.data.gov.uk/water-quality/id/sampling-point/SW-70591717", "label": "HOLLY WATER AT HEATH BRIDGE", "comment": "HOLLY WATER AT HEATH BRIDGE", "easting": 284426, "northing": 104509, "lat": 50.828542, "long": -3.642384, "notation": "SW-70591717", "area_label": "Devon and Cornwall", "subarea_la": "EAST DEVON AND CORNWALL", "samplingPo": "open", "sampling_1": "FRESHWATER - RIVERS", "CaBA_Partn": "East Devon Catchment Partnership", "CaBA_Websi": "https://catchmentbasedapproach.org/get-involved/east-devon/", "CaBA_ID": 24, "CaBA_Catch": "East Devon", "EA_NE_Area": "Devon Cornwall and the Isles of Scilly", "WFD_RBD": "South West", "EA_WM_Area": "Devon and Cornwall", "X": -3.3763267531799999, "Y": 50.847270363299998, "Shape__Are": 2285053823.8099999, "Shape__Len": 328711.531449, "sampling_2": "FRESHWATER" }, "geometry": { "type": "Point", "coordinates": [ -3.6423914, 50.8285451 ] } },
{ "type": "Feature", "properties": { "Join_Count": 1, "TARGET_FID": 14613, "F_id": "http://environment.data.gov.uk/water-quality/id/sampling-point/SW-70501902", "label": "RIVER TRONEY AT YEOFORD", "comment": "RIVER TRONEY AT YEOFORD", "easting": 278344, "northing": 98966, "lat": 50.777472, "long": -3.726863, "notation": "SW-70501902", "area_label": "Devon and Cornwall", "subarea_la": "EAST DEVON AND CORNWALL", "samplingPo": "open", "sampling_1": "FRESHWATER - RIVERS", "CaBA_Partn": "East Devon Catchment Partnership", "CaBA_Websi": "https://catchmentbasedapproach.org/get-involved/east-devon/", "CaBA_ID": 24, "CaBA_Catch": "East Devon", "EA_NE_Area": "Devon Cornwall and the Isles of Scilly", "WFD_RBD": "South West", "EA_WM_Area": "Devon and Cornwall", "X": -3.3763267531799999, "Y": 50.847270363299998, "Shape__Are": 2285053823.8099999, "Shape__Len": 328711.531449, "sampling_2": "FRESHWATER" }, "geometry": { "type": "Point", "coordinates": [ -3.7268699, 50.7774747 ] } },
{ "type": "Feature", "properties": { "Join_Count": 1, "TARGET_FID": 14617, "F_id": "http://environment.data.gov.uk/water-quality/id/sampling-point/SW-70571003", "label": "RIVER HADDEO AT A396 BRIDGE PIXY COPSE", "comment": "RIVER HADDEO AT A396 BRIDGE PIXY COPSE", "easting": 293728, "northing": 126574, "lat": 51.028673, "long": -3.516797, "notation": "SW-70571003", "area_label": "Devon and Cornwall", "subarea_la": "EAST DEVON AND CORNWALL", "samplingPo": "open", "sampling_1": "FRESHWATER - RIVERS", "CaBA_Partn": "East Devon Catchment Partnership", "CaBA_Websi": "https://catchmentbasedapproach.org/get-involved/east-devon/", "CaBA_ID": 24, "CaBA_Catch": "East Devon", "EA_NE_Area": "Devon Cornwall and the Isles of Scilly", "WFD_RBD": "South West", "EA_WM_Area": "Devon and Cornwall", "X": -3.3763267531799999, "Y": 50.847270363299998, "Shape__Are": 2285053823.8099999, "Shape__Len": 328711.531449, "sampling_2": "FRESHWATER" }, "geometry": { "type": "Point", "coordinates": [ -3.516804, 51.0286761 ] } },
{ "type": "Feature", "properties": { "Join_Count": 1, "TARGET_FID": 14618, "F_id": "http://environment.data.gov.uk/water-quality/id/sampling-point/SW-70532960", "label": "RIVER WEAVER AT HIGHER WEAVER", "comment": "RIVER WEAVER AT HIGHER WEAVER", "easting": 305065, "northing": 104716, "lat": 50.83416, "long": -3.349483, "notation": "SW-70532960", "area_label": "Devon and Cornwall", "subarea_la": "EAST DEVON AND CORNWALL", "samplingPo": "open", "sampling_1": "FRESHWATER - RIVERS", "CaBA_Partn": "East Devon Catchment Partnership", "CaBA_Websi": "https://catchmentbasedapproach.org/get-involved/east-devon/", "CaBA_ID": 24, "CaBA_Catch": "East Devon", "EA_NE_Area": "Devon Cornwall and the Isles of Scilly", "WFD_RBD": "South West", "EA_WM_Area": "Devon and Cornwall", "X": -3.3763267531799999, "Y": 50.847270363299998, "Shape__Are": 2285053823.8099999, "Shape__Len": 328711.531449, "sampling_2": "FRESHWATER" }, "geometry": { "type": "Point", "coordinates": [ -3.3494903, 50.8341629 ] } },
{ "type": "Feature", "properties": { "Join_Count": 1, "TARGET_FID": 14622, "F_id": "http://environment.data.gov.uk/water-quality/id/sampling-point/SW-70581171", "label": "RIVER BARLE AT SIMONSBATH", "comment": "RIVER BARLE AT SIMONSBATH", "easting": 277208, "northing": 139106, "lat": 51.138014, "long": -3.756523, "notation": "SW-70581171", "area_label": "Devon and Cornwall", "subarea_la": "EAST DEVON AND CORNWALL", "samplingPo": "open", "sampling_1": "FRESHWATER - RIVERS", "CaBA_Partn": "East Devon Catchment Partnership", "CaBA_Websi": "https://catchmentbasedapproach.org/get-involved/east-devon/", "CaBA_ID": 24, "CaBA_Catch": "East Devon", "EA_NE_Area": "Devon Cornwall and the Isles of Scilly", "WFD_RBD": "South West", "EA_WM_Area": "Devon and Cornwall", "X": -3.3763267531799999, "Y": 50.847270363299998, "Shape__Are": 2285053823.8099999, "Shape__Len": 328711.531449, "sampling_2": "FRESHWATER" }, "geometry": { "type": "Point", "coordinates": [ -3.7565298, 51.1380176 ] } },
{ "type": "Feature", "properties": { "Join_Count": 1, "TARGET_FID": 14626, "F_id": "http://environment.data.gov.uk/water-quality/id/sampling-point/SW-70534660", "label": "RIVER MADFORD DS DUNKESWELL STW", "comment": "RIVER MADFORD DS DUNKESWELL STW", "easting": 315207, "northing": 108634, "lat": 50.870962, "long": -3.206407, "notation": "SW-70534660", "area_label": "Devon and Cornwall", "subarea_la": "EAST DEVON AND CORNWALL", "samplingPo": "open", "sampling_1": "FRESHWATER - RIVERS", "CaBA_Partn": "East Devon Catchment Partnership", "CaBA_Websi": "https://catchmentbasedapproach.org/get-involved/east-devon/", "CaBA_ID": 24, "CaBA_Catch": "East Devon", "EA_NE_Area": "Devon Cornwall and the Isles of Scilly", "WFD_RBD": "South West", "EA_WM_Area": "Devon and Cornwall", "X": -3.3763267531799999, "Y": 50.847270363299998, "Shape__Are": 2285053823.8099999, "Shape__Len": 328711.531449, "sampling_2": "FRESHWATER" }, "geometry": { "type": "Point", "coordinates": [ -3.2064139, 50.8709644 ] } },
{ "type": "Feature", "properties": { "Join_Count": 1, "TARGET_FID": 14632, "F_id": "http://environment.data.gov.uk/water-quality/id/sampling-point/SW-70531606", "label": "HOLCOMBE ROGUS STW FE", "comment": "HOLCOMBE ROGUS S T W - EFFLUENT", "easting": 306000, "northing": 118500, "lat": 50.95823, "long": -3.339762, "notation": "SW-70531606", "area_label": "Devon and Cornwall", "subarea_la": "EAST DEVON AND CORNWALL", "samplingPo": "open", "sampling_1": "SEWAGE DISCHARGES - FINAL/TREATED EFFLUENT - WATER COMPANY", "CaBA_Partn": "East Devon Catchment Partnership", "CaBA_Websi": "https://catchmentbasedapproach.org/get-involved/east-devon/", "CaBA_ID": 24, "CaBA_Catch": "East Devon", "EA_NE_Area": "Devon Cornwall and the Isles of Scilly", "WFD_RBD": "South West", "EA_WM_Area": "Devon and Cornwall", "X": -3.3763267531799999, "Y": 50.847270363299998, "Shape__Are": 2285053823.8099999, "Shape__Len": 328711.531449, "sampling_2": "SEWAGE DISCHARGES - WATER COMPANY" }, "geometry": { "type": "Point", "coordinates": [ -3.3397688, 50.9582331 ] } },
{ "type": "Feature", "properties": { "Join_Count": 1, "TARGET_FID": 14639, "F_id": "http://environment.data.gov.uk/water-quality/id/sampling-point/SW-70514615", "label": "NORTH BROOK AT NORTHBROOK PARK", "comment": "NORTH BROOK AT NORTHBROOK PARK", "easting": 293954, "northing": 90635, "lat": 50.705649, "long": -3.503146, "notation": "SW-70514615", "area_label": "Devon and Cornwall", "subarea_la": "EAST DEVON AND CORNWALL", "samplingPo": "open", "sampling_1": "FRESHWATER - RIVERS", "CaBA_Partn": "East Devon Catchment Partnership", "CaBA_Websi": "https://catchmentbasedapproach.org/get-involved/east-devon/", "CaBA_ID": 24, "CaBA_Catch": "East Devon", "EA_NE_Area": "Devon Cornwall and the Isles of Scilly", "WFD_RBD": "South West", "EA_WM_Area": "Devon and Cornwall", "X": -3.3763267531799999, "Y": 50.847270363299998, "Shape__Are": 2285053823.8099999, "Shape__Len": 328711.531449, "sampling_2": "FRESHWATER" }, "geometry": { "type": "Point", "coordinates": [ -3.503153, 50.7056506 ] } },
{ "type": "Feature", "properties": { "Join_Count": 1, "TARGET_FID": 14654, "F_id": "http://environment.data.gov.uk/water-quality/id/sampling-point/SW-70501717", "label": "FORD BROOK AT FORD FARM", "comment": "FORD BROOK (EXE) AT FORD FARM", "easting": 279380, "northing": 97689, "lat": 50.766211, "long": -3.711757, "notation": "SW-70501717", "area_label": "Devon and Cornwall", "subarea_la": "EAST DEVON AND CORNWALL", "samplingPo": "open", "sampling_1": "FRESHWATER - RIVERS", "CaBA_Partn": "East Devon Catchment Partnership", "CaBA_Websi": "https://catchmentbasedapproach.org/get-involved/east-devon/", "CaBA_ID": 24, "CaBA_Catch": "East Devon", "EA_NE_Area": "Devon Cornwall and the Isles of Scilly", "WFD_RBD": "South West", "EA_WM_Area": "Devon and Cornwall", "X": -3.3763267531799999, "Y": 50.847270363299998, "Shape__Are": 2285053823.8099999, "Shape__Len": 328711.531449, "sampling_2": "FRESHWATER" }, "geometry": { "type": "Point", "coordinates": [ -3.7117637, 50.7662129 ] } },
{ "type": "Feature", "properties": { "Join_Count": 1, "TARGET_FID": 14680, "F_id": "http://environment.data.gov.uk/water-quality/id/sampling-point/SW-70534904", "label": "DUNKESWELL STREAM PRIOR TO MADFORD RIVER", "comment": "DUNKESWELL STREAM PRIOR TO MADFORD RIVER", "easting": 314916, "northing": 108289, "lat": 50.867817, "long": -3.210461, "notation": "SW-70534904", "area_label": "Devon and Cornwall", "subarea_la": "EAST DEVON AND CORNWALL", "samplingPo": "open", "sampling_1": "FRESHWATER - RIVERS", "CaBA_Partn": "East Devon Catchment Partnership", "CaBA_Websi": "https://catchmentbasedapproach.org/get-involved/east-devon/", "CaBA_ID": 24, "CaBA_Catch": "East Devon", "EA_NE_Area": "Devon Cornwall and the Isles of Scilly", "WFD_RBD": "South West", "EA_WM_Area": "Devon and Cornwall", "X": -3.3763267531799999, "Y": 50.847270363299998, "Shape__Are": 2285053823.8099999, "Shape__Len": 328711.531449, "sampling_2": "FRESHWATER" }, "geometry": { "type": "Point", "coordinates": [ -3.2104681, 50.8678199 ] } },
{ "type": "Feature", "properties": { "Join_Count": 1, "TARGET_FID": 14685, "F_id": "http://environment.data.gov.uk/water-quality/id/sampling-point/SW-70539999", "label": "MISCELLANEOUS CULM CATCHMENT", "comment": "MISCELLANEOUS CULM CATCHMENT", "easting": 293300, "northing": 96800, "lat": 50.760949, "long": -3.514191, "notation": "SW-70539999", "area_label": "Devon and Cornwall", "subarea_la": "EAST DEVON AND CORNWALL", "samplingPo": "open", "sampling_1": "POLLUTION/INVESTIGATION POINTS - ENVIRONMENT", "CaBA_Partn": "East Devon Catchment Partnership", "CaBA_Websi": "https://catchmentbasedapproach.org/get-involved/east-devon/", "CaBA_ID": 24, "CaBA_Catch": "East Devon", "EA_NE_Area": "Devon Cornwall and the Isles of Scilly", "WFD_RBD": "South West", "EA_WM_Area": "Devon and Cornwall", "X": -3.3763267531799999, "Y": 50.847270363299998, "Shape__Are": 2285053823.8099999, "Shape__Len": 328711.531449, "sampling_2": "POLLUTION/INVESTIGATION POINTS" }, "geometry": { "type": "Point", "coordinates": [ -3.5141977, 50.7609512 ] } },
{ "type": "Feature", "properties": { "Join_Count": 1, "TARGET_FID": 14689, "F_id": "http://environment.data.gov.uk/water-quality/id/sampling-point/SW-70501016", "label": "RIVER YEO U/S LORDS MEADOW STW", "comment": "RIVER YEO (CREEDY) ABOVE CREDITON (LORDS MEADOW) STW YEO DISCHARGE", "easting": 285682, "northing": 99121, "lat": 50.78036, "long": -3.622879, "notation": "SW-70501016", "area_label": "Devon and Cornwall", "subarea_la": "EAST DEVON AND CORNWALL", "samplingPo": "open", "sampling_1": "FRESHWATER - RIVERS", "CaBA_Partn": "East Devon Catchment Partnership", "CaBA_Websi": "https://catchmentbasedapproach.org/get-involved/east-devon/", "CaBA_ID": 24, "CaBA_Catch": "East Devon", "EA_NE_Area": "Devon Cornwall and the Isles of Scilly", "WFD_RBD": "South West", "EA_WM_Area": "Devon and Cornwall", "X": -3.3763267531799999, "Y": 50.847270363299998, "Shape__Are": 2285053823.8099999, "Shape__Len": 328711.531449, "sampling_2": "FRESHWATER" }, "geometry": { "type": "Point", "coordinates": [ -3.6228859, 50.7803624 ] } },
{ "type": "Feature", "properties": { "Join_Count": 1, "TARGET_FID": 14704, "F_id": "http://environment.data.gov.uk/water-quality/id/sampling-point/SW-70536080", "label": "TIVERTON CANAL AT FENACRE BRIDGE", "comment": "GRAND WESTERN CANAL AT FENACRE BRIDGE", "easting": 307083, "northing": 117707, "lat": 50.951277, "long": -3.324143, "notation": "SW-70536080", "area_label": "Devon and Cornwall", "subarea_la": "EAST DEVON AND CORNWALL", "samplingPo": "open", "sampling_1": "FRESHWATER - RIVERS", "CaBA_Partn": "East Devon Catchment Partnership", "CaBA_Websi": "https://catchmentbasedapproach.org/get-involved/east-devon/", "CaBA_ID": 24, "CaBA_Catch": "East Devon", "EA_NE_Area": "Devon Cornwall and the Isles of Scilly", "WFD_RBD": "South West", "EA_WM_Area": "Devon and Cornwall", "X": -3.3763267531799999, "Y": 50.847270363299998, "Shape__Are": 2285053823.8099999, "Shape__Len": 328711.531449, "sampling_2": "FRESHWATER" }, "geometry": { "type": "Point", "coordinates": [ -3.3241506, 50.95128 ] } },
{ "type": "Feature", "properties": { "Join_Count": 1, "TARGET_FID": 14715, "F_id": "http://environment.data.gov.uk/water-quality/id/sampling-point/SW-G0550326", "label": "HIGHLEIGH MILL FISH FARM - INLET", "comment": "HIGHLEIGH MILL FISH FFARM - INLET", "easting": 292089, "northing": 122910, "lat": 50.995432, "long": -3.539069, "notation": "SW-G0550326", "area_label": "Devon and Cornwall", "subarea_la": "EAST DEVON AND CORNWALL", "samplingPo": "open", "sampling_1": "FRESHWATER - COMPARATIVE INLET POINTS", "CaBA_Partn": "East Devon Catchment Partnership", "CaBA_Websi": "https://catchmentbasedapproach.org/get-involved/east-devon/", "CaBA_ID": 24, "CaBA_Catch": "East Devon", "EA_NE_Area": "Devon Cornwall and the Isles of Scilly", "WFD_RBD": "South West", "EA_WM_Area": "Devon and Cornwall", "X": -3.3763267531799999, "Y": 50.847270363299998, "Shape__Are": 2285053823.8099999, "Shape__Len": 328711.531449, "sampling_2": "FRESHWATER" }, "geometry": { "type": "Point", "coordinates": [ -3.5390761, 50.9954349 ] } },
{ "type": "Feature", "properties": { "Join_Count": 1, "TARGET_FID": 14724, "F_id": "http://environment.data.gov.uk/water-quality/id/sampling-point/SW-70531166", "label": "RIVER CULM AT HIGHER UPTON FARM", "comment": "RIVER CULM AT HIGHER UPTON FARM", "easting": 302657, "northing": 106586, "lat": 50.850571, "long": -3.384165, "notation": "SW-70531166", "area_label": "Devon and Cornwall", "subarea_la": "EAST DEVON AND CORNWALL", "samplingPo": "open", "sampling_1": "FRESHWATER - RIVERS", "CaBA_Partn": "East Devon Catchment Partnership", "CaBA_Websi": "https://catchmentbasedapproach.org/get-involved/east-devon/", "CaBA_ID": 24, "CaBA_Catch": "East Devon", "EA_NE_Area": "Devon Cornwall and the Isles of Scilly", "WFD_RBD": "South West", "EA_WM_Area": "Devon and Cornwall", "X": -3.3763267531799999, "Y": 50.847270363299998, "Shape__Are": 2285053823.8099999, "Shape__Len": 328711.531449, "sampling_2": "FRESHWATER" }, "geometry": { "type": "Point", "coordinates": [ -3.384172, 50.8505735 ] } },
{ "type": "Feature", "properties": { "Join_Count": 1, "TARGET_FID": 14740, "F_id": "http://environment.data.gov.uk/water-quality/id/sampling-point/SW-70531246", "label": "UFFCULME STW FE", "comment": "UFFCULME S T W - EFFLUENT", "easting": 306200, "northing": 111800, "lat": 50.898031, "long": -3.335189, "notation": "SW-70531246", "area_label": "Devon and Cornwall", "subarea_la": "EAST DEVON AND CORNWALL", "samplingPo": "open", "sampling_1": "SEWAGE DISCHARGES - FINAL/TREATED EFFLUENT - WATER COMPANY", "CaBA_Partn": "East Devon Catchment Partnership", "CaBA_Websi": "https://catchmentbasedapproach.org/get-involved/east-devon/", "CaBA_ID": 24, "CaBA_Catch": "East Devon", "EA_NE_Area": "Devon Cornwall and the Isles of Scilly", "WFD_RBD": "South West", "EA_WM_Area": "Devon and Cornwall", "X": -3.3763267531799999, "Y": 50.847270363299998, "Shape__Are": 2285053823.8099999, "Shape__Len": 328711.531449, "sampling_2": "SEWAGE DISCHARGES - WATER COMPANY" }, "geometry": { "type": "Point", "coordinates": [ -3.335196, 50.8980334 ] } },
{ "type": "Feature", "properties": { "Join_Count": 1, "TARGET_FID": 14755, "F_id": "http://environment.data.gov.uk/water-quality/id/sampling-point/SW-70591051", "label": "RIVER CREEDY AT CREEDY BRIDGE", "comment": "RIVER CREEDY AT CREEDY BRIDGE", "easting": 284608, "northing": 101166, "lat": 50.798529, "long": -3.638749, "notation": "SW-70591051", "area_label": "Devon and Cornwall", "subarea_la": "EAST DEVON AND CORNWALL", "samplingPo": "open", "sampling_1": "FRESHWATER - RIVERS", "CaBA_Partn": "East Devon Catchment Partnership", "CaBA_Websi": "https://catchmentbasedapproach.org/get-involved/east-devon/", "CaBA_ID": 24, "CaBA_Catch": "East Devon", "EA_NE_Area": "Devon Cornwall and the Isles of Scilly", "WFD_RBD": "South West", "EA_WM_Area": "Devon and Cornwall", "X": -3.3763267531799999, "Y": 50.847270363299998, "Shape__Are": 2285053823.8099999, "Shape__Len": 328711.531449, "sampling_2": "FRESHWATER" }, "geometry": { "type": "Point", "coordinates": [ -3.638756, 50.7985317 ] } },
{ "type": "Feature", "properties": { "Join_Count": 1, "TARGET_FID": 14760, "F_id": "http://environment.data.gov.uk/water-quality/id/sampling-point/SW-70591772", "label": "POUGHILL STW FE", "comment": "POUGHILL S T W - EFFLUENT", "easting": 286500, "northing": 108300, "lat": 50.86303, "long": -3.614124, "notation": "SW-70591772", "area_label": "Devon and Cornwall", "subarea_la": "EAST DEVON AND CORNWALL", "samplingPo": "open", "sampling_1": "SEWAGE DISCHARGES - FINAL/TREATED EFFLUENT - WATER COMPANY", "CaBA_Partn": "East Devon Catchment Partnership", "CaBA_Websi": "https://catchmentbasedapproach.org/get-involved/east-devon/", "CaBA_ID": 24, "CaBA_Catch": "East Devon", "EA_NE_Area": "Devon Cornwall and the Isles of Scilly", "WFD_RBD": "South West", "EA_WM_Area": "Devon and Cornwall", "X": -3.3763267531799999, "Y": 50.847270363299998, "Shape__Are": 2285053823.8099999, "Shape__Len": 328711.531449, "sampling_2": "SEWAGE DISCHARGES - WATER COMPANY" }, "geometry": { "type": "Point", "coordinates": [ -3.6141314, 50.8630328 ] } },
{ "type": "Feature", "properties": { "Join_Count": 1, "TARGET_FID": 14761, "F_id": "http://environment.data.gov.uk/water-quality/id/sampling-point/SW-70531610", "label": "SPRATFORD STREAM AT LONGBRIDGE MEADOW", "comment": "SPRATFORD STREAM AT LONGBRIDGE MEADOW", "easting": 302574, "northing": 107714, "lat": 50.860697, "long": -3.385644, "notation": "SW-70531610", "area_label": "Devon and Cornwall", "subarea_la": "EAST DEVON AND CORNWALL", "samplingPo": "open", "sampling_1": "FRESHWATER - RIVERS", "CaBA_Partn": "East Devon Catchment Partnership", "CaBA_Websi": "https://catchmentbasedapproach.org/get-involved/east-devon/", "CaBA_ID": 24, "CaBA_Catch": "East Devon", "EA_NE_Area": "Devon Cornwall and the Isles of Scilly", "WFD_RBD": "South West", "EA_WM_Area": "Devon and Cornwall", "X": -3.3763267531799999, "Y": 50.847270363299998, "Shape__Are": 2285053823.8099999, "Shape__Len": 328711.531449, "sampling_2": "FRESHWATER" }, "geometry": { "type": "Point", "coordinates": [ -3.3856512, 50.8607 ] } },
{ "type": "Feature", "properties": { "Join_Count": 1, "TARGET_FID": 14766, "F_id": "http://environment.data.gov.uk/water-quality/id/sampling-point/SW-70550126", "label": "TIVERTON STW FE", "comment": "TIVERTON S T W - EFFLUENT", "easting": 295300, "northing": 110400, "lat": 50.88357, "long": -3.489731, "notation": "SW-70550126", "area_label": "Devon and Cornwall", "subarea_la": "EAST DEVON AND CORNWALL", "samplingPo": "open", "sampling_1": "SEWAGE DISCHARGES - FINAL/TREATED EFFLUENT - WATER COMPANY", "CaBA_Partn": "East Devon Catchment Partnership", "CaBA_Websi": "https://catchmentbasedapproach.org/get-involved/east-devon/", "CaBA_ID": 24, "CaBA_Catch": "East Devon", "EA_NE_Area": "Devon Cornwall and the Isles of Scilly", "WFD_RBD": "South West", "EA_WM_Area": "Devon and Cornwall", "X": -3.3763267531799999, "Y": 50.847270363299998, "Shape__Are": 2285053823.8099999, "Shape__Len": 328711.531449, "sampling_2": "SEWAGE DISCHARGES - WATER COMPANY" }, "geometry": { "type": "Point", "coordinates": [ -3.489738, 50.8835728 ] } },
{ "type": "Feature", "properties": { "Join_Count": 1, "TARGET_FID": 14776, "F_id": "http://environment.data.gov.uk/water-quality/id/sampling-point/SW-70570224", "label": "EXFORD STW FE", "comment": "EXFORD S T W - EFFLUENT", "easting": 285500, "northing": 138400, "lat": 51.133388, "long": -3.637828, "notation": "SW-70570224", "area_label": "Devon and Cornwall", "subarea_la": "EAST DEVON AND CORNWALL", "samplingPo": "open", "sampling_1": "SEWAGE DISCHARGES - FINAL/TREATED EFFLUENT - WATER COMPANY", "CaBA_Partn": "East Devon Catchment Partnership", "CaBA_Websi": "https://catchmentbasedapproach.org/get-involved/east-devon/", "CaBA_ID": 24, "CaBA_Catch": "East Devon", "EA_NE_Area": "Devon Cornwall and the Isles of Scilly", "WFD_RBD": "South West", "EA_WM_Area": "Devon and Cornwall", "X": -3.3763267531799999, "Y": 50.847270363299998, "Shape__Are": 2285053823.8099999, "Shape__Len": 328711.531449, "sampling_2": "SEWAGE DISCHARGES - WATER COMPANY" }, "geometry": { "type": "Point", "coordinates": [ -3.6378357, 51.1333917 ] } },
{ "type": "Feature", "properties": { "Join_Count": 1, "TARGET_FID": 14784, "F_id": "http://environment.data.gov.uk/water-quality/id/sampling-point/SW-70522991", "label": "AYLESBEARE STW FE", "comment": "AYLESBEARE S T W - EFFLUENT", "easting": 303580, "northing": 91860, "lat": 50.718339, "long": -3.36719, "notation": "SW-70522991", "area_label": "Devon and Cornwall", "subarea_la": "EAST DEVON AND CORNWALL", "samplingPo": "open", "sampling_1": "SEWAGE DISCHARGES - FINAL/TREATED EFFLUENT - WATER COMPANY", "CaBA_Partn": "East Devon Catchment Partnership", "CaBA_Websi": "https://catchmentbasedapproach.org/get-involved/east-devon/", "CaBA_ID": 24, "CaBA_Catch": "East Devon", "EA_NE_Area": "Devon Cornwall and the Isles of Scilly", "WFD_RBD": "South West", "EA_WM_Area": "Devon and Cornwall", "X": -3.3763267531799999, "Y": 50.847270363299998, "Shape__Are": 2285053823.8099999, "Shape__Len": 328711.531449, "sampling_2": "SEWAGE DISCHARGES - WATER COMPANY" }, "geometry": { "type": "Point", "coordinates": [ -3.3671966, 50.7183415 ] } },
{ "type": "Feature", "properties": { "Join_Count": 1, "TARGET_FID": 14804, "F_id": "http://environment.data.gov.uk/water-quality/id/sampling-point/SW-70591016", "label": "RIVER CREEDY AT OAKFORD FARM", "comment": "RIVER CREEDY AT OAKFORD FARM", "easting": 290096, "northing": 96790, "lat": 50.76026, "long": -3.559597, "notation": "SW-70591016", "area_label": "Devon and Cornwall", "subarea_la": "EAST DEVON AND CORNWALL", "samplingPo": "open", "sampling_1": "FRESHWATER - RIVERS", "CaBA_Partn": "East Devon Catchment Partnership", "CaBA_Websi": "https://catchmentbasedapproach.org/get-involved/east-devon/", "CaBA_ID": 24, "CaBA_Catch": "East Devon", "EA_NE_Area": "Devon Cornwall and the Isles of Scilly", "WFD_RBD": "South West", "EA_WM_Area": "Devon and Cornwall", "X": -3.3763267531799999, "Y": 50.847270363299998, "Shape__Are": 2285053823.8099999, "Shape__Len": 328711.531449, "sampling_2": "FRESHWATER" }, "geometry": { "type": "Point", "coordinates": [ -3.5596045, 50.7602627 ] } },
{ "type": "Feature", "properties": { "Join_Count": 1, "TARGET_FID": 14827, "F_id": "http://environment.data.gov.uk/water-quality/id/sampling-point/SW-70501013", "label": "CREDITON (LORDS MEADOW) STW  FE", "comment": "CREDITON (LORDS MEADOW) STW - FINAL EFFLUENT RIVER YEO", "easting": 285714, "northing": 99122, "lat": 50.780375, "long": -3.622425, "notation": "SW-70501013", "area_label": "Devon and Cornwall", "subarea_la": "EAST DEVON AND CORNWALL", "samplingPo": "open", "sampling_1": "SEWAGE DISCHARGES - FINAL/TREATED EFFLUENT - WATER COMPANY", "CaBA_Partn": "East Devon Catchment Partnership", "CaBA_Websi": "https://catchmentbasedapproach.org/get-involved/east-devon/", "CaBA_ID": 24, "CaBA_Catch": "East Devon", "EA_NE_Area": "Devon Cornwall and the Isles of Scilly", "WFD_RBD": "South West", "EA_WM_Area": "Devon and Cornwall", "X": -3.3763267531799999, "Y": 50.847270363299998, "Shape__Are": 2285053823.8099999, "Shape__Len": 328711.531449, "sampling_2": "SEWAGE DISCHARGES - WATER COMPANY" }, "geometry": { "type": "Point", "coordinates": [ -3.6224325, 50.7803777 ] } },
{ "type": "Feature", "properties": { "Join_Count": 1, "TARGET_FID": 14839, "F_id": "http://environment.data.gov.uk/water-quality/id/sampling-point/SW-70571055", "label": "RIVER HADDEO AT WIMBLEBALL RES SURFACE", "comment": "RIVER HADDEO AT WIMBLEBALL RESERVOIR SURFACE - ADDITIONAL HISTORIC DATA ON URN R05G010", "easting": 296532, "northing": 129361, "lat": 51.054238, "long": -3.477623, "notation": "SW-70571055", "area_label": "Devon and Cornwall", "subarea_la": "EAST DEVON AND CORNWALL", "samplingPo": "open", "sampling_1": "FRESHWATER - RIVERS", "CaBA_Partn": "East Devon Catchment Partnership", "CaBA_Websi": "https://catchmentbasedapproach.org/get-involved/east-devon/", "CaBA_ID": 24, "CaBA_Catch": "East Devon", "EA_NE_Area": "Devon Cornwall and the Isles of Scilly", "WFD_RBD": "South West", "EA_WM_Area": "Devon and Cornwall", "X": -3.3763267531799999, "Y": 50.847270363299998, "Shape__Are": 2285053823.8099999, "Shape__Len": 328711.531449, "sampling_2": "FRESHWATER" }, "geometry": { "type": "Point", "coordinates": [ -3.4776307, 51.0542411 ] } },
{ "type": "Feature", "properties": { "Join_Count": 1, "TARGET_FID": 14882, "F_id": "http://environment.data.gov.uk/water-quality/id/sampling-point/SW-70599999", "label": "MISCELLANEOUS CREEDY", "comment": "MISCELLANEOUS CREEDY CATCHMENT", "easting": 290800, "northing": 95600, "lat": 50.749696, "long": -3.549267, "notation": "SW-70599999", "area_label": "Devon and Cornwall", "subarea_la": "EAST DEVON AND CORNWALL", "samplingPo": "open", "sampling_1": "POLLUTION/INVESTIGATION POINTS - ENVIRONMENT", "CaBA_Partn": "East Devon Catchment Partnership", "CaBA_Websi": "https://catchmentbasedapproach.org/get-involved/east-devon/", "CaBA_ID": 24, "CaBA_Catch": "East Devon", "EA_NE_Area": "Devon Cornwall and the Isles of Scilly", "WFD_RBD": "South West", "EA_WM_Area": "Devon and Cornwall", "X": -3.3763267531799999, "Y": 50.847270363299998, "Shape__Are": 2285053823.8099999, "Shape__Len": 328711.531449, "sampling_2": "POLLUTION/INVESTIGATION POINTS" }, "geometry": { "type": "Point", "coordinates": [ -3.5492737, 50.7496984 ] } },
{ "type": "Feature", "properties": { "Join_Count": 1, "TARGET_FID": 14887, "F_id": "http://environment.data.gov.uk/water-quality/id/sampling-point/SW-70523309", "label": "CRANNY BROOK AT WISHFORD FARM", "comment": "CRANNY BROOK AT WISHFORD FARM", "easting": 299095, "northing": 95232, "lat": 50.747891, "long": -3.431625, "notation": "SW-70523309", "area_label": "Devon and Cornwall", "subarea_la": "EAST DEVON AND CORNWALL", "samplingPo": "open", "sampling_1": "FRESHWATER - RIVERS", "CaBA_Partn": "East Devon Catchment Partnership", "CaBA_Websi": "https://catchmentbasedapproach.org/get-involved/east-devon/", "CaBA_ID": 24, "CaBA_Catch": "East Devon", "EA_NE_Area": "Devon Cornwall and the Isles of Scilly", "WFD_RBD": "South West", "EA_WM_Area": "Devon and Cornwall", "X": -3.3763267531799999, "Y": 50.847270363299998, "Shape__Are": 2285053823.8099999, "Shape__Len": 328711.531449, "sampling_2": "FRESHWATER" }, "geometry": { "type": "Point", "coordinates": [ -3.431632, 50.747893 ] } },
{ "type": "Feature", "properties": { "Join_Count": 1, "TARGET_FID": 14901, "F_id": "http://environment.data.gov.uk/water-quality/id/sampling-point/SW-70571103", "label": "RIVER PULHAM PRIOR TO RIVER HADDEO", "comment": "RIVER PULHAM PRIOR TO RIVER HADDEO", "easting": 295926, "northing": 129512, "lat": 51.055485, "long": -3.48631, "notation": "SW-70571103", "area_label": "Devon and Cornwall", "subarea_la": "EAST DEVON AND CORNWALL", "samplingPo": "open", "sampling_1": "FRESHWATER - RIVERS", "CaBA_Partn": "East Devon Catchment Partnership", "CaBA_Websi": "https://catchmentbasedapproach.org/get-involved/east-devon/", "CaBA_ID": 24, "CaBA_Catch": "East Devon", "EA_NE_Area": "Devon Cornwall and the Isles of Scilly", "WFD_RBD": "South West", "EA_WM_Area": "Devon and Cornwall", "X": -3.3763267531799999, "Y": 50.847270363299998, "Shape__Are": 2285053823.8099999, "Shape__Len": 328711.531449, "sampling_2": "FRESHWATER" }, "geometry": { "type": "Point", "coordinates": [ -3.4863173, 51.0554888 ] } },
{ "type": "Feature", "properties": { "Join_Count": 1, "TARGET_FID": 14903, "F_id": "http://environment.data.gov.uk/water-quality/id/sampling-point/SW-70513805", "label": "ALPHIN BROOK AT COUNTESS WEAR BRIDGE", "comment": "ALPHIN BROOK AT COUNTESS WEAR BRIDGE", "easting": 293983, "northing": 89386, "lat": 50.694426, "long": -3.502376, "notation": "SW-70513805", "area_label": "Devon and Cornwall", "subarea_la": "CENTRAL DEVON AND CORNWALL", "samplingPo": "open", "sampling_1": "FRESHWATER - RIVERS", "CaBA_Partn": "East Devon Catchment Partnership", "CaBA_Websi": "https://catchmentbasedapproach.org/get-involved/east-devon/", "CaBA_ID": 24, "CaBA_Catch": "East Devon", "EA_NE_Area": "Devon Cornwall and the Isles of Scilly", "WFD_RBD": "South West", "EA_WM_Area": "Devon and Cornwall", "X": -3.3763267531799999, "Y": 50.847270363299998, "Shape__Are": 2285053823.8099999, "Shape__Len": 328711.531449, "sampling_2": "FRESHWATER" }, "geometry": { "type": "Point", "coordinates": [ -3.5023836, 50.6944279 ] } },
{ "type": "Feature", "properties": { "Join_Count": 1, "TARGET_FID": 14904, "F_id": "http://environment.data.gov.uk/water-quality/id/sampling-point/SW-G0550322", "label": "HIGHLEIGH MILL FISH FARM - OUTLET 4", "comment": "HIGHLEIGH MILL FISH FARM - OUTLET 4", "easting": 291860, "northing": 122680, "lat": 50.993321, "long": -3.542262, "notation": "SW-G0550322", "area_label": "Devon and Cornwall", "subarea_la": "EAST DEVON AND CORNWALL", "samplingPo": "open", "sampling_1": "AGRICULTURE - FISH FARMING - NOT WATER COMPANY", "CaBA_Partn": "East Devon Catchment Partnership", "CaBA_Websi": "https://catchmentbasedapproach.org/get-involved/east-devon/", "CaBA_ID": 24, "CaBA_Catch": "East Devon", "EA_NE_Area": "Devon Cornwall and the Isles of Scilly", "WFD_RBD": "South West", "EA_WM_Area": "Devon and Cornwall", "X": -3.3763267531799999, "Y": 50.847270363299998, "Shape__Are": 2285053823.8099999, "Shape__Len": 328711.531449, "sampling_2": "AGRICULTURE" }, "geometry": { "type": "Point", "coordinates": [ -3.5422695, 50.9933244 ] } },
{ "type": "Feature", "properties": { "Join_Count": 1, "TARGET_FID": 14910, "F_id": "http://environment.data.gov.uk/water-quality/id/sampling-point/SW-70591632", "label": "SANDFORD STW FE", "comment": "SANDFORD S T W - EFFLUENT", "easting": 283353, "northing": 102344, "lat": 50.808866, "long": -3.656924, "notation": "SW-70591632", "area_label": "Devon and Cornwall", "subarea_la": "EAST DEVON AND CORNWALL", "samplingPo": "open", "sampling_1": "SEWAGE DISCHARGES - FINAL/TREATED EFFLUENT - WATER COMPANY", "CaBA_Partn": "East Devon Catchment Partnership", "CaBA_Websi": "https://catchmentbasedapproach.org/get-involved/east-devon/", "CaBA_ID": 24, "CaBA_Catch": "East Devon", "EA_NE_Area": "Devon Cornwall and the Isles of Scilly", "WFD_RBD": "South West", "EA_WM_Area": "Devon and Cornwall", "X": -3.3763267531799999, "Y": 50.847270363299998, "Shape__Are": 2285053823.8099999, "Shape__Len": 328711.531449, "sampling_2": "SEWAGE DISCHARGES - WATER COMPANY" }, "geometry": { "type": "Point", "coordinates": [ -3.6569309, 50.808869 ] } },
{ "type": "Feature", "properties": { "Join_Count": 1, "TARGET_FID": 14912, "F_id": "http://environment.data.gov.uk/water-quality/id/sampling-point/SW-70501104", "label": "RIVER CULVERY AT UTON", "comment": "CULVERY RIVER AT UTON", "easting": 283432, "northing": 98601, "lat": 50.775237, "long": -3.654614, "notation": "SW-70501104", "area_label": "Devon and Cornwall", "subarea_la": "EAST DEVON AND CORNWALL", "samplingPo": "open", "sampling_1": "FRESHWATER - RIVERS", "CaBA_Partn": "East Devon Catchment Partnership", "CaBA_Websi": "https://catchmentbasedapproach.org/get-involved/east-devon/", "CaBA_ID": 24, "CaBA_Catch": "East Devon", "EA_NE_Area": "Devon Cornwall and the Isles of Scilly", "WFD_RBD": "South West", "EA_WM_Area": "Devon and Cornwall", "X": -3.3763267531799999, "Y": 50.847270363299998, "Shape__Are": 2285053823.8099999, "Shape__Len": 328711.531449, "sampling_2": "FRESHWATER" }, "geometry": { "type": "Point", "coordinates": [ -3.6546214, 50.7752398 ] } },
{ "type": "Feature", "properties": { "Join_Count": 1, "TARGET_FID": 14927, "F_id": "http://environment.data.gov.uk/water-quality/id/sampling-point/SW-70591021", "label": "NEWTON ST. CYRES STW FE", "comment": "NEWTON ST. CYRES S T W - EFFLUENT", "easting": 288849, "northing": 98135, "lat": 50.772113, "long": -3.577677, "notation": "SW-70591021", "area_label": "Devon and Cornwall", "subarea_la": "EAST DEVON AND CORNWALL", "samplingPo": "open", "sampling_1": "SEWAGE DISCHARGES - FINAL/TREATED EFFLUENT - WATER COMPANY", "CaBA_Partn": "East Devon Catchment Partnership", "CaBA_Websi": "https://catchmentbasedapproach.org/get-involved/east-devon/", "CaBA_ID": 24, "CaBA_Catch": "East Devon", "EA_NE_Area": "Devon Cornwall and the Isles of Scilly", "WFD_RBD": "South West", "EA_WM_Area": "Devon and Cornwall", "X": -3.3763267531799999, "Y": 50.847270363299998, "Shape__Are": 2285053823.8099999, "Shape__Len": 328711.531449, "sampling_2": "SEWAGE DISCHARGES - WATER COMPANY" }, "geometry": { "type": "Point", "coordinates": [ -3.5776843, 50.7721154 ] } },
{ "type": "Feature", "properties": { "Join_Count": 1, "TARGET_FID": 14933, "F_id": "http://environment.data.gov.uk/water-quality/id/sampling-point/SW-70540233", "label": "THORVERTON STW FE", "comment": "THORVERTON S T W - EFFLUENT", "easting": 293300, "northing": 101900, "lat": 50.806795, "long": -3.515673, "notation": "SW-70540233", "area_label": "Devon and Cornwall", "subarea_la": "EAST DEVON AND CORNWALL", "samplingPo": "open", "sampling_1": "SEWAGE DISCHARGES - FINAL/TREATED EFFLUENT - WATER COMPANY", "CaBA_Partn": "East Devon Catchment Partnership", "CaBA_Websi": "https://catchmentbasedapproach.org/get-involved/east-devon/", "CaBA_ID": 24, "CaBA_Catch": "East Devon", "EA_NE_Area": "Devon Cornwall and the Isles of Scilly", "WFD_RBD": "South West", "EA_WM_Area": "Devon and Cornwall", "X": -3.3763267531799999, "Y": 50.847270363299998, "Shape__Are": 2285053823.8099999, "Shape__Len": 328711.531449, "sampling_2": "SEWAGE DISCHARGES - WATER COMPANY" }, "geometry": { "type": "Point", "coordinates": [ -3.5156798, 50.8067973 ] } },
{ "type": "Feature", "properties": { "Join_Count": 1, "TARGET_FID": 14964, "F_id": "http://environment.data.gov.uk/water-quality/id/sampling-point/SW-G0538650", "label": "HEAZILLE BARTON REWE", "comment": "HEAZILLE BARTON, REWE (13 DWELLINGS)", "easting": 295380, "northing": 100316, "lat": 50.792935, "long": -3.485712, "notation": "SW-G0538650", "area_label": "Devon and Cornwall", "subarea_la": "EAST DEVON AND CORNWALL", "samplingPo": "open", "sampling_1": "SEWAGE DISCHARGES - FINAL/TREATED EFFLUENT - NOT WATER COMPANY", "CaBA_Partn": "East Devon Catchment Partnership", "CaBA_Websi": "https://catchmentbasedapproach.org/get-involved/east-devon/", "CaBA_ID": 24, "CaBA_Catch": "East Devon", "EA_NE_Area": "Devon Cornwall and the Isles of Scilly", "WFD_RBD": "South West", "EA_WM_Area": "Devon and Cornwall", "X": -3.3763267531799999, "Y": 50.847270363299998, "Shape__Are": 2285053823.8099999, "Shape__Len": 328711.531449, "sampling_2": "SEWAGE DISCHARGES - NOT WATER COMPANY" }, "geometry": { "type": "Point", "coordinates": [ -3.4857189, 50.7929376 ] } },
{ "type": "Feature", "properties": { "Join_Count": 1, "TARGET_FID": 14973, "F_id": "http://environment.data.gov.uk/water-quality/id/sampling-point/SW-70550265", "label": "RIVER EXE AT HALFPENNY BRIDGE", "comment": "RIVER EXE AT HALFPENNY BRIDGE", "easting": 295239, "northing": 120538, "lat": 50.974692, "long": -3.493514, "notation": "SW-70550265", "area_label": "Devon and Cornwall", "subarea_la": "EAST DEVON AND CORNWALL", "samplingPo": "open", "sampling_1": "FRESHWATER - RIVERS", "CaBA_Partn": "East Devon Catchment Partnership", "CaBA_Websi": "https://catchmentbasedapproach.org/get-involved/east-devon/", "CaBA_ID": 24, "CaBA_Catch": "East Devon", "EA_NE_Area": "Devon Cornwall and the Isles of Scilly", "WFD_RBD": "South West", "EA_WM_Area": "Devon and Cornwall", "X": -3.3763267531799999, "Y": 50.847270363299998, "Shape__Are": 2285053823.8099999, "Shape__Len": 328711.531449, "sampling_2": "FRESHWATER" }, "geometry": { "type": "Point", "coordinates": [ -3.4935215, 50.9746952 ] } },
{ "type": "Feature", "properties": { "Join_Count": 1, "TARGET_FID": 14978, "F_id": "http://environment.data.gov.uk/water-quality/id/sampling-point/SW-70591040", "label": "RIVER CREEDY AT WESTACOTT COTTAGES", "comment": "RIVER CREEDY AT WESTACOTT COTTAGES", "easting": 285489, "northing": 99837, "lat": 50.786758, "long": -3.625838, "notation": "SW-70591040", "area_label": "Devon and Cornwall", "subarea_la": "EAST DEVON AND CORNWALL", "samplingPo": "open", "sampling_1": "FRESHWATER - RIVERS", "CaBA_Partn": "East Devon Catchment Partnership", "CaBA_Websi": "https://catchmentbasedapproach.org/get-involved/east-devon/", "CaBA_ID": 24, "CaBA_Catch": "East Devon", "EA_NE_Area": "Devon Cornwall and the Isles of Scilly", "WFD_RBD": "South West", "EA_WM_Area": "Devon and Cornwall", "X": -3.3763267531799999, "Y": 50.847270363299998, "Shape__Are": 2285053823.8099999, "Shape__Len": 328711.531449, "sampling_2": "FRESHWATER" }, "geometry": { "type": "Point", "coordinates": [ -3.6258455, 50.7867603 ] } },
{ "type": "Feature", "properties": { "Join_Count": 1, "TARGET_FID": 15022, "F_id": "http://environment.data.gov.uk/water-quality/id/sampling-point/SW-70540110", "label": "RIVER EXE AT TREWS WEIR  EXETER", "comment": "RIVER EXE AT TREWS WEIR EXETER", "easting": 292546, "northing": 91506, "lat": 50.71322, "long": -3.523332, "notation": "SW-70540110", "area_label": "Devon and Cornwall", "subarea_la": "EAST DEVON AND CORNWALL", "samplingPo": "open", "sampling_1": "FRESHWATER - RIVERS", "CaBA_Partn": "East Devon Catchment Partnership", "CaBA_Websi": "https://catchmentbasedapproach.org/get-involved/east-devon/", "CaBA_ID": 24, "CaBA_Catch": "East Devon", "EA_NE_Area": "Devon Cornwall and the Isles of Scilly", "WFD_RBD": "South West", "EA_WM_Area": "Devon and Cornwall", "X": -3.3763267531799999, "Y": 50.847270363299998, "Shape__Are": 2285053823.8099999, "Shape__Len": 328711.531449, "sampling_2": "FRESHWATER" }, "geometry": { "type": "Point", "coordinates": [ -3.523339, 50.7132217 ] } },
{ "type": "Feature", "properties": { "Join_Count": 1, "TARGET_FID": 15025, "F_id": "http://environment.data.gov.uk/water-quality/id/sampling-point/SW-70534602", "label": "MADFORD RIVER AT CULM BRIDGE HEMYOCK", "comment": "MADFORD RIVER AT CULM BRIDGE HEMYOCK", "easting": 314346, "northing": 113546, "lat": 50.914995, "long": -3.219793, "notation": "SW-70534602", "area_label": "Devon and Cornwall", "subarea_la": "EAST DEVON AND CORNWALL", "samplingPo": "open", "sampling_1": "FRESHWATER - RIVERS", "CaBA_Partn": "East Devon Catchment Partnership", "CaBA_Websi": "https://catchmentbasedapproach.org/get-involved/east-devon/", "CaBA_ID": 24, "CaBA_Catch": "East Devon", "EA_NE_Area": "Devon Cornwall and the Isles of Scilly", "WFD_RBD": "South West", "EA_WM_Area": "Devon and Cornwall", "X": -3.3763267531799999, "Y": 50.847270363299998, "Shape__Are": 2285053823.8099999, "Shape__Len": 328711.531449, "sampling_2": "FRESHWATER" }, "geometry": { "type": "Point", "coordinates": [ -3.2198005, 50.914998 ] } },
{ "type": "Feature", "properties": { "Join_Count": 1, "TARGET_FID": 15042, "F_id": "http://environment.data.gov.uk/water-quality/id/sampling-point/SW-70534628", "label": "MADFORD RIVER AT DUNKESWELL ABBEY", "comment": "MADFORD RIVER AT DUNKESWELL ABBEY", "easting": 314392, "northing": 110537, "lat": 50.88795, "long": -3.218433, "notation": "SW-70534628", "area_label": "Devon and Cornwall", "subarea_la": "EAST DEVON AND CORNWALL", "samplingPo": "open", "sampling_1": "FRESHWATER - RIVERS", "CaBA_Partn": "East Devon Catchment Partnership", "CaBA_Websi": "https://catchmentbasedapproach.org/get-involved/east-devon/", "CaBA_ID": 24, "CaBA_Catch": "East Devon", "EA_NE_Area": "Devon Cornwall and the Isles of Scilly", "WFD_RBD": "South West", "EA_WM_Area": "Devon and Cornwall", "X": -3.3763267531799999, "Y": 50.847270363299998, "Shape__Are": 2285053823.8099999, "Shape__Len": 328711.531449, "sampling_2": "FRESHWATER" }, "geometry": { "type": "Point", "coordinates": [ -3.2184398, 50.8879528 ] } },
{ "type": "Feature", "properties": { "Join_Count": 1, "TARGET_FID": 15051, "F_id": "http://environment.data.gov.uk/water-quality/id/sampling-point/SW-70522623", "label": "RIVER CLYST AT CLYST ST MARY", "comment": "RIVER CLYST AT CLYST ST MARY", "easting": 297250, "northing": 91680, "lat": 50.715635, "long": -3.456777, "notation": "SW-70522623", "area_label": "Devon and Cornwall", "subarea_la": "EAST DEVON AND CORNWALL", "samplingPo": "open", "sampling_1": "FRESHWATER - RIVERS", "CaBA_Partn": "East Devon Catchment Partnership", "CaBA_Websi": "https://catchmentbasedapproach.org/get-involved/east-devon/", "CaBA_ID": 24, "CaBA_Catch": "East Devon", "EA_NE_Area": "Devon Cornwall and the Isles of Scilly", "WFD_RBD": "South West", "EA_WM_Area": "Devon and Cornwall", "X": -3.3763267531799999, "Y": 50.847270363299998, "Shape__Are": 2285053823.8099999, "Shape__Len": 328711.531449, "sampling_2": "FRESHWATER" }, "geometry": { "type": "Point", "coordinates": [ -3.4567837, 50.7156374 ] } },
{ "type": "Feature", "properties": { "Join_Count": 1, "TARGET_FID": 15055, "F_id": "http://environment.data.gov.uk/water-quality/id/sampling-point/SW-70593405", "label": "BINNEFORD WATER NEAR ASHRIDGE FM", "comment": "BINNEFORD WATER AT NEAR ASHRIDGE FARM", "easting": 282003, "northing": 106174, "lat": 50.843019, "long": -3.677309, "notation": "SW-70593405", "area_label": "Devon and Cornwall", "subarea_la": "EAST DEVON AND CORNWALL", "samplingPo": "open", "sampling_1": "FRESHWATER - RIVERS", "CaBA_Partn": "East Devon Catchment Partnership", "CaBA_Websi": "https://catchmentbasedapproach.org/get-involved/east-devon/", "CaBA_ID": 24, "CaBA_Catch": "East Devon", "EA_NE_Area": "Devon Cornwall and the Isles of Scilly", "WFD_RBD": "South West", "EA_WM_Area": "Devon and Cornwall", "X": -3.3763267531799999, "Y": 50.847270363299998, "Shape__Are": 2285053823.8099999, "Shape__Len": 328711.531449, "sampling_2": "FRESHWATER" }, "geometry": { "type": "Point", "coordinates": [ -3.6773163, 50.8430219 ] } },
{ "type": "Feature", "properties": { "Join_Count": 1, "TARGET_FID": 15056, "F_id": "http://environment.data.gov.uk/water-quality/id/sampling-point/SW-70531672", "label": "BURLESCOMBE STW FE", "comment": "BURLESCOMBE S T W - EFFLUENT", "easting": 306500, "northing": 117000, "lat": 50.944827, "long": -3.332259, "notation": "SW-70531672", "area_label": "Devon and Cornwall", "subarea_la": "EAST DEVON AND CORNWALL", "samplingPo": "open", "sampling_1": "SEWAGE DISCHARGES - FINAL/TREATED EFFLUENT - WATER COMPANY", "CaBA_Partn": "East Devon Catchment Partnership", "CaBA_Websi": "https://catchmentbasedapproach.org/get-involved/east-devon/", "CaBA_ID": 24, "CaBA_Catch": "East Devon", "EA_NE_Area": "Devon Cornwall and the Isles of Scilly", "WFD_RBD": "South West", "EA_WM_Area": "Devon and Cornwall", "X": -3.3763267531799999, "Y": 50.847270363299998, "Shape__Are": 2285053823.8099999, "Shape__Len": 328711.531449, "sampling_2": "SEWAGE DISCHARGES - WATER COMPANY" }, "geometry": { "type": "Point", "coordinates": [ -3.3322661, 50.9448297 ] } },
{ "type": "Feature", "properties": { "Join_Count": 1, "TARGET_FID": 15059, "F_id": "http://environment.data.gov.uk/water-quality/id/sampling-point/SW-70533233", "label": "BRADNINCH STW FE", "comment": "BRADNINCH S T W - FINAL EFFLUENT", "easting": 300400, "northing": 103500, "lat": 50.822444, "long": -3.415377, "notation": "SW-70533233", "area_label": "Devon and Cornwall", "subarea_la": "EAST DEVON AND CORNWALL", "samplingPo": "open", "sampling_1": "SEWAGE DISCHARGES - FINAL/TREATED EFFLUENT - WATER COMPANY", "CaBA_Partn": "East Devon Catchment Partnership", "CaBA_Websi": "https://catchmentbasedapproach.org/get-involved/east-devon/", "CaBA_ID": 24, "CaBA_Catch": "East Devon", "EA_NE_Area": "Devon Cornwall and the Isles of Scilly", "WFD_RBD": "South West", "EA_WM_Area": "Devon and Cornwall", "X": -3.3763267531799999, "Y": 50.847270363299998, "Shape__Are": 2285053823.8099999, "Shape__Len": 328711.531449, "sampling_2": "SEWAGE DISCHARGES - WATER COMPANY" }, "geometry": { "type": "Point", "coordinates": [ -3.4153837, 50.8224465 ] } },
{ "type": "Feature", "properties": { "Join_Count": 1, "TARGET_FID": 15061, "F_id": "http://environment.data.gov.uk/water-quality/id/sampling-point/SW-70559999", "label": "MISCELLANEOUS MIDDLE EXE", "comment": "MISCELLANEOUS MIDDLE EXE CATCHMENT", "easting": 293600, "northing": 107200, "lat": 50.854493, "long": -3.512956, "notation": "SW-70559999", "area_label": "Devon and Cornwall", "subarea_la": "EAST DEVON AND CORNWALL", "samplingPo": "open", "sampling_1": "POLLUTION/INVESTIGATION POINTS - ENVIRONMENT", "CaBA_Partn": "East Devon Catchment Partnership", "CaBA_Websi": "https://catchmentbasedapproach.org/get-involved/east-devon/", "CaBA_ID": 24, "CaBA_Catch": "East Devon", "EA_NE_Area": "Devon Cornwall and the Isles of Scilly", "WFD_RBD": "South West", "EA_WM_Area": "Devon and Cornwall", "X": -3.3763267531799999, "Y": 50.847270363299998, "Shape__Are": 2285053823.8099999, "Shape__Len": 328711.531449, "sampling_2": "POLLUTION/INVESTIGATION POINTS" }, "geometry": { "type": "Point", "coordinates": [ -3.5129637, 50.8544961 ] } },
{ "type": "Feature", "properties": { "Join_Count": 1, "TARGET_FID": 15067, "F_id": "http://environment.data.gov.uk/water-quality/id/sampling-point/SW-70557059", "label": "IRON MILL STREAM U/S BELLBROOK VALLEY", "comment": "IRON MILL STREAM ABOVE BELLBROOK VALLEY TROUT FARM", "easting": 289565, "northing": 120317, "lat": 50.971644, "long": -3.574232, "notation": "SW-70557059", "area_label": "Devon and Cornwall", "subarea_la": "EAST DEVON AND CORNWALL", "samplingPo": "open", "sampling_1": "FRESHWATER - COMPARATIVE INLET POINTS", "CaBA_Partn": "East Devon Catchment Partnership", "CaBA_Websi": "https://catchmentbasedapproach.org/get-involved/east-devon/", "CaBA_ID": 24, "CaBA_Catch": "East Devon", "EA_NE_Area": "Devon Cornwall and the Isles of Scilly", "WFD_RBD": "South West", "EA_WM_Area": "Devon and Cornwall", "X": -3.3763267531799999, "Y": 50.847270363299998, "Shape__Are": 2285053823.8099999, "Shape__Len": 328711.531449, "sampling_2": "FRESHWATER" }, "geometry": { "type": "Point", "coordinates": [ -3.5742393, 50.9716474 ] } },
{ "type": "Feature", "properties": { "Join_Count": 1, "TARGET_FID": 15070, "F_id": "http://environment.data.gov.uk/water-quality/id/sampling-point/SW-70523364", "label": "CRANNY BROOK AT BARNSHAYES", "comment": "CRANNY BROOK AT BARNSHAYES", "easting": 303811, "northing": 97094, "lat": 50.765432, "long": -3.365286, "notation": "SW-70523364", "area_label": "Devon and Cornwall", "subarea_la": "EAST DEVON AND CORNWALL", "samplingPo": "open", "sampling_1": "FRESHWATER - RIVERS", "CaBA_Partn": "East Devon Catchment Partnership", "CaBA_Websi": "https://catchmentbasedapproach.org/get-involved/east-devon/", "CaBA_ID": 24, "CaBA_Catch": "East Devon", "EA_NE_Area": "Devon Cornwall and the Isles of Scilly", "WFD_RBD": "South West", "EA_WM_Area": "Devon and Cornwall", "X": -3.3763267531799999, "Y": 50.847270363299998, "Shape__Are": 2285053823.8099999, "Shape__Len": 328711.531449, "sampling_2": "FRESHWATER" }, "geometry": { "type": "Point", "coordinates": [ -3.3652935, 50.765434 ] } },
{ "type": "Feature", "properties": { "Join_Count": 1, "TARGET_FID": 15071, "F_id": "http://environment.data.gov.uk/water-quality/id/sampling-point/SW-70581085", "label": "RIVER BARLE AT TARR STEPS", "comment": "RIVER BARLE AT TARR STEPS", "easting": 286774, "northing": 132118, "lat": 51.077176, "long": -3.617655, "notation": "SW-70581085", "area_label": "Devon and Cornwall", "subarea_la": "EAST DEVON AND CORNWALL", "samplingPo": "open", "sampling_1": "FRESHWATER - RIVERS", "CaBA_Partn": "East Devon Catchment Partnership", "CaBA_Websi": "https://catchmentbasedapproach.org/get-involved/east-devon/", "CaBA_ID": 24, "CaBA_Catch": "East Devon", "EA_NE_Area": "Devon Cornwall and the Isles of Scilly", "WFD_RBD": "South West", "EA_WM_Area": "Devon and Cornwall", "X": -3.3763267531799999, "Y": 50.847270363299998, "Shape__Are": 2285053823.8099999, "Shape__Len": 328711.531449, "sampling_2": "FRESHWATER" }, "geometry": { "type": "Point", "coordinates": [ -3.6176624, 51.0771797 ] } },
{ "type": "Feature", "properties": { "Join_Count": 1, "TARGET_FID": 15142, "F_id": "http://environment.data.gov.uk/water-quality/id/sampling-point/SW-70512924", "label": "CAT AND FIDDLE LEISURE PARK", "comment": "CAT AND FIDDLE LEISURE PARK", "easting": 299185, "northing": 90843, "lat": 50.70845, "long": -3.429148, "notation": "SW-70512924", "area_label": "Devon and Cornwall", "subarea_la": "EAST DEVON AND CORNWALL", "samplingPo": "open", "sampling_1": "SEWAGE DISCHARGES - FINAL/TREATED EFFLUENT - NOT WATER COMPANY", "CaBA_Partn": "East Devon Catchment Partnership", "CaBA_Websi": "https://catchmentbasedapproach.org/get-involved/east-devon/", "CaBA_ID": 24, "CaBA_Catch": "East Devon", "EA_NE_Area": "Devon Cornwall and the Isles of Scilly", "WFD_RBD": "South West", "EA_WM_Area": "Devon and Cornwall", "X": -3.3763267531799999, "Y": 50.847270363299998, "Shape__Are": 2285053823.8099999, "Shape__Len": 328711.531449, "sampling_2": "SEWAGE DISCHARGES - NOT WATER COMPANY" }, "geometry": { "type": "Point", "coordinates": [ -3.4291554, 50.7084522 ] } },
{ "type": "Feature", "properties": { "Join_Count": 1, "TARGET_FID": 15143, "F_id": "http://environment.data.gov.uk/water-quality/id/sampling-point/SW-70522656", "label": "HAY HOUSE  BROADCLYST  EXETER", "comment": "HAY HOUSE BROADCLYST EXETER", "easting": 298790, "northing": 98740, "lat": 50.779374, "long": -3.436913, "notation": "SW-70522656", "area_label": "Devon and Cornwall", "subarea_la": "EAST DEVON AND CORNWALL", "samplingPo": "open", "sampling_1": "SEWAGE DISCHARGES - FINAL/TREATED EFFLUENT - NOT WATER COMPANY", "CaBA_Partn": "East Devon Catchment Partnership", "CaBA_Websi": "https://catchmentbasedapproach.org/get-involved/east-devon/", "CaBA_ID": 24, "CaBA_Catch": "East Devon", "EA_NE_Area": "Devon Cornwall and the Isles of Scilly", "WFD_RBD": "South West", "EA_WM_Area": "Devon and Cornwall", "X": -3.3763267531799999, "Y": 50.847270363299998, "Shape__Are": 2285053823.8099999, "Shape__Len": 328711.531449, "sampling_2": "SEWAGE DISCHARGES - NOT WATER COMPANY" }, "geometry": { "type": "Point", "coordinates": [ -3.4369197, 50.779376 ] } },
{ "type": "Feature", "properties": { "Join_Count": 1, "TARGET_FID": 15150, "F_id": "http://environment.data.gov.uk/water-quality/id/sampling-point/SW-70550133", "label": "RIVER EXE U/S TIVERTON STW", "comment": "RIVER EXE ABOVE TIVERTON STW", "easting": 295257, "northing": 110340, "lat": 50.883023, "long": -3.490325, "notation": "SW-70550133", "area_label": "Devon and Cornwall", "subarea_la": "EAST DEVON AND CORNWALL", "samplingPo": "open", "sampling_1": "FRESHWATER - RIVERS", "CaBA_Partn": "East Devon Catchment Partnership", "CaBA_Websi": "https://catchmentbasedapproach.org/get-involved/east-devon/", "CaBA_ID": 24, "CaBA_Catch": "East Devon", "EA_NE_Area": "Devon Cornwall and the Isles of Scilly", "WFD_RBD": "South West", "EA_WM_Area": "Devon and Cornwall", "X": -3.3763267531799999, "Y": 50.847270363299998, "Shape__Are": 2285053823.8099999, "Shape__Len": 328711.531449, "sampling_2": "FRESHWATER" }, "geometry": { "type": "Point", "coordinates": [ -3.4903318, 50.8830256 ] } },
{ "type": "Feature", "properties": { "Join_Count": 1, "TARGET_FID": 15158, "F_id": "http://environment.data.gov.uk/water-quality/id/sampling-point/SW-70532650", "label": "SILVERTON STW FE", "comment": "SILVERTON S T W - EFFLUENT", "easting": 295900, "northing": 102500, "lat": 50.812662, "long": -3.478956, "notation": "SW-70532650", "area_label": "Devon and Cornwall", "subarea_la": "EAST DEVON AND CORNWALL", "samplingPo": "open", "sampling_1": "SEWAGE DISCHARGES - FINAL/TREATED EFFLUENT - WATER COMPANY", "CaBA_Partn": "East Devon Catchment Partnership", "CaBA_Websi": "https://catchmentbasedapproach.org/get-involved/east-devon/", "CaBA_ID": 24, "CaBA_Catch": "East Devon", "EA_NE_Area": "Devon Cornwall and the Isles of Scilly", "WFD_RBD": "South West", "EA_WM_Area": "Devon and Cornwall", "X": -3.3763267531799999, "Y": 50.847270363299998, "Shape__Are": 2285053823.8099999, "Shape__Len": 328711.531449, "sampling_2": "SEWAGE DISCHARGES - WATER COMPANY" }, "geometry": { "type": "Point", "coordinates": [ -3.4789636, 50.8126645 ] } },
{ "type": "Feature", "properties": { "Join_Count": 1, "TARGET_FID": 15168, "F_id": "http://environment.data.gov.uk/water-quality/id/sampling-point/SW-70501029", "label": "RIVER YEO AT GUNSTONE MILLS", "comment": "RIVER YEO (CREEDY) AT GUNSTONE MILLS", "easting": 280586, "northing": 98496, "lat": 50.773714, "long": -3.694926, "notation": "SW-70501029", "area_label": "Devon and Cornwall", "subarea_la": "EAST DEVON AND CORNWALL", "samplingPo": "open", "sampling_1": "FRESHWATER - RIVERS", "CaBA_Partn": "East Devon Catchment Partnership", "CaBA_Websi": "https://catchmentbasedapproach.org/get-involved/east-devon/", "CaBA_ID": 24, "CaBA_Catch": "East Devon", "EA_NE_Area": "Devon Cornwall and the Isles of Scilly", "WFD_RBD": "South West", "EA_WM_Area": "Devon and Cornwall", "X": -3.3763267531799999, "Y": 50.847270363299998, "Shape__Are": 2285053823.8099999, "Shape__Len": 328711.531449, "sampling_2": "FRESHWATER" }, "geometry": { "type": "Point", "coordinates": [ -3.6949328, 50.7737165 ] } },
{ "type": "Feature", "properties": { "Join_Count": 1, "TARGET_FID": 15175, "F_id": "http://environment.data.gov.uk/water-quality/id/sampling-point/SW-70550329", "label": "RIVER EXE AT EXEBRIDGE", "comment": "RIVER EXE AT EXEBRIDGE", "easting": 293000, "northing": 124462, "lat": 51.009553, "long": -3.52655, "notation": "SW-70550329", "area_label": "Devon and Cornwall", "subarea_la": "EAST DEVON AND CORNWALL", "samplingPo": "open", "sampling_1": "FRESHWATER - RIVERS", "CaBA_Partn": "East Devon Catchment Partnership", "CaBA_Websi": "https://catchmentbasedapproach.org/get-involved/east-devon/", "CaBA_ID": 24, "CaBA_Catch": "East Devon", "EA_NE_Area": "Devon Cornwall and the Isles of Scilly", "WFD_RBD": "South West", "EA_WM_Area": "Devon and Cornwall", "X": -3.3763267531799999, "Y": 50.847270363299998, "Shape__Are": 2285053823.8099999, "Shape__Len": 328711.531449, "sampling_2": "FRESHWATER" }, "geometry": { "type": "Point", "coordinates": [ -3.5265575, 51.0095561 ] } },
{ "type": "Feature", "properties": { "Join_Count": 1, "TARGET_FID": 15212, "F_id": "http://environment.data.gov.uk/water-quality/id/sampling-point/SW-70501779", "label": "LITTLE CHEF AT WHIDDON DOWN", "comment": "LITTLE CHEF AT WHIDDON DOWN", "easting": 269437, "northing": 92821, "lat": 50.720303, "long": -3.850947, "notation": "SW-70501779", "area_label": "Devon and Cornwall", "subarea_la": "EAST DEVON AND CORNWALL", "samplingPo": "open", "sampling_1": "SEWAGE DISCHARGES - FINAL/TREATED EFFLUENT - NOT WATER COMPANY", "CaBA_Partn": "East Devon Catchment Partnership", "CaBA_Websi": "https://catchmentbasedapproach.org/get-involved/east-devon/", "CaBA_ID": 24, "CaBA_Catch": "East Devon", "EA_NE_Area": "Devon Cornwall and the Isles of Scilly", "WFD_RBD": "South West", "EA_WM_Area": "Devon and Cornwall", "X": -3.3763267531799999, "Y": 50.847270363299998, "Shape__Are": 2285053823.8099999, "Shape__Len": 328711.531449, "sampling_2": "SEWAGE DISCHARGES - NOT WATER COMPANY" }, "geometry": { "type": "Point", "coordinates": [ -3.8509537, 50.7203054 ] } },
{ "type": "Feature", "properties": { "Join_Count": 1, "TARGET_FID": 15213, "F_id": "http://environment.data.gov.uk/water-quality/id/sampling-point/SW-70522649", "label": "RIVER CLYST AT A38 BRIDGE  BROADCLYST", "comment": "RIVER CLYST AT A38 BRIDGE BROADCLYST", "easting": 298393, "northing": 97566, "lat": 50.76875, "long": -3.442217, "notation": "SW-70522649", "area_label": "Devon and Cornwall", "subarea_la": "EAST DEVON AND CORNWALL", "samplingPo": "open", "sampling_1": "FRESHWATER - RIVERS", "CaBA_Partn": "East Devon Catchment Partnership", "CaBA_Websi": "https://catchmentbasedapproach.org/get-involved/east-devon/", "CaBA_ID": 24, "CaBA_Catch": "East Devon", "EA_NE_Area": "Devon Cornwall and the Isles of Scilly", "WFD_RBD": "South West", "EA_WM_Area": "Devon and Cornwall", "X": -3.3763267531799999, "Y": 50.847270363299998, "Shape__Are": 2285053823.8099999, "Shape__Len": 328711.531449, "sampling_2": "FRESHWATER" }, "geometry": { "type": "Point", "coordinates": [ -3.4422241, 50.7687525 ] } },
{ "type": "Feature", "properties": { "Join_Count": 1, "TARGET_FID": 15217, "F_id": "http://environment.data.gov.uk/water-quality/id/sampling-point/SW-70531189", "label": "CULLOMPTON STW FE", "comment": "CULLOMPTON S T W - EFFLUENT", "easting": 302000, "northing": 106300, "lat": 50.847889, "long": -3.393418, "notation": "SW-70531189", "area_label": "Devon and Cornwall", "subarea_la": "EAST DEVON AND CORNWALL", "samplingPo": "open", "sampling_1": "SEWAGE DISCHARGES - FINAL/TREATED EFFLUENT - WATER COMPANY", "CaBA_Partn": "East Devon Catchment Partnership", "CaBA_Websi": "https://catchmentbasedapproach.org/get-involved/east-devon/", "CaBA_ID": 24, "CaBA_Catch": "East Devon", "EA_NE_Area": "Devon Cornwall and the Isles of Scilly", "WFD_RBD": "South West", "EA_WM_Area": "Devon and Cornwall", "X": -3.3763267531799999, "Y": 50.847270363299998, "Shape__Are": 2285053823.8099999, "Shape__Len": 328711.531449, "sampling_2": "SEWAGE DISCHARGES - WATER COMPANY" }, "geometry": { "type": "Point", "coordinates": [ -3.3934254, 50.8478914 ] } },
{ "type": "Feature", "properties": { "Join_Count": 1, "TARGET_FID": 15218, "F_id": "http://environment.data.gov.uk/water-quality/id/sampling-point/SW-70550338", "label": "EXE VALLEY FISHERY - OUTFALL 1", "comment": "EXE VALLEY FISHERY - OUTFALL 1", "easting": 292800, "northing": 124700, "lat": 51.011655, "long": -3.52947, "notation": "SW-70550338", "area_label": "Devon and Cornwall", "subarea_la": "EAST DEVON AND CORNWALL", "samplingPo": "open", "sampling_1": "AGRICULTURE - FISH FARMING - NOT WATER COMPANY", "CaBA_Partn": "East Devon Catchment Partnership", "CaBA_Websi": "https://catchmentbasedapproach.org/get-involved/east-devon/", "CaBA_ID": 24, "CaBA_Catch": "East Devon", "EA_NE_Area": "Devon Cornwall and the Isles of Scilly", "WFD_RBD": "South West", "EA_WM_Area": "Devon and Cornwall", "X": -3.3763267531799999, "Y": 50.847270363299998, "Shape__Are": 2285053823.8099999, "Shape__Len": 328711.531449, "sampling_2": "AGRICULTURE" }, "geometry": { "type": "Point", "coordinates": [ -3.5294776, 51.0116582 ] } },
{ "type": "Feature", "properties": { "Join_Count": 1, "TARGET_FID": 15243, "F_id": "http://environment.data.gov.uk/water-quality/id/sampling-point/SW-G0550321", "label": "HIGHLEIGH MILL FISH FARM - OUTLET 5", "comment": "HIGHLEIGH MILL FISH FARM - OUTLET 5", "easting": 291730, "northing": 122660, "lat": 50.993117, "long": -3.544108, "notation": "SW-G0550321", "area_label": "Devon and Cornwall", "subarea_la": "EAST DEVON AND CORNWALL", "samplingPo": "open", "sampling_1": "AGRICULTURE - FISH FARMING - NOT WATER COMPANY", "CaBA_Partn": "East Devon Catchment Partnership", "CaBA_Websi": "https://catchmentbasedapproach.org/get-involved/east-devon/", "CaBA_ID": 24, "CaBA_Catch": "East Devon", "EA_NE_Area": "Devon Cornwall and the Isles of Scilly", "WFD_RBD": "South West", "EA_WM_Area": "Devon and Cornwall", "X": -3.3763267531799999, "Y": 50.847270363299998, "Shape__Are": 2285053823.8099999, "Shape__Len": 328711.531449, "sampling_2": "AGRICULTURE" }, "geometry": { "type": "Point", "coordinates": [ -3.5441152, 50.9931201 ] } },
{ "type": "Feature", "properties": { "Join_Count": 1, "TARGET_FID": 15255, "F_id": "http://environment.data.gov.uk/water-quality/id/sampling-point/SW-70501838", "label": "CHERITON BISHOP STW FE", "comment": "CHERITON BISHOP S T W - EFFLUENT", "easting": 277568, "northing": 93555, "lat": 50.728672, "long": -3.736063, "notation": "SW-70501838", "area_label": "Devon and Cornwall", "subarea_la": "EAST DEVON AND CORNWALL", "samplingPo": "open", "sampling_1": "SEWAGE DISCHARGES - FINAL/TREATED EFFLUENT - WATER COMPANY", "CaBA_Partn": "East Devon Catchment Partnership", "CaBA_Websi": "https://catchmentbasedapproach.org/get-involved/east-devon/", "CaBA_ID": 24, "CaBA_Catch": "East Devon", "EA_NE_Area": "Devon Cornwall and the Isles of Scilly", "WFD_RBD": "South West", "EA_WM_Area": "Devon and Cornwall", "X": -3.3763267531799999, "Y": 50.847270363299998, "Shape__Are": 2285053823.8099999, "Shape__Len": 328711.531449, "sampling_2": "SEWAGE DISCHARGES - WATER COMPANY" }, "geometry": { "type": "Point", "coordinates": [ -3.7360701, 50.7286746 ] } },
{ "type": "Feature", "properties": { "Join_Count": 1, "TARGET_FID": 15273, "F_id": "http://environment.data.gov.uk/water-quality/id/sampling-point/SW-70513830", "label": "ALPHIN BROOK AT FOOTBRIDGE ALPHINGTON", "comment": "ALPHIN BROOK AT FOOTBRIDGE ALPHINGTON", "easting": 291549, "northing": 90299, "lat": 50.702184, "long": -3.537093, "notation": "SW-70513830", "area_label": "Devon and Cornwall", "subarea_la": "CENTRAL DEVON AND CORNWALL", "samplingPo": "open", "sampling_1": "FRESHWATER - RIVERS", "CaBA_Partn": "East Devon Catchment Partnership", "CaBA_Websi": "https://catchmentbasedapproach.org/get-involved/east-devon/", "CaBA_ID": 24, "CaBA_Catch": "East Devon", "EA_NE_Area": "Devon Cornwall and the Isles of Scilly", "WFD_RBD": "South West", "EA_WM_Area": "Devon and Cornwall", "X": -3.3763267531799999, "Y": 50.847270363299998, "Shape__Are": 2285053823.8099999, "Shape__Len": 328711.531449, "sampling_2": "FRESHWATER" }, "geometry": { "type": "Point", "coordinates": [ -3.5371002, 50.7021861 ] } },
{ "type": "Feature", "properties": { "Join_Count": 1, "TARGET_FID": 15279, "F_id": "http://environment.data.gov.uk/water-quality/id/sampling-point/SW-70512058", "label": "RIVER KENN AT A38 BRIDGE  KENNFORD", "comment": "RIVER KENN AT A38 BRIDGE KENNFORD", "easting": 291324, "northing": 86600, "lat": 50.66889, "long": -3.539189, "notation": "SW-70512058", "area_label": "Devon and Cornwall", "subarea_la": "CENTRAL DEVON AND CORNWALL", "samplingPo": "open", "sampling_1": "FRESHWATER - RIVERS", "CaBA_Partn": "East Devon Catchment Partnership", "CaBA_Websi": "https://catchmentbasedapproach.org/get-involved/east-devon/", "CaBA_ID": 24, "CaBA_Catch": "East Devon", "EA_NE_Area": "Devon Cornwall and the Isles of Scilly", "WFD_RBD": "South West", "EA_WM_Area": "Devon and Cornwall", "X": -3.3763267531799999, "Y": 50.847270363299998, "Shape__Are": 2285053823.8099999, "Shape__Len": 328711.531449, "sampling_2": "FRESHWATER" }, "geometry": { "type": "Point", "coordinates": [ -3.5391964, 50.668892 ] } },
{ "type": "Feature", "properties": { "Join_Count": 1, "TARGET_FID": 15288, "F_id": "http://environment.data.gov.uk/water-quality/id/sampling-point/SW-70532917", "label": "RIVER WEAVER AT WEAVER BRIDGE ON B3181", "comment": "RIVER WEAVER AT WEAVER BRIDGE ON B3181", "easting": 301323, "northing": 103350, "lat": 50.821254, "long": -3.402237, "notation": "SW-70532917", "area_label": "Devon and Cornwall", "subarea_la": "EAST DEVON AND CORNWALL", "samplingPo": "open", "sampling_1": "FRESHWATER - RIVERS", "CaBA_Partn": "East Devon Catchment Partnership", "CaBA_Websi": "https://catchmentbasedapproach.org/get-involved/east-devon/", "CaBA_ID": 24, "CaBA_Catch": "East Devon", "EA_NE_Area": "Devon Cornwall and the Isles of Scilly", "WFD_RBD": "South West", "EA_WM_Area": "Devon and Cornwall", "X": -3.3763267531799999, "Y": 50.847270363299998, "Shape__Are": 2285053823.8099999, "Shape__Len": 328711.531449, "sampling_2": "FRESHWATER" }, "geometry": { "type": "Point", "coordinates": [ -3.4022437, 50.8212562 ] } },
{ "type": "Feature", "properties": { "Join_Count": 1, "TARGET_FID": 15300, "F_id": "http://environment.data.gov.uk/water-quality/id/sampling-point/SW-70501001", "label": "RIVER YEO  AT DOWNES MILLS", "comment": "RIVER YEO (CREEDY) AT DOWNES MILLS PRIOR TO RIVER CREEDY", "easting": 285649, "northing": 99117, "lat": 50.780317, "long": -3.623345, "notation": "SW-70501001", "area_label": "Devon and Cornwall", "subarea_la": "EAST DEVON AND CORNWALL", "samplingPo": "open", "sampling_1": "FRESHWATER - RIVERS", "CaBA_Partn": "East Devon Catchment Partnership", "CaBA_Websi": "https://catchmentbasedapproach.org/get-involved/east-devon/", "CaBA_ID": 24, "CaBA_Catch": "East Devon", "EA_NE_Area": "Devon Cornwall and the Isles of Scilly", "WFD_RBD": "South West", "EA_WM_Area": "Devon and Cornwall", "X": -3.3763267531799999, "Y": 50.847270363299998, "Shape__Are": 2285053823.8099999, "Shape__Len": 328711.531449, "sampling_2": "FRESHWATER" }, "geometry": { "type": "Point", "coordinates": [ -3.6233525, 50.7803199 ] } },
{ "type": "Feature", "properties": { "Join_Count": 1, "TARGET_FID": 15305, "F_id": "http://environment.data.gov.uk/water-quality/id/sampling-point/SW-70550279", "label": "RAINBOW VALLEY FISH FARM O/F A", "comment": "RAINBOW VALLEY FISH FARM - EFFLUENT", "easting": 293100, "northing": 121700, "lat": 50.984744, "long": -3.524311, "notation": "SW-70550279", "area_label": "Devon and Cornwall", "subarea_la": "EAST DEVON AND CORNWALL", "samplingPo": "open", "sampling_1": "AGRICULTURE - FISH FARMING - NOT WATER COMPANY", "CaBA_Partn": "East Devon Catchment Partnership", "CaBA_Websi": "https://catchmentbasedapproach.org/get-involved/east-devon/", "CaBA_ID": 24, "CaBA_Catch": "East Devon", "EA_NE_Area": "Devon Cornwall and the Isles of Scilly", "WFD_RBD": "South West", "EA_WM_Area": "Devon and Cornwall", "X": -3.3763267531799999, "Y": 50.847270363299998, "Shape__Are": 2285053823.8099999, "Shape__Len": 328711.531449, "sampling_2": "AGRICULTURE" }, "geometry": { "type": "Point", "coordinates": [ -3.5243187, 50.984747 ] } },
{ "type": "Feature", "properties": { "Join_Count": 1, "TARGET_FID": 15306, "F_id": "http://environment.data.gov.uk/water-quality/id/sampling-point/SW-70531310", "label": "RIVER CULM AT BRIDGEHOUSE BRIDGE", "comment": "RIVER CULM AT BRIDGEHOUSE BRIDGE CLAYHIDON", "easting": 315992, "northing": 114087, "lat": 50.920101, "long": -3.196509, "notation": "SW-70531310", "area_label": "Devon and Cornwall", "subarea_la": "EAST DEVON AND CORNWALL", "samplingPo": "open", "sampling_1": "FRESHWATER - RIVERS", "CaBA_Partn": "East Devon Catchment Partnership", "CaBA_Websi": "https://catchmentbasedapproach.org/get-involved/east-devon/", "CaBA_ID": 24, "CaBA_Catch": "East Devon", "EA_NE_Area": "Devon Cornwall and the Isles of Scilly", "WFD_RBD": "South West", "EA_WM_Area": "Devon and Cornwall", "X": -3.3763267531799999, "Y": 50.847270363299998, "Shape__Are": 2285053823.8099999, "Shape__Len": 328711.531449, "sampling_2": "FRESHWATER" }, "geometry": { "type": "Point", "coordinates": [ -3.1965164, 50.9201041 ] } },
{ "type": "Feature", "properties": { "Join_Count": 1, "TARGET_FID": 15309, "F_id": "http://environment.data.gov.uk/water-quality/id/sampling-point/SW-70591706", "label": "CHERITON FITZPAINE STW FE", "comment": "CHERITON FITZPAINE S T W - EFFLUENT", "easting": 285778, "northing": 106149, "lat": 50.843553, "long": -3.623707, "notation": "SW-70591706", "area_label": "Devon and Cornwall", "subarea_la": "EAST DEVON AND CORNWALL", "samplingPo": "open", "sampling_1": "SEWAGE DISCHARGES - FINAL/TREATED EFFLUENT - WATER COMPANY", "CaBA_Partn": "East Devon Catchment Partnership", "CaBA_Websi": "https://catchmentbasedapproach.org/get-involved/east-devon/", "CaBA_ID": 24, "CaBA_Catch": "East Devon", "EA_NE_Area": "Devon Cornwall and the Isles of Scilly", "WFD_RBD": "South West", "EA_WM_Area": "Devon and Cornwall", "X": -3.3763267531799999, "Y": 50.847270363299998, "Shape__Are": 2285053823.8099999, "Shape__Len": 328711.531449, "sampling_2": "SEWAGE DISCHARGES - WATER COMPANY" }, "geometry": { "type": "Point", "coordinates": [ -3.6237144, 50.8435554 ] } },
{ "type": "Feature", "properties": { "Join_Count": 1, "TARGET_FID": 15365, "F_id": "http://environment.data.gov.uk/water-quality/id/sampling-point/SW-70513750", "label": "EXETER CANAL AT A38 BRIDGE COUNTESS WEAR", "comment": "EXETER CANAL AT A38 BRIDGE COUNTESS WEAR", "easting": 294078, "northing": 89384, "lat": 50.694425, "long": -3.501031, "notation": "SW-70513750", "area_label": "Devon and Cornwall", "subarea_la": "CENTRAL DEVON AND CORNWALL", "samplingPo": "open", "sampling_1": "FRESHWATER - RIVERS", "CaBA_Partn": "East Devon Catchment Partnership", "CaBA_Websi": "https://catchmentbasedapproach.org/get-involved/east-devon/", "CaBA_ID": 24, "CaBA_Catch": "East Devon", "EA_NE_Area": "Devon Cornwall and the Isles of Scilly", "WFD_RBD": "South West", "EA_WM_Area": "Devon and Cornwall", "X": -3.3763267531799999, "Y": 50.847270363299998, "Shape__Are": 2285053823.8099999, "Shape__Len": 328711.531449, "sampling_2": "FRESHWATER" }, "geometry": { "type": "Point", "coordinates": [ -3.5010385, 50.6944273 ] } },
{ "type": "Feature", "properties": { "Join_Count": 1, "TARGET_FID": 15366, "F_id": "http://environment.data.gov.uk/water-quality/id/sampling-point/SW-70531787", "label": "HALBERTON STW FE", "comment": "HALBERTON S T W - EFFLUENT", "easting": 301500, "northing": 112500, "lat": 50.90354, "long": -3.40219, "notation": "SW-70531787", "area_label": "Devon and Cornwall", "subarea_la": "EAST DEVON AND CORNWALL", "samplingPo": "open", "sampling_1": "SEWAGE DISCHARGES - FINAL/TREATED EFFLUENT - WATER COMPANY", "CaBA_Partn": "East Devon Catchment Partnership", "CaBA_Websi": "https://catchmentbasedapproach.org/get-involved/east-devon/", "CaBA_ID": 24, "CaBA_Catch": "East Devon", "EA_NE_Area": "Devon Cornwall and the Isles of Scilly", "WFD_RBD": "South West", "EA_WM_Area": "Devon and Cornwall", "X": -3.3763267531799999, "Y": 50.847270363299998, "Shape__Are": 2285053823.8099999, "Shape__Len": 328711.531449, "sampling_2": "SEWAGE DISCHARGES - WATER COMPANY" }, "geometry": { "type": "Point", "coordinates": [ -3.4021976, 50.9035427 ] } },
{ "type": "Feature", "properties": { "Join_Count": 1, "TARGET_FID": 15372, "F_id": "http://environment.data.gov.uk/water-quality/id/sampling-point/SW-70531093", "label": "RIVER CULM 50M D/S WEIR U/S SILVERTON MI", "comment": "RIVER CULM 50M BELOW WEIR ABOVE SILVERTON MILL", "easting": 297821, "northing": 101021, "lat": 50.799709, "long": -3.451287, "notation": "SW-70531093", "area_label": "Devon and Cornwall", "subarea_la": "EAST DEVON AND CORNWALL", "samplingPo": "open", "sampling_1": "FRESHWATER - RIVERS", "CaBA_Partn": "East Devon Catchment Partnership", "CaBA_Websi": "https://catchmentbasedapproach.org/get-involved/east-devon/", "CaBA_ID": 24, "CaBA_Catch": "East Devon", "EA_NE_Area": "Devon Cornwall and the Isles of Scilly", "WFD_RBD": "South West", "EA_WM_Area": "Devon and Cornwall", "X": -3.3763267531799999, "Y": 50.847270363299998, "Shape__Are": 2285053823.8099999, "Shape__Len": 328711.531449, "sampling_2": "FRESHWATER" }, "geometry": { "type": "Point", "coordinates": [ -3.4512942, 50.7997113 ] } },
{ "type": "Feature", "properties": { "Join_Count": 1, "TARGET_FID": 15374, "F_id": "http://environment.data.gov.uk/water-quality/id/sampling-point/SW-70557058", "label": "BELLBROOK VALLEY TROUT FARM", "comment": "BELLBROOK VALLEY TROUT FARM", "easting": 289700, "northing": 120200, "lat": 50.970618, "long": -3.572275, "notation": "SW-70557058", "area_label": "Devon and Cornwall", "subarea_la": "EAST DEVON AND CORNWALL", "samplingPo": "open", "sampling_1": "AGRICULTURE - FISH FARMING - NOT WATER COMPANY", "CaBA_Partn": "East Devon Catchment Partnership", "CaBA_Websi": "https://catchmentbasedapproach.org/get-involved/east-devon/", "CaBA_ID": 24, "CaBA_Catch": "East Devon", "EA_NE_Area": "Devon Cornwall and the Isles of Scilly", "WFD_RBD": "South West", "EA_WM_Area": "Devon and Cornwall", "X": -3.3763267531799999, "Y": 50.847270363299998, "Shape__Are": 2285053823.8099999, "Shape__Len": 328711.531449, "sampling_2": "AGRICULTURE" }, "geometry": { "type": "Point", "coordinates": [ -3.5722818, 50.9706216 ] } },
{ "type": "Feature", "properties": { "Join_Count": 1, "TARGET_FID": 15378, "F_id": "http://environment.data.gov.uk/water-quality/id/sampling-point/SW-70593893", "label": "PENNYMOOR STW FE", "comment": "PENNYMOOR S T W - EFFLUENT", "easting": 286466, "northing": 111653, "lat": 50.893163, "long": -3.615649, "notation": "SW-70593893", "area_label": "Devon and Cornwall", "subarea_la": "EAST DEVON AND CORNWALL", "samplingPo": "open", "sampling_1": "SEWAGE DISCHARGES - FINAL/TREATED EFFLUENT - WATER COMPANY", "CaBA_Partn": "East Devon Catchment Partnership", "CaBA_Websi": "https://catchmentbasedapproach.org/get-involved/east-devon/", "CaBA_ID": 24, "CaBA_Catch": "East Devon", "EA_NE_Area": "Devon Cornwall and the Isles of Scilly", "WFD_RBD": "South West", "EA_WM_Area": "Devon and Cornwall", "X": -3.3763267531799999, "Y": 50.847270363299998, "Shape__Are": 2285053823.8099999, "Shape__Len": 328711.531449, "sampling_2": "SEWAGE DISCHARGES - WATER COMPANY" }, "geometry": { "type": "Point", "coordinates": [ -3.6156566, 50.8931657 ] } },
{ "type": "Feature", "properties": { "Join_Count": 1, "TARGET_FID": 15417, "F_id": "http://environment.data.gov.uk/water-quality/id/sampling-point/SW-70501419", "label": "PITT STREAM AT MOORLAKE BRIDGE", "comment": "PITT STREAM AT MOORLAKE BRIDGE", "easting": 281269, "northing": 99327, "lat": 50.781324, "long": -3.685512, "notation": "SW-70501419", "area_label": "Devon and Cornwall", "subarea_la": "EAST DEVON AND CORNWALL", "samplingPo": "open", "sampling_1": "FRESHWATER - RIVERS", "CaBA_Partn": "East Devon Catchment Partnership", "CaBA_Websi": "https://catchmentbasedapproach.org/get-involved/east-devon/", "CaBA_ID": 24, "CaBA_Catch": "East Devon", "EA_NE_Area": "Devon Cornwall and the Isles of Scilly", "WFD_RBD": "South West", "EA_WM_Area": "Devon and Cornwall", "X": -3.3763267531799999, "Y": 50.847270363299998, "Shape__Are": 2285053823.8099999, "Shape__Len": 328711.531449, "sampling_2": "FRESHWATER" }, "geometry": { "type": "Point", "coordinates": [ -3.6855193, 50.7813264 ] } },
{ "type": "Feature", "properties": { "Join_Count": 1, "TARGET_FID": 15434, "F_id": "http://environment.data.gov.uk/water-quality/id/sampling-point/SW-70531014", "label": "RIVER CULM AT A396 BRIDGE  STOKE CANON", "comment": "RIVER CULM AT A396 BRIDGE STOKE CANON", "easting": 293836, "northing": 97593, "lat": 50.768176, "long": -3.506823, "notation": "SW-70531014", "area_label": "Devon and Cornwall", "subarea_la": "EAST DEVON AND CORNWALL", "samplingPo": "open", "sampling_1": "FRESHWATER - RIVERS", "CaBA_Partn": "East Devon Catchment Partnership", "CaBA_Websi": "https://catchmentbasedapproach.org/get-involved/east-devon/", "CaBA_ID": 24, "CaBA_Catch": "East Devon", "EA_NE_Area": "Devon Cornwall and the Isles of Scilly", "WFD_RBD": "South West", "EA_WM_Area": "Devon and Cornwall", "X": -3.3763267531799999, "Y": 50.847270363299998, "Shape__Are": 2285053823.8099999, "Shape__Len": 328711.531449, "sampling_2": "FRESHWATER" }, "geometry": { "type": "Point", "coordinates": [ -3.50683, 50.7681783 ] } },
{ "type": "Feature", "properties": { "Join_Count": 1, "TARGET_FID": 15527, "F_id": "http://environment.data.gov.uk/water-quality/id/sampling-point/SW-70561005", "label": "RIVER BATHERM AT BOWBIERHILL WOOD", "comment": "RIVER BATHERM AT BOWBIERHILL WOOD BELOW HIGHER KILN", "easting": 295450, "northing": 120923, "lat": 50.978191, "long": -3.490621, "notation": "SW-70561005", "area_label": "Devon and Cornwall", "subarea_la": "EAST DEVON AND CORNWALL", "samplingPo": "open", "sampling_1": "FRESHWATER - RIVERS", "CaBA_Partn": "East Devon Catchment Partnership", "CaBA_Websi": "https://catchmentbasedapproach.org/get-involved/east-devon/", "CaBA_ID": 24, "CaBA_Catch": "East Devon", "EA_NE_Area": "Devon Cornwall and the Isles of Scilly", "WFD_RBD": "South West", "EA_WM_Area": "Devon and Cornwall", "X": -3.3763267531799999, "Y": 50.847270363299998, "Shape__Are": 2285053823.8099999, "Shape__Len": 328711.531449, "sampling_2": "FRESHWATER" }, "geometry": { "type": "Point", "coordinates": [ -3.490628, 50.9781944 ] } },
{ "type": "Feature", "properties": { "Join_Count": 1, "TARGET_FID": 15530, "F_id": "http://environment.data.gov.uk/water-quality/id/sampling-point/SW-70540224", "label": "RIVER EXE AT THORVERTON GAUGING STATION", "comment": "RIVER EXE AT THORVERTON GAUGING STATION", "easting": 293608, "northing": 101640, "lat": 50.804514, "long": -3.511228, "notation": "SW-70540224", "area_label": "Devon and Cornwall", "subarea_la": "EAST DEVON AND CORNWALL", "samplingPo": "open", "sampling_1": "FRESHWATER - RIVERS", "CaBA_Partn": "East Devon Catchment Partnership", "CaBA_Websi": "https://catchmentbasedapproach.org/get-involved/east-devon/", "CaBA_ID": 24, "CaBA_Catch": "East Devon", "EA_NE_Area": "Devon Cornwall and the Isles of Scilly", "WFD_RBD": "South West", "EA_WM_Area": "Devon and Cornwall", "X": -3.3763267531799999, "Y": 50.847270363299998, "Shape__Are": 2285053823.8099999, "Shape__Len": 328711.531449, "sampling_2": "FRESHWATER" }, "geometry": { "type": "Point", "coordinates": [ -3.5112348, 50.8045167 ] } },
{ "type": "Feature", "properties": { "Join_Count": 1, "TARGET_FID": 15540, "F_id": "http://environment.data.gov.uk/water-quality/id/sampling-point/SW-70570220", "label": "RIVER EXE D/S EXFORD STW", "comment": "RIVER EXE BELOW EXFORD STW ALTERNATIVE HISTORIC DATA ON URN R05G001", "easting": 285733, "northing": 138093, "lat": 51.130675, "long": -3.634402, "notation": "SW-70570220", "area_label": "Devon and Cornwall", "subarea_la": "EAST DEVON AND CORNWALL", "samplingPo": "open", "sampling_1": "FRESHWATER - RIVERS", "CaBA_Partn": "East Devon Catchment Partnership", "CaBA_Websi": "https://catchmentbasedapproach.org/get-involved/east-devon/", "CaBA_ID": 24, "CaBA_Catch": "East Devon", "EA_NE_Area": "Devon Cornwall and the Isles of Scilly", "WFD_RBD": "South West", "EA_WM_Area": "Devon and Cornwall", "X": -3.3763267531799999, "Y": 50.847270363299998, "Shape__Are": 2285053823.8099999, "Shape__Len": 328711.531449, "sampling_2": "FRESHWATER" }, "geometry": { "type": "Point", "coordinates": [ -3.6344096, 51.1306789 ] } },
{ "type": "Feature", "properties": { "Join_Count": 1, "TARGET_FID": 15548, "F_id": "http://environment.data.gov.uk/water-quality/id/sampling-point/SW-70531215", "label": "RIVER CULM AT SKINNER'S FARM  WILLAND", "comment": "RIVER CULM AT SKINNER'S FARM WILLAND", "easting": 304302, "northing": 110170, "lat": 50.883065, "long": -3.361743, "notation": "SW-70531215", "area_label": "Devon and Cornwall", "subarea_la": "EAST DEVON AND CORNWALL", "samplingPo": "open", "sampling_1": "FRESHWATER - RIVERS", "CaBA_Partn": "East Devon Catchment Partnership", "CaBA_Websi": "https://catchmentbasedapproach.org/get-involved/east-devon/", "CaBA_ID": 24, "CaBA_Catch": "East Devon", "EA_NE_Area": "Devon Cornwall and the Isles of Scilly", "WFD_RBD": "South West", "EA_WM_Area": "Devon and Cornwall", "X": -3.3763267531799999, "Y": 50.847270363299998, "Shape__Are": 2285053823.8099999, "Shape__Len": 328711.531449, "sampling_2": "FRESHWATER" }, "geometry": { "type": "Point", "coordinates": [ -3.3617498, 50.8830681 ] } },
{ "type": "Feature", "properties": { "Join_Count": 1, "TARGET_FID": 15582, "F_id": "http://environment.data.gov.uk/water-quality/id/sampling-point/SW-70512354", "label": "BROWNS FARM KENNFORD", "comment": "BROWNS FARM KENNFORD", "easting": 290480, "northing": 85180, "lat": 50.655967, "long": -3.550707, "notation": "SW-70512354", "area_label": "Devon and Cornwall", "subarea_la": "CENTRAL DEVON AND CORNWALL", "samplingPo": "open", "sampling_1": "SEWAGE DISCHARGES - FINAL/TREATED EFFLUENT - NOT WATER COMPANY", "CaBA_Partn": "East Devon Catchment Partnership", "CaBA_Websi": "https://catchmentbasedapproach.org/get-involved/east-devon/", "CaBA_ID": 24, "CaBA_Catch": "East Devon", "EA_NE_Area": "Devon Cornwall and the Isles of Scilly", "WFD_RBD": "South West", "EA_WM_Area": "Devon and Cornwall", "X": -3.3763267531799999, "Y": 50.847270363299998, "Shape__Are": 2285053823.8099999, "Shape__Len": 328711.531449, "sampling_2": "SEWAGE DISCHARGES - NOT WATER COMPANY" }, "geometry": { "type": "Point", "coordinates": [ -3.5507142, 50.6559686 ] } },
{ "type": "Feature", "properties": { "Join_Count": 1, "TARGET_FID": 15593, "F_id": "http://environment.data.gov.uk/water-quality/id/sampling-point/SW-70571465", "label": "CASTLE HILL FISH FISH FARM - OUTLET D", "comment": "CASTLE HILL FISHERY (OUTLET D), WITHIEL FLOREY, MINEHEAD", "easting": 298311, "northing": 133234, "lat": 51.089371, "long": -3.45334, "notation": "SW-70571465", "area_label": "Devon and Cornwall", "subarea_la": "EAST DEVON AND CORNWALL", "samplingPo": "open", "sampling_1": "AGRICULTURE - FISH FARMING - NOT WATER COMPANY", "CaBA_Partn": "East Devon Catchment Partnership", "CaBA_Websi": "https://catchmentbasedapproach.org/get-involved/east-devon/", "CaBA_ID": 24, "CaBA_Catch": "East Devon", "EA_NE_Area": "Devon Cornwall and the Isles of Scilly", "WFD_RBD": "South West", "EA_WM_Area": "Devon and Cornwall", "X": -3.3763267531799999, "Y": 50.847270363299998, "Shape__Are": 2285053823.8099999, "Shape__Len": 328711.531449, "sampling_2": "AGRICULTURE" }, "geometry": { "type": "Point", "coordinates": [ -3.4533477, 51.0893745 ] } },
{ "type": "Feature", "properties": { "Join_Count": 1, "TARGET_FID": 15600, "F_id": "http://environment.data.gov.uk/water-quality/id/sampling-point/SW-70522906", "label": "AYLESBEARE STREAM AT DYMONDS FARM", "comment": "AYLESBEARE STREAM AT DYMONDS FARM", "easting": 298674, "northing": 92694, "lat": 50.725001, "long": -3.436892, "notation": "SW-70522906", "area_label": "Devon and Cornwall", "subarea_la": "EAST DEVON AND CORNWALL", "samplingPo": "open", "sampling_1": "FRESHWATER - RIVERS", "CaBA_Partn": "East Devon Catchment Partnership", "CaBA_Websi": "https://catchmentbasedapproach.org/get-involved/east-devon/", "CaBA_ID": 24, "CaBA_Catch": "East Devon", "EA_NE_Area": "Devon Cornwall and the Isles of Scilly", "WFD_RBD": "South West", "EA_WM_Area": "Devon and Cornwall", "X": -3.3763267531799999, "Y": 50.847270363299998, "Shape__Are": 2285053823.8099999, "Shape__Len": 328711.531449, "sampling_2": "FRESHWATER" }, "geometry": { "type": "Point", "coordinates": [ -3.4368989, 50.7250034 ] } },
{ "type": "Feature", "properties": { "Join_Count": 1, "TARGET_FID": 15606, "F_id": "http://environment.data.gov.uk/water-quality/id/sampling-point/SW-70581021", "label": "RIVER BARLE AT PIXTON HILL", "comment": "RIVER BARLE AT PIXTON HILL ABOVE BRUSHFORD STW ALTERNATIVE HISTORIC DATA ON URN WSTW7528A", "easting": 292508, "northing": 126226, "lat": 51.025318, "long": -3.534084, "notation": "SW-70581021", "area_label": "Devon and Cornwall", "subarea_la": "EAST DEVON AND CORNWALL", "samplingPo": "open", "sampling_1": "FRESHWATER - RIVERS", "CaBA_Partn": "East Devon Catchment Partnership", "CaBA_Websi": "https://catchmentbasedapproach.org/get-involved/east-devon/", "CaBA_ID": 24, "CaBA_Catch": "East Devon", "EA_NE_Area": "Devon Cornwall and the Isles of Scilly", "WFD_RBD": "South West", "EA_WM_Area": "Devon and Cornwall", "X": -3.3763267531799999, "Y": 50.847270363299998, "Shape__Are": 2285053823.8099999, "Shape__Len": 328711.531449, "sampling_2": "FRESHWATER" }, "geometry": { "type": "Point", "coordinates": [ -3.5340912, 51.0253209 ] } },
{ "type": "Feature", "properties": { "Join_Count": 1, "TARGET_FID": 15607, "F_id": "http://environment.data.gov.uk/water-quality/id/sampling-point/SW-G0571464", "label": "CASTLE HILL FISH FARM - OUTLET 2", "comment": "CASTLE HILL FISH FARM, WHITHIEL FLOREY - OUTLET 2", "easting": 298530, "northing": 133396, "lat": 51.090866, "long": -3.45026, "notation": "SW-G0571464", "area_label": "Devon and Cornwall", "subarea_la": "EAST DEVON AND CORNWALL", "samplingPo": "open", "sampling_1": "AGRICULTURE - FISH FARMING - WATER COMPANY", "CaBA_Partn": "East Devon Catchment Partnership", "CaBA_Websi": "https://catchmentbasedapproach.org/get-involved/east-devon/", "CaBA_ID": 24, "CaBA_Catch": "East Devon", "EA_NE_Area": "Devon Cornwall and the Isles of Scilly", "WFD_RBD": "South West", "EA_WM_Area": "Devon and Cornwall", "X": -3.3763267531799999, "Y": 50.847270363299998, "Shape__Are": 2285053823.8099999, "Shape__Len": 328711.531449, "sampling_2": "AGRICULTURE" }, "geometry": { "type": "Point", "coordinates": [ -3.4502673, 51.0908696 ] } },
{ "type": "Feature", "properties": { "Join_Count": 1, "TARGET_FID": 15612, "F_id": "http://environment.data.gov.uk/water-quality/id/sampling-point/SW-70512053", "label": "KENN AND KENNFORD STW FE", "comment": "KENN & KENNFORD S T W - EFFLUENT", "easting": 292800, "northing": 85410, "lat": 50.658466, "long": -3.517966, "notation": "SW-70512053", "area_label": "Devon and Cornwall", "subarea_la": "CENTRAL DEVON AND CORNWALL", "samplingPo": "open", "sampling_1": "SEWAGE DISCHARGES - FINAL/TREATED EFFLUENT - WATER COMPANY", "CaBA_Partn": "East Devon Catchment Partnership", "CaBA_Websi": "https://catchmentbasedapproach.org/get-involved/east-devon/", "CaBA_ID": 24, "CaBA_Catch": "East Devon", "EA_NE_Area": "Devon Cornwall and the Isles of Scilly", "WFD_RBD": "South West", "EA_WM_Area": "Devon and Cornwall", "X": -3.3763267531799999, "Y": 50.847270363299998, "Shape__Are": 2285053823.8099999, "Shape__Len": 328711.531449, "sampling_2": "SEWAGE DISCHARGES - WATER COMPANY" }, "geometry": { "type": "Point", "coordinates": [ -3.5179729, 50.6584683 ] } },
{ "type": "Feature", "properties": { "Join_Count": 1, "TARGET_FID": 15639, "F_id": "http://environment.data.gov.uk/water-quality/id/sampling-point/SW-70513860", "label": "RSPCA KENNELS BLACK HAT LANE EXETER", "comment": "RSPCA KENNELS BLACK HAT LANE EXETER", "easting": 289110, "northing": 91430, "lat": 50.71189, "long": -3.571957, "notation": "SW-70513860", "area_label": "Devon and Cornwall", "subarea_la": "CENTRAL DEVON AND CORNWALL", "samplingPo": "open", "sampling_1": "SEWAGE DISCHARGES - FINAL/TREATED EFFLUENT - NOT WATER COMPANY", "CaBA_Partn": "East Devon Catchment Partnership", "CaBA_Websi": "https://catchmentbasedapproach.org/get-involved/east-devon/", "CaBA_ID": 24, "CaBA_Catch": "East Devon", "EA_NE_Area": "Devon Cornwall and the Isles of Scilly", "WFD_RBD": "South West", "EA_WM_Area": "Devon and Cornwall", "X": -3.3763267531799999, "Y": 50.847270363299998, "Shape__Are": 2285053823.8099999, "Shape__Len": 328711.531449, "sampling_2": "SEWAGE DISCHARGES - NOT WATER COMPANY" }, "geometry": { "type": "Point", "coordinates": [ -3.5719643, 50.7118925 ] } },
{ "type": "Feature", "properties": { "Join_Count": 1, "TARGET_FID": 15660, "F_id": "http://environment.data.gov.uk/water-quality/id/sampling-point/SW-70541602", "label": "RIVER DART AT DART BRIDGE BICKLEIGH", "comment": "RIVER DART (EXE) AT DART BRIDGE BICKLEIGH", "easting": 293612, "northing": 107624, "lat": 50.858307, "long": -3.512909, "notation": "SW-70541602", "area_label": "Devon and Cornwall", "subarea_la": "EAST DEVON AND CORNWALL", "samplingPo": "open", "sampling_1": "FRESHWATER - RIVERS", "CaBA_Partn": "East Devon Catchment Partnership", "CaBA_Websi": "https://catchmentbasedapproach.org/get-involved/east-devon/", "CaBA_ID": 24, "CaBA_Catch": "East Devon", "EA_NE_Area": "Devon Cornwall and the Isles of Scilly", "WFD_RBD": "South West", "EA_WM_Area": "Devon and Cornwall", "X": -3.3763267531799999, "Y": 50.847270363299998, "Shape__Are": 2285053823.8099999, "Shape__Len": 328711.531449, "sampling_2": "FRESHWATER" }, "geometry": { "type": "Point", "coordinates": [ -3.5129166, 50.8583098 ] } },
{ "type": "Feature", "properties": { "Join_Count": 1, "TARGET_FID": 15705, "F_id": "http://environment.data.gov.uk/water-quality/id/sampling-point/SW-70571021", "label": "RIVER HADDEO U/S HERTFORD FISH FARM", "comment": "RIVER HADDEO ABOVE HERTFORD FISH FARM BROMPTON REGIS", "easting": 295898, "northing": 129160, "lat": 51.052316, "long": -3.486608, "notation": "SW-70571021", "area_label": "Devon and Cornwall", "subarea_la": "EAST DEVON AND CORNWALL", "samplingPo": "open", "sampling_1": "FRESHWATER - COMPARATIVE INLET POINTS", "CaBA_Partn": "East Devon Catchment Partnership", "CaBA_Websi": "https://catchmentbasedapproach.org/get-involved/east-devon/", "CaBA_ID": 24, "CaBA_Catch": "East Devon", "EA_NE_Area": "Devon Cornwall and the Isles of Scilly", "WFD_RBD": "South West", "EA_WM_Area": "Devon and Cornwall", "X": -3.3763267531799999, "Y": 50.847270363299998, "Shape__Are": 2285053823.8099999, "Shape__Len": 328711.531449, "sampling_2": "FRESHWATER" }, "geometry": { "type": "Point", "coordinates": [ -3.4866153, 51.0523196 ] } },
{ "type": "Feature", "properties": { "Join_Count": 1, "TARGET_FID": 15706, "F_id": "http://environment.data.gov.uk/water-quality/id/sampling-point/SW-70540177", "label": "BRAMPFORD SPEKE STW FE", "comment": "BRAMPFORD SPEKE S T W - EFFLUENT", "easting": 293000, "northing": 97100, "lat": 50.76359, "long": -3.51853, "notation": "SW-70540177", "area_label": "Devon and Cornwall", "subarea_la": "EAST DEVON AND CORNWALL", "samplingPo": "open", "sampling_1": "SEWAGE DISCHARGES - FINAL/TREATED EFFLUENT - WATER COMPANY", "CaBA_Partn": "East Devon Catchment Partnership", "CaBA_Websi": "https://catchmentbasedapproach.org/get-involved/east-devon/", "CaBA_ID": 24, "CaBA_Catch": "East Devon", "EA_NE_Area": "Devon Cornwall and the Isles of Scilly", "WFD_RBD": "South West", "EA_WM_Area": "Devon and Cornwall", "X": -3.3763267531799999, "Y": 50.847270363299998, "Shape__Are": 2285053823.8099999, "Shape__Len": 328711.531449, "sampling_2": "SEWAGE DISCHARGES - WATER COMPANY" }, "geometry": { "type": "Point", "coordinates": [ -3.518537, 50.7635927 ] } },
{ "type": "Feature", "properties": { "Join_Count": 1, "TARGET_FID": 15794, "F_id": "http://environment.data.gov.uk/water-quality/id/sampling-point/SW-G0550325", "label": "HIGHLEIGH MILL FISH FARM - OUTLET 1", "comment": "HIGHLEIGH MILL FISH FARM - OUTLET 1", "easting": 292010, "northing": 122820, "lat": 50.994608, "long": -3.540167, "notation": "SW-G0550325", "area_label": "Devon and Cornwall", "subarea_la": "EAST DEVON AND CORNWALL", "samplingPo": "open", "sampling_1": "AGRICULTURE - FISH FARMING - NOT WATER COMPANY", "CaBA_Partn": "East Devon Catchment Partnership", "CaBA_Websi": "https://catchmentbasedapproach.org/get-involved/east-devon/", "CaBA_ID": 24, "CaBA_Catch": "East Devon", "EA_NE_Area": "Devon Cornwall and the Isles of Scilly", "WFD_RBD": "South West", "EA_WM_Area": "Devon and Cornwall", "X": -3.3763267531799999, "Y": 50.847270363299998, "Shape__Are": 2285053823.8099999, "Shape__Len": 328711.531449, "sampling_2": "AGRICULTURE" }, "geometry": { "type": "Point", "coordinates": [ -3.5401746, 50.994611 ] } },
{ "type": "Feature", "properties": { "Join_Count": 1, "TARGET_FID": 15797, "F_id": "http://environment.data.gov.uk/water-quality/id/sampling-point/SW-70531084", "label": "SILVERTON MILL", "comment": "SILVERTON MILL", "easting": 297600, "northing": 101100, "lat": 50.80038, "long": -3.454444, "notation": "SW-70531084", "area_label": "Devon and Cornwall", "subarea_la": "EAST DEVON AND CORNWALL", "samplingPo": "open", "sampling_1": "TRADE DISCHARGES - PROCESS EFFLUENT - NOT WATER COMPANY", "CaBA_Partn": "East Devon Catchment Partnership", "CaBA_Websi": "https://catchmentbasedapproach.org/get-involved/east-devon/", "CaBA_ID": 24, "CaBA_Catch": "East Devon", "EA_NE_Area": "Devon Cornwall and the Isles of Scilly", "WFD_RBD": "South West", "EA_WM_Area": "Devon and Cornwall", "X": -3.3763267531799999, "Y": 50.847270363299998, "Shape__Are": 2285053823.8099999, "Shape__Len": 328711.531449, "sampling_2": "SEWAGE DISCHARGES - NOT WATER COMPANY" }, "geometry": { "type": "Point", "coordinates": [ -3.4544512, 50.8003824 ] } },
{ "type": "Feature", "properties": { "Join_Count": 1, "TARGET_FID": 15810, "F_id": "http://environment.data.gov.uk/water-quality/id/sampling-point/SW-70512330", "label": "SPLATFORD FARM  KENN", "comment": "SPLATFORD FARM KENN", "easting": 291120, "northing": 85700, "lat": 50.660761, "long": -3.54181, "notation": "SW-70512330", "area_label": "Devon and Cornwall", "subarea_la": "CENTRAL DEVON AND CORNWALL", "samplingPo": "open", "sampling_1": "SEWAGE DISCHARGES - FINAL/TREATED EFFLUENT - NOT WATER COMPANY", "CaBA_Partn": "East Devon Catchment Partnership", "CaBA_Websi": "https://catchmentbasedapproach.org/get-involved/east-devon/", "CaBA_ID": 24, "CaBA_Catch": "East Devon", "EA_NE_Area": "Devon Cornwall and the Isles of Scilly", "WFD_RBD": "South West", "EA_WM_Area": "Devon and Cornwall", "X": -3.3763267531799999, "Y": 50.847270363299998, "Shape__Are": 2285053823.8099999, "Shape__Len": 328711.531449, "sampling_2": "SEWAGE DISCHARGES - NOT WATER COMPANY" }, "geometry": { "type": "Point", "coordinates": [ -3.5418169, 50.6607633 ] } },
{ "type": "Feature", "properties": { "Join_Count": 1, "TARGET_FID": 15821, "F_id": "http://environment.data.gov.uk/water-quality/id/sampling-point/SW-70556009", "label": "GRAND WESTERN CANAL AT ROAD BR (EX A373)", "comment": "GRAND WESTERN (TIVERTON) CANAL AT ROAD BRIDGE, HALBERTON", "easting": 299846, "northing": 113102, "lat": 50.908667, "long": -3.425871, "notation": "SW-70556009", "area_label": "Devon and Cornwall", "subarea_la": "EAST DEVON AND CORNWALL", "samplingPo": "open", "sampling_1": "FRESHWATER - RIVERS", "CaBA_Partn": "East Devon Catchment Partnership", "CaBA_Websi": "https://catchmentbasedapproach.org/get-involved/east-devon/", "CaBA_ID": 24, "CaBA_Catch": "East Devon", "EA_NE_Area": "Devon Cornwall and the Isles of Scilly", "WFD_RBD": "South West", "EA_WM_Area": "Devon and Cornwall", "X": -3.3763267531799999, "Y": 50.847270363299998, "Shape__Are": 2285053823.8099999, "Shape__Len": 328711.531449, "sampling_2": "FRESHWATER" }, "geometry": { "type": "Point", "coordinates": [ -3.4258778, 50.9086696 ] } },
{ "type": "Feature", "properties": { "Join_Count": 1, "TARGET_FID": 15828, "F_id": "http://environment.data.gov.uk/water-quality/id/sampling-point/SW-70591508", "label": "SHOBROOKE LAKE AT CREEDY BARTON", "comment": "SHOBROOKE LAKE AT CREEDY BARTON", "easting": 286838, "northing": 99536, "lat": 50.784317, "long": -3.606616, "notation": "SW-70591508", "area_label": "Devon and Cornwall", "subarea_la": "EAST DEVON AND CORNWALL", "samplingPo": "open", "sampling_1": "FRESHWATER - RIVERS", "CaBA_Partn": "East Devon Catchment Partnership", "CaBA_Websi": "https://catchmentbasedapproach.org/get-involved/east-devon/", "CaBA_ID": 24, "CaBA_Catch": "East Devon", "EA_NE_Area": "Devon Cornwall and the Isles of Scilly", "WFD_RBD": "South West", "EA_WM_Area": "Devon and Cornwall", "X": -3.3763267531799999, "Y": 50.847270363299998, "Shape__Are": 2285053823.8099999, "Shape__Len": 328711.531449, "sampling_2": "FRESHWATER" }, "geometry": { "type": "Point", "coordinates": [ -3.6066236, 50.7843198 ] } },
{ "type": "Feature", "properties": { "Join_Count": 1, "TARGET_FID": 15839, "F_id": "http://environment.data.gov.uk/water-quality/id/sampling-point/SW-70501359", "label": "TEDBURN ST. MARY STW FE", "comment": "TEDBURN ST. MARY S T W - EFFLUENT", "easting": 282472, "northing": 93949, "lat": 50.733228, "long": -3.666737, "notation": "SW-70501359", "area_label": "Devon and Cornwall", "subarea_la": "EAST DEVON AND CORNWALL", "samplingPo": "open", "sampling_1": "SEWAGE DISCHARGES - FINAL/TREATED EFFLUENT - WATER COMPANY", "CaBA_Partn": "East Devon Catchment Partnership", "CaBA_Websi": "https://catchmentbasedapproach.org/get-involved/east-devon/", "CaBA_ID": 24, "CaBA_Catch": "East Devon", "EA_NE_Area": "Devon Cornwall and the Isles of Scilly", "WFD_RBD": "South West", "EA_WM_Area": "Devon and Cornwall", "X": -3.3763267531799999, "Y": 50.847270363299998, "Shape__Are": 2285053823.8099999, "Shape__Len": 328711.531449, "sampling_2": "SEWAGE DISCHARGES - WATER COMPANY" }, "geometry": { "type": "Point", "coordinates": [ -3.6667444, 50.73323 ] } },
{ "type": "Feature", "properties": { "Join_Count": 1, "TARGET_FID": 15887, "F_id": "http://environment.data.gov.uk/water-quality/id/sampling-point/SW-70512748", "label": "WOODBURY STW FE", "comment": "WOODBURY S T W - EFFLUENT", "easting": 299796, "northing": 86770, "lat": 50.67194, "long": -3.419392, "notation": "SW-70512748", "area_label": "Devon and Cornwall", "subarea_la": "EAST DEVON AND CORNWALL", "samplingPo": "open", "sampling_1": "SEWAGE DISCHARGES - FINAL/TREATED EFFLUENT - WATER COMPANY", "CaBA_Partn": "East Devon Catchment Partnership", "CaBA_Websi": "https://catchmentbasedapproach.org/get-involved/east-devon/", "CaBA_ID": 24, "CaBA_Catch": "East Devon", "EA_NE_Area": "Devon Cornwall and the Isles of Scilly", "WFD_RBD": "South West", "EA_WM_Area": "Devon and Cornwall", "X": -3.3763267531799999, "Y": 50.847270363299998, "Shape__Are": 2285053823.8099999, "Shape__Len": 328711.531449, "sampling_2": "SEWAGE DISCHARGES - WATER COMPANY" }, "geometry": { "type": "Point", "coordinates": [ -3.4193992, 50.6719418 ] } },
{ "type": "Feature", "properties": { "Join_Count": 1, "TARGET_FID": 15904, "F_id": "http://environment.data.gov.uk/water-quality/id/sampling-point/SW-70531018", "label": "STOKE HILL LANDFILL SITE  STOKE CANON", "comment": "STOKE HILL LANDFILL SITE STOKE CANON", "easting": 294500, "northing": 97000, "lat": 50.762966, "long": -3.49724, "notation": "SW-70531018", "area_label": "Devon and Cornwall", "subarea_la": "EAST DEVON AND CORNWALL", "samplingPo": "open", "sampling_1": "WASTE SITE - INDUSTRIAL LANDFILL", "CaBA_Partn": "East Devon Catchment Partnership", "CaBA_Websi": "https://catchmentbasedapproach.org/get-involved/east-devon/", "CaBA_ID": 24, "CaBA_Catch": "East Devon", "EA_NE_Area": "Devon Cornwall and the Isles of Scilly", "WFD_RBD": "South West", "EA_WM_Area": "Devon and Cornwall", "X": -3.3763267531799999, "Y": 50.847270363299998, "Shape__Are": 2285053823.8099999, "Shape__Len": 328711.531449, "sampling_2": "WASTE SITE" }, "geometry": { "type": "Point", "coordinates": [ -3.4972473, 50.7629688 ] } },
{ "type": "Feature", "properties": { "Join_Count": 1, "TARGET_FID": 15924, "F_id": "http://environment.data.gov.uk/water-quality/id/sampling-point/SW-70522671", "label": "RIVER CLYST AT CLYST ST LAWRENCE", "comment": "RIVER CLYST AT CLYST ST LAWRENCE", "easting": 302721, "northing": 100016, "lat": 50.791518, "long": -3.381511, "notation": "SW-70522671", "area_label": "Devon and Cornwall", "subarea_la": "EAST DEVON AND CORNWALL", "samplingPo": "open", "sampling_1": "FRESHWATER - RIVERS", "CaBA_Partn": "East Devon Catchment Partnership", "CaBA_Websi": "https://catchmentbasedapproach.org/get-involved/east-devon/", "CaBA_ID": 24, "CaBA_Catch": "East Devon", "EA_NE_Area": "Devon Cornwall and the Isles of Scilly", "WFD_RBD": "South West", "EA_WM_Area": "Devon and Cornwall", "X": -3.3763267531799999, "Y": 50.847270363299998, "Shape__Are": 2285053823.8099999, "Shape__Len": 328711.531449, "sampling_2": "FRESHWATER" }, "geometry": { "type": "Point", "coordinates": [ -3.3815186, 50.7915207 ] } },
{ "type": "Feature", "properties": { "Join_Count": 1, "TARGET_FID": 15940, "F_id": "http://environment.data.gov.uk/water-quality/id/sampling-point/SW-70523330", "label": "CRANNY BROOK AT CRANNAFORD CROSSING", "comment": "CRANNY BROOK AT CRANNAFORD CROSSING", "easting": 301294, "northing": 95970, "lat": 50.754904, "long": -3.400664, "notation": "SW-70523330", "area_label": "Devon and Cornwall", "subarea_la": "EAST DEVON AND CORNWALL", "samplingPo": "open", "sampling_1": "FRESHWATER - RIVERS", "CaBA_Partn": "East Devon Catchment Partnership", "CaBA_Websi": "https://catchmentbasedapproach.org/get-involved/east-devon/", "CaBA_ID": 24, "CaBA_Catch": "East Devon", "EA_NE_Area": "Devon Cornwall and the Isles of Scilly", "WFD_RBD": "South West", "EA_WM_Area": "Devon and Cornwall", "X": -3.3763267531799999, "Y": 50.847270363299998, "Shape__Are": 2285053823.8099999, "Shape__Len": 328711.531449, "sampling_2": "FRESHWATER" }, "geometry": { "type": "Point", "coordinates": [ -3.4006707, 50.754906 ] } },
{ "type": "Feature", "properties": { "Join_Count": 1, "TARGET_FID": 15974, "F_id": "http://environment.data.gov.uk/water-quality/id/sampling-point/SW-70501685", "label": "HOLLACOMBE LAKE AT HIGHER HOLLACOMBE FM", "comment": "HOLLACOMBE LAKE AT HIGHER HOLLACOMBE FARM", "easting": 279592, "northing": 100419, "lat": 50.790793, "long": -3.709647, "notation": "SW-70501685", "area_label": "Devon and Cornwall", "subarea_la": "EAST DEVON AND CORNWALL", "samplingPo": "open", "sampling_1": "FRESHWATER - RIVERS", "CaBA_Partn": "East Devon Catchment Partnership", "CaBA_Websi": "https://catchmentbasedapproach.org/get-involved/east-devon/", "CaBA_ID": 24, "CaBA_Catch": "East Devon", "EA_NE_Area": "Devon Cornwall and the Isles of Scilly", "WFD_RBD": "South West", "EA_WM_Area": "Devon and Cornwall", "X": -3.3763267531799999, "Y": 50.847270363299998, "Shape__Are": 2285053823.8099999, "Shape__Len": 328711.531449, "sampling_2": "FRESHWATER" }, "geometry": { "type": "Point", "coordinates": [ -3.7096538, 50.7907958 ] } },
{ "type": "Feature", "properties": { "Join_Count": 1, "TARGET_FID": 15976, "F_id": "http://environment.data.gov.uk/water-quality/id/sampling-point/SW-70531612", "label": "SPRATFORD STREAM AT FIVE BRIDGES", "comment": "SPRATFORD STREAM AT FIVE BRIDGES", "easting": 302610, "northing": 109557, "lat": 50.877272, "long": -3.385624, "notation": "SW-70531612", "area_label": "Devon and Cornwall", "subarea_la": "EAST DEVON AND CORNWALL", "samplingPo": "open", "sampling_1": "FRESHWATER - RIVERS", "CaBA_Partn": "East Devon Catchment Partnership", "CaBA_Websi": "https://catchmentbasedapproach.org/get-involved/east-devon/", "CaBA_ID": 24, "CaBA_Catch": "East Devon", "EA_NE_Area": "Devon Cornwall and the Isles of Scilly", "WFD_RBD": "South West", "EA_WM_Area": "Devon and Cornwall", "X": -3.3763267531799999, "Y": 50.847270363299998, "Shape__Are": 2285053823.8099999, "Shape__Len": 328711.531449, "sampling_2": "FRESHWATER" }, "geometry": { "type": "Point", "coordinates": [ -3.3856312, 50.8772743 ] } },
{ "type": "Feature", "properties": { "Join_Count": 1, "TARGET_FID": 15985, "F_id": "http://environment.data.gov.uk/water-quality/id/sampling-point/SW-70509999", "label": "MISCELLANEOUS YEO CATCHMENT", "comment": "MISCELLANEOUS YEO CATCHMENT", "easting": 285500, "northing": 99100, "lat": 50.780135, "long": -3.625453, "notation": "SW-70509999", "area_label": "Devon and Cornwall", "subarea_la": "EAST DEVON AND CORNWALL", "samplingPo": "open", "sampling_1": "POLLUTION/INVESTIGATION POINTS - ENVIRONMENT", "CaBA_Partn": "East Devon Catchment Partnership", "CaBA_Websi": "https://catchmentbasedapproach.org/get-involved/east-devon/", "CaBA_ID": 24, "CaBA_Catch": "East Devon", "EA_NE_Area": "Devon Cornwall and the Isles of Scilly", "WFD_RBD": "South West", "EA_WM_Area": "Devon and Cornwall", "X": -3.3763267531799999, "Y": 50.847270363299998, "Shape__Are": 2285053823.8099999, "Shape__Len": 328711.531449, "sampling_2": "POLLUTION/INVESTIGATION POINTS" }, "geometry": { "type": "Point", "coordinates": [ -3.6254598, 50.7801377 ] } },
{ "type": "Feature", "properties": { "Join_Count": 1, "TARGET_FID": 15990, "F_id": "http://environment.data.gov.uk/water-quality/id/sampling-point/SW-70581009", "label": "CARNARVON ARMS HOTEL  DULVERTON", "comment": "CARNARVON ARMS HOTEL DULVERTON", "easting": 292950, "northing": 125610, "lat": 51.019863, "long": -3.527602, "notation": "SW-70581009", "area_label": "Devon and Cornwall", "subarea_la": "EAST DEVON AND CORNWALL", "samplingPo": "open", "sampling_1": "SEWAGE DISCHARGES - FINAL/TREATED EFFLUENT - NOT WATER COMPANY", "CaBA_Partn": "East Devon Catchment Partnership", "CaBA_Websi": "https://catchmentbasedapproach.org/get-involved/east-devon/", "CaBA_ID": 24, "CaBA_Catch": "East Devon", "EA_NE_Area": "Devon Cornwall and the Isles of Scilly", "WFD_RBD": "South West", "EA_WM_Area": "Devon and Cornwall", "X": -3.3763267531799999, "Y": 50.847270363299998, "Shape__Are": 2285053823.8099999, "Shape__Len": 328711.531449, "sampling_2": "SEWAGE DISCHARGES - NOT WATER COMPANY" }, "geometry": { "type": "Point", "coordinates": [ -3.5276091, 51.0198662 ] } },
{ "type": "Feature", "properties": { "Join_Count": 1, "TARGET_FID": 15993, "F_id": "http://environment.data.gov.uk/water-quality/id/sampling-point/SW-70513880", "label": "TRAVELLERS REST PUBLIC HOUSE", "comment": "TRAVELLERS REST PUBLIC HOUSE WHITESTONE EXETER", "easting": 286534, "northing": 92970, "lat": 50.725236, "long": -3.608902, "notation": "SW-70513880", "area_label": "Devon and Cornwall", "subarea_la": "CENTRAL DEVON AND CORNWALL", "samplingPo": "open", "sampling_1": "SEWAGE DISCHARGES - FINAL/TREATED EFFLUENT - NOT WATER COMPANY", "CaBA_Partn": "East Devon Catchment Partnership", "CaBA_Websi": "https://catchmentbasedapproach.org/get-involved/east-devon/", "CaBA_ID": 24, "CaBA_Catch": "East Devon", "EA_NE_Area": "Devon Cornwall and the Isles of Scilly", "WFD_RBD": "South West", "EA_WM_Area": "Devon and Cornwall", "X": -3.3763267531799999, "Y": 50.847270363299998, "Shape__Are": 2285053823.8099999, "Shape__Len": 328711.531449, "sampling_2": "SEWAGE DISCHARGES - NOT WATER COMPANY" }, "geometry": { "type": "Point", "coordinates": [ -3.6089087, 50.7252381 ] } },
{ "type": "Feature", "properties": { "Join_Count": 1, "TARGET_FID": 16038, "F_id": "http://environment.data.gov.uk/water-quality/id/sampling-point/SW-G0571466", "label": "CASTLE HILL FISH FARM - INLET 2", "comment": "CASTLE HILL FISH FARM, WITHIEL FLOREY - INLET 2", "easting": 298528, "northing": 123409, "lat": 51.00109, "long": -3.447487, "notation": "SW-G0571466", "area_label": "Devon and Cornwall", "subarea_la": "EAST DEVON AND CORNWALL", "samplingPo": "open", "sampling_1": "FRESHWATER - COMPARATIVE INLET POINTS", "CaBA_Partn": "East Devon Catchment Partnership", "CaBA_Websi": "https://catchmentbasedapproach.org/get-involved/east-devon/", "CaBA_ID": 24, "CaBA_Catch": "East Devon", "EA_NE_Area": "Devon Cornwall and the Isles of Scilly", "WFD_RBD": "South West", "EA_WM_Area": "Devon and Cornwall", "X": -3.3763267531799999, "Y": 50.847270363299998, "Shape__Are": 2285053823.8099999, "Shape__Len": 328711.531449, "sampling_2": "FRESHWATER" }, "geometry": { "type": "Point", "coordinates": [ -3.4474941, 51.0010933 ] } },
{ "type": "Feature", "properties": { "Join_Count": 1, "TARGET_FID": 16062, "F_id": "http://environment.data.gov.uk/water-quality/id/sampling-point/SW-70531275", "label": "CULMSTOCK STW FE", "comment": "CULMSTOCK S T W - EFFLUENT", "easting": 310000, "northing": 113600, "lat": 50.914818, "long": -3.281612, "notation": "SW-70531275", "area_label": "Devon and Cornwall", "subarea_la": "EAST DEVON AND CORNWALL", "samplingPo": "open", "sampling_1": "SEWAGE DISCHARGES - FINAL/TREATED EFFLUENT - WATER COMPANY", "CaBA_Partn": "East Devon Catchment Partnership", "CaBA_Websi": "https://catchmentbasedapproach.org/get-involved/east-devon/", "CaBA_ID": 24, "CaBA_Catch": "East Devon", "EA_NE_Area": "Devon Cornwall and the Isles of Scilly", "WFD_RBD": "South West", "EA_WM_Area": "Devon and Cornwall", "X": -3.3763267531799999, "Y": 50.847270363299998, "Shape__Are": 2285053823.8099999, "Shape__Len": 328711.531449, "sampling_2": "SEWAGE DISCHARGES - WATER COMPANY" }, "geometry": { "type": "Point", "coordinates": [ -3.2816196, 50.9148212 ] } },
{ "type": "Feature", "properties": { "Join_Count": 1, "TARGET_FID": 16074, "F_id": "http://environment.data.gov.uk/water-quality/id/sampling-point/SW-70591079", "label": "RIVER CREEDY AT ASHRIDGE BRIDGE", "comment": "RIVER CREEDY AT ASHRIDGE BRIDGE", "easting": 281897, "northing": 106187, "lat": 50.843114, "long": -3.678818, "notation": "SW-70591079", "area_label": "Devon and Cornwall", "subarea_la": "EAST DEVON AND CORNWALL", "samplingPo": "open", "sampling_1": "FRESHWATER - RIVERS", "CaBA_Partn": "East Devon Catchment Partnership", "CaBA_Websi": "https://catchmentbasedapproach.org/get-involved/east-devon/", "CaBA_ID": 24, "CaBA_Catch": "East Devon", "EA_NE_Area": "Devon Cornwall and the Isles of Scilly", "WFD_RBD": "South West", "EA_WM_Area": "Devon and Cornwall", "X": -3.3763267531799999, "Y": 50.847270363299998, "Shape__Are": 2285053823.8099999, "Shape__Len": 328711.531449, "sampling_2": "FRESHWATER" }, "geometry": { "type": "Point", "coordinates": [ -3.6788253, 50.8431171 ] } },
{ "type": "Feature", "properties": { "Join_Count": 1, "TARGET_FID": 16085, "F_id": "http://environment.data.gov.uk/water-quality/id/sampling-point/SW-70581110", "label": "DEVELOPMENT AT NEWBRIDGE WITHYPOOL", "comment": "DEVELOPMENT AT NEWBRIDGE WITHYPOOL", "easting": 284460, "northing": 135430, "lat": 51.106484, "long": -3.651733, "notation": "SW-70581110", "area_label": "Devon and Cornwall", "subarea_la": "EAST DEVON AND CORNWALL", "samplingPo": "open", "sampling_1": "SEWAGE DISCHARGES - FINAL/TREATED EFFLUENT - NOT WATER COMPANY", "CaBA_Partn": "East Devon Catchment Partnership", "CaBA_Websi": "https://catchmentbasedapproach.org/get-involved/east-devon/", "CaBA_ID": 24, "CaBA_Catch": "East Devon", "EA_NE_Area": "Devon Cornwall and the Isles of Scilly", "WFD_RBD": "South West", "EA_WM_Area": "Devon and Cornwall", "X": -3.3763267531799999, "Y": 50.847270363299998, "Shape__Are": 2285053823.8099999, "Shape__Len": 328711.531449, "sampling_2": "SEWAGE DISCHARGES - NOT WATER COMPANY" }, "geometry": { "type": "Point", "coordinates": [ -3.6517404, 51.1064874 ] } },
{ "type": "Feature", "properties": { "Join_Count": 1, "TARGET_FID": 16097, "F_id": "http://environment.data.gov.uk/water-quality/id/sampling-point/SW-70531162", "label": "RIVER CULM D/S CULLOMPTON STW", "comment": "RIVER CULM BELOW CULLOMPTON STW ALTERNATIVE HISTORIC DATA ON URN WSTW7562B", "easting": 302100, "northing": 105956, "lat": 50.844813, "long": -3.391906, "notation": "SW-70531162", "area_label": "Devon and Cornwall", "subarea_la": "EAST DEVON AND CORNWALL", "samplingPo": "open", "sampling_1": "FRESHWATER - RIVERS", "CaBA_Partn": "East Devon Catchment Partnership", "CaBA_Websi": "https://catchmentbasedapproach.org/get-involved/east-devon/", "CaBA_ID": 24, "CaBA_Catch": "East Devon", "EA_NE_Area": "Devon Cornwall and the Isles of Scilly", "WFD_RBD": "South West", "EA_WM_Area": "Devon and Cornwall", "X": -3.3763267531799999, "Y": 50.847270363299998, "Shape__Are": 2285053823.8099999, "Shape__Len": 328711.531449, "sampling_2": "FRESHWATER" }, "geometry": { "type": "Point", "coordinates": [ -3.3919133, 50.8448158 ] } },
{ "type": "Feature", "properties": { "Join_Count": 1, "TARGET_FID": 16124, "F_id": "http://environment.data.gov.uk/water-quality/id/sampling-point/SW-G0550324", "label": "HIGHLEIGH MILL FISH FARM - OUTLET 2", "comment": "HIGHLEIGH MILL FISH FARM - OUTLET 2", "easting": 292000, "northing": 122800, "lat": 50.994426, "long": -3.540304, "notation": "SW-G0550324", "area_label": "Devon and Cornwall", "subarea_la": "EAST DEVON AND CORNWALL", "samplingPo": "open", "sampling_1": "AGRICULTURE - FISH FARMING - NOT WATER COMPANY", "CaBA_Partn": "East Devon Catchment Partnership", "CaBA_Websi": "https://catchmentbasedapproach.org/get-involved/east-devon/", "CaBA_ID": 24, "CaBA_Catch": "East Devon", "EA_NE_Area": "Devon Cornwall and the Isles of Scilly", "WFD_RBD": "South West", "EA_WM_Area": "Devon and Cornwall", "X": -3.3763267531799999, "Y": 50.847270363299998, "Shape__Are": 2285053823.8099999, "Shape__Len": 328711.531449, "sampling_2": "AGRICULTURE" }, "geometry": { "type": "Point", "coordinates": [ -3.5403111, 50.9944294 ] } },
{ "type": "Feature", "properties": { "Join_Count": 1, "TARGET_FID": 16143, "F_id": "http://environment.data.gov.uk/water-quality/id/sampling-point/SW-70532974", "label": "PRIORY FISH FARM EFFLUENT B", "comment": "PRIORY FISH FARM EFFLUENT B KERSWELL CULLOMPTON (S SOLIDS ONLY)", "easting": 307210, "northing": 106100, "lat": 50.846951, "long": -3.319383, "notation": "SW-70532974", "area_label": "Devon and Cornwall", "subarea_la": "EAST DEVON AND CORNWALL", "samplingPo": "open", "sampling_1": "AGRICULTURE - FISH FARMING - NOT WATER COMPANY", "CaBA_Partn": "East Devon Catchment Partnership", "CaBA_Websi": "https://catchmentbasedapproach.org/get-involved/east-devon/", "CaBA_ID": 24, "CaBA_Catch": "East Devon", "EA_NE_Area": "Devon Cornwall and the Isles of Scilly", "WFD_RBD": "South West", "EA_WM_Area": "Devon and Cornwall", "X": -3.3763267531799999, "Y": 50.847270363299998, "Shape__Are": 2285053823.8099999, "Shape__Len": 328711.531449, "sampling_2": "AGRICULTURE" }, "geometry": { "type": "Point", "coordinates": [ -3.31939, 50.8469535 ] } },
{ "type": "Feature", "properties": { "Join_Count": 1, "TARGET_FID": 16146, "F_id": "http://environment.data.gov.uk/water-quality/id/sampling-point/SW-70533913", "label": "SHELDON STREAM AT CRADDOCK BRIDGE", "comment": "SHELDON STREAM AT CRADDOCK BRIDGE", "easting": 308727, "northing": 112446, "lat": 50.904244, "long": -3.299427, "notation": "SW-70533913", "area_label": "Devon and Cornwall", "subarea_la": "EAST DEVON AND CORNWALL", "samplingPo": "open", "sampling_1": "FRESHWATER - RIVERS", "CaBA_Partn": "East Devon Catchment Partnership", "CaBA_Websi": "https://catchmentbasedapproach.org/get-involved/east-devon/", "CaBA_ID": 24, "CaBA_Catch": "East Devon", "EA_NE_Area": "Devon Cornwall and the Isles of Scilly", "WFD_RBD": "South West", "EA_WM_Area": "Devon and Cornwall", "X": -3.3763267531799999, "Y": 50.847270363299998, "Shape__Are": 2285053823.8099999, "Shape__Len": 328711.531449, "sampling_2": "FRESHWATER" }, "geometry": { "type": "Point", "coordinates": [ -3.299434, 50.9042465 ] } },
{ "type": "Feature", "properties": { "Join_Count": 1, "TARGET_FID": 16157, "F_id": "http://environment.data.gov.uk/water-quality/id/sampling-point/SW-70524993", "label": "PLYMTREE STW FE", "comment": "PLYMTREE S T W - EFFLUENT", "easting": 304800, "northing": 102800, "lat": 50.816892, "long": -3.352747, "notation": "SW-70524993", "area_label": "Devon and Cornwall", "subarea_la": "EAST DEVON AND CORNWALL", "samplingPo": "open", "sampling_1": "SEWAGE DISCHARGES - FINAL/TREATED EFFLUENT - WATER COMPANY", "CaBA_Partn": "East Devon Catchment Partnership", "CaBA_Websi": "https://catchmentbasedapproach.org/get-involved/east-devon/", "CaBA_ID": 24, "CaBA_Catch": "East Devon", "EA_NE_Area": "Devon Cornwall and the Isles of Scilly", "WFD_RBD": "South West", "EA_WM_Area": "Devon and Cornwall", "X": -3.3763267531799999, "Y": 50.847270363299998, "Shape__Are": 2285053823.8099999, "Shape__Len": 328711.531449, "sampling_2": "SEWAGE DISCHARGES - WATER COMPANY" }, "geometry": { "type": "Point", "coordinates": [ -3.3527543, 50.8168945 ] } },
{ "type": "Feature", "properties": { "Join_Count": 1, "TARGET_FID": 16166, "F_id": "http://environment.data.gov.uk/water-quality/id/sampling-point/SW-70591640", "label": "TOWN BARTON  SANDFORD", "comment": "TOWN BARTON SANDFORD (29 HOUSES)", "easting": 282610, "northing": 102420, "lat": 50.809399, "long": -3.667489, "notation": "SW-70591640", "area_label": "Devon and Cornwall", "subarea_la": "EAST DEVON AND CORNWALL", "samplingPo": "open", "sampling_1": "SEWAGE DISCHARGES - FINAL/TREATED EFFLUENT - NOT WATER COMPANY", "CaBA_Partn": "East Devon Catchment Partnership", "CaBA_Websi": "https://catchmentbasedapproach.org/get-involved/east-devon/", "CaBA_ID": 24, "CaBA_Catch": "East Devon", "EA_NE_Area": "Devon Cornwall and the Isles of Scilly", "WFD_RBD": "South West", "EA_WM_Area": "Devon and Cornwall", "X": -3.3763267531799999, "Y": 50.847270363299998, "Shape__Are": 2285053823.8099999, "Shape__Len": 328711.531449, "sampling_2": "SEWAGE DISCHARGES - NOT WATER COMPANY" }, "geometry": { "type": "Point", "coordinates": [ -3.6674958, 50.8094019 ] } },
{ "type": "Feature", "properties": { "Join_Count": 1, "TARGET_FID": 16170, "F_id": "http://environment.data.gov.uk/water-quality/id/sampling-point/SW-70523798", "label": "KILLERTON HOUSE HELE EXETER", "comment": "KILLERTON HOUSE HELE EXETER", "easting": 297800, "northing": 99400, "lat": 50.785133, "long": -3.451134, "notation": "SW-70523798", "area_label": "Devon and Cornwall", "subarea_la": "EAST DEVON AND CORNWALL", "samplingPo": "open", "sampling_1": "SEWAGE DISCHARGES - FINAL/TREATED EFFLUENT - NOT WATER COMPANY", "CaBA_Partn": "East Devon Catchment Partnership", "CaBA_Websi": "https://catchmentbasedapproach.org/get-involved/east-devon/", "CaBA_ID": 24, "CaBA_Catch": "East Devon", "EA_NE_Area": "Devon Cornwall and the Isles of Scilly", "WFD_RBD": "South West", "EA_WM_Area": "Devon and Cornwall", "X": -3.3763267531799999, "Y": 50.847270363299998, "Shape__Are": 2285053823.8099999, "Shape__Len": 328711.531449, "sampling_2": "SEWAGE DISCHARGES - NOT WATER COMPANY" }, "geometry": { "type": "Point", "coordinates": [ -3.4511407, 50.7851353 ] } },
{ "type": "Feature", "properties": { "Join_Count": 1, "TARGET_FID": 16178, "F_id": "http://environment.data.gov.uk/water-quality/id/sampling-point/SW-70532977", "label": "PRIORY FISH FARM EFFLUENT A", "comment": "PRIORY FISH FARM (DISCHARGE A), KERSWELL, CULLOMPTON", "easting": 307210, "northing": 106100, "lat": 50.846951, "long": -3.319383, "notation": "SW-70532977", "area_label": "Devon and Cornwall", "subarea_la": "EAST DEVON AND CORNWALL", "samplingPo": "open", "sampling_1": "AGRICULTURE - FISH FARMING - NOT WATER COMPANY", "CaBA_Partn": "East Devon Catchment Partnership", "CaBA_Websi": "https://catchmentbasedapproach.org/get-involved/east-devon/", "CaBA_ID": 24, "CaBA_Catch": "East Devon", "EA_NE_Area": "Devon Cornwall and the Isles of Scilly", "WFD_RBD": "South West", "EA_WM_Area": "Devon and Cornwall", "X": -3.3763267531799999, "Y": 50.847270363299998, "Shape__Are": 2285053823.8099999, "Shape__Len": 328711.531449, "sampling_2": "AGRICULTURE" }, "geometry": { "type": "Point", "coordinates": [ -3.31939, 50.8469535 ] } },
{ "type": "Feature", "properties": { "Join_Count": 1, "TARGET_FID": 16209, "F_id": "http://environment.data.gov.uk/water-quality/id/sampling-point/SW-70522662", "label": "RIVER CLYST AT ASHCLYST FARM", "comment": "RIVER CLYST AT ASHCLYST FARM", "easting": 301118, "northing": 98329, "lat": 50.776081, "long": -3.403792, "notation": "SW-70522662", "area_label": "Devon and Cornwall", "subarea_la": "EAST DEVON AND CORNWALL", "samplingPo": "open", "sampling_1": "FRESHWATER - RIVERS", "CaBA_Partn": "East Devon Catchment Partnership", "CaBA_Websi": "https://catchmentbasedapproach.org/get-involved/east-devon/", "CaBA_ID": 24, "CaBA_Catch": "East Devon", "EA_NE_Area": "Devon Cornwall and the Isles of Scilly", "WFD_RBD": "South West", "EA_WM_Area": "Devon and Cornwall", "X": -3.3763267531799999, "Y": 50.847270363299998, "Shape__Are": 2285053823.8099999, "Shape__Len": 328711.531449, "sampling_2": "FRESHWATER" }, "geometry": { "type": "Point", "coordinates": [ -3.4037996, 50.7760832 ] } },
{ "type": "Feature", "properties": { "Join_Count": 1, "TARGET_FID": 16219, "F_id": "http://environment.data.gov.uk/water-quality/id/sampling-point/SW-70531653", "label": "SPRATFORD STREAM AT B3391 BRIDGE  TIVERT", "comment": "SPRATFORD STREAM AT B3391 BRIDGE TIVERTON JUNCTION", "easting": 303128, "northing": 111581, "lat": 50.895554, "long": -3.378801, "notation": "SW-70531653", "area_label": "Devon and Cornwall", "subarea_la": "EAST DEVON AND CORNWALL", "samplingPo": "open", "sampling_1": "FRESHWATER - RIVERS", "CaBA_Partn": "East Devon Catchment Partnership", "CaBA_Websi": "https://catchmentbasedapproach.org/get-involved/east-devon/", "CaBA_ID": 24, "CaBA_Catch": "East Devon", "EA_NE_Area": "Devon Cornwall and the Isles of Scilly", "WFD_RBD": "South West", "EA_WM_Area": "Devon and Cornwall", "X": -3.3763267531799999, "Y": 50.847270363299998, "Shape__Are": 2285053823.8099999, "Shape__Len": 328711.531449, "sampling_2": "FRESHWATER" }, "geometry": { "type": "Point", "coordinates": [ -3.378808, 50.8955569 ] } },
{ "type": "Feature", "properties": { "Join_Count": 1, "TARGET_FID": 16262, "F_id": "http://environment.data.gov.uk/water-quality/id/sampling-point/SW-70522686", "label": "FIVE BELLS INN  CLYST HYDON", "comment": "FIVE BELLS INN CLYST HYDON", "easting": 302854, "northing": 101414, "lat": 50.804108, "long": -3.379995, "notation": "SW-70522686", "area_label": "Devon and Cornwall", "subarea_la": "EAST DEVON AND CORNWALL", "samplingPo": "open", "sampling_1": "SEWAGE DISCHARGES - FINAL/TREATED EFFLUENT - NOT WATER COMPANY", "CaBA_Partn": "East Devon Catchment Partnership", "CaBA_Websi": "https://catchmentbasedapproach.org/get-involved/east-devon/", "CaBA_ID": 24, "CaBA_Catch": "East Devon", "EA_NE_Area": "Devon Cornwall and the Isles of Scilly", "WFD_RBD": "South West", "EA_WM_Area": "Devon and Cornwall", "X": -3.3763267531799999, "Y": 50.847270363299998, "Shape__Are": 2285053823.8099999, "Shape__Len": 328711.531449, "sampling_2": "SEWAGE DISCHARGES - NOT WATER COMPANY" }, "geometry": { "type": "Point", "coordinates": [ -3.3800024, 50.804111 ] } },
{ "type": "Feature", "properties": { "Join_Count": 1, "TARGET_FID": 16265, "F_id": "http://environment.data.gov.uk/water-quality/id/sampling-point/SW-70550340", "label": "EXE VALLEY FISHERY - OUTFALL 2", "comment": "EXE VALLEY FISHERY - OUTFALL 2", "easting": 293200, "northing": 124700, "lat": 51.011729, "long": -3.523771, "notation": "SW-70550340", "area_label": "Devon and Cornwall", "subarea_la": "EAST DEVON AND CORNWALL", "samplingPo": "open", "sampling_1": "AGRICULTURE - FISH FARMING - NOT WATER COMPANY", "CaBA_Partn": "East Devon Catchment Partnership", "CaBA_Websi": "https://catchmentbasedapproach.org/get-involved/east-devon/", "CaBA_ID": 24, "CaBA_Catch": "East Devon", "EA_NE_Area": "Devon Cornwall and the Isles of Scilly", "WFD_RBD": "South West", "EA_WM_Area": "Devon and Cornwall", "X": -3.3763267531799999, "Y": 50.847270363299998, "Shape__Are": 2285053823.8099999, "Shape__Len": 328711.531449, "sampling_2": "AGRICULTURE" }, "geometry": { "type": "Point", "coordinates": [ -3.5237779, 51.0117327 ] } },
{ "type": "Feature", "properties": { "Join_Count": 1, "TARGET_FID": 16267, "F_id": "http://environment.data.gov.uk/water-quality/id/sampling-point/SW-70591276", "label": "EFFORD BARNS  EFFORD", "comment": "EFFORD BARNS EFFORD", "easting": 289110, "northing": 101090, "lat": 50.798726, "long": -3.57487, "notation": "SW-70591276", "area_label": "Devon and Cornwall", "subarea_la": "EAST DEVON AND CORNWALL", "samplingPo": "open", "sampling_1": "SEWAGE DISCHARGES - FINAL/TREATED EFFLUENT - NOT WATER COMPANY", "CaBA_Partn": "East Devon Catchment Partnership", "CaBA_Websi": "https://catchmentbasedapproach.org/get-involved/east-devon/", "CaBA_ID": 24, "CaBA_Catch": "East Devon", "EA_NE_Area": "Devon Cornwall and the Isles of Scilly", "WFD_RBD": "South West", "EA_WM_Area": "Devon and Cornwall", "X": -3.3763267531799999, "Y": 50.847270363299998, "Shape__Are": 2285053823.8099999, "Shape__Len": 328711.531449, "sampling_2": "SEWAGE DISCHARGES - NOT WATER COMPANY" }, "geometry": { "type": "Point", "coordinates": [ -3.5748769, 50.7987284 ] } },
{ "type": "Feature", "properties": { "Join_Count": 1, "TARGET_FID": 16310, "F_id": "http://environment.data.gov.uk/water-quality/id/sampling-point/SW-70531024", "label": "WILLAND STW FE", "comment": "WILLAND S T W - EFFLUENT", "easting": 304000, "northing": 110600, "lat": 50.886881, "long": -3.366147, "notation": "SW-70531024", "area_label": "Devon and Cornwall", "subarea_la": "EAST DEVON AND CORNWALL", "samplingPo": "open", "sampling_1": "SEWAGE DISCHARGES - FINAL/TREATED EFFLUENT - WATER COMPANY", "CaBA_Partn": "East Devon Catchment Partnership", "CaBA_Websi": "https://catchmentbasedapproach.org/get-involved/east-devon/", "CaBA_ID": 24, "CaBA_Catch": "East Devon", "EA_NE_Area": "Devon Cornwall and the Isles of Scilly", "WFD_RBD": "South West", "EA_WM_Area": "Devon and Cornwall", "X": -3.3763267531799999, "Y": 50.847270363299998, "Shape__Are": 2285053823.8099999, "Shape__Len": 328711.531449, "sampling_2": "SEWAGE DISCHARGES - WATER COMPANY" }, "geometry": { "type": "Point", "coordinates": [ -3.3661546, 50.8868836 ] } },
{ "type": "Feature", "properties": { "Join_Count": 1, "TARGET_FID": 16320, "F_id": "http://environment.data.gov.uk/water-quality/id/sampling-point/SW-70531035", "label": "REWE AND STOKE CANON STW FE", "comment": "REWE & STOKE CANON S T W - EFFLUENT", "easting": 294483, "northing": 98844, "lat": 50.77954, "long": -3.498011, "notation": "SW-70531035", "area_label": "Devon and Cornwall", "subarea_la": "EAST DEVON AND CORNWALL", "samplingPo": "open", "sampling_1": "SEWAGE DISCHARGES - FINAL/TREATED EFFLUENT - WATER COMPANY", "CaBA_Partn": "East Devon Catchment Partnership", "CaBA_Websi": "https://catchmentbasedapproach.org/get-involved/east-devon/", "CaBA_ID": 24, "CaBA_Catch": "East Devon", "EA_NE_Area": "Devon Cornwall and the Isles of Scilly", "WFD_RBD": "South West", "EA_WM_Area": "Devon and Cornwall", "X": -3.3763267531799999, "Y": 50.847270363299998, "Shape__Are": 2285053823.8099999, "Shape__Len": 328711.531449, "sampling_2": "SEWAGE DISCHARGES - WATER COMPANY" }, "geometry": { "type": "Point", "coordinates": [ -3.4980178, 50.7795423 ] } },
{ "type": "Feature", "properties": { "Join_Count": 1, "TARGET_FID": 16326, "F_id": "http://environment.data.gov.uk/water-quality/id/sampling-point/SW-70571467", "label": "CASTLE HILL FISH FARM INLET A", "comment": "CASTLE HILL FISH FARM INLET A", "easting": 298660, "northing": 133450, "lat": 51.091374, "long": -3.44842, "notation": "SW-70571467", "area_label": "Devon and Cornwall", "subarea_la": "EAST DEVON AND CORNWALL", "samplingPo": "open", "sampling_1": "FRESHWATER - COMPARATIVE INLET POINTS", "CaBA_Partn": "East Devon Catchment Partnership", "CaBA_Websi": "https://catchmentbasedapproach.org/get-involved/east-devon/", "CaBA_ID": 24, "CaBA_Catch": "East Devon", "EA_NE_Area": "Devon Cornwall and the Isles of Scilly", "WFD_RBD": "South West", "EA_WM_Area": "Devon and Cornwall", "X": -3.3763267531799999, "Y": 50.847270363299998, "Shape__Are": 2285053823.8099999, "Shape__Len": 328711.531449, "sampling_2": "FRESHWATER" }, "geometry": { "type": "Point", "coordinates": [ -3.4484268, 51.091378 ] } },
{ "type": "Feature", "properties": { "Join_Count": 1, "TARGET_FID": 16327, "F_id": "http://environment.data.gov.uk/water-quality/id/sampling-point/SW-70531279", "label": "RIVER CULM U/S CULMSTOCK STW", "comment": "R.CULM @ CULMSTOCK U/S CULMSTOCK STW (ALT DATA ON WSTW7564A)", "easting": 310115, "northing": 113773, "lat": 50.916391, "long": -3.28002, "notation": "SW-70531279", "area_label": "Devon and Cornwall", "subarea_la": "EAST DEVON AND CORNWALL", "samplingPo": "open", "sampling_1": "FRESHWATER - RIVERS", "CaBA_Partn": "East Devon Catchment Partnership", "CaBA_Websi": "https://catchmentbasedapproach.org/get-involved/east-devon/", "CaBA_ID": 24, "CaBA_Catch": "East Devon", "EA_NE_Area": "Devon Cornwall and the Isles of Scilly", "WFD_RBD": "South West", "EA_WM_Area": "Devon and Cornwall", "X": -3.3763267531799999, "Y": 50.847270363299998, "Shape__Are": 2285053823.8099999, "Shape__Len": 328711.531449, "sampling_2": "FRESHWATER" }, "geometry": { "type": "Point", "coordinates": [ -3.2800268, 50.9163944 ] } },
{ "type": "Feature", "properties": { "Join_Count": 1, "TARGET_FID": 16355, "F_id": "http://environment.data.gov.uk/water-quality/id/sampling-point/SW-70561013", "label": "BAMPTON STW FE", "comment": "BAMPTON S T W - EFFLUENT", "easting": 295420, "northing": 121810, "lat": 50.986159, "long": -3.491304, "notation": "SW-70561013", "area_label": "Devon and Cornwall", "subarea_la": "EAST DEVON AND CORNWALL", "samplingPo": "open", "sampling_1": "SEWAGE DISCHARGES - FINAL/TREATED EFFLUENT - WATER COMPANY", "CaBA_Partn": "East Devon Catchment Partnership", "CaBA_Websi": "https://catchmentbasedapproach.org/get-involved/east-devon/", "CaBA_ID": 24, "CaBA_Catch": "East Devon", "EA_NE_Area": "Devon Cornwall and the Isles of Scilly", "WFD_RBD": "South West", "EA_WM_Area": "Devon and Cornwall", "X": -3.3763267531799999, "Y": 50.847270363299998, "Shape__Are": 2285053823.8099999, "Shape__Len": 328711.531449, "sampling_2": "SEWAGE DISCHARGES - WATER COMPANY" }, "geometry": { "type": "Point", "coordinates": [ -3.4913107, 50.9861624 ] } },
{ "type": "Feature", "properties": { "Join_Count": 1, "TARGET_FID": 16356, "F_id": "http://environment.data.gov.uk/water-quality/id/sampling-point/SW-70571019", "label": "HERTFORD FISH FARM BROMPTON REGIS", "comment": "HERTFORD FISH FARM BROMPTON REGIS", "easting": 295800, "northing": 129400, "lat": 51.054456, "long": -3.488075, "notation": "SW-70571019", "area_label": "Devon and Cornwall", "subarea_la": "EAST DEVON AND CORNWALL", "samplingPo": "open", "sampling_1": "AGRICULTURE - FISH FARMING - NOT WATER COMPANY", "CaBA_Partn": "East Devon Catchment Partnership", "CaBA_Websi": "https://catchmentbasedapproach.org/get-involved/east-devon/", "CaBA_ID": 24, "CaBA_Catch": "East Devon", "EA_NE_Area": "Devon Cornwall and the Isles of Scilly", "WFD_RBD": "South West", "EA_WM_Area": "Devon and Cornwall", "X": -3.3763267531799999, "Y": 50.847270363299998, "Shape__Are": 2285053823.8099999, "Shape__Len": 328711.531449, "sampling_2": "AGRICULTURE" }, "geometry": { "type": "Point", "coordinates": [ -3.4880822, 51.0544592 ] } },
{ "type": "Feature", "properties": { "Join_Count": 1, "TARGET_FID": 16358, "F_id": "http://environment.data.gov.uk/water-quality/id/sampling-point/SW-70571096", "label": "RIVER HADDEO PRIOR TO WIMBLEBALL RES", "comment": "RIVER HADDEO PRIOR TO WIMBLEBALL RESERVOIR - ADDITIONAL HISTORIC DATA ON URN R05G004", "easting": 298756, "northing": 128903, "lat": 51.050517, "long": -3.445775, "notation": "SW-70571096", "area_label": "Devon and Cornwall", "subarea_la": "EAST DEVON AND CORNWALL", "samplingPo": "open", "sampling_1": "FRESHWATER - RIVERS", "CaBA_Partn": "East Devon Catchment Partnership", "CaBA_Websi": "https://catchmentbasedapproach.org/get-involved/east-devon/", "CaBA_ID": 24, "CaBA_Catch": "East Devon", "EA_NE_Area": "Devon Cornwall and the Isles of Scilly", "WFD_RBD": "South West", "EA_WM_Area": "Devon and Cornwall", "X": -3.3763267531799999, "Y": 50.847270363299998, "Shape__Are": 2285053823.8099999, "Shape__Len": 328711.531449, "sampling_2": "FRESHWATER" }, "geometry": { "type": "Point", "coordinates": [ -3.4457819, 51.0505209 ] } },
{ "type": "Feature", "properties": { "Join_Count": 1, "TARGET_FID": 16435, "F_id": "http://environment.data.gov.uk/water-quality/id/sampling-point/SW-70579999", "label": "MISCELLANEOUS UPPER EXE", "comment": "MISCELLANEOUS UPPER EXE CATCHMENT", "easting": 293300, "northing": 125200, "lat": 51.016243, "long": -3.522493, "notation": "SW-70579999", "area_label": "Devon and Cornwall", "subarea_la": "EAST DEVON AND CORNWALL", "samplingPo": "open", "sampling_1": "POLLUTION/INVESTIGATION POINTS - ENVIRONMENT", "CaBA_Partn": "East Devon Catchment Partnership", "CaBA_Websi": "https://catchmentbasedapproach.org/get-involved/east-devon/", "CaBA_ID": 24, "CaBA_Catch": "East Devon", "EA_NE_Area": "Devon Cornwall and the Isles of Scilly", "WFD_RBD": "South West", "EA_WM_Area": "Devon and Cornwall", "X": -3.3763267531799999, "Y": 50.847270363299998, "Shape__Are": 2285053823.8099999, "Shape__Len": 328711.531449, "sampling_2": "POLLUTION/INVESTIGATION POINTS" }, "geometry": { "type": "Point", "coordinates": [ -3.5225002, 51.0162458 ] } },
{ "type": "Feature", "properties": { "Join_Count": 1, "TARGET_FID": 16460, "F_id": "http://environment.data.gov.uk/water-quality/id/sampling-point/SW-70522694", "label": "WESTLEIGH QUARRY - UNUSED OUTFALL", "comment": "WESTLEIGH QUARRY - OLD (UNUSED) OUTFALL", "easting": 306590, "northing": 118020, "lat": 50.954011, "long": -3.33124, "notation": "SW-70522694", "area_label": "Devon and Cornwall", "subarea_la": "EAST DEVON AND CORNWALL", "samplingPo": "open", "sampling_1": "TRADE DISCHARGES - PROCESS EFFLUENT - WATER COMPANY (WTW)", "CaBA_Partn": "East Devon Catchment Partnership", "CaBA_Websi": "https://catchmentbasedapproach.org/get-involved/east-devon/", "CaBA_ID": 24, "CaBA_Catch": "East Devon", "EA_NE_Area": "Devon Cornwall and the Isles of Scilly", "WFD_RBD": "South West", "EA_WM_Area": "Devon and Cornwall", "X": -3.3763267531799999, "Y": 50.847270363299998, "Shape__Are": 2285053823.8099999, "Shape__Len": 328711.531449, "sampling_2": "SEWAGE DISCHARGES - WATER COMPANY" }, "geometry": { "type": "Point", "coordinates": [ -3.3312474, 50.954014 ] } },
{ "type": "Feature", "properties": { "Join_Count": 1, "TARGET_FID": 16461, "F_id": "http://environment.data.gov.uk/water-quality/id/sampling-point/SW-70531657", "label": "TIVERTON PARKWAY STATION", "comment": "BRITISH RAIL SAMPFORD PEVERELL", "easting": 301450, "northing": 114070, "lat": 50.917645, "long": -3.403326, "notation": "SW-70531657", "area_label": "Devon and Cornwall", "subarea_la": "EAST DEVON AND CORNWALL", "samplingPo": "open", "sampling_1": "SEWAGE DISCHARGES - FINAL/TREATED EFFLUENT - NOT WATER COMPANY", "CaBA_Partn": "East Devon Catchment Partnership", "CaBA_Websi": "https://catchmentbasedapproach.org/get-involved/east-devon/", "CaBA_ID": 24, "CaBA_Catch": "East Devon", "EA_NE_Area": "Devon Cornwall and the Isles of Scilly", "WFD_RBD": "South West", "EA_WM_Area": "Devon and Cornwall", "X": -3.3763267531799999, "Y": 50.847270363299998, "Shape__Are": 2285053823.8099999, "Shape__Len": 328711.531449, "sampling_2": "SEWAGE DISCHARGES - NOT WATER COMPANY" }, "geometry": { "type": "Point", "coordinates": [ -3.403333, 50.9176479 ] } },
{ "type": "Feature", "properties": { "Join_Count": 1, "TARGET_FID": 16462, "F_id": "http://environment.data.gov.uk/water-quality/id/sampling-point/SW-70531660", "label": "LITTLE CHEF AND LODGE SAMPFORD PEVERELL", "comment": "LITTLE CHEF AND LODGE SAMPFORD PEVERELL", "easting": 304800, "northing": 113800, "lat": 50.915781, "long": -3.355613, "notation": "SW-70531660", "area_label": "Devon and Cornwall", "subarea_la": "EAST DEVON AND CORNWALL", "samplingPo": "open", "sampling_1": "SEWAGE DISCHARGES - FINAL/TREATED EFFLUENT - NOT WATER COMPANY", "CaBA_Partn": "East Devon Catchment Partnership", "CaBA_Websi": "https://catchmentbasedapproach.org/get-involved/east-devon/", "CaBA_ID": 24, "CaBA_Catch": "East Devon", "EA_NE_Area": "Devon Cornwall and the Isles of Scilly", "WFD_RBD": "South West", "EA_WM_Area": "Devon and Cornwall", "X": -3.3763267531799999, "Y": 50.847270363299998, "Shape__Are": 2285053823.8099999, "Shape__Len": 328711.531449, "sampling_2": "SEWAGE DISCHARGES - NOT WATER COMPANY" }, "geometry": { "type": "Point", "coordinates": [ -3.3556202, 50.9157838 ] } },
{ "type": "Feature", "properties": { "Join_Count": 1, "TARGET_FID": 16482, "F_id": "http://environment.data.gov.uk/water-quality/id/sampling-point/SW-70523061", "label": "WOODS FARMHOUSE/BARNS FARRINGDON", "comment": "WOODS FARMHOUSE & BARNS FARRINGDON EXETER", "easting": 301730, "northing": 91380, "lat": 50.713714, "long": -3.393259, "notation": "SW-70523061", "area_label": "Devon and Cornwall", "subarea_la": "EAST DEVON AND CORNWALL", "samplingPo": "open", "sampling_1": "SEWAGE DISCHARGES - FINAL/TREATED EFFLUENT - NOT WATER COMPANY", "CaBA_Partn": "East Devon Catchment Partnership", "CaBA_Websi": "https://catchmentbasedapproach.org/get-involved/east-devon/", "CaBA_ID": 24, "CaBA_Catch": "East Devon", "EA_NE_Area": "Devon Cornwall and the Isles of Scilly", "WFD_RBD": "South West", "EA_WM_Area": "Devon and Cornwall", "X": -3.3763267531799999, "Y": 50.847270363299998, "Shape__Are": 2285053823.8099999, "Shape__Len": 328711.531449, "sampling_2": "SEWAGE DISCHARGES - NOT WATER COMPANY" }, "geometry": { "type": "Point", "coordinates": [ -3.3932665, 50.7137161 ] } },
{ "type": "Feature", "properties": { "Join_Count": 1, "TARGET_FID": 16492, "F_id": "http://environment.data.gov.uk/water-quality/id/sampling-point/SW-70589999", "label": "MISCELLANEOUS BARLE", "comment": "MISCELLANEOUS BARLE CATCHMENT", "easting": 293300, "northing": 125200, "lat": 51.016243, "long": -3.522493, "notation": "SW-70589999", "area_label": "Devon and Cornwall", "subarea_la": "EAST DEVON AND CORNWALL", "samplingPo": "open", "sampling_1": "POLLUTION/INVESTIGATION POINTS - ENVIRONMENT", "CaBA_Partn": "East Devon Catchment Partnership", "CaBA_Websi": "https://catchmentbasedapproach.org/get-involved/east-devon/", "CaBA_ID": 24, "CaBA_Catch": "East Devon", "EA_NE_Area": "Devon Cornwall and the Isles of Scilly", "WFD_RBD": "South West", "EA_WM_Area": "Devon and Cornwall", "X": -3.3763267531799999, "Y": 50.847270363299998, "Shape__Are": 2285053823.8099999, "Shape__Len": 328711.531449, "sampling_2": "POLLUTION/INVESTIGATION POINTS" }, "geometry": { "type": "Point", "coordinates": [ -3.5225002, 51.0162458 ] } },
{ "type": "Feature", "properties": { "Join_Count": 1, "TARGET_FID": 16494, "F_id": "http://environment.data.gov.uk/water-quality/id/sampling-point/SW-70523009", "label": "FARRINGDON HOUSE ESTATE", "comment": "FARRINGDON HOUSE ESTATE", "easting": 301580, "northing": 92250, "lat": 50.72151, "long": -3.395616, "notation": "SW-70523009", "area_label": "Devon and Cornwall", "subarea_la": "EAST DEVON AND CORNWALL", "samplingPo": "open", "sampling_1": "SEWAGE DISCHARGES - FINAL/TREATED EFFLUENT - NOT WATER COMPANY", "CaBA_Partn": "East Devon Catchment Partnership", "CaBA_Websi": "https://catchmentbasedapproach.org/get-involved/east-devon/", "CaBA_ID": 24, "CaBA_Catch": "East Devon", "EA_NE_Area": "Devon Cornwall and the Isles of Scilly", "WFD_RBD": "South West", "EA_WM_Area": "Devon and Cornwall", "X": -3.3763267531799999, "Y": 50.847270363299998, "Shape__Are": 2285053823.8099999, "Shape__Len": 328711.531449, "sampling_2": "SEWAGE DISCHARGES - NOT WATER COMPANY" }, "geometry": { "type": "Point", "coordinates": [ -3.3956228, 50.721512 ] } },
{ "type": "Feature", "properties": { "Join_Count": 1, "TARGET_FID": 16496, "F_id": "http://environment.data.gov.uk/water-quality/id/sampling-point/SW-70523991", "label": "STRETE RALEGH HOUSE WHIMPLE", "comment": "STRETE RALEGH HOUSE WHIMPLE", "easting": 305050, "northing": 95500, "lat": 50.751306, "long": -3.347311, "notation": "SW-70523991", "area_label": "Devon and Cornwall", "subarea_la": "EAST DEVON AND CORNWALL", "samplingPo": "open", "sampling_1": "SEWAGE DISCHARGES - FINAL/TREATED EFFLUENT - NOT WATER COMPANY", "CaBA_Partn": "East Devon Catchment Partnership", "CaBA_Websi": "https://catchmentbasedapproach.org/get-involved/east-devon/", "CaBA_ID": 24, "CaBA_Catch": "East Devon", "EA_NE_Area": "Devon Cornwall and the Isles of Scilly", "WFD_RBD": "South West", "EA_WM_Area": "Devon and Cornwall", "X": -3.3763267531799999, "Y": 50.847270363299998, "Shape__Are": 2285053823.8099999, "Shape__Len": 328711.531449, "sampling_2": "SEWAGE DISCHARGES - NOT WATER COMPANY" }, "geometry": { "type": "Point", "coordinates": [ -3.3473184, 50.7513081 ] } },
{ "type": "Feature", "properties": { "Join_Count": 1, "TARGET_FID": 16498, "F_id": "http://environment.data.gov.uk/water-quality/id/sampling-point/SW-70515520", "label": "RADFORDS   DAWLISH WATER", "comment": "RADFORDS DAWLISH WATER", "easting": 294470, "northing": 77450, "lat": 50.587213, "long": -3.492081, "notation": "SW-70515520", "area_label": "Devon and Cornwall", "subarea_la": "CENTRAL DEVON AND CORNWALL", "samplingPo": "open", "sampling_1": "TRADE DISCHARGES - PROCESS EFFLUENT - WATER COMPANY (WTW)", "CaBA_Partn": "East Devon Catchment Partnership", "CaBA_Websi": "https://catchmentbasedapproach.org/get-involved/east-devon/", "CaBA_ID": 24, "CaBA_Catch": "East Devon", "EA_NE_Area": "Devon Cornwall and the Isles of Scilly", "WFD_RBD": "South West", "EA_WM_Area": "Devon and Cornwall", "X": -3.3763267531799999, "Y": 50.847270363299998, "Shape__Are": 2285053823.8099999, "Shape__Len": 328711.531449, "sampling_2": "SEWAGE DISCHARGES - WATER COMPANY" }, "geometry": { "type": "Point", "coordinates": [ -3.4920882, 50.5872151 ] } },
{ "type": "Feature", "properties": { "Join_Count": 1, "TARGET_FID": 16515, "F_id": "http://environment.data.gov.uk/water-quality/id/sampling-point/SW-70523556", "label": "THE GRANGE COTTAGES  ROCKBEARE", "comment": "THE GRANGE COTTAGES ROCKBEARE", "easting": 302840, "northing": 94970, "lat": 50.746175, "long": -3.378489, "notation": "SW-70523556", "area_label": "Devon and Cornwall", "subarea_la": "EAST DEVON AND CORNWALL", "samplingPo": "open", "sampling_1": "SEWAGE DISCHARGES - FINAL/TREATED EFFLUENT - NOT WATER COMPANY", "CaBA_Partn": "East Devon Catchment Partnership", "CaBA_Websi": "https://catchmentbasedapproach.org/get-involved/east-devon/", "CaBA_ID": 24, "CaBA_Catch": "East Devon", "EA_NE_Area": "Devon Cornwall and the Isles of Scilly", "WFD_RBD": "South West", "EA_WM_Area": "Devon and Cornwall", "X": -3.3763267531799999, "Y": 50.847270363299998, "Shape__Are": 2285053823.8099999, "Shape__Len": 328711.531449, "sampling_2": "SEWAGE DISCHARGES - NOT WATER COMPANY" }, "geometry": { "type": "Point", "coordinates": [ -3.3784965, 50.7461772 ] } },
{ "type": "Feature", "properties": { "Join_Count": 1, "TARGET_FID": 16530, "F_id": "http://environment.data.gov.uk/water-quality/id/sampling-point/SW-70531666", "label": "THE WATERLOO CROSS", "comment": "THE WATERLOO CROSS (PREV.THE OLD COTTAGE INN),WATERLOO X,UFFCULM", "easting": 305228, "northing": 113937, "lat": 50.917083, "long": -3.349562, "notation": "SW-70531666", "area_label": "Devon and Cornwall", "subarea_la": "EAST DEVON AND CORNWALL", "samplingPo": "open", "sampling_1": "SEWAGE DISCHARGES - FINAL/TREATED EFFLUENT - NOT WATER COMPANY", "CaBA_Partn": "East Devon Catchment Partnership", "CaBA_Websi": "https://catchmentbasedapproach.org/get-involved/east-devon/", "CaBA_ID": 24, "CaBA_Catch": "East Devon", "EA_NE_Area": "Devon Cornwall and the Isles of Scilly", "WFD_RBD": "South West", "EA_WM_Area": "Devon and Cornwall", "X": -3.3763267531799999, "Y": 50.847270363299998, "Shape__Are": 2285053823.8099999, "Shape__Len": 328711.531449, "sampling_2": "SEWAGE DISCHARGES - NOT WATER COMPANY" }, "geometry": { "type": "Point", "coordinates": [ -3.3495692, 50.9170859 ] } },
{ "type": "Feature", "properties": { "Join_Count": 1, "TARGET_FID": 16539, "F_id": "http://environment.data.gov.uk/water-quality/id/sampling-point/SW-70522635", "label": "BROCKHILL HALL  BROADCLYST", "comment": "BROCKHILL HALL BROADCLYST", "easting": 298800, "northing": 95500, "lat": 50.750249, "long": -3.435879, "notation": "SW-70522635", "area_label": "Devon and Cornwall", "subarea_la": "EAST DEVON AND CORNWALL", "samplingPo": "open", "sampling_1": "SEWAGE DISCHARGES - FINAL/TREATED EFFLUENT - NOT WATER COMPANY", "CaBA_Partn": "East Devon Catchment Partnership", "CaBA_Websi": "https://catchmentbasedapproach.org/get-involved/east-devon/", "CaBA_ID": 24, "CaBA_Catch": "East Devon", "EA_NE_Area": "Devon Cornwall and the Isles of Scilly", "WFD_RBD": "South West", "EA_WM_Area": "Devon and Cornwall", "X": -3.3763267531799999, "Y": 50.847270363299998, "Shape__Are": 2285053823.8099999, "Shape__Len": 328711.531449, "sampling_2": "SEWAGE DISCHARGES - NOT WATER COMPANY" }, "geometry": { "type": "Point", "coordinates": [ -3.4358858, 50.7502508 ] } },
{ "type": "Feature", "properties": { "Join_Count": 1, "TARGET_FID": 16625, "F_id": "http://environment.data.gov.uk/water-quality/id/sampling-point/SW-70550107", "label": "FISHERMAN'S COT", "comment": "FISHERMAN'S COT", "easting": 293670, "northing": 107500, "lat": 50.857203, "long": -3.51205, "notation": "SW-70550107", "area_label": "Devon and Cornwall", "subarea_la": "EAST DEVON AND CORNWALL", "samplingPo": "open", "sampling_1": "SEWAGE DISCHARGES - FINAL/TREATED EFFLUENT - NOT WATER COMPANY", "CaBA_Partn": "East Devon Catchment Partnership", "CaBA_Websi": "https://catchmentbasedapproach.org/get-involved/east-devon/", "CaBA_ID": 24, "CaBA_Catch": "East Devon", "EA_NE_Area": "Devon Cornwall and the Isles of Scilly", "WFD_RBD": "South West", "EA_WM_Area": "Devon and Cornwall", "X": -3.3763267531799999, "Y": 50.847270363299998, "Shape__Are": 2285053823.8099999, "Shape__Len": 328711.531449, "sampling_2": "SEWAGE DISCHARGES - NOT WATER COMPANY" }, "geometry": { "type": "Point", "coordinates": [ -3.5120568, 50.8572058 ] } },
{ "type": "Feature", "properties": { "Join_Count": 1, "TARGET_FID": 16631, "F_id": "http://environment.data.gov.uk/water-quality/id/sampling-point/SW-70551356", "label": "KNIGHTSHAYES VISITORS CENTRE", "comment": "KNIGHTSHAYES VISITORS CENTRE KNIGHTSHAYES ESTATE", "easting": 296000, "northing": 115480, "lat": 50.929362, "long": -3.481232, "notation": "SW-70551356", "area_label": "Devon and Cornwall", "subarea_la": "EAST DEVON AND CORNWALL", "samplingPo": "open", "sampling_1": "SEWAGE DISCHARGES - FINAL/TREATED EFFLUENT - NOT WATER COMPANY", "CaBA_Partn": "East Devon Catchment Partnership", "CaBA_Websi": "https://catchmentbasedapproach.org/get-involved/east-devon/", "CaBA_ID": 24, "CaBA_Catch": "East Devon", "EA_NE_Area": "Devon Cornwall and the Isles of Scilly", "WFD_RBD": "South West", "EA_WM_Area": "Devon and Cornwall", "X": -3.3763267531799999, "Y": 50.847270363299998, "Shape__Are": 2285053823.8099999, "Shape__Len": 328711.531449, "sampling_2": "SEWAGE DISCHARGES - NOT WATER COMPANY" }, "geometry": { "type": "Point", "coordinates": [ -3.4812397, 50.9293654 ] } },
{ "type": "Feature", "properties": { "Join_Count": 1, "TARGET_FID": 16642, "F_id": "http://environment.data.gov.uk/water-quality/id/sampling-point/SW-70513361", "label": "CASTLE BRAKE CARAVAN SITE WOODBURY", "comment": "CASTLE BRAKE CARAVAN SITE WOODBURY", "easting": 302840, "northing": 87920, "lat": 50.682795, "long": -3.376631, "notation": "SW-70513361", "area_label": "Devon and Cornwall", "subarea_la": "EAST DEVON AND CORNWALL", "samplingPo": "open", "sampling_1": "SEWAGE DISCHARGES - FINAL/TREATED EFFLUENT - NOT WATER COMPANY", "CaBA_Partn": "East Devon Catchment Partnership", "CaBA_Websi": "https://catchmentbasedapproach.org/get-involved/east-devon/", "CaBA_ID": 24, "CaBA_Catch": "East Devon", "EA_NE_Area": "Devon Cornwall and the Isles of Scilly", "WFD_RBD": "South West", "EA_WM_Area": "Devon and Cornwall", "X": -3.3763267531799999, "Y": 50.847270363299998, "Shape__Are": 2285053823.8099999, "Shape__Len": 328711.531449, "sampling_2": "SEWAGE DISCHARGES - NOT WATER COMPANY" }, "geometry": { "type": "Point", "coordinates": [ -3.3766381, 50.6827972 ] } },
{ "type": "Feature", "properties": { "Join_Count": 1, "TARGET_FID": 16645, "F_id": "http://environment.data.gov.uk/water-quality/id/sampling-point/SW-70558544", "label": "PADDLING POOL  TIVERTON", "comment": "PADDLING POOL AT WEST EXE RECREATION GROUND TIVERTON", "easting": 294850, "northing": 112550, "lat": 50.902815, "long": -3.496745, "notation": "SW-70558544", "area_label": "Devon and Cornwall", "subarea_la": "EAST DEVON AND CORNWALL", "samplingPo": "open", "sampling_1": "SEWAGE DISCHARGES - FINAL/TREATED EFFLUENT - NOT WATER COMPANY", "CaBA_Partn": "East Devon Catchment Partnership", "CaBA_Websi": "https://catchmentbasedapproach.org/get-involved/east-devon/", "CaBA_ID": 24, "CaBA_Catch": "East Devon", "EA_NE_Area": "Devon Cornwall and the Isles of Scilly", "WFD_RBD": "South West", "EA_WM_Area": "Devon and Cornwall", "X": -3.3763267531799999, "Y": 50.847270363299998, "Shape__Are": 2285053823.8099999, "Shape__Len": 328711.531449, "sampling_2": "SEWAGE DISCHARGES - NOT WATER COMPANY" }, "geometry": { "type": "Point", "coordinates": [ -3.4967522, 50.902818 ] } },
{ "type": "Feature", "properties": { "Join_Count": 1, "TARGET_FID": 16926, "F_id": "http://environment.data.gov.uk/water-quality/id/sampling-point/SW-70522685", "label": "CLYST HYDON PRIMARY SCHOOL", "comment": "CLYST HYDON PRIMARY SCHOOL", "easting": 303580, "northing": 101650, "lat": 50.806351, "long": -3.369758, "notation": "SW-70522685", "area_label": "Devon and Cornwall", "subarea_la": "EAST DEVON AND CORNWALL", "samplingPo": "open", "sampling_1": "SEWAGE DISCHARGES - FINAL/TREATED EFFLUENT - NOT WATER COMPANY", "CaBA_Partn": "East Devon Catchment Partnership", "CaBA_Websi": "https://catchmentbasedapproach.org/get-involved/east-devon/", "CaBA_ID": 24, "CaBA_Catch": "East Devon", "EA_NE_Area": "Devon Cornwall and the Isles of Scilly", "WFD_RBD": "South West", "EA_WM_Area": "Devon and Cornwall", "X": -3.3763267531799999, "Y": 50.847270363299998, "Shape__Are": 2285053823.8099999, "Shape__Len": 328711.531449, "sampling_2": "SEWAGE DISCHARGES - NOT WATER COMPANY" }, "geometry": { "type": "Point", "coordinates": [ -3.3697647, 50.806354 ] } },
{ "type": "Feature", "properties": { "Join_Count": 1, "TARGET_FID": 17013, "F_id": "http://environment.data.gov.uk/water-quality/id/sampling-point/SW-70569999", "label": "MISCELLANEOUS BATHERM", "comment": "MISCELLANEOUS BATHERM CATCHMENT", "easting": 295700, "northing": 120800, "lat": 50.977131, "long": -3.487026, "notation": "SW-70569999", "area_label": "Devon and Cornwall", "subarea_la": "EAST DEVON AND CORNWALL", "samplingPo": "open", "sampling_1": "POLLUTION/INVESTIGATION POINTS - ENVIRONMENT", "CaBA_Partn": "East Devon Catchment Partnership", "CaBA_Websi": "https://catchmentbasedapproach.org/get-involved/east-devon/", "CaBA_ID": 24, "CaBA_Catch": "East Devon", "EA_NE_Area": "Devon Cornwall and the Isles of Scilly", "WFD_RBD": "South West", "EA_WM_Area": "Devon and Cornwall", "X": -3.3763267531799999, "Y": 50.847270363299998, "Shape__Are": 2285053823.8099999, "Shape__Len": 328711.531449, "sampling_2": "POLLUTION/INVESTIGATION POINTS" }, "geometry": { "type": "Point", "coordinates": [ -3.4870329, 50.9771341 ] } },
{ "type": "Feature", "properties": { "Join_Count": 1, "TARGET_FID": 17123, "F_id": "http://environment.data.gov.uk/water-quality/id/sampling-point/SW-70501014", "label": "CREDITON (LORDS MEADOW) CRUDE SEWAGE INL", "comment": "CREDITON (LORDS MEADOW) CRUDE SEWAGE INLET", "easting": 284530, "northing": 100440, "lat": 50.791988, "long": -3.639627, "notation": "SW-70501014", "area_label": "Devon and Cornwall", "subarea_la": "EAST DEVON AND CORNWALL", "samplingPo": "open", "sampling_1": "SEWAGE - CRUDE TO FURTHER TREATMENT - WATER COMPANY", "CaBA_Partn": "East Devon Catchment Partnership", "CaBA_Websi": "https://catchmentbasedapproach.org/get-involved/east-devon/", "CaBA_ID": 24, "CaBA_Catch": "East Devon", "EA_NE_Area": "Devon Cornwall and the Isles of Scilly", "WFD_RBD": "South West", "EA_WM_Area": "Devon and Cornwall", "X": -3.3763267531799999, "Y": 50.847270363299998, "Shape__Are": 2285053823.8099999, "Shape__Len": 328711.531449, "sampling_2": "SEWAGE" }, "geometry": { "type": "Point", "coordinates": [ -3.6396339, 50.7919902 ] } },
{ "type": "Feature", "properties": { "Join_Count": 1, "TARGET_FID": 17184, "F_id": "http://environment.data.gov.uk/water-quality/id/sampling-point/SW-70550127", "label": "TIVERTON CRUDE SEWAGE INLET", "comment": "TIVERTON CRUDE SEWAGE INLET", "easting": 295530, "northing": 110480, "lat": 50.884331, "long": -3.486485, "notation": "SW-70550127", "area_label": "Devon and Cornwall", "subarea_la": "EAST DEVON AND CORNWALL", "samplingPo": "open", "sampling_1": "SEWAGE - CRUDE TO FURTHER TREATMENT - WATER COMPANY", "CaBA_Partn": "East Devon Catchment Partnership", "CaBA_Websi": "https://catchmentbasedapproach.org/get-involved/east-devon/", "CaBA_ID": 24, "CaBA_Catch": "East Devon", "EA_NE_Area": "Devon Cornwall and the Isles of Scilly", "WFD_RBD": "South West", "EA_WM_Area": "Devon and Cornwall", "X": -3.3763267531799999, "Y": 50.847270363299998, "Shape__Are": 2285053823.8099999, "Shape__Len": 328711.531449, "sampling_2": "SEWAGE" }, "geometry": { "type": "Point", "coordinates": [ -3.4864925, 50.8843336 ] } },
{ "type": "Feature", "properties": { "Join_Count": 1, "TARGET_FID": 17270, "F_id": "http://environment.data.gov.uk/water-quality/id/sampling-point/SW-70522709", "label": "MARSH GREEN STW", "comment": "MARSH GREEN STW", "easting": 304170, "northing": 93750, "lat": 50.735428, "long": -3.359326, "notation": "SW-70522709", "area_label": "Devon and Cornwall", "subarea_la": "EAST DEVON AND CORNWALL", "samplingPo": "open", "sampling_1": "SEWAGE DISCHARGES - FINAL/TREATED EFFLUENT - WATER COMPANY", "CaBA_Partn": "East Devon Catchment Partnership", "CaBA_Websi": "https://catchmentbasedapproach.org/get-involved/east-devon/", "CaBA_ID": 24, "CaBA_Catch": "East Devon", "EA_NE_Area": "Devon Cornwall and the Isles of Scilly", "WFD_RBD": "South West", "EA_WM_Area": "Devon and Cornwall", "X": -3.3763267531799999, "Y": 50.847270363299998, "Shape__Are": 2285053823.8099999, "Shape__Len": 328711.531449, "sampling_2": "SEWAGE DISCHARGES - WATER COMPANY" }, "geometry": { "type": "Point", "coordinates": [ -3.3593333, 50.7354306 ] } },
{ "type": "Feature", "properties": { "Join_Count": 1, "TARGET_FID": 17277, "F_id": "http://environment.data.gov.uk/water-quality/id/sampling-point/SW-70522683", "label": "5M U/S BRIDGE CLYST HYDON", "comment": "5M U/S BRIDGE CLYST HYDON", "easting": 303626, "northing": 101570, "lat": 50.80564, "long": -3.369084, "notation": "SW-70522683", "area_label": "Devon and Cornwall", "subarea_la": "EAST DEVON AND CORNWALL", "samplingPo": "open", "sampling_1": "FRESHWATER - RIVERS", "CaBA_Partn": "East Devon Catchment Partnership", "CaBA_Websi": "https://catchmentbasedapproach.org/get-involved/east-devon/", "CaBA_ID": 24, "CaBA_Catch": "East Devon", "EA_NE_Area": "Devon Cornwall and the Isles of Scilly", "WFD_RBD": "South West", "EA_WM_Area": "Devon and Cornwall", "X": -3.3763267531799999, "Y": 50.847270363299998, "Shape__Are": 2285053823.8099999, "Shape__Len": 328711.531449, "sampling_2": "FRESHWATER" }, "geometry": { "type": "Point", "coordinates": [ -3.369091, 50.8056425 ] } },
{ "type": "Feature", "properties": { "Join_Count": 1, "TARGET_FID": 17289, "F_id": "http://environment.data.gov.uk/water-quality/id/sampling-point/SW-70515524", "label": "FAIRFIELD HOUSE, DAWLISH", "comment": "FAIRFIELD HOUSE, DAWLISH", "easting": 294750, "northing": 77280, "lat": 50.585736, "long": -3.488079, "notation": "SW-70515524", "area_label": "Devon and Cornwall", "subarea_la": "CENTRAL DEVON AND CORNWALL", "samplingPo": "open", "sampling_1": "SEWAGE DISCHARGES - FINAL/TREATED EFFLUENT - NOT WATER COMPANY", "CaBA_Partn": "East Devon Catchment Partnership", "CaBA_Websi": "https://catchmentbasedapproach.org/get-involved/east-devon/", "CaBA_ID": 24, "CaBA_Catch": "East Devon", "EA_NE_Area": "Devon Cornwall and the Isles of Scilly", "WFD_RBD": "South West", "EA_WM_Area": "Devon and Cornwall", "X": -3.3763267531799999, "Y": 50.847270363299998, "Shape__Are": 2285053823.8099999, "Shape__Len": 328711.531449, "sampling_2": "SEWAGE DISCHARGES - NOT WATER COMPANY" }, "geometry": { "type": "Point", "coordinates": [ -3.4880861, 50.5857374 ] } },
{ "type": "Feature", "properties": { "Join_Count": 1, "TARGET_FID": 17301, "F_id": "http://environment.data.gov.uk/water-quality/id/sampling-point/SW-70590001", "label": "DOWRICH HOUSE   SANDFORD CREDITON", "comment": "DOWRICH HOUSE SANDFORD CREDITON SAMPLED AT A VALVE AT THE HEAD OF THE BOREHOLE", "easting": 282640, "northing": 105230, "lat": 50.834664, "long": -3.667963, "notation": "SW-70590001", "area_label": "Devon and Cornwall", "subarea_la": "EAST DEVON AND CORNWALL", "samplingPo": "open", "sampling_1": "GROUNDWATER - BOREHOLE", "CaBA_Partn": "East Devon Catchment Partnership", "CaBA_Websi": "https://catchmentbasedapproach.org/get-involved/east-devon/", "CaBA_ID": 24, "CaBA_Catch": "East Devon", "EA_NE_Area": "Devon Cornwall and the Isles of Scilly", "WFD_RBD": "South West", "EA_WM_Area": "Devon and Cornwall", "X": -3.3763267531799999, "Y": 50.847270363299998, "Shape__Are": 2285053823.8099999, "Shape__Len": 328711.531449, "sampling_2": "GROUNDWATER" }, "geometry": { "type": "Point", "coordinates": [ -3.6679702, 50.8346662 ] } },
{ "type": "Feature", "properties": { "Join_Count": 1, "TARGET_FID": 17302, "F_id": "http://environment.data.gov.uk/water-quality/id/sampling-point/SW-70510007", "label": "POSTLAKE FARM  CLYST ST MARY   EXETER", "comment": "POSTLAKE FARM CLYST ST MARY EXETER SAMPLED FROM INFLOW INTO CATCHPIT", "easting": 299510, "northing": 88360, "lat": 50.686184, "long": -3.423871, "notation": "SW-70510007", "area_label": "Devon and Cornwall", "subarea_la": "EAST DEVON AND CORNWALL", "samplingPo": "open", "sampling_1": "GROUNDWATER - BOREHOLE", "CaBA_Partn": "East Devon Catchment Partnership", "CaBA_Websi": "https://catchmentbasedapproach.org/get-involved/east-devon/", "CaBA_ID": 24, "CaBA_Catch": "East Devon", "EA_NE_Area": "Devon Cornwall and the Isles of Scilly", "WFD_RBD": "South West", "EA_WM_Area": "Devon and Cornwall", "X": -3.3763267531799999, "Y": 50.847270363299998, "Shape__Are": 2285053823.8099999, "Shape__Len": 328711.531449, "sampling_2": "GROUNDWATER" }, "geometry": { "type": "Point", "coordinates": [ -3.4238778, 50.6861865 ] } },
{ "type": "Feature", "properties": { "Join_Count": 1, "TARGET_FID": 17318, "F_id": "http://environment.data.gov.uk/water-quality/id/sampling-point/SW-70590003", "label": "HILL FARM EAST VILLAGE SHOEBROOK", "comment": "HILL FARM EAST VILLAGE SHOEBROOK CREDITON SPRING SAMPLE FROM PIPE ENTERING RESERVOIR", "easting": 285070, "northing": 104280, "lat": 50.826612, "long": -3.633172, "notation": "SW-70590003", "area_label": "Devon and Cornwall", "subarea_la": "EAST DEVON AND CORNWALL", "samplingPo": "open", "sampling_1": "GROUNDWATER - BOREHOLE", "CaBA_Partn": "East Devon Catchment Partnership", "CaBA_Websi": "https://catchmentbasedapproach.org/get-involved/east-devon/", "CaBA_ID": 24, "CaBA_Catch": "East Devon", "EA_NE_Area": "Devon Cornwall and the Isles of Scilly", "WFD_RBD": "South West", "EA_WM_Area": "Devon and Cornwall", "X": -3.3763267531799999, "Y": 50.847270363299998, "Shape__Are": 2285053823.8099999, "Shape__Len": 328711.531449, "sampling_2": "GROUNDWATER" }, "geometry": { "type": "Point", "coordinates": [ -3.6331794, 50.826615 ] } },
{ "type": "Feature", "properties": { "Join_Count": 1, "TARGET_FID": 17339, "F_id": "http://environment.data.gov.uk/water-quality/id/sampling-point/SW-70530011", "label": "TWO SISTERS PRODUCTS (EX L. MAUNDER)", "comment": "TWO SISTER PRODUCTS, WILLAND (EX LLOYD MAUNDER):SAMPLED FROM TAP OFF PIPEWORK", "easting": 302900, "northing": 111180, "lat": 50.891911, "long": -3.381935, "notation": "SW-70530011", "area_label": "Devon and Cornwall", "subarea_la": "EAST DEVON AND CORNWALL", "samplingPo": "open", "sampling_1": "GROUNDWATER - BOREHOLE", "CaBA_Partn": "East Devon Catchment Partnership", "CaBA_Websi": "https://catchmentbasedapproach.org/get-involved/east-devon/", "CaBA_ID": 24, "CaBA_Catch": "East Devon", "EA_NE_Area": "Devon Cornwall and the Isles of Scilly", "WFD_RBD": "South West", "EA_WM_Area": "Devon and Cornwall", "X": -3.3763267531799999, "Y": 50.847270363299998, "Shape__Are": 2285053823.8099999, "Shape__Len": 328711.531449, "sampling_2": "GROUNDWATER" }, "geometry": { "type": "Point", "coordinates": [ -3.3819422, 50.8919136 ] } },
{ "type": "Feature", "properties": { "Join_Count": 1, "TARGET_FID": 17355, "F_id": "http://environment.data.gov.uk/water-quality/id/sampling-point/SW-70550004", "label": "SOUTHWOOD   TIVERTON", "comment": "SOUTHWOOD TIVERTON SAMPLED FROM HEAD OF BOREHOLE", "easting": 293640, "northing": 109290, "lat": 50.873288, "long": -3.512997, "notation": "SW-70550004", "area_label": "Devon and Cornwall", "subarea_la": "EAST DEVON AND CORNWALL", "samplingPo": "open", "sampling_1": "GROUNDWATER - BOREHOLE", "CaBA_Partn": "East Devon Catchment Partnership", "CaBA_Websi": "https://catchmentbasedapproach.org/get-involved/east-devon/", "CaBA_ID": 24, "CaBA_Catch": "East Devon", "EA_NE_Area": "Devon Cornwall and the Isles of Scilly", "WFD_RBD": "South West", "EA_WM_Area": "Devon and Cornwall", "X": -3.3763267531799999, "Y": 50.847270363299998, "Shape__Are": 2285053823.8099999, "Shape__Len": 328711.531449, "sampling_2": "GROUNDWATER" }, "geometry": { "type": "Point", "coordinates": [ -3.5130038, 50.8732911 ] } },
{ "type": "Feature", "properties": { "Join_Count": 1, "TARGET_FID": 17357, "F_id": "http://environment.data.gov.uk/water-quality/id/sampling-point/SW-70580003", "label": "VENFORD FARM  WEST ANSTEY  DULVERTON", "comment": "VENFORD FARM WEST ANSTEY DULVERTON SAMPLED FROM TAP BY GARAGE", "easting": 286370, "northing": 129370, "lat": 51.052396, "long": -3.622556, "notation": "SW-70580003", "area_label": "Devon and Cornwall", "subarea_la": "EAST DEVON AND CORNWALL", "samplingPo": "open", "sampling_1": "GROUNDWATER - BOREHOLE", "CaBA_Partn": "East Devon Catchment Partnership", "CaBA_Websi": "https://catchmentbasedapproach.org/get-involved/east-devon/", "CaBA_ID": 24, "CaBA_Catch": "East Devon", "EA_NE_Area": "Devon Cornwall and the Isles of Scilly", "WFD_RBD": "South West", "EA_WM_Area": "Devon and Cornwall", "X": -3.3763267531799999, "Y": 50.847270363299998, "Shape__Are": 2285053823.8099999, "Shape__Len": 328711.531449, "sampling_2": "GROUNDWATER" }, "geometry": { "type": "Point", "coordinates": [ -3.6225628, 51.0523992 ] } },
{ "type": "Feature", "properties": { "Join_Count": 1, "TARGET_FID": 17377, "F_id": "http://environment.data.gov.uk/water-quality/id/sampling-point/SW-70513438", "label": "STALLCOMBE HOUSE, WOODBURY SALTERTON", "comment": "STALLCOMBE HOUSE, WOODBURY SALTERTON", "easting": 303780, "northing": 89100, "lat": 50.69356, "long": -3.363637, "notation": "SW-70513438", "area_label": "Devon and Cornwall", "subarea_la": "EAST DEVON AND CORNWALL", "samplingPo": "open", "sampling_1": "SEWAGE DISCHARGES - FINAL/TREATED EFFLUENT - NOT WATER COMPANY", "CaBA_Partn": "East Devon Catchment Partnership", "CaBA_Websi": "https://catchmentbasedapproach.org/get-involved/east-devon/", "CaBA_ID": 24, "CaBA_Catch": "East Devon", "EA_NE_Area": "Devon Cornwall and the Isles of Scilly", "WFD_RBD": "South West", "EA_WM_Area": "Devon and Cornwall", "X": -3.3763267531799999, "Y": 50.847270363299998, "Shape__Are": 2285053823.8099999, "Shape__Len": 328711.531449, "sampling_2": "SEWAGE DISCHARGES - NOT WATER COMPANY" }, "geometry": { "type": "Point", "coordinates": [ -3.3636442, 50.6935619 ] } },
{ "type": "Feature", "properties": { "Join_Count": 1, "TARGET_FID": 17410, "F_id": "http://environment.data.gov.uk/water-quality/id/sampling-point/SW-70530018", "label": "COLLARD HILL FARM  BLACKBOROUGH", "comment": "COLLARD HILL FARM BLACKBOROUGH HEMYOCK. SAMPLED PRIOR TO ENTERING THE RESERVOIR", "easting": 313920, "northing": 111210, "lat": 50.89393, "long": -3.2253, "notation": "SW-70530018", "area_label": "Devon and Cornwall", "subarea_la": "EAST DEVON AND CORNWALL", "samplingPo": "open", "sampling_1": "GROUNDWATER - BOREHOLE", "CaBA_Partn": "East Devon Catchment Partnership", "CaBA_Websi": "https://catchmentbasedapproach.org/get-involved/east-devon/", "CaBA_ID": 24, "CaBA_Catch": "East Devon", "EA_NE_Area": "Devon Cornwall and the Isles of Scilly", "WFD_RBD": "South West", "EA_WM_Area": "Devon and Cornwall", "X": -3.3763267531799999, "Y": 50.847270363299998, "Shape__Are": 2285053823.8099999, "Shape__Len": 328711.531449, "sampling_2": "GROUNDWATER" }, "geometry": { "type": "Point", "coordinates": [ -3.2253072, 50.8939331 ] } },
{ "type": "Feature", "properties": { "Join_Count": 1, "TARGET_FID": 17454, "F_id": "http://environment.data.gov.uk/water-quality/id/sampling-point/SW-70531323", "label": "HEMYOCK STW", "comment": "HEMYOCK STW", "easting": 313540, "northing": 113770, "lat": 50.916889, "long": -3.231309, "notation": "SW-70531323", "area_label": "Devon and Cornwall", "subarea_la": "EAST DEVON AND CORNWALL", "samplingPo": "open", "sampling_1": "SEWAGE DISCHARGES - FINAL/TREATED EFFLUENT - WATER COMPANY", "CaBA_Partn": "East Devon Catchment Partnership", "CaBA_Websi": "https://catchmentbasedapproach.org/get-involved/east-devon/", "CaBA_ID": 24, "CaBA_Catch": "East Devon", "EA_NE_Area": "Devon Cornwall and the Isles of Scilly", "WFD_RBD": "South West", "EA_WM_Area": "Devon and Cornwall", "X": -3.3763267531799999, "Y": 50.847270363299998, "Shape__Are": 2285053823.8099999, "Shape__Len": 328711.531449, "sampling_2": "SEWAGE DISCHARGES - WATER COMPANY" }, "geometry": { "type": "Point", "coordinates": [ -3.2313162, 50.9168914 ] } },
{ "type": "Feature", "properties": { "Join_Count": 1, "TARGET_FID": 17500, "F_id": "http://environment.data.gov.uk/water-quality/id/sampling-point/SW-70523314", "label": "EXETER AIRPORT SAMPLE POINT 2", "comment": "EXETER AIRPORT SAMPLE POINT 2", "easting": 300370, "northing": 93950, "lat": 50.736586, "long": -3.413211, "notation": "SW-70523314", "area_label": "Devon and Cornwall", "subarea_la": "EAST DEVON AND CORNWALL", "samplingPo": "open", "sampling_1": "SEWAGE DISCHARGES - FINAL/TREATED EFFLUENT - NOT WATER COMPANY", "CaBA_Partn": "East Devon Catchment Partnership", "CaBA_Websi": "https://catchmentbasedapproach.org/get-involved/east-devon/", "CaBA_ID": 24, "CaBA_Catch": "East Devon", "EA_NE_Area": "Devon Cornwall and the Isles of Scilly", "WFD_RBD": "South West", "EA_WM_Area": "Devon and Cornwall", "X": -3.3763267531799999, "Y": 50.847270363299998, "Shape__Are": 2285053823.8099999, "Shape__Len": 328711.531449, "sampling_2": "SEWAGE DISCHARGES - NOT WATER COMPANY" }, "geometry": { "type": "Point", "coordinates": [ -3.4132185, 50.7365884 ] } },
{ "type": "Feature", "properties": { "Join_Count": 1, "TARGET_FID": 17502, "F_id": "http://environment.data.gov.uk/water-quality/id/sampling-point/SW-7005GW05", "label": "DEVON VALLEY MILL, HELE", "comment": "DEVON VALLEY MILL, HELE", "easting": 299100, "northing": 102700, "lat": 50.815027, "long": -3.433606, "notation": "SW-7005GW05", "area_label": "Devon and Cornwall", "subarea_la": "EAST DEVON AND CORNWALL", "samplingPo": "open", "sampling_1": "GROUNDWATER - BOREHOLE", "CaBA_Partn": "East Devon Catchment Partnership", "CaBA_Websi": "https://catchmentbasedapproach.org/get-involved/east-devon/", "CaBA_ID": 24, "CaBA_Catch": "East Devon", "EA_NE_Area": "Devon Cornwall and the Isles of Scilly", "WFD_RBD": "South West", "EA_WM_Area": "Devon and Cornwall", "X": -3.3763267531799999, "Y": 50.847270363299998, "Shape__Are": 2285053823.8099999, "Shape__Len": 328711.531449, "sampling_2": "GROUNDWATER" }, "geometry": { "type": "Point", "coordinates": [ -3.4336133, 50.8150294 ] } },
{ "type": "Feature", "properties": { "Join_Count": 1, "TARGET_FID": 17505, "F_id": "http://environment.data.gov.uk/water-quality/id/sampling-point/SW-70557193", "label": "OAKFORD STW FE", "comment": "OAKFORD S T W - EFFLUENT", "easting": 291100, "northing": 121400, "lat": 50.981672, "long": -3.552703, "notation": "SW-70557193", "area_label": "Devon and Cornwall", "subarea_la": "EAST DEVON AND CORNWALL", "samplingPo": "open", "sampling_1": "SEWAGE DISCHARGES - FINAL/TREATED EFFLUENT - WATER COMPANY", "CaBA_Partn": "East Devon Catchment Partnership", "CaBA_Websi": "https://catchmentbasedapproach.org/get-involved/east-devon/", "CaBA_ID": 24, "CaBA_Catch": "East Devon", "EA_NE_Area": "Devon Cornwall and the Isles of Scilly", "WFD_RBD": "South West", "EA_WM_Area": "Devon and Cornwall", "X": -3.3763267531799999, "Y": 50.847270363299998, "Shape__Are": 2285053823.8099999, "Shape__Len": 328711.531449, "sampling_2": "SEWAGE DISCHARGES - WATER COMPANY" }, "geometry": { "type": "Point", "coordinates": [ -3.5527105, 50.981675 ] } },
{ "type": "Feature", "properties": { "Join_Count": 1, "TARGET_FID": 17553, "F_id": "http://environment.data.gov.uk/water-quality/id/sampling-point/SW-70561173", "label": "MOREBATH STW FE", "comment": "MOREBATH S T W - EFFLUENT", "easting": 295300, "northing": 124800, "lat": 51.013015, "long": -3.493876, "notation": "SW-70561173", "area_label": "Devon and Cornwall", "subarea_la": "EAST DEVON AND CORNWALL", "samplingPo": "open", "sampling_1": "SEWAGE DISCHARGES - FINAL/TREATED EFFLUENT - WATER COMPANY", "CaBA_Partn": "East Devon Catchment Partnership", "CaBA_Websi": "https://catchmentbasedapproach.org/get-involved/east-devon/", "CaBA_ID": 24, "CaBA_Catch": "East Devon", "EA_NE_Area": "Devon Cornwall and the Isles of Scilly", "WFD_RBD": "South West", "EA_WM_Area": "Devon and Cornwall", "X": -3.3763267531799999, "Y": 50.847270363299998, "Shape__Are": 2285053823.8099999, "Shape__Len": 328711.531449, "sampling_2": "SEWAGE DISCHARGES - WATER COMPANY" }, "geometry": { "type": "Point", "coordinates": [ -3.4938829, 51.0130182 ] } },
{ "type": "Feature", "properties": { "Join_Count": 1, "TARGET_FID": 17556, "F_id": "http://environment.data.gov.uk/water-quality/id/sampling-point/SW-7045GW07", "label": "COPHOLE FARM SPRING", "comment": "COPHOLE FARM SPRING", "easting": 298690, "northing": 132430, "lat": 51.082211, "long": -3.447705, "notation": "SW-7045GW07", "area_label": "Devon and Cornwall", "subarea_la": "EAST DEVON AND CORNWALL", "samplingPo": "open", "sampling_1": "GROUNDWATER - SPRING", "CaBA_Partn": "East Devon Catchment Partnership", "CaBA_Websi": "https://catchmentbasedapproach.org/get-involved/east-devon/", "CaBA_ID": 24, "CaBA_Catch": "East Devon", "EA_NE_Area": "Devon Cornwall and the Isles of Scilly", "WFD_RBD": "South West", "EA_WM_Area": "Devon and Cornwall", "X": -3.3763267531799999, "Y": 50.847270363299998, "Shape__Are": 2285053823.8099999, "Shape__Len": 328711.531449, "sampling_2": "GROUNDWATER" }, "geometry": { "type": "Point", "coordinates": [ -3.4477122, 51.0822143 ] } },
{ "type": "Feature", "properties": { "Join_Count": 1, "TARGET_FID": 17557, "F_id": "http://environment.data.gov.uk/water-quality/id/sampling-point/SW-7045GW09", "label": "BRIDGE FARM BOREHOLE", "comment": "BRIDGE FARM BOREHOLE", "easting": 294190, "northing": 97210, "lat": 50.764798, "long": -3.501695, "notation": "SW-7045GW09", "area_label": "Devon and Cornwall", "subarea_la": "EAST DEVON AND CORNWALL", "samplingPo": "open", "sampling_1": "GROUNDWATER - BOREHOLE", "CaBA_Partn": "East Devon Catchment Partnership", "CaBA_Websi": "https://catchmentbasedapproach.org/get-involved/east-devon/", "CaBA_ID": 24, "CaBA_Catch": "East Devon", "EA_NE_Area": "Devon Cornwall and the Isles of Scilly", "WFD_RBD": "South West", "EA_WM_Area": "Devon and Cornwall", "X": -3.3763267531799999, "Y": 50.847270363299998, "Shape__Are": 2285053823.8099999, "Shape__Len": 328711.531449, "sampling_2": "GROUNDWATER" }, "geometry": { "type": "Point", "coordinates": [ -3.5017017, 50.7648 ] } },
{ "type": "Feature", "properties": { "Join_Count": 1, "TARGET_FID": 17619, "F_id": "http://environment.data.gov.uk/water-quality/id/sampling-point/SW-70581015", "label": "BRUSHFORD STW", "comment": "BRUSHFORD STW", "easting": 292620, "northing": 125900, "lat": 51.022408, "long": -3.532391, "notation": "SW-70581015", "area_label": "Devon and Cornwall", "subarea_la": "EAST DEVON AND CORNWALL", "samplingPo": "open", "sampling_1": "SEWAGE DISCHARGES - FINAL/TREATED EFFLUENT - WATER COMPANY", "CaBA_Partn": "East Devon Catchment Partnership", "CaBA_Websi": "https://catchmentbasedapproach.org/get-involved/east-devon/", "CaBA_ID": 24, "CaBA_Catch": "East Devon", "EA_NE_Area": "Devon Cornwall and the Isles of Scilly", "WFD_RBD": "South West", "EA_WM_Area": "Devon and Cornwall", "X": -3.3763267531799999, "Y": 50.847270363299998, "Shape__Are": 2285053823.8099999, "Shape__Len": 328711.531449, "sampling_2": "SEWAGE DISCHARGES - WATER COMPANY" }, "geometry": { "type": "Point", "coordinates": [ -3.5323981, 51.0224114 ] } },
{ "type": "Feature", "properties": { "Join_Count": 1, "TARGET_FID": 17623, "F_id": "http://environment.data.gov.uk/water-quality/id/sampling-point/SW-70523151", "label": "UNITS 1 & 2 AT EXETER INT. OFFICE PARK", "comment": "UNITS 1 & 2 AT EXETER INTERNATIONAL OFFICE PARK", "easting": 300370, "northing": 93080, "lat": 50.728765, "long": -3.412976, "notation": "SW-70523151", "area_label": "Devon and Cornwall", "subarea_la": "EAST DEVON AND CORNWALL", "samplingPo": "open", "sampling_1": "SEWAGE DISCHARGES - FINAL/TREATED EFFLUENT - NOT WATER COMPANY", "CaBA_Partn": "East Devon Catchment Partnership", "CaBA_Websi": "https://catchmentbasedapproach.org/get-involved/east-devon/", "CaBA_ID": 24, "CaBA_Catch": "East Devon", "EA_NE_Area": "Devon Cornwall and the Isles of Scilly", "WFD_RBD": "South West", "EA_WM_Area": "Devon and Cornwall", "X": -3.3763267531799999, "Y": 50.847270363299998, "Shape__Are": 2285053823.8099999, "Shape__Len": 328711.531449, "sampling_2": "SEWAGE DISCHARGES - NOT WATER COMPANY" }, "geometry": { "type": "Point", "coordinates": [ -3.4129831, 50.7287672 ] } },
{ "type": "Feature", "properties": { "Join_Count": 1, "TARGET_FID": 17627, "F_id": "http://environment.data.gov.uk/water-quality/id/sampling-point/SW-7045GW16", "label": "COLES CROSS FARM", "comment": "COLES CROSS FARM", "easting": 278763, "northing": 133656, "lat": 51.089361, "long": -3.732473, "notation": "SW-7045GW16", "area_label": "Devon and Cornwall", "subarea_la": "EAST DEVON AND CORNWALL", "samplingPo": "open", "sampling_1": "GROUNDWATER - BOREHOLE", "CaBA_Partn": "East Devon Catchment Partnership", "CaBA_Websi": "https://catchmentbasedapproach.org/get-involved/east-devon/", "CaBA_ID": 24, "CaBA_Catch": "East Devon", "EA_NE_Area": "Devon Cornwall and the Isles of Scilly", "WFD_RBD": "South West", "EA_WM_Area": "Devon and Cornwall", "X": -3.3763267531799999, "Y": 50.847270363299998, "Shape__Are": 2285053823.8099999, "Shape__Len": 328711.531449, "sampling_2": "GROUNDWATER" }, "geometry": { "type": "Point", "coordinates": [ -3.7324806, 51.089365 ] } },
{ "type": "Feature", "properties": { "Join_Count": 1, "TARGET_FID": 17628, "F_id": "http://environment.data.gov.uk/water-quality/id/sampling-point/SW-70524030", "label": "PADDOCK IN DOMESTIC DWELLINGS", "comment": "11 DOMESTIC DWELLINGS AT THE PADDOCK INN, WHIMPLE", "easting": 304830, "northing": 96020, "lat": 50.755945, "long": -3.350564, "notation": "SW-70524030", "area_label": "Devon and Cornwall", "subarea_la": "EAST DEVON AND CORNWALL", "samplingPo": "open", "sampling_1": "SEWAGE DISCHARGES - FINAL/TREATED EFFLUENT - NOT WATER COMPANY", "CaBA_Partn": "East Devon Catchment Partnership", "CaBA_Websi": "https://catchmentbasedapproach.org/get-involved/east-devon/", "CaBA_ID": 24, "CaBA_Catch": "East Devon", "EA_NE_Area": "Devon Cornwall and the Isles of Scilly", "WFD_RBD": "South West", "EA_WM_Area": "Devon and Cornwall", "X": -3.3763267531799999, "Y": 50.847270363299998, "Shape__Are": 2285053823.8099999, "Shape__Len": 328711.531449, "sampling_2": "SEWAGE DISCHARGES - NOT WATER COMPANY" }, "geometry": { "type": "Point", "coordinates": [ -3.3505707, 50.7559468 ] } },
{ "type": "Feature", "properties": { "Join_Count": 1, "TARGET_FID": 17632, "F_id": "http://environment.data.gov.uk/water-quality/id/sampling-point/SW-70581040", "label": "DULVERTON SEWAGE TREATMENT WORKS", "comment": "DULVERTON SEWAGE TREATMENT WORKS", "easting": 291680, "northing": 127180, "lat": 51.033737, "long": -3.546171, "notation": "SW-70581040", "area_label": "Devon and Cornwall", "subarea_la": "EAST DEVON AND CORNWALL", "samplingPo": "open", "sampling_1": "SEWAGE DISCHARGES - FINAL/TREATED EFFLUENT - WATER COMPANY", "CaBA_Partn": "East Devon Catchment Partnership", "CaBA_Websi": "https://catchmentbasedapproach.org/get-involved/east-devon/", "CaBA_ID": 24, "CaBA_Catch": "East Devon", "EA_NE_Area": "Devon Cornwall and the Isles of Scilly", "WFD_RBD": "South West", "EA_WM_Area": "Devon and Cornwall", "X": -3.3763267531799999, "Y": 50.847270363299998, "Shape__Are": 2285053823.8099999, "Shape__Len": 328711.531449, "sampling_2": "SEWAGE DISCHARGES - WATER COMPANY" }, "geometry": { "type": "Point", "coordinates": [ -3.5461784, 51.0337407 ] } },
{ "type": "Feature", "properties": { "Join_Count": 1, "TARGET_FID": 17714, "F_id": "http://environment.data.gov.uk/water-quality/id/sampling-point/SW-7055GW01", "label": "EXE VALLEY LEISURE CENTRE", "comment": "EXE VALLEY LEISURE CENTRE", "easting": 295490, "northing": 113340, "lat": 50.910033, "long": -3.487873, "notation": "SW-7055GW01", "area_label": "Devon and Cornwall", "subarea_la": "EAST DEVON AND CORNWALL", "samplingPo": "open", "sampling_1": "GROUNDWATER - BOREHOLE", "CaBA_Partn": "East Devon Catchment Partnership", "CaBA_Websi": "https://catchmentbasedapproach.org/get-involved/east-devon/", "CaBA_ID": 24, "CaBA_Catch": "East Devon", "EA_NE_Area": "Devon Cornwall and the Isles of Scilly", "WFD_RBD": "South West", "EA_WM_Area": "Devon and Cornwall", "X": -3.3763267531799999, "Y": 50.847270363299998, "Shape__Are": 2285053823.8099999, "Shape__Len": 328711.531449, "sampling_2": "GROUNDWATER" }, "geometry": { "type": "Point", "coordinates": [ -3.4878802, 50.9100359 ] } },
{ "type": "Feature", "properties": { "Join_Count": 1, "TARGET_FID": 17718, "F_id": "http://environment.data.gov.uk/water-quality/id/sampling-point/SW-7005GW08", "label": "NORTH HOLLOCOMBE FARM", "comment": "NORTH HOLLOCOMBE FARM, CREDITON", "easting": 279800, "northing": 101100, "lat": 50.796958, "long": -3.70692, "notation": "SW-7005GW08", "area_label": "Devon and Cornwall", "subarea_la": "EAST DEVON AND CORNWALL", "samplingPo": "open", "sampling_1": "GROUNDWATER - WELLS & ADITS", "CaBA_Partn": "East Devon Catchment Partnership", "CaBA_Websi": "https://catchmentbasedapproach.org/get-involved/east-devon/", "CaBA_ID": 24, "CaBA_Catch": "East Devon", "EA_NE_Area": "Devon Cornwall and the Isles of Scilly", "WFD_RBD": "South West", "EA_WM_Area": "Devon and Cornwall", "X": -3.3763267531799999, "Y": 50.847270363299998, "Shape__Are": 2285053823.8099999, "Shape__Len": 328711.531449, "sampling_2": "GROUNDWATER" }, "geometry": { "type": "Point", "coordinates": [ -3.7069272, 50.7969602 ] } },
{ "type": "Feature", "properties": { "Join_Count": 1, "TARGET_FID": 17721, "F_id": "http://environment.data.gov.uk/water-quality/id/sampling-point/SW-7053GW04", "label": "ORWAY PORCH FARM", "comment": "ORWAY PORCH FARM", "easting": 307880, "northing": 107300, "lat": 50.857846, "long": -3.310171, "notation": "SW-7053GW04", "area_label": "Devon and Cornwall", "subarea_la": "EAST DEVON AND CORNWALL", "samplingPo": "open", "sampling_1": "GROUNDWATER - BOREHOLE", "CaBA_Partn": "East Devon Catchment Partnership", "CaBA_Websi": "https://catchmentbasedapproach.org/get-involved/east-devon/", "CaBA_ID": 24, "CaBA_Catch": "East Devon", "EA_NE_Area": "Devon Cornwall and the Isles of Scilly", "WFD_RBD": "South West", "EA_WM_Area": "Devon and Cornwall", "X": -3.3763267531799999, "Y": 50.847270363299998, "Shape__Are": 2285053823.8099999, "Shape__Len": 328711.531449, "sampling_2": "GROUNDWATER" }, "geometry": { "type": "Point", "coordinates": [ -3.310178, 50.8578489 ] } },
{ "type": "Feature", "properties": { "Join_Count": 1, "TARGET_FID": 17723, "F_id": "http://environment.data.gov.uk/water-quality/id/sampling-point/SW-7053GW03", "label": "PIRZWELL HATCHERY, KENTISBEARE", "comment": "PIRZWELL HATCHERY, KENTISBEARE", "easting": 306880, "northing": 109670, "lat": 50.878992, "long": -3.324979, "notation": "SW-7053GW03", "area_label": "Devon and Cornwall", "subarea_la": "EAST DEVON AND CORNWALL", "samplingPo": "open", "sampling_1": "GROUNDWATER - BOREHOLE", "CaBA_Partn": "East Devon Catchment Partnership", "CaBA_Websi": "https://catchmentbasedapproach.org/get-involved/east-devon/", "CaBA_ID": 24, "CaBA_Catch": "East Devon", "EA_NE_Area": "Devon Cornwall and the Isles of Scilly", "WFD_RBD": "South West", "EA_WM_Area": "Devon and Cornwall", "X": -3.3763267531799999, "Y": 50.847270363299998, "Shape__Are": 2285053823.8099999, "Shape__Len": 328711.531449, "sampling_2": "GROUNDWATER" }, "geometry": { "type": "Point", "coordinates": [ -3.3249857, 50.8789949 ] } },
{ "type": "Feature", "properties": { "Join_Count": 1, "TARGET_FID": 17726, "F_id": "http://environment.data.gov.uk/water-quality/id/sampling-point/SW-7053GW02", "label": "RUSSELLS FARM TAPPED SPRING", "comment": "RUSSELLS FARM TAPPED SPRING", "easting": 299800, "northing": 108700, "lat": 50.869086, "long": -3.425316, "notation": "SW-7053GW02", "area_label": "Devon and Cornwall", "subarea_la": "EAST DEVON AND CORNWALL", "samplingPo": "open", "sampling_1": "GROUNDWATER - SPRING", "CaBA_Partn": "East Devon Catchment Partnership", "CaBA_Websi": "https://catchmentbasedapproach.org/get-involved/east-devon/", "CaBA_ID": 24, "CaBA_Catch": "East Devon", "EA_NE_Area": "Devon Cornwall and the Isles of Scilly", "WFD_RBD": "South West", "EA_WM_Area": "Devon and Cornwall", "X": -3.3763267531799999, "Y": 50.847270363299998, "Shape__Are": 2285053823.8099999, "Shape__Len": 328711.531449, "sampling_2": "GROUNDWATER" }, "geometry": { "type": "Point", "coordinates": [ -3.4253232, 50.8690893 ] } },
{ "type": "Feature", "properties": { "Join_Count": 1, "TARGET_FID": 17729, "F_id": "http://environment.data.gov.uk/water-quality/id/sampling-point/SW-7053GW01", "label": "COOMBE FARM TAPPED SPRING", "comment": "COOMBE FARM TAPPED SPRING", "easting": 299500, "northing": 106700, "lat": 50.851055, "long": -3.429028, "notation": "SW-7053GW01", "area_label": "Devon and Cornwall", "subarea_la": "EAST DEVON AND CORNWALL", "samplingPo": "open", "sampling_1": "GROUNDWATER - SPRING", "CaBA_Partn": "East Devon Catchment Partnership", "CaBA_Websi": "https://catchmentbasedapproach.org/get-involved/east-devon/", "CaBA_ID": 24, "CaBA_Catch": "East Devon", "EA_NE_Area": "Devon Cornwall and the Isles of Scilly", "WFD_RBD": "South West", "EA_WM_Area": "Devon and Cornwall", "X": -3.3763267531799999, "Y": 50.847270363299998, "Shape__Are": 2285053823.8099999, "Shape__Len": 328711.531449, "sampling_2": "GROUNDWATER" }, "geometry": { "type": "Point", "coordinates": [ -3.4290353, 50.8510578 ] } },
{ "type": "Feature", "properties": { "Join_Count": 1, "TARGET_FID": 17730, "F_id": "http://environment.data.gov.uk/water-quality/id/sampling-point/SW-7053GW05", "label": "AXON FARM", "comment": "AXON FARM", "easting": 308780, "northing": 115650, "lat": 50.933056, "long": -3.299476, "notation": "SW-7053GW05", "area_label": "Devon and Cornwall", "subarea_la": "EAST DEVON AND CORNWALL", "samplingPo": "open", "sampling_1": "GROUNDWATER - BOREHOLE", "CaBA_Partn": "East Devon Catchment Partnership", "CaBA_Websi": "https://catchmentbasedapproach.org/get-involved/east-devon/", "CaBA_ID": 24, "CaBA_Catch": "East Devon", "EA_NE_Area": "Devon Cornwall and the Isles of Scilly", "WFD_RBD": "South West", "EA_WM_Area": "Devon and Cornwall", "X": -3.3763267531799999, "Y": 50.847270363299998, "Shape__Are": 2285053823.8099999, "Shape__Len": 328711.531449, "sampling_2": "GROUNDWATER" }, "geometry": { "type": "Point", "coordinates": [ -3.2994828, 50.933059 ] } },
{ "type": "Feature", "properties": { "Join_Count": 1, "TARGET_FID": 17743, "F_id": "http://environment.data.gov.uk/water-quality/id/sampling-point/SW-70551820", "label": "UPLOWMAN SEWAGE TREATMENT WORKS", "comment": "UPLOWMAN SEWAGE TREATMENT WORKS", "easting": 301395, "northing": 115430, "lat": 50.929861, "long": -3.404476, "notation": "SW-70551820", "area_label": "Devon and Cornwall", "subarea_la": "EAST DEVON AND CORNWALL", "samplingPo": "open", "sampling_1": "SEWAGE DISCHARGES - FINAL/TREATED EFFLUENT - WATER COMPANY", "CaBA_Partn": "East Devon Catchment Partnership", "CaBA_Websi": "https://catchmentbasedapproach.org/get-involved/east-devon/", "CaBA_ID": 24, "CaBA_Catch": "East Devon", "EA_NE_Area": "Devon Cornwall and the Isles of Scilly", "WFD_RBD": "South West", "EA_WM_Area": "Devon and Cornwall", "X": -3.3763267531799999, "Y": 50.847270363299998, "Shape__Are": 2285053823.8099999, "Shape__Len": 328711.531449, "sampling_2": "SEWAGE DISCHARGES - WATER COMPANY" }, "geometry": { "type": "Point", "coordinates": [ -3.4044833, 50.9298645 ] } },
{ "type": "Feature", "properties": { "Join_Count": 1, "TARGET_FID": 17762, "F_id": "http://environment.data.gov.uk/water-quality/id/sampling-point/SW-70540006", "label": "THE RUFFWELL INN, THORVERTON", "comment": "THE RUFFWELL INN, THORVERTON", "easting": 294430, "northing": 101710, "lat": 50.805294, "long": -3.499587, "notation": "SW-70540006", "area_label": "Devon and Cornwall", "subarea_la": "EAST DEVON AND CORNWALL", "samplingPo": "open", "sampling_1": "SEWAGE DISCHARGES - FINAL/TREATED EFFLUENT - NOT WATER COMPANY", "CaBA_Partn": "East Devon Catchment Partnership", "CaBA_Websi": "https://catchmentbasedapproach.org/get-involved/east-devon/", "CaBA_ID": 24, "CaBA_Catch": "East Devon", "EA_NE_Area": "Devon Cornwall and the Isles of Scilly", "WFD_RBD": "South West", "EA_WM_Area": "Devon and Cornwall", "X": -3.3763267531799999, "Y": 50.847270363299998, "Shape__Are": 2285053823.8099999, "Shape__Len": 328711.531449, "sampling_2": "SEWAGE DISCHARGES - NOT WATER COMPANY" }, "geometry": { "type": "Point", "coordinates": [ -3.4995938, 50.8052965 ] } },
{ "type": "Feature", "properties": { "Join_Count": 1, "TARGET_FID": 17763, "F_id": "http://environment.data.gov.uk/water-quality/id/sampling-point/SW-70591240", "label": "SHUTE STW", "comment": "SHUTE STW", "easting": 289480, "northing": 100050, "lat": 50.789448, "long": -3.569308, "notation": "SW-70591240", "area_label": "Devon and Cornwall", "subarea_la": "EAST DEVON AND CORNWALL", "samplingPo": "open", "sampling_1": "SEWAGE DISCHARGES - FINAL/TREATED EFFLUENT - WATER COMPANY", "CaBA_Partn": "East Devon Catchment Partnership", "CaBA_Websi": "https://catchmentbasedapproach.org/get-involved/east-devon/", "CaBA_ID": 24, "CaBA_Catch": "East Devon", "EA_NE_Area": "Devon Cornwall and the Isles of Scilly", "WFD_RBD": "South West", "EA_WM_Area": "Devon and Cornwall", "X": -3.3763267531799999, "Y": 50.847270363299998, "Shape__Are": 2285053823.8099999, "Shape__Len": 328711.531449, "sampling_2": "SEWAGE DISCHARGES - WATER COMPANY" }, "geometry": { "type": "Point", "coordinates": [ -3.5693155, 50.7894504 ] } },
{ "type": "Feature", "properties": { "Join_Count": 1, "TARGET_FID": 17783, "F_id": "http://environment.data.gov.uk/water-quality/id/sampling-point/SW-70524050", "label": "WILLOW VIEW RESIDENTIAL PARK, WHIMPLE", "comment": "WILLOW VIEW RESIDENTIAL PARK, WHIMPLE", "easting": 305080, "northing": 95900, "lat": 50.754907, "long": -3.346989, "notation": "SW-70524050", "area_label": "Devon and Cornwall", "subarea_la": "EAST DEVON AND CORNWALL", "samplingPo": "open", "sampling_1": "SEWAGE DISCHARGES - FINAL/TREATED EFFLUENT - NOT WATER COMPANY", "CaBA_Partn": "East Devon Catchment Partnership", "CaBA_Websi": "https://catchmentbasedapproach.org/get-involved/east-devon/", "CaBA_ID": 24, "CaBA_Catch": "East Devon", "EA_NE_Area": "Devon Cornwall and the Isles of Scilly", "WFD_RBD": "South West", "EA_WM_Area": "Devon and Cornwall", "X": -3.3763267531799999, "Y": 50.847270363299998, "Shape__Are": 2285053823.8099999, "Shape__Len": 328711.531449, "sampling_2": "SEWAGE DISCHARGES - NOT WATER COMPANY" }, "geometry": { "type": "Point", "coordinates": [ -3.3469965, 50.754909 ] } },
{ "type": "Feature", "properties": { "Join_Count": 1, "TARGET_FID": 17792, "F_id": "http://environment.data.gov.uk/water-quality/id/sampling-point/SW-70533638", "label": "GOODIFORD MILL FISH FARM OUTLET", "comment": "GOODIFORD MILL FISH FARM OUTLET", "easting": 305690, "northing": 108390, "lat": 50.867292, "long": -3.341558, "notation": "SW-70533638", "area_label": "Devon and Cornwall", "subarea_la": "EAST DEVON AND CORNWALL", "samplingPo": "open", "sampling_1": "AGRICULTURE - FISH FARMING - WATER COMPANY", "CaBA_Partn": "East Devon Catchment Partnership", "CaBA_Websi": "https://catchmentbasedapproach.org/get-involved/east-devon/", "CaBA_ID": 24, "CaBA_Catch": "East Devon", "EA_NE_Area": "Devon Cornwall and the Isles of Scilly", "WFD_RBD": "South West", "EA_WM_Area": "Devon and Cornwall", "X": -3.3763267531799999, "Y": 50.847270363299998, "Shape__Are": 2285053823.8099999, "Shape__Len": 328711.531449, "sampling_2": "AGRICULTURE" }, "geometry": { "type": "Point", "coordinates": [ -3.341565, 50.8672945 ] } },
{ "type": "Feature", "properties": { "Join_Count": 1, "TARGET_FID": 17796, "F_id": "http://environment.data.gov.uk/water-quality/id/sampling-point/SW-70533639", "label": "GOODIFORD MILL FF INLET", "comment": "GOODIFORD MILL FISH FARM INLET", "easting": 305810, "northing": 108310, "lat": 50.866592, "long": -3.339833, "notation": "SW-70533639", "area_label": "Devon and Cornwall", "subarea_la": "EAST DEVON AND CORNWALL", "samplingPo": "open", "sampling_1": "FRESHWATER - COMPARATIVE INLET POINTS", "CaBA_Partn": "East Devon Catchment Partnership", "CaBA_Websi": "https://catchmentbasedapproach.org/get-involved/east-devon/", "CaBA_ID": 24, "CaBA_Catch": "East Devon", "EA_NE_Area": "Devon Cornwall and the Isles of Scilly", "WFD_RBD": "South West", "EA_WM_Area": "Devon and Cornwall", "X": -3.3763267531799999, "Y": 50.847270363299998, "Shape__Are": 2285053823.8099999, "Shape__Len": 328711.531449, "sampling_2": "FRESHWATER" }, "geometry": { "type": "Point", "coordinates": [ -3.3398397, 50.8665949 ] } },
{ "type": "Feature", "properties": { "Join_Count": 1, "TARGET_FID": 17800, "F_id": "http://environment.data.gov.uk/water-quality/id/sampling-point/SW-70512980", "label": "NEWLANDS PARK", "comment": "NEWLANDS PARK", "easting": 304360, "northing": 90170, "lat": 50.703275, "long": -3.355705, "notation": "SW-70512980", "area_label": "Devon and Cornwall", "subarea_la": "EAST DEVON AND CORNWALL", "samplingPo": "open", "sampling_1": "SEWAGE DISCHARGES - FINAL/TREATED EFFLUENT - NOT WATER COMPANY", "CaBA_Partn": "East Devon Catchment Partnership", "CaBA_Websi": "https://catchmentbasedapproach.org/get-involved/east-devon/", "CaBA_ID": 24, "CaBA_Catch": "East Devon", "EA_NE_Area": "Devon Cornwall and the Isles of Scilly", "WFD_RBD": "South West", "EA_WM_Area": "Devon and Cornwall", "X": -3.3763267531799999, "Y": 50.847270363299998, "Shape__Are": 2285053823.8099999, "Shape__Len": 328711.531449, "sampling_2": "SEWAGE DISCHARGES - NOT WATER COMPANY" }, "geometry": { "type": "Point", "coordinates": [ -3.3557125, 50.7032772 ] } },
{ "type": "Feature", "properties": { "Join_Count": 1, "TARGET_FID": 17822, "F_id": "http://environment.data.gov.uk/water-quality/id/sampling-point/SW-70514620", "label": "MINCINGLAKE AT CALTHORPE ROAD", "comment": "MINCINGLAKE AT CALTHORPE ROAD", "easting": 294052, "northing": 94022, "lat": 50.736114, "long": -3.502732, "notation": "SW-70514620", "area_label": "Devon and Cornwall", "subarea_la": "EAST DEVON AND CORNWALL", "samplingPo": "open", "sampling_1": "FRESHWATER - RIVERS", "CaBA_Partn": "East Devon Catchment Partnership", "CaBA_Websi": "https://catchmentbasedapproach.org/get-involved/east-devon/", "CaBA_ID": 24, "CaBA_Catch": "East Devon", "EA_NE_Area": "Devon Cornwall and the Isles of Scilly", "WFD_RBD": "South West", "EA_WM_Area": "Devon and Cornwall", "X": -3.3763267531799999, "Y": 50.847270363299998, "Shape__Are": 2285053823.8099999, "Shape__Len": 328711.531449, "sampling_2": "FRESHWATER" }, "geometry": { "type": "Point", "coordinates": [ -3.5027395, 50.7361162 ] } },
{ "type": "Feature", "properties": { "Join_Count": 1, "TARGET_FID": 17835, "F_id": "http://environment.data.gov.uk/water-quality/id/sampling-point/SW-70570178", "label": "WINSFORD SEWAGE TREATMENT WORKS", "comment": "WINSFORD SEWAGE TREATMENT WORKS", "easting": 291100, "northing": 134630, "lat": 51.100594, "long": -3.556685, "notation": "SW-70570178", "area_label": "Devon and Cornwall", "subarea_la": "EAST DEVON AND CORNWALL", "samplingPo": "open", "sampling_1": "SEWAGE DISCHARGES - FINAL/TREATED EFFLUENT - WATER COMPANY", "CaBA_Partn": "East Devon Catchment Partnership", "CaBA_Websi": "https://catchmentbasedapproach.org/get-involved/east-devon/", "CaBA_ID": 24, "CaBA_Catch": "East Devon", "EA_NE_Area": "Devon Cornwall and the Isles of Scilly", "WFD_RBD": "South West", "EA_WM_Area": "Devon and Cornwall", "X": -3.3763267531799999, "Y": 50.847270363299998, "Shape__Are": 2285053823.8099999, "Shape__Len": 328711.531449, "sampling_2": "SEWAGE DISCHARGES - WATER COMPANY" }, "geometry": { "type": "Point", "coordinates": [ -3.5566923, 51.1005976 ] } },
{ "type": "Feature", "properties": { "Join_Count": 1, "TARGET_FID": 17867, "F_id": "http://environment.data.gov.uk/water-quality/id/sampling-point/SW-70530025", "label": "WESTLEIGH QUARRY - NEW OUTLET", "comment": "WESTLEIGH QUARRY - NEW OUTLET", "easting": 305830, "northing": 117690, "lat": 50.95092, "long": -3.341972, "notation": "SW-70530025", "area_label": "Devon and Cornwall", "subarea_la": "EAST DEVON AND CORNWALL", "samplingPo": "open", "sampling_1": "TRADE DISCHARGES - MINERAL WORKINGS", "CaBA_Partn": "East Devon Catchment Partnership", "CaBA_Websi": "https://catchmentbasedapproach.org/get-involved/east-devon/", "CaBA_ID": 24, "CaBA_Catch": "East Devon", "EA_NE_Area": "Devon Cornwall and the Isles of Scilly", "WFD_RBD": "South West", "EA_WM_Area": "Devon and Cornwall", "X": -3.3763267531799999, "Y": 50.847270363299998, "Shape__Are": 2285053823.8099999, "Shape__Len": 328711.531449, "sampling_2": "TRADE DISCHARGES" }, "geometry": { "type": "Point", "coordinates": [ -3.3419788, 50.9509236 ] } },
{ "type": "Feature", "properties": { "Join_Count": 1, "TARGET_FID": 17869, "F_id": "http://environment.data.gov.uk/water-quality/id/sampling-point/SW-70530026", "label": "LOWER WOODBEARE FARM", "comment": "LOWER WOODBEARE FARM", "easting": 305900, "northing": 104600, "lat": 50.833254, "long": -3.337599, "notation": "SW-70530026", "area_label": "Devon and Cornwall", "subarea_la": "EAST DEVON AND CORNWALL", "samplingPo": "open", "sampling_1": "GROUNDWATER - BOREHOLE", "CaBA_Partn": "East Devon Catchment Partnership", "CaBA_Websi": "https://catchmentbasedapproach.org/get-involved/east-devon/", "CaBA_ID": 24, "CaBA_Catch": "East Devon", "EA_NE_Area": "Devon Cornwall and the Isles of Scilly", "WFD_RBD": "South West", "EA_WM_Area": "Devon and Cornwall", "X": -3.3763267531799999, "Y": 50.847270363299998, "Shape__Are": 2285053823.8099999, "Shape__Len": 328711.531449, "sampling_2": "GROUNDWATER" }, "geometry": { "type": "Point", "coordinates": [ -3.3376065, 50.8332566 ] } },
{ "type": "Feature", "properties": { "Join_Count": 1, "TARGET_FID": 17870, "F_id": "http://environment.data.gov.uk/water-quality/id/sampling-point/SW-70531683", "label": "SAMPFORD PEVERELL STW FE", "comment": "SAMPFORD PEVERELL S T W - EFFLUENT", "easting": 303691, "northing": 113710, "lat": 50.914788, "long": -3.37136, "notation": "SW-70531683", "area_label": "Devon and Cornwall", "subarea_la": "EAST DEVON AND CORNWALL", "samplingPo": "open", "sampling_1": "SEWAGE DISCHARGES - FINAL/TREATED EFFLUENT - WATER COMPANY", "CaBA_Partn": "East Devon Catchment Partnership", "CaBA_Websi": "https://catchmentbasedapproach.org/get-involved/east-devon/", "CaBA_ID": 24, "CaBA_Catch": "East Devon", "EA_NE_Area": "Devon Cornwall and the Isles of Scilly", "WFD_RBD": "South West", "EA_WM_Area": "Devon and Cornwall", "X": -3.3763267531799999, "Y": 50.847270363299998, "Shape__Are": 2285053823.8099999, "Shape__Len": 328711.531449, "sampling_2": "SEWAGE DISCHARGES - WATER COMPANY" }, "geometry": { "type": "Point", "coordinates": [ -3.3713675, 50.9147904 ] } },
{ "type": "Feature", "properties": { "Join_Count": 1, "TARGET_FID": 17875, "F_id": "http://environment.data.gov.uk/water-quality/id/sampling-point/SW-70550014", "label": "ABBOTSHOOD FARM, GREENWAY", "comment": "ABBOTSHOOD FARM, GREENWAY", "easting": 300700, "northing": 113300, "lat": 50.910594, "long": -3.413782, "notation": "SW-70550014", "area_label": "Devon and Cornwall", "subarea_la": "EAST DEVON AND CORNWALL", "samplingPo": "open", "sampling_1": "GROUNDWATER - BOREHOLE", "CaBA_Partn": "East Devon Catchment Partnership", "CaBA_Websi": "https://catchmentbasedapproach.org/get-involved/east-devon/", "CaBA_ID": 24, "CaBA_Catch": "East Devon", "EA_NE_Area": "Devon Cornwall and the Isles of Scilly", "WFD_RBD": "South West", "EA_WM_Area": "Devon and Cornwall", "X": -3.3763267531799999, "Y": 50.847270363299998, "Shape__Are": 2285053823.8099999, "Shape__Len": 328711.531449, "sampling_2": "GROUNDWATER" }, "geometry": { "type": "Point", "coordinates": [ -3.4137891, 50.9105972 ] } },
{ "type": "Feature", "properties": { "Join_Count": 1, "TARGET_FID": 17888, "F_id": "http://environment.data.gov.uk/water-quality/id/sampling-point/SW-70531025", "label": "WILLAND STW COMPARATIVE", "comment": "WILLAND S T W - COMPARATIVE SITE", "easting": 304000, "northing": 110600, "lat": 50.886881, "long": -3.366147, "notation": "SW-70531025", "area_label": "Devon and Cornwall", "subarea_la": "EAST DEVON AND CORNWALL", "samplingPo": "open", "sampling_1": "SEWAGE - CRUDE TO FURTHER TREATMENT - WATER COMPANY", "CaBA_Partn": "East Devon Catchment Partnership", "CaBA_Websi": "https://catchmentbasedapproach.org/get-involved/east-devon/", "CaBA_ID": 24, "CaBA_Catch": "East Devon", "EA_NE_Area": "Devon Cornwall and the Isles of Scilly", "WFD_RBD": "South West", "EA_WM_Area": "Devon and Cornwall", "X": -3.3763267531799999, "Y": 50.847270363299998, "Shape__Are": 2285053823.8099999, "Shape__Len": 328711.531449, "sampling_2": "SEWAGE" }, "geometry": { "type": "Point", "coordinates": [ -3.3661546, 50.8868836 ] } },
{ "type": "Feature", "properties": { "Join_Count": 1, "TARGET_FID": 17897, "F_id": "http://environment.data.gov.uk/water-quality/id/sampling-point/SW-70512746", "label": "WOODBURY STW COMPARATIVE", "comment": "WOODBURY S T W - COMPARATIVE", "easting": 299796, "northing": 86770, "lat": 50.67194, "long": -3.419392, "notation": "SW-70512746", "area_label": "Devon and Cornwall", "subarea_la": "EAST DEVON AND CORNWALL", "samplingPo": "open", "sampling_1": "SEWAGE - CRUDE TO FURTHER TREATMENT - WATER COMPANY", "CaBA_Partn": "East Devon Catchment Partnership", "CaBA_Websi": "https://catchmentbasedapproach.org/get-involved/east-devon/", "CaBA_ID": 24, "CaBA_Catch": "East Devon", "EA_NE_Area": "Devon Cornwall and the Isles of Scilly", "WFD_RBD": "South West", "EA_WM_Area": "Devon and Cornwall", "X": -3.3763267531799999, "Y": 50.847270363299998, "Shape__Are": 2285053823.8099999, "Shape__Len": 328711.531449, "sampling_2": "SEWAGE" }, "geometry": { "type": "Point", "coordinates": [ -3.4193992, 50.6719418 ] } },
{ "type": "Feature", "properties": { "Join_Count": 1, "TARGET_FID": 17901, "F_id": "http://environment.data.gov.uk/water-quality/id/sampling-point/SW-70531245", "label": "UFFCULME STW COMPARATIVE", "comment": "UFFCULME S T W - COMPARATIVE SITE", "easting": 306200, "northing": 111800, "lat": 50.898031, "long": -3.335189, "notation": "SW-70531245", "area_label": "Devon and Cornwall", "subarea_la": "EAST DEVON AND CORNWALL", "samplingPo": "open", "sampling_1": "SEWAGE - CRUDE TO FURTHER TREATMENT - WATER COMPANY", "CaBA_Partn": "East Devon Catchment Partnership", "CaBA_Websi": "https://catchmentbasedapproach.org/get-involved/east-devon/", "CaBA_ID": 24, "CaBA_Catch": "East Devon", "EA_NE_Area": "Devon Cornwall and the Isles of Scilly", "WFD_RBD": "South West", "EA_WM_Area": "Devon and Cornwall", "X": -3.3763267531799999, "Y": 50.847270363299998, "Shape__Are": 2285053823.8099999, "Shape__Len": 328711.531449, "sampling_2": "SEWAGE" }, "geometry": { "type": "Point", "coordinates": [ -3.335196, 50.8980334 ] } },
{ "type": "Feature", "properties": { "Join_Count": 1, "TARGET_FID": 17914, "F_id": "http://environment.data.gov.uk/water-quality/id/sampling-point/SW-70580007", "label": "THE ROYAL OAK INN, WITHYPOOL", "comment": "THE ROYAL OAK INN, WITHYPOOL", "easting": 284730, "northing": 135640, "lat": 51.108426, "long": -3.647945, "notation": "SW-70580007", "area_label": "Devon and Cornwall", "subarea_la": "EAST DEVON AND CORNWALL", "samplingPo": "open", "sampling_1": "SEWAGE & TRADE COMBINED - UNSPECIFIED", "CaBA_Partn": "East Devon Catchment Partnership", "CaBA_Websi": "https://catchmentbasedapproach.org/get-involved/east-devon/", "CaBA_ID": 24, "CaBA_Catch": "East Devon", "EA_NE_Area": "Devon Cornwall and the Isles of Scilly", "WFD_RBD": "South West", "EA_WM_Area": "Devon and Cornwall", "X": -3.3763267531799999, "Y": 50.847270363299998, "Shape__Are": 2285053823.8099999, "Shape__Len": 328711.531449, "sampling_2": "SEWAGE & TRADE COMBINED" }, "geometry": { "type": "Point", "coordinates": [ -3.6479526, 51.1084293 ] } },
{ "type": "Feature", "properties": { "Join_Count": 1, "TARGET_FID": 17930, "F_id": "http://environment.data.gov.uk/water-quality/id/sampling-point/SW-70531188", "label": "CULLOMPTON STW COMPARATIVE", "comment": "CULLOMPTON S T W - COMPARATIVE SITE", "easting": 302000, "northing": 106300, "lat": 50.847889, "long": -3.393418, "notation": "SW-70531188", "area_label": "Devon and Cornwall", "subarea_la": "EAST DEVON AND CORNWALL", "samplingPo": "open", "sampling_1": "SEWAGE - CRUDE TO FURTHER TREATMENT - WATER COMPANY", "CaBA_Partn": "East Devon Catchment Partnership", "CaBA_Websi": "https://catchmentbasedapproach.org/get-involved/east-devon/", "CaBA_ID": 24, "CaBA_Catch": "East Devon", "EA_NE_Area": "Devon Cornwall and the Isles of Scilly", "WFD_RBD": "South West", "EA_WM_Area": "Devon and Cornwall", "X": -3.3763267531799999, "Y": 50.847270363299998, "Shape__Are": 2285053823.8099999, "Shape__Len": 328711.531449, "sampling_2": "SEWAGE" }, "geometry": { "type": "Point", "coordinates": [ -3.3934254, 50.8478914 ] } },
{ "type": "Feature", "properties": { "Join_Count": 1, "TARGET_FID": 17963, "F_id": "http://environment.data.gov.uk/water-quality/id/sampling-point/SW-70550330", "label": "LAKESIDE CARAVAN CLUB", "comment": "LAKESIDE CARAVAN CLUB", "easting": 292960, "northing": 124070, "lat": 51.006022, "long": -3.527005, "notation": "SW-70550330", "area_label": "Devon and Cornwall", "subarea_la": "EAST DEVON AND CORNWALL", "samplingPo": "open", "sampling_1": "SEWAGE DISCHARGES - FINAL/TREATED EFFLUENT - NOT WATER COMPANY", "CaBA_Partn": "East Devon Catchment Partnership", "CaBA_Websi": "https://catchmentbasedapproach.org/get-involved/east-devon/", "CaBA_ID": 24, "CaBA_Catch": "East Devon", "EA_NE_Area": "Devon Cornwall and the Isles of Scilly", "WFD_RBD": "South West", "EA_WM_Area": "Devon and Cornwall", "X": -3.3763267531799999, "Y": 50.847270363299998, "Shape__Are": 2285053823.8099999, "Shape__Len": 328711.531449, "sampling_2": "SEWAGE DISCHARGES - NOT WATER COMPANY" }, "geometry": { "type": "Point", "coordinates": [ -3.5270117, 51.006025 ] } },
{ "type": "Feature", "properties": { "Join_Count": 1, "TARGET_FID": 18066, "F_id": "http://environment.data.gov.uk/water-quality/id/sampling-point/SW-70532983", "label": "KERSWELL STW FE", "comment": "KERSWELL S T W - EFFLUENT", "easting": 307800, "northing": 106300, "lat": 50.848843, "long": -3.311055, "notation": "SW-70532983", "area_label": "Devon and Cornwall", "subarea_la": "EAST DEVON AND CORNWALL", "samplingPo": "open", "sampling_1": "SEWAGE DISCHARGES - FINAL/TREATED EFFLUENT - WATER COMPANY", "CaBA_Partn": "East Devon Catchment Partnership", "CaBA_Websi": "https://catchmentbasedapproach.org/get-involved/east-devon/", "CaBA_ID": 24, "CaBA_Catch": "East Devon", "EA_NE_Area": "Devon Cornwall and the Isles of Scilly", "WFD_RBD": "South West", "EA_WM_Area": "Devon and Cornwall", "X": -3.3763267531799999, "Y": 50.847270363299998, "Shape__Are": 2285053823.8099999, "Shape__Len": 328711.531449, "sampling_2": "SEWAGE DISCHARGES - WATER COMPANY" }, "geometry": { "type": "Point", "coordinates": [ -3.3110622, 50.848846 ] } },
{ "type": "Feature", "properties": { "Join_Count": 1, "TARGET_FID": 18067, "F_id": "http://environment.data.gov.uk/water-quality/id/sampling-point/SW-70581170", "label": "RIVER BARLE U/S SIMONSBATH BRIDGE", "comment": "RIVER BARLE UPSTREAM SIMONSBATH BRIDGE", "easting": 276950, "northing": 139150, "lat": 51.138354, "long": -3.760223, "notation": "SW-70581170", "area_label": "Devon and Cornwall", "subarea_la": "EAST DEVON AND CORNWALL", "samplingPo": "open", "sampling_1": "FRESHWATER - RIVERS", "CaBA_Partn": "East Devon Catchment Partnership", "CaBA_Websi": "https://catchmentbasedapproach.org/get-involved/east-devon/", "CaBA_ID": 24, "CaBA_Catch": "East Devon", "EA_NE_Area": "Devon Cornwall and the Isles of Scilly", "WFD_RBD": "South West", "EA_WM_Area": "Devon and Cornwall", "X": -3.3763267531799999, "Y": 50.847270363299998, "Shape__Are": 2285053823.8099999, "Shape__Len": 328711.531449, "sampling_2": "FRESHWATER" }, "geometry": { "type": "Point", "coordinates": [ -3.7602307, 51.1383576 ] } },
{ "type": "Feature", "properties": { "Join_Count": 1, "TARGET_FID": 18071, "F_id": "http://environment.data.gov.uk/water-quality/id/sampling-point/SW-70530024", "label": "CSOS CULMHEAD", "comment": "CSOS CULMHEAD", "easting": 320120, "northing": 115440, "lat": 50.932852, "long": -3.138092, "notation": "SW-70530024", "area_label": "Devon and Cornwall", "subarea_la": "EAST DEVON AND CORNWALL", "samplingPo": "open", "sampling_1": "SEWAGE DISCHARGES - FINAL/TREATED EFFLUENT - NOT WATER COMPANY", "CaBA_Partn": "East Devon Catchment Partnership", "CaBA_Websi": "https://catchmentbasedapproach.org/get-involved/east-devon/", "CaBA_ID": 24, "CaBA_Catch": "East Devon", "EA_NE_Area": "Devon Cornwall and the Isles of Scilly", "WFD_RBD": "South West", "EA_WM_Area": "Devon and Cornwall", "X": -3.3763267531799999, "Y": 50.847270363299998, "Shape__Are": 2285053823.8099999, "Shape__Len": 328711.531449, "sampling_2": "SEWAGE DISCHARGES - NOT WATER COMPANY" }, "geometry": { "type": "Point", "coordinates": [ -3.1380987, 50.9328554 ] } },
{ "type": "Feature", "properties": { "Join_Count": 1, "TARGET_FID": 18190, "F_id": "http://environment.data.gov.uk/water-quality/id/sampling-point/SW-OPSB9999", "label": "MISC OPS DELIVERY - DEVON DEPOTS", "comment": "MISCELLANEOUS OPS DELIVERY SAMPLES - DEVON DEPOTS", "easting": 301458, "northing": 93317, "lat": 50.731081, "long": -3.397629, "notation": "SW-OPSB9999", "area_label": "Devon and Cornwall", "subarea_la": "EAST DEVON AND CORNWALL", "samplingPo": "open", "sampling_1": "POLLUTION/INVESTIGATION POINTS - ENVIRONMENT", "CaBA_Partn": "East Devon Catchment Partnership", "CaBA_Websi": "https://catchmentbasedapproach.org/get-involved/east-devon/", "CaBA_ID": 24, "CaBA_Catch": "East Devon", "EA_NE_Area": "Devon Cornwall and the Isles of Scilly", "WFD_RBD": "South West", "EA_WM_Area": "Devon and Cornwall", "X": -3.3763267531799999, "Y": 50.847270363299998, "Shape__Are": 2285053823.8099999, "Shape__Len": 328711.531449, "sampling_2": "POLLUTION/INVESTIGATION POINTS" }, "geometry": { "type": "Point", "coordinates": [ -3.397636, 50.7310836 ] } },
{ "type": "Feature", "properties": { "Join_Count": 1, "TARGET_FID": 18218, "F_id": "http://environment.data.gov.uk/water-quality/id/sampling-point/SW-70571910", "label": "RIVER QUARME AT LUCKWELL BRIDGE", "comment": "RIVER QUARME AT LUCKWELL BRIDGE", "easting": 290597, "northing": 138688, "lat": 51.136974, "long": -3.565098, "notation": "SW-70571910", "area_label": "Devon and Cornwall", "subarea_la": "EAST DEVON AND CORNWALL", "samplingPo": "open", "sampling_1": "FRESHWATER - RIVERS", "CaBA_Partn": "East Devon Catchment Partnership", "CaBA_Websi": "https://catchmentbasedapproach.org/get-involved/east-devon/", "CaBA_ID": 24, "CaBA_Catch": "East Devon", "EA_NE_Area": "Devon Cornwall and the Isles of Scilly", "WFD_RBD": "South West", "EA_WM_Area": "Devon and Cornwall", "X": -3.3763267531799999, "Y": 50.847270363299998, "Shape__Are": 2285053823.8099999, "Shape__Len": 328711.531449, "sampling_2": "FRESHWATER" }, "geometry": { "type": "Point", "coordinates": [ -3.5651057, 51.1369779 ] } },
{ "type": "Feature", "properties": { "Join_Count": 1, "TARGET_FID": 18265, "F_id": "http://environment.data.gov.uk/water-quality/id/sampling-point/SW-70530028", "label": "HIDONFIELDS FARM, CLAYHIDON", "comment": "HIDONFIELDS FARM, CLAYHIDON", "easting": 316180, "northing": 115640, "lat": 50.934091, "long": -3.194193, "notation": "SW-70530028", "area_label": "Devon and Cornwall", "subarea_la": "EAST DEVON AND CORNWALL", "samplingPo": "open", "sampling_1": "SEWAGE DISCHARGES - FINAL/TREATED EFFLUENT - NOT WATER COMPANY", "CaBA_Partn": "East Devon Catchment Partnership", "CaBA_Websi": "https://catchmentbasedapproach.org/get-involved/east-devon/", "CaBA_ID": 24, "CaBA_Catch": "East Devon", "EA_NE_Area": "Devon Cornwall and the Isles of Scilly", "WFD_RBD": "South West", "EA_WM_Area": "Devon and Cornwall", "X": -3.3763267531799999, "Y": 50.847270363299998, "Shape__Are": 2285053823.8099999, "Shape__Len": 328711.531449, "sampling_2": "SEWAGE DISCHARGES - NOT WATER COMPANY" }, "geometry": { "type": "Point", "coordinates": [ -3.1941999, 50.9340935 ] } },
{ "type": "Feature", "properties": { "Join_Count": 1, "TARGET_FID": 18267, "F_id": "http://environment.data.gov.uk/water-quality/id/sampling-point/SW-70540790", "label": "BICKLEIGH MILL", "comment": "BICKLEIGH MILL", "easting": 293800, "northing": 107460, "lat": 50.856867, "long": -3.510192, "notation": "SW-70540790", "area_label": "Devon and Cornwall", "subarea_la": "EAST DEVON AND CORNWALL", "samplingPo": "open", "sampling_1": "SEWAGE & TRADE COMBINED - UNSPECIFIED", "CaBA_Partn": "East Devon Catchment Partnership", "CaBA_Websi": "https://catchmentbasedapproach.org/get-involved/east-devon/", "CaBA_ID": 24, "CaBA_Catch": "East Devon", "EA_NE_Area": "Devon Cornwall and the Isles of Scilly", "WFD_RBD": "South West", "EA_WM_Area": "Devon and Cornwall", "X": -3.3763267531799999, "Y": 50.847270363299998, "Shape__Are": 2285053823.8099999, "Shape__Len": 328711.531449, "sampling_2": "SEWAGE & TRADE COMBINED" }, "geometry": { "type": "Point", "coordinates": [ -3.5101989, 50.8568701 ] } },
{ "type": "Feature", "properties": { "Join_Count": 1, "TARGET_FID": 18270, "F_id": "http://environment.data.gov.uk/water-quality/id/sampling-point/SW-70560016", "label": "EXETER INN STW, BAMPTON", "comment": "EXETER INN STW, BAMPTON", "easting": 295487, "northing": 120941, "lat": 50.97836, "long": -3.490099, "notation": "SW-70560016", "area_label": "Devon and Cornwall", "subarea_la": "EAST DEVON AND CORNWALL", "samplingPo": "open", "sampling_1": "SEWAGE DISCHARGES - FINAL/TREATED EFFLUENT - NOT WATER COMPANY", "CaBA_Partn": "East Devon Catchment Partnership", "CaBA_Websi": "https://catchmentbasedapproach.org/get-involved/east-devon/", "CaBA_ID": 24, "CaBA_Catch": "East Devon", "EA_NE_Area": "Devon Cornwall and the Isles of Scilly", "WFD_RBD": "South West", "EA_WM_Area": "Devon and Cornwall", "X": -3.3763267531799999, "Y": 50.847270363299998, "Shape__Are": 2285053823.8099999, "Shape__Len": 328711.531449, "sampling_2": "SEWAGE DISCHARGES - NOT WATER COMPANY" }, "geometry": { "type": "Point", "coordinates": [ -3.4901064, 50.9783629 ] } },
{ "type": "Feature", "properties": { "Join_Count": 1, "TARGET_FID": 18272, "F_id": "http://environment.data.gov.uk/water-quality/id/sampling-point/SW-70510018", "label": "1-5 BELVEDERE PARK", "comment": "1-5 BELVEDERE PARK, GRANSDEN LODGE & BRIDGESIDE", "easting": 287920, "northing": 86810, "lat": 50.670132, "long": -3.587402, "notation": "SW-70510018", "area_label": "Devon and Cornwall", "subarea_la": "CENTRAL DEVON AND CORNWALL", "samplingPo": "open", "sampling_1": "SEWAGE DISCHARGES - FINAL/TREATED EFFLUENT - NOT WATER COMPANY", "CaBA_Partn": "East Devon Catchment Partnership", "CaBA_Websi": "https://catchmentbasedapproach.org/get-involved/east-devon/", "CaBA_ID": 24, "CaBA_Catch": "East Devon", "EA_NE_Area": "Devon Cornwall and the Isles of Scilly", "WFD_RBD": "South West", "EA_WM_Area": "Devon and Cornwall", "X": -3.3763267531799999, "Y": 50.847270363299998, "Shape__Are": 2285053823.8099999, "Shape__Len": 328711.531449, "sampling_2": "SEWAGE DISCHARGES - NOT WATER COMPANY" }, "geometry": { "type": "Point", "coordinates": [ -3.5874094, 50.6701337 ] } },
{ "type": "Feature", "properties": { "Join_Count": 1, "TARGET_FID": 18293, "F_id": "http://environment.data.gov.uk/water-quality/id/sampling-point/SW-70531204", "label": "P D HOOK (HATCHERIES) LTD", "comment": "P D HOOK (HATCHERIES) LTD, CROYLE, KENTISBEARE", "easting": 306860, "northing": 109780, "lat": 50.879978, "long": -3.325291, "notation": "SW-70531204", "area_label": "Devon and Cornwall", "subarea_la": "EAST DEVON AND CORNWALL", "samplingPo": "open", "sampling_1": "SEWAGE DISCHARGES - FINAL/TREATED EFFLUENT - NOT WATER COMPANY", "CaBA_Partn": "East Devon Catchment Partnership", "CaBA_Websi": "https://catchmentbasedapproach.org/get-involved/east-devon/", "CaBA_ID": 24, "CaBA_Catch": "East Devon", "EA_NE_Area": "Devon Cornwall and the Isles of Scilly", "WFD_RBD": "South West", "EA_WM_Area": "Devon and Cornwall", "X": -3.3763267531799999, "Y": 50.847270363299998, "Shape__Are": 2285053823.8099999, "Shape__Len": 328711.531449, "sampling_2": "SEWAGE DISCHARGES - NOT WATER COMPANY" }, "geometry": { "type": "Point", "coordinates": [ -3.325298, 50.8799806 ] } },
{ "type": "Feature", "properties": { "Join_Count": 1, "TARGET_FID": 18332, "F_id": "http://environment.data.gov.uk/water-quality/id/sampling-point/SW-70514500", "label": "DAWLISH BEACH WEST OF BREAKWATER", "comment": "DAWLISH BEACH WEST OF BREAKWATER", "easting": 296327, "northing": 76547, "lat": 50.579429, "long": -3.465606, "notation": "SW-70514500", "area_label": "Devon and Cornwall", "subarea_la": "CENTRAL DEVON AND CORNWALL", "samplingPo": "open", "sampling_1": "SALINE WATER - NON DESIGNATED BATHING BEACHES", "CaBA_Partn": "East Devon Catchment Partnership", "CaBA_Websi": "https://catchmentbasedapproach.org/get-involved/east-devon/", "CaBA_ID": 24, "CaBA_Catch": "East Devon", "EA_NE_Area": "Devon Cornwall and the Isles of Scilly", "WFD_RBD": "South West", "EA_WM_Area": "Devon and Cornwall", "X": -3.3763267531799999, "Y": 50.847270363299998, "Shape__Are": 2285053823.8099999, "Shape__Len": 328711.531449, "sampling_2": "SALINE WATER" }, "geometry": { "type": "Point", "coordinates": [ -3.4656131, 50.5794303 ] } },
{ "type": "Feature", "properties": { "Join_Count": 1, "TARGET_FID": 18378, "F_id": "http://environment.data.gov.uk/water-quality/id/sampling-point/SW-70530029", "label": "MINNOWS CAMPING SITE", "comment": "MINNOWS CAMPING SITE STW, SAMPFORD PEVERELL", "easting": 304100, "northing": 114789, "lat": 50.924556, "long": -3.365828, "notation": "SW-70530029", "area_label": "Devon and Cornwall", "subarea_la": "EAST DEVON AND CORNWALL", "samplingPo": "open", "sampling_1": "SEWAGE DISCHARGES - FINAL/TREATED EFFLUENT - NOT WATER COMPANY", "CaBA_Partn": "East Devon Catchment Partnership", "CaBA_Websi": "https://catchmentbasedapproach.org/get-involved/east-devon/", "CaBA_ID": 24, "CaBA_Catch": "East Devon", "EA_NE_Area": "Devon Cornwall and the Isles of Scilly", "WFD_RBD": "South West", "EA_WM_Area": "Devon and Cornwall", "X": -3.3763267531799999, "Y": 50.847270363299998, "Shape__Are": 2285053823.8099999, "Shape__Len": 328711.531449, "sampling_2": "SEWAGE DISCHARGES - NOT WATER COMPANY" }, "geometry": { "type": "Point", "coordinates": [ -3.3658352, 50.9245586 ] } },
{ "type": "Feature", "properties": { "Join_Count": 1, "TARGET_FID": 18381, "F_id": "http://environment.data.gov.uk/water-quality/id/sampling-point/SW-70510019", "label": "AXEHAYES FARM STW", "comment": "AXEHAYES FARM (CARAVAN SITE + 5 HOUSES) STW, CLYST ST. MARY", "easting": 299567, "northing": 91040, "lat": 50.710287, "long": -3.423794, "notation": "SW-70510019", "area_label": "Devon and Cornwall", "subarea_la": "EAST DEVON AND CORNWALL", "samplingPo": "open", "sampling_1": "SEWAGE DISCHARGES - FINAL/TREATED EFFLUENT - NOT WATER COMPANY", "CaBA_Partn": "East Devon Catchment Partnership", "CaBA_Websi": "https://catchmentbasedapproach.org/get-involved/east-devon/", "CaBA_ID": 24, "CaBA_Catch": "East Devon", "EA_NE_Area": "Devon Cornwall and the Isles of Scilly", "WFD_RBD": "South West", "EA_WM_Area": "Devon and Cornwall", "X": -3.3763267531799999, "Y": 50.847270363299998, "Shape__Are": 2285053823.8099999, "Shape__Len": 328711.531449, "sampling_2": "SEWAGE DISCHARGES - NOT WATER COMPANY" }, "geometry": { "type": "Point", "coordinates": [ -3.4238008, 50.7102894 ] } },
{ "type": "Feature", "properties": { "Join_Count": 1, "TARGET_FID": 18554, "F_id": "http://environment.data.gov.uk/water-quality/id/sampling-point/SW-70523514", "label": "FORD STREAM AT A30 BRIDGE", "comment": "FORD STREAM (EXE) AT A30 BRIDGE NEAR ROCKBEARE", "easting": 300900, "northing": 95250, "lat": 50.748364, "long": -3.406053, "notation": "SW-70523514", "area_label": "Devon and Cornwall", "subarea_la": "EAST DEVON AND CORNWALL", "samplingPo": "open", "sampling_1": "FRESHWATER - RIVERS", "CaBA_Partn": "East Devon Catchment Partnership", "CaBA_Websi": "https://catchmentbasedapproach.org/get-involved/east-devon/", "CaBA_ID": 24, "CaBA_Catch": "East Devon", "EA_NE_Area": "Devon Cornwall and the Isles of Scilly", "WFD_RBD": "South West", "EA_WM_Area": "Devon and Cornwall", "X": -3.3763267531799999, "Y": 50.847270363299998, "Shape__Are": 2285053823.8099999, "Shape__Len": 328711.531449, "sampling_2": "FRESHWATER" }, "geometry": { "type": "Point", "coordinates": [ -3.4060604, 50.7483661 ] } },
{ "type": "Feature", "properties": { "Join_Count": 1, "TARGET_FID": 18565, "F_id": "http://environment.data.gov.uk/water-quality/id/sampling-point/SW-70590345", "label": "COWLEY PLACE (AFTER REED BED)", "comment": "COWLEY PLACE OUTLET TO R.CREEDY (POST REED BED)", "easting": 290629, "northing": 95902, "lat": 50.752379, "long": -3.551779, "notation": "SW-70590345", "area_label": "Devon and Cornwall", "subarea_la": "EAST DEVON AND CORNWALL", "samplingPo": "open", "sampling_1": "SEWAGE DISCHARGES - FINAL/TREATED EFFLUENT - NOT WATER COMPANY", "CaBA_Partn": "East Devon Catchment Partnership", "CaBA_Websi": "https://catchmentbasedapproach.org/get-involved/east-devon/", "CaBA_ID": 24, "CaBA_Catch": "East Devon", "EA_NE_Area": "Devon Cornwall and the Isles of Scilly", "WFD_RBD": "South West", "EA_WM_Area": "Devon and Cornwall", "X": -3.3763267531799999, "Y": 50.847270363299998, "Shape__Are": 2285053823.8099999, "Shape__Len": 328711.531449, "sampling_2": "SEWAGE DISCHARGES - NOT WATER COMPANY" }, "geometry": { "type": "Point", "coordinates": [ -3.5517864, 50.752381 ] } },
{ "type": "Feature", "properties": { "Join_Count": 1, "TARGET_FID": 18570, "F_id": "http://environment.data.gov.uk/water-quality/id/sampling-point/SW-70520007", "label": "LAND ADJ TO SKYWAYS IND ESTATE", "comment": "LAND ADJACENT TO SKYWAYS IND. ESTATE, CLYST HONITON", "easting": 300650, "northing": 93070, "lat": 50.728723, "long": -3.409007, "notation": "SW-70520007", "area_label": "Devon and Cornwall", "subarea_la": "EAST DEVON AND CORNWALL", "samplingPo": "open", "sampling_1": "SEWAGE DISCHARGES - FINAL/TREATED EFFLUENT - NOT WATER COMPANY", "CaBA_Partn": "East Devon Catchment Partnership", "CaBA_Websi": "https://catchmentbasedapproach.org/get-involved/east-devon/", "CaBA_ID": 24, "CaBA_Catch": "East Devon", "EA_NE_Area": "Devon Cornwall and the Isles of Scilly", "WFD_RBD": "South West", "EA_WM_Area": "Devon and Cornwall", "X": -3.3763267531799999, "Y": 50.847270363299998, "Shape__Are": 2285053823.8099999, "Shape__Len": 328711.531449, "sampling_2": "SEWAGE DISCHARGES - NOT WATER COMPANY" }, "geometry": { "type": "Point", "coordinates": [ -3.4090145, 50.7287253 ] } },
{ "type": "Feature", "properties": { "Join_Count": 1, "TARGET_FID": 18591, "F_id": "http://environment.data.gov.uk/water-quality/id/sampling-point/SW-70533630", "label": "KEN STREAM AT MOORHAYES FARM", "comment": "KEN STREAM ON ACCESS TRACK TO MOORHAYES FARM", "easting": 303750, "northing": 108269, "lat": 50.865884, "long": -3.369086, "notation": "SW-70533630", "area_label": "Devon and Cornwall", "subarea_la": "EAST DEVON AND CORNWALL", "samplingPo": "open", "sampling_1": "FRESHWATER - RIVERS", "CaBA_Partn": "East Devon Catchment Partnership", "CaBA_Websi": "https://catchmentbasedapproach.org/get-involved/east-devon/", "CaBA_ID": 24, "CaBA_Catch": "East Devon", "EA_NE_Area": "Devon Cornwall and the Isles of Scilly", "WFD_RBD": "South West", "EA_WM_Area": "Devon and Cornwall", "X": -3.3763267531799999, "Y": 50.847270363299998, "Shape__Are": 2285053823.8099999, "Shape__Len": 328711.531449, "sampling_2": "FRESHWATER" }, "geometry": { "type": "Point", "coordinates": [ -3.3690933, 50.8658866 ] } },
{ "type": "Feature", "properties": { "Join_Count": 1, "TARGET_FID": 18635, "F_id": "http://environment.data.gov.uk/water-quality/id/sampling-point/SW-70531207", "label": "SOUTHILL BARTON BR D/S OF FLIGHT POND", "comment": "SOUTHILL BARTON BRIDGE DOWNSTREAM OF FLIGHT POND", "easting": 306796, "northing": 110401, "lat": 50.88555, "long": -3.326359, "notation": "SW-70531207", "area_label": "Devon and Cornwall", "subarea_la": "EAST DEVON AND CORNWALL", "samplingPo": "open", "sampling_1": "FRESHWATER - RIVERS", "CaBA_Partn": "East Devon Catchment Partnership", "CaBA_Websi": "https://catchmentbasedapproach.org/get-involved/east-devon/", "CaBA_ID": 24, "CaBA_Catch": "East Devon", "EA_NE_Area": "Devon Cornwall and the Isles of Scilly", "WFD_RBD": "South West", "EA_WM_Area": "Devon and Cornwall", "X": -3.3763267531799999, "Y": 50.847270363299998, "Shape__Are": 2285053823.8099999, "Shape__Len": 328711.531449, "sampling_2": "FRESHWATER" }, "geometry": { "type": "Point", "coordinates": [ -3.326366, 50.885553 ] } },
{ "type": "Feature", "properties": { "Join_Count": 1, "TARGET_FID": 18666, "F_id": "http://environment.data.gov.uk/water-quality/id/sampling-point/SW-70534704", "label": "BOLHAM RIVER AT FIVE BRIDGES", "comment": "BOLHAM RIVER AT FIVE BRIDGES", "easting": 315000, "northing": 112530, "lat": 50.905958, "long": -3.210255, "notation": "SW-70534704", "area_label": "Devon and Cornwall", "subarea_la": "EAST DEVON AND CORNWALL", "samplingPo": "open", "sampling_1": "FRESHWATER - RIVERS", "CaBA_Partn": "East Devon Catchment Partnership", "CaBA_Websi": "https://catchmentbasedapproach.org/get-involved/east-devon/", "CaBA_ID": 24, "CaBA_Catch": "East Devon", "EA_NE_Area": "Devon Cornwall and the Isles of Scilly", "WFD_RBD": "South West", "EA_WM_Area": "Devon and Cornwall", "X": -3.3763267531799999, "Y": 50.847270363299998, "Shape__Are": 2285053823.8099999, "Shape__Len": 328711.531449, "sampling_2": "FRESHWATER" }, "geometry": { "type": "Point", "coordinates": [ -3.2102626, 50.9059606 ] } },
{ "type": "Feature", "properties": { "Join_Count": 1, "TARGET_FID": 18669, "F_id": "http://environment.data.gov.uk/water-quality/id/sampling-point/SW-70541218", "label": "RIVER BURN AT BURN MILL FARM", "comment": "RIVER BURN (EXE) AT BURN MILL FARM", "easting": 294670, "northing": 105510, "lat": 50.839497, "long": -3.497274, "notation": "SW-70541218", "area_label": "Devon and Cornwall", "subarea_la": "EAST DEVON AND CORNWALL", "samplingPo": "open", "sampling_1": "FRESHWATER - RIVERS", "CaBA_Partn": "East Devon Catchment Partnership", "CaBA_Websi": "https://catchmentbasedapproach.org/get-involved/east-devon/", "CaBA_ID": 24, "CaBA_Catch": "East Devon", "EA_NE_Area": "Devon Cornwall and the Isles of Scilly", "WFD_RBD": "South West", "EA_WM_Area": "Devon and Cornwall", "X": -3.3763267531799999, "Y": 50.847270363299998, "Shape__Are": 2285053823.8099999, "Shape__Len": 328711.531449, "sampling_2": "FRESHWATER" }, "geometry": { "type": "Point", "coordinates": [ -3.4972815, 50.8395001 ] } },
{ "type": "Feature", "properties": { "Join_Count": 1, "TARGET_FID": 18672, "F_id": "http://environment.data.gov.uk/water-quality/id/sampling-point/SW-70556102", "label": "CALVERLEIGH STREAM AT SWINESBRIDGE", "comment": "CALVERLEIGH STREAM AT SWINESBRIDGE", "easting": 294540, "northing": 113940, "lat": 50.915254, "long": -3.501554, "notation": "SW-70556102", "area_label": "Devon and Cornwall", "subarea_la": "EAST DEVON AND CORNWALL", "samplingPo": "open", "sampling_1": "FRESHWATER - RIVERS", "CaBA_Partn": "East Devon Catchment Partnership", "CaBA_Websi": "https://catchmentbasedapproach.org/get-involved/east-devon/", "CaBA_ID": 24, "CaBA_Catch": "East Devon", "EA_NE_Area": "Devon Cornwall and the Isles of Scilly", "WFD_RBD": "South West", "EA_WM_Area": "Devon and Cornwall", "X": -3.3763267531799999, "Y": 50.847270363299998, "Shape__Are": 2285053823.8099999, "Shape__Len": 328711.531449, "sampling_2": "FRESHWATER" }, "geometry": { "type": "Point", "coordinates": [ -3.5015613, 50.9152565 ] } },
{ "type": "Feature", "properties": { "Join_Count": 1, "TARGET_FID": 18683, "F_id": "http://environment.data.gov.uk/water-quality/id/sampling-point/SW-70561042", "label": "RIVER BATHERM AT B3227 BRIDGE", "comment": "RIVER BATHERM AT B3227 BRIDGE SHILLINGFORD", "easting": 297990, "northing": 123780, "lat": 51.00433, "long": -3.455256, "notation": "SW-70561042", "area_label": "Devon and Cornwall", "subarea_la": "EAST DEVON AND CORNWALL", "samplingPo": "open", "sampling_1": "FRESHWATER - RIVERS", "CaBA_Partn": "East Devon Catchment Partnership", "CaBA_Websi": "https://catchmentbasedapproach.org/get-involved/east-devon/", "CaBA_ID": 24, "CaBA_Catch": "East Devon", "EA_NE_Area": "Devon Cornwall and the Isles of Scilly", "WFD_RBD": "South West", "EA_WM_Area": "Devon and Cornwall", "X": -3.3763267531799999, "Y": 50.847270363299998, "Shape__Are": 2285053823.8099999, "Shape__Len": 328711.531449, "sampling_2": "FRESHWATER" }, "geometry": { "type": "Point", "coordinates": [ -3.4552631, 51.0043331 ] } },
{ "type": "Feature", "properties": { "Join_Count": 1, "TARGET_FID": 18688, "F_id": "http://environment.data.gov.uk/water-quality/id/sampling-point/SW-70570104", "label": "RIVER EXE AT WARMORE", "comment": "RIVER EXE AT WARMORE", "easting": 293470, "northing": 125990, "lat": 51.023375, "long": -3.520303, "notation": "SW-70570104", "area_label": "Devon and Cornwall", "subarea_la": "EAST DEVON AND CORNWALL", "samplingPo": "open", "sampling_1": "FRESHWATER - RIVERS", "CaBA_Partn": "East Devon Catchment Partnership", "CaBA_Websi": "https://catchmentbasedapproach.org/get-involved/east-devon/", "CaBA_ID": 24, "CaBA_Catch": "East Devon", "EA_NE_Area": "Devon Cornwall and the Isles of Scilly", "WFD_RBD": "South West", "EA_WM_Area": "Devon and Cornwall", "X": -3.3763267531799999, "Y": 50.847270363299998, "Shape__Are": 2285053823.8099999, "Shape__Len": 328711.531449, "sampling_2": "FRESHWATER" }, "geometry": { "type": "Point", "coordinates": [ -3.5203099, 51.0233787 ] } },
{ "type": "Feature", "properties": { "Join_Count": 1, "TARGET_FID": 18706, "F_id": "http://environment.data.gov.uk/water-quality/id/sampling-point/SW-70501107", "label": "R.TED AT MEETFORD BRIDGE", "comment": "R.TED AT MEETFORD BRIDGE", "easting": 281763, "northing": 96458, "lat": 50.755636, "long": -3.677585, "notation": "SW-70501107", "area_label": "Devon and Cornwall", "subarea_la": "EAST DEVON AND CORNWALL", "samplingPo": "open", "sampling_1": "FRESHWATER - UNSPECIFIED", "CaBA_Partn": "East Devon Catchment Partnership", "CaBA_Websi": "https://catchmentbasedapproach.org/get-involved/east-devon/", "CaBA_ID": 24, "CaBA_Catch": "East Devon", "EA_NE_Area": "Devon Cornwall and the Isles of Scilly", "WFD_RBD": "South West", "EA_WM_Area": "Devon and Cornwall", "X": -3.3763267531799999, "Y": 50.847270363299998, "Shape__Are": 2285053823.8099999, "Shape__Len": 328711.531449, "sampling_2": "FRESHWATER" }, "geometry": { "type": "Point", "coordinates": [ -3.6775924, 50.7556388 ] } },
{ "type": "Feature", "properties": { "Join_Count": 1, "TARGET_FID": 18717, "F_id": "http://environment.data.gov.uk/water-quality/id/sampling-point/SW-70501058", "label": "R.YEO (CREEDY) AT YEOFORD", "comment": "R.YEO (CREEDY) AT YEOFORD", "easting": 278328, "northing": 98806, "lat": 50.776031, "long": -3.727037, "notation": "SW-70501058", "area_label": "Devon and Cornwall", "subarea_la": "EAST DEVON AND CORNWALL", "samplingPo": "open", "sampling_1": "FRESHWATER - UNSPECIFIED", "CaBA_Partn": "East Devon Catchment Partnership", "CaBA_Websi": "https://catchmentbasedapproach.org/get-involved/east-devon/", "CaBA_ID": 24, "CaBA_Catch": "East Devon", "EA_NE_Area": "Devon Cornwall and the Isles of Scilly", "WFD_RBD": "South West", "EA_WM_Area": "Devon and Cornwall", "X": -3.3763267531799999, "Y": 50.847270363299998, "Shape__Are": 2285053823.8099999, "Shape__Len": 328711.531449, "sampling_2": "FRESHWATER" }, "geometry": { "type": "Point", "coordinates": [ -3.7270437, 50.7760332 ] } },
{ "type": "Feature", "properties": { "Join_Count": 1, "TARGET_FID": 18720, "F_id": "http://environment.data.gov.uk/water-quality/id/sampling-point/SW-70531790", "label": "SP'TFORD STREAM TRIB @ MOORSTONE BARTON", "comment": "SPRATFORD STREAM TRIB AT MOORSTONE BARTON FARM, HALBERTON", "easting": 301895, "northing": 110385, "lat": 50.884594, "long": -3.396006, "notation": "SW-70531790", "area_label": "Devon and Cornwall", "subarea_la": "EAST DEVON AND CORNWALL", "samplingPo": "open", "sampling_1": "FRESHWATER - RIVERS", "CaBA_Partn": "East Devon Catchment Partnership", "CaBA_Websi": "https://catchmentbasedapproach.org/get-involved/east-devon/", "CaBA_ID": 24, "CaBA_Catch": "East Devon", "EA_NE_Area": "Devon Cornwall and the Isles of Scilly", "WFD_RBD": "South West", "EA_WM_Area": "Devon and Cornwall", "X": -3.3763267531799999, "Y": 50.847270363299998, "Shape__Are": 2285053823.8099999, "Shape__Len": 328711.531449, "sampling_2": "FRESHWATER" }, "geometry": { "type": "Point", "coordinates": [ -3.3960131, 50.8845968 ] } },
{ "type": "Feature", "properties": { "Join_Count": 1, "TARGET_FID": 18727, "F_id": "http://environment.data.gov.uk/water-quality/id/sampling-point/SW-70501909", "label": "R.TRONEY AT TRONEY BRIDGE", "comment": "R.TRONEY AT TRONEY BRIDGE", "easting": 277083, "northing": 98495, "lat": 50.772973, "long": -3.744582, "notation": "SW-70501909", "area_label": "Devon and Cornwall", "subarea_la": "EAST DEVON AND CORNWALL", "samplingPo": "open", "sampling_1": "FRESHWATER - UNSPECIFIED", "CaBA_Partn": "East Devon Catchment Partnership", "CaBA_Websi": "https://catchmentbasedapproach.org/get-involved/east-devon/", "CaBA_ID": 24, "CaBA_Catch": "East Devon", "EA_NE_Area": "Devon Cornwall and the Isles of Scilly", "WFD_RBD": "South West", "EA_WM_Area": "Devon and Cornwall", "X": -3.3763267531799999, "Y": 50.847270363299998, "Shape__Are": 2285053823.8099999, "Shape__Len": 328711.531449, "sampling_2": "FRESHWATER" }, "geometry": { "type": "Point", "coordinates": [ -3.7445889, 50.772975 ] } },
{ "type": "Feature", "properties": { "Join_Count": 1, "TARGET_FID": 18750, "F_id": "http://environment.data.gov.uk/water-quality/id/sampling-point/SW-70512916", "label": "GRINDLE BROOK - OLD MILL LANE BRIDGE", "comment": "GRINDLE BROOK - OLD MILL LANE ROAD BRIDGE NR CLYST ST MARY", "easting": 298535, "northing": 90359, "lat": 50.703986, "long": -3.438218, "notation": "SW-70512916", "area_label": "Devon and Cornwall", "subarea_la": "EAST DEVON AND CORNWALL", "samplingPo": "open", "sampling_1": "FRESHWATER - RIVERS", "CaBA_Partn": "East Devon Catchment Partnership", "CaBA_Websi": "https://catchmentbasedapproach.org/get-involved/east-devon/", "CaBA_ID": 24, "CaBA_Catch": "East Devon", "EA_NE_Area": "Devon Cornwall and the Isles of Scilly", "WFD_RBD": "South West", "EA_WM_Area": "Devon and Cornwall", "X": -3.3763267531799999, "Y": 50.847270363299998, "Shape__Are": 2285053823.8099999, "Shape__Len": 328711.531449, "sampling_2": "FRESHWATER" }, "geometry": { "type": "Point", "coordinates": [ -3.4382248, 50.7039879 ] } },
{ "type": "Feature", "properties": { "Join_Count": 1, "TARGET_FID": 18765, "F_id": "http://environment.data.gov.uk/water-quality/id/sampling-point/SW-70531507", "label": "HERONSBANK BROOK AT HERONS BANK", "comment": "HERONSBANK BROOK AT HERONS BANK", "easting": 302430, "northing": 108850, "lat": 50.870885, "long": -3.387993, "notation": "SW-70531507", "area_label": "Devon and Cornwall", "subarea_la": "EAST DEVON AND CORNWALL", "samplingPo": "open", "sampling_1": "FRESHWATER - RIVERS", "CaBA_Partn": "East Devon Catchment Partnership", "CaBA_Websi": "https://catchmentbasedapproach.org/get-involved/east-devon/", "CaBA_ID": 24, "CaBA_Catch": "East Devon", "EA_NE_Area": "Devon Cornwall and the Isles of Scilly", "WFD_RBD": "South West", "EA_WM_Area": "Devon and Cornwall", "X": -3.3763267531799999, "Y": 50.847270363299998, "Shape__Are": 2285053823.8099999, "Shape__Len": 328711.531449, "sampling_2": "FRESHWATER" }, "geometry": { "type": "Point", "coordinates": [ -3.3879999, 50.8708882 ] } },
{ "type": "Feature", "properties": { "Join_Count": 1, "TARGET_FID": 18772, "F_id": "http://environment.data.gov.uk/water-quality/id/sampling-point/SW-70533904", "label": "ASHILL STW FE", "comment": "ASHILL S T W - EFFLUENT", "easting": 308900, "northing": 111600, "lat": 50.896665, "long": -3.296756, "notation": "SW-70533904", "area_label": "Devon and Cornwall", "subarea_la": "EAST DEVON AND CORNWALL", "samplingPo": "open", "sampling_1": "SEWAGE DISCHARGES - FINAL/TREATED EFFLUENT - WATER COMPANY", "CaBA_Partn": "East Devon Catchment Partnership", "CaBA_Websi": "https://catchmentbasedapproach.org/get-involved/east-devon/", "CaBA_ID": 24, "CaBA_Catch": "East Devon", "EA_NE_Area": "Devon Cornwall and the Isles of Scilly", "WFD_RBD": "South West", "EA_WM_Area": "Devon and Cornwall", "X": -3.3763267531799999, "Y": 50.847270363299998, "Shape__Are": 2285053823.8099999, "Shape__Len": 328711.531449, "sampling_2": "SEWAGE DISCHARGES - WATER COMPANY" }, "geometry": { "type": "Point", "coordinates": [ -3.296763, 50.8966682 ] } },
{ "type": "Feature", "properties": { "Join_Count": 1, "TARGET_FID": 18780, "F_id": "http://environment.data.gov.uk/water-quality/id/sampling-point/SW-70571101", "label": "R.HADDEO-10M U/S OF BRIDGE, D/S OF DAM", "comment": "R.HADDEO-PTCW R.PULHAM (10M U/S OF BRIDGE, D/S OF W'BALL DAM)", "easting": 295990, "northing": 129497, "lat": 51.055362, "long": -3.485393, "notation": "SW-70571101", "area_label": "Devon and Cornwall", "subarea_la": "EAST DEVON AND CORNWALL", "samplingPo": "open", "sampling_1": "FRESHWATER - RIVERS", "CaBA_Partn": "East Devon Catchment Partnership", "CaBA_Websi": "https://catchmentbasedapproach.org/get-involved/east-devon/", "CaBA_ID": 24, "CaBA_Catch": "East Devon", "EA_NE_Area": "Devon Cornwall and the Isles of Scilly", "WFD_RBD": "South West", "EA_WM_Area": "Devon and Cornwall", "X": -3.3763267531799999, "Y": 50.847270363299998, "Shape__Are": 2285053823.8099999, "Shape__Len": 328711.531449, "sampling_2": "FRESHWATER" }, "geometry": { "type": "Point", "coordinates": [ -3.4854002, 51.0553656 ] } },
{ "type": "Feature", "properties": { "Join_Count": 1, "TARGET_FID": 18838, "F_id": "http://environment.data.gov.uk/water-quality/id/sampling-point/SW-70530030", "label": "SUTTON BARTON, CULLOMPTON", "comment": "SUTTON BARTON, RULL LANE, CULLOMPTON", "easting": 301190, "northing": 109128, "lat": 50.873174, "long": -3.405685, "notation": "SW-70530030", "area_label": "Devon and Cornwall", "subarea_la": "EAST DEVON AND CORNWALL", "samplingPo": "open", "sampling_1": "SEWAGE DISCHARGES - FINAL/TREATED EFFLUENT - NOT WATER COMPANY", "CaBA_Partn": "East Devon Catchment Partnership", "CaBA_Websi": "https://catchmentbasedapproach.org/get-involved/east-devon/", "CaBA_ID": 24, "CaBA_Catch": "East Devon", "EA_NE_Area": "Devon Cornwall and the Isles of Scilly", "WFD_RBD": "South West", "EA_WM_Area": "Devon and Cornwall", "X": -3.3763267531799999, "Y": 50.847270363299998, "Shape__Are": 2285053823.8099999, "Shape__Len": 328711.531449, "sampling_2": "SEWAGE DISCHARGES - NOT WATER COMPANY" }, "geometry": { "type": "Point", "coordinates": [ -3.4056919, 50.8731764 ] } },
{ "type": "Feature", "properties": { "Join_Count": 1, "TARGET_FID": 18839, "F_id": "http://environment.data.gov.uk/water-quality/id/sampling-point/SW-70520008", "label": "SOUTH WEST HIGHWAYS, ROCKBEARE", "comment": "SOUTH WEST HIGHWAYS STW, ROCKBEARE", "easting": 305890, "northing": 94583, "lat": 50.743199, "long": -3.335173, "notation": "SW-70520008", "area_label": "Devon and Cornwall", "subarea_la": "EAST DEVON AND CORNWALL", "samplingPo": "open", "sampling_1": "SEWAGE DISCHARGES - FINAL/TREATED EFFLUENT - NOT WATER COMPANY", "CaBA_Partn": "East Devon Catchment Partnership", "CaBA_Websi": "https://catchmentbasedapproach.org/get-involved/east-devon/", "CaBA_ID": 24, "CaBA_Catch": "East Devon", "EA_NE_Area": "Devon Cornwall and the Isles of Scilly", "WFD_RBD": "South West", "EA_WM_Area": "Devon and Cornwall", "X": -3.3763267531799999, "Y": 50.847270363299998, "Shape__Are": 2285053823.8099999, "Shape__Len": 328711.531449, "sampling_2": "SEWAGE DISCHARGES - NOT WATER COMPANY" }, "geometry": { "type": "Point", "coordinates": [ -3.33518, 50.743201 ] } },
{ "type": "Feature", "properties": { "Join_Count": 1, "TARGET_FID": 18852, "F_id": "http://environment.data.gov.uk/water-quality/id/sampling-point/SW-70580010", "label": "EXMOOR FOREST INN/POUND COT/FARMERS DEN", "comment": "EXMOOR FOREST INN, POUND COTT. & FARMERS DEN STW, SIMONSBATH", "easting": 277300, "northing": 139160, "lat": 51.138519, "long": -3.755227, "notation": "SW-70580010", "area_label": "Devon and Cornwall", "subarea_la": "EAST DEVON AND CORNWALL", "samplingPo": "open", "sampling_1": "SEWAGE DISCHARGES - FINAL/TREATED EFFLUENT - NOT WATER COMPANY", "CaBA_Partn": "East Devon Catchment Partnership", "CaBA_Websi": "https://catchmentbasedapproach.org/get-involved/east-devon/", "CaBA_ID": 24, "CaBA_Catch": "East Devon", "EA_NE_Area": "Devon Cornwall and the Isles of Scilly", "WFD_RBD": "South West", "EA_WM_Area": "Devon and Cornwall", "X": -3.3763267531799999, "Y": 50.847270363299998, "Shape__Are": 2285053823.8099999, "Shape__Len": 328711.531449, "sampling_2": "SEWAGE DISCHARGES - NOT WATER COMPANY" }, "geometry": { "type": "Point", "coordinates": [ -3.7552338, 51.1385227 ] } },
{ "type": "Feature", "properties": { "Join_Count": 1, "TARGET_FID": 18888, "F_id": "http://environment.data.gov.uk/water-quality/id/sampling-point/SW-70501052", "label": "YEOFORD STW - INFLUENT", "comment": "YEOFORD STW - INFLUENT", "easting": 278897, "northing": 98853, "lat": 50.776572, "long": -3.718986, "notation": "SW-70501052", "area_label": "Devon and Cornwall", "subarea_la": "EAST DEVON AND CORNWALL", "samplingPo": "open", "sampling_1": "SEWAGE - CRUDE TO FURTHER TREATMENT - WATER COMPANY", "CaBA_Partn": "East Devon Catchment Partnership", "CaBA_Websi": "https://catchmentbasedapproach.org/get-involved/east-devon/", "CaBA_ID": 24, "CaBA_Catch": "East Devon", "EA_NE_Area": "Devon Cornwall and the Isles of Scilly", "WFD_RBD": "South West", "EA_WM_Area": "Devon and Cornwall", "X": -3.3763267531799999, "Y": 50.847270363299998, "Shape__Are": 2285053823.8099999, "Shape__Len": 328711.531449, "sampling_2": "SEWAGE" }, "geometry": { "type": "Point", "coordinates": [ -3.718993, 50.7765749 ] } },
{ "type": "Feature", "properties": { "Join_Count": 1, "TARGET_FID": 19059, "F_id": "http://environment.data.gov.uk/water-quality/id/sampling-point/SW-70520009", "label": "FLYBE TRAINING ACADEMY, CLYST HONITON", "comment": "FLYBE TRAINING ACADEMY, CLYST HONITON", "easting": 300833, "northing": 93251, "lat": 50.730382, "long": -3.406464, "notation": "SW-70520009", "area_label": "Devon and Cornwall", "subarea_la": "EAST DEVON AND CORNWALL", "samplingPo": "open", "sampling_1": "SEWAGE DISCHARGES - FINAL/TREATED EFFLUENT - NOT WATER COMPANY", "CaBA_Partn": "East Devon Catchment Partnership", "CaBA_Websi": "https://catchmentbasedapproach.org/get-involved/east-devon/", "CaBA_ID": 24, "CaBA_Catch": "East Devon", "EA_NE_Area": "Devon Cornwall and the Isles of Scilly", "WFD_RBD": "South West", "EA_WM_Area": "Devon and Cornwall", "X": -3.3763267531799999, "Y": 50.847270363299998, "Shape__Are": 2285053823.8099999, "Shape__Len": 328711.531449, "sampling_2": "SEWAGE DISCHARGES - NOT WATER COMPANY" }, "geometry": { "type": "Point", "coordinates": [ -3.4064712, 50.7303838 ] } },
{ "type": "Feature", "properties": { "Join_Count": 1, "TARGET_FID": 19074, "F_id": "http://environment.data.gov.uk/water-quality/id/sampling-point/SW-70520010", "label": "HAMPTON BY HILTON HOTEL, CLYST HONITON", "comment": "HAMPTON BY HILTON HOTEL STW, CLYST HONITON", "easting": 300863, "northing": 93245, "lat": 50.730333, "long": -3.406038, "notation": "SW-70520010", "area_label": "Devon and Cornwall", "subarea_la": "EAST DEVON AND CORNWALL", "samplingPo": "open", "sampling_1": "SEWAGE DISCHARGES - FINAL/TREATED EFFLUENT - NOT WATER COMPANY", "CaBA_Partn": "East Devon Catchment Partnership", "CaBA_Websi": "https://catchmentbasedapproach.org/get-involved/east-devon/", "CaBA_ID": 24, "CaBA_Catch": "East Devon", "EA_NE_Area": "Devon Cornwall and the Isles of Scilly", "WFD_RBD": "South West", "EA_WM_Area": "Devon and Cornwall", "X": -3.3763267531799999, "Y": 50.847270363299998, "Shape__Are": 2285053823.8099999, "Shape__Len": 328711.531449, "sampling_2": "SEWAGE DISCHARGES - NOT WATER COMPANY" }, "geometry": { "type": "Point", "coordinates": [ -3.4060447, 50.730335 ] } },
{ "type": "Feature", "properties": { "Join_Count": 1, "TARGET_FID": 19105, "F_id": "http://environment.data.gov.uk/water-quality/id/sampling-point/SW-70541894", "label": "CADELEIGH STW FE", "comment": "CADELEIGH S T W - EFFLUENT", "easting": 291500, "northing": 108200, "lat": 50.863092, "long": -3.543076, "notation": "SW-70541894", "area_label": "Devon and Cornwall", "subarea_la": "EAST DEVON AND CORNWALL", "samplingPo": "open", "sampling_1": "SEWAGE DISCHARGES - FINAL/TREATED EFFLUENT - WATER COMPANY", "CaBA_Partn": "East Devon Catchment Partnership", "CaBA_Websi": "https://catchmentbasedapproach.org/get-involved/east-devon/", "CaBA_ID": 24, "CaBA_Catch": "East Devon", "EA_NE_Area": "Devon Cornwall and the Isles of Scilly", "WFD_RBD": "South West", "EA_WM_Area": "Devon and Cornwall", "X": -3.3763267531799999, "Y": 50.847270363299998, "Shape__Are": 2285053823.8099999, "Shape__Len": 328711.531449, "sampling_2": "SEWAGE DISCHARGES - WATER COMPANY" }, "geometry": { "type": "Point", "coordinates": [ -3.5430831, 50.8630947 ] } },
{ "type": "Feature", "properties": { "Join_Count": 1, "TARGET_FID": 19111, "F_id": "http://environment.data.gov.uk/water-quality/id/sampling-point/SW-70593410", "label": "PUDDINGTON STW FE", "comment": "PUDDINGTON S T W - EFFLUENT", "easting": 283600, "northing": 110600, "lat": 50.883127, "long": -3.656046, "notation": "SW-70593410", "area_label": "Devon and Cornwall", "subarea_la": "EAST DEVON AND CORNWALL", "samplingPo": "open", "sampling_1": "SEWAGE DISCHARGES - FINAL/TREATED EFFLUENT - WATER COMPANY", "CaBA_Partn": "East Devon Catchment Partnership", "CaBA_Websi": "https://catchmentbasedapproach.org/get-involved/east-devon/", "CaBA_ID": 24, "CaBA_Catch": "East Devon", "EA_NE_Area": "Devon Cornwall and the Isles of Scilly", "WFD_RBD": "South West", "EA_WM_Area": "Devon and Cornwall", "X": -3.3763267531799999, "Y": 50.847270363299998, "Shape__Are": 2285053823.8099999, "Shape__Len": 328711.531449, "sampling_2": "SEWAGE DISCHARGES - WATER COMPANY" }, "geometry": { "type": "Point", "coordinates": [ -3.6560531, 50.8831296 ] } },
{ "type": "Feature", "properties": { "Join_Count": 1, "TARGET_FID": 19130, "F_id": "http://environment.data.gov.uk/water-quality/id/sampling-point/SW-70557495", "label": "OLDWAYS END STW FE", "comment": "OLDWAYS END S T W - EFFLUENT", "easting": 286800, "northing": 125000, "lat": 51.013201, "long": -3.615057, "notation": "SW-70557495", "area_label": "Devon and Cornwall", "subarea_la": "EAST DEVON AND CORNWALL", "samplingPo": "open", "sampling_1": "SEWAGE DISCHARGES - FINAL/TREATED EFFLUENT - WATER COMPANY", "CaBA_Partn": "East Devon Catchment Partnership", "CaBA_Websi": "https://catchmentbasedapproach.org/get-involved/east-devon/", "CaBA_ID": 24, "CaBA_Catch": "East Devon", "EA_NE_Area": "Devon Cornwall and the Isles of Scilly", "WFD_RBD": "South West", "EA_WM_Area": "Devon and Cornwall", "X": -3.3763267531799999, "Y": 50.847270363299998, "Shape__Are": 2285053823.8099999, "Shape__Len": 328711.531449, "sampling_2": "SEWAGE DISCHARGES - WATER COMPANY" }, "geometry": { "type": "Point", "coordinates": [ -3.6150641, 51.013204 ] } },
{ "type": "Feature", "properties": { "Join_Count": 1, "TARGET_FID": 19144, "F_id": "http://environment.data.gov.uk/water-quality/id/sampling-point/SW-70513922", "label": "MATFORD BROOK 20M D/S FB, U/S POND TRIBS", "comment": "MATFORD BROOK 20M D/S FB, U/S POND TRIBS", "easting": 293475, "northing": 89223, "lat": 50.692868, "long": -3.509519, "notation": "SW-70513922", "area_label": "Devon and Cornwall", "subarea_la": "CENTRAL DEVON AND CORNWALL", "samplingPo": "open", "sampling_1": "FRESHWATER - UNSPECIFIED", "CaBA_Partn": "East Devon Catchment Partnership", "CaBA_Websi": "https://catchmentbasedapproach.org/get-involved/east-devon/", "CaBA_ID": 24, "CaBA_Catch": "East Devon", "EA_NE_Area": "Devon Cornwall and the Isles of Scilly", "WFD_RBD": "South West", "EA_WM_Area": "Devon and Cornwall", "X": -3.3763267531799999, "Y": 50.847270363299998, "Shape__Are": 2285053823.8099999, "Shape__Len": 328711.531449, "sampling_2": "FRESHWATER" }, "geometry": { "type": "Point", "coordinates": [ -3.5095263, 50.6928697 ] } },
{ "type": "Feature", "properties": { "Join_Count": 1, "TARGET_FID": 19276, "F_id": "http://environment.data.gov.uk/water-quality/id/sampling-point/SW-70581172", "label": "ACLANDS ON R. BARLE, U/S FORD", "comment": "ACLANDS ON R. BARLE, U/S OF FORD", "easting": 273144, "northing": 140000, "lat": 51.145162, "long": -3.814897, "notation": "SW-70581172", "area_label": "Devon and Cornwall", "subarea_la": "EAST DEVON AND CORNWALL", "samplingPo": "open", "sampling_1": "FRESHWATER - RIVERS", "CaBA_Partn": "East Devon Catchment Partnership", "CaBA_Websi": "https://catchmentbasedapproach.org/get-involved/east-devon/", "CaBA_ID": 24, "CaBA_Catch": "East Devon", "EA_NE_Area": "Devon Cornwall and the Isles of Scilly", "WFD_RBD": "South West", "EA_WM_Area": "Devon and Cornwall", "X": -3.3763267531799999, "Y": 50.847270363299998, "Shape__Are": 2285053823.8099999, "Shape__Len": 328711.531449, "sampling_2": "FRESHWATER" }, "geometry": { "type": "Point", "coordinates": [ -3.8149038, 51.1451657 ] } },
{ "type": "Feature", "properties": { "Join_Count": 1, "TARGET_FID": 19321, "F_id": "http://environment.data.gov.uk/water-quality/id/sampling-point/SW-70591075", "label": "BURRIDGE FARM CARE HOME, SANDFORD", "comment": "BURRIDGE FARM CARE HOME STW, SANDFORD", "easting": 281567, "northing": 105422, "lat": 50.836171, "long": -3.683256, "notation": "SW-70591075", "area_label": "Devon and Cornwall", "subarea_la": "EAST DEVON AND CORNWALL", "samplingPo": "open", "sampling_1": "SEWAGE DISCHARGES - FINAL/TREATED EFFLUENT - NOT WATER COMPANY", "CaBA_Partn": "East Devon Catchment Partnership", "CaBA_Websi": "https://catchmentbasedapproach.org/get-involved/east-devon/", "CaBA_ID": 24, "CaBA_Catch": "East Devon", "EA_NE_Area": "Devon Cornwall and the Isles of Scilly", "WFD_RBD": "South West", "EA_WM_Area": "Devon and Cornwall", "X": -3.3763267531799999, "Y": 50.847270363299998, "Shape__Are": 2285053823.8099999, "Shape__Len": 328711.531449, "sampling_2": "SEWAGE DISCHARGES - NOT WATER COMPANY" }, "geometry": { "type": "Point", "coordinates": [ -3.6832628, 50.8361733 ] } },
{ "type": "Feature", "properties": { "Join_Count": 1, "TARGET_FID": 19324, "F_id": "http://environment.data.gov.uk/water-quality/id/sampling-point/SW-70550105", "label": "R. EXE 150M U/S OF BICKLEIGH BRIDGE", "comment": "R. EXE 150M U/S OF BICKLEIGH BRIDGE", "easting": 293831, "northing": 107714, "lat": 50.859156, "long": -3.509825, "notation": "SW-70550105", "area_label": "Devon and Cornwall", "subarea_la": "EAST DEVON AND CORNWALL", "samplingPo": "open", "sampling_1": "FRESHWATER - RIVERS", "CaBA_Partn": "East Devon Catchment Partnership", "CaBA_Websi": "https://catchmentbasedapproach.org/get-involved/east-devon/", "CaBA_ID": 24, "CaBA_Catch": "East Devon", "EA_NE_Area": "Devon Cornwall and the Isles of Scilly", "WFD_RBD": "South West", "EA_WM_Area": "Devon and Cornwall", "X": -3.3763267531799999, "Y": 50.847270363299998, "Shape__Are": 2285053823.8099999, "Shape__Len": 328711.531449, "sampling_2": "FRESHWATER" }, "geometry": { "type": "Point", "coordinates": [ -3.5098324, 50.8591591 ] } },
{ "type": "Feature", "properties": { "Join_Count": 1, "TARGET_FID": 19360, "F_id": "http://environment.data.gov.uk/water-quality/id/sampling-point/SW-70581115", "label": "R. BARLE U/S OF WITHYPOOL", "comment": "R. BARLE U/S OF WITHTPOOL (CRAYFISH SITE)", "easting": 284047, "northing": 135469, "lat": 51.106751, "long": -3.657642, "notation": "SW-70581115", "area_label": "Devon and Cornwall", "subarea_la": "EAST DEVON AND CORNWALL", "samplingPo": "open", "sampling_1": "FRESHWATER - RIVERS", "CaBA_Partn": "East Devon Catchment Partnership", "CaBA_Websi": "https://catchmentbasedapproach.org/get-involved/east-devon/", "CaBA_ID": 24, "CaBA_Catch": "East Devon", "EA_NE_Area": "Devon Cornwall and the Isles of Scilly", "WFD_RBD": "South West", "EA_WM_Area": "Devon and Cornwall", "X": -3.3763267531799999, "Y": 50.847270363299998, "Shape__Are": 2285053823.8099999, "Shape__Len": 328711.531449, "sampling_2": "FRESHWATER" }, "geometry": { "type": "Point", "coordinates": [ -3.6576496, 51.1067544 ] } },
{ "type": "Feature", "properties": { "Join_Count": 1, "TARGET_FID": 19377, "F_id": "http://environment.data.gov.uk/water-quality/id/sampling-point/SW-70531682", "label": "DRAGONFLY FOODS LTD, WILLAND", "comment": "DRAGONFLY FOODS LIMITED, WILLAND", "easting": 304927, "northing": 112134, "lat": 50.900825, "long": -3.353372, "notation": "SW-70531682", "area_label": "Devon and Cornwall", "subarea_la": "EAST DEVON AND CORNWALL", "samplingPo": "open", "sampling_1": "TRADE DISCHARGES - PROCESS EFFLUENT - NOT WATER COMPANY", "CaBA_Partn": "East Devon Catchment Partnership", "CaBA_Websi": "https://catchmentbasedapproach.org/get-involved/east-devon/", "CaBA_ID": 24, "CaBA_Catch": "East Devon", "EA_NE_Area": "Devon Cornwall and the Isles of Scilly", "WFD_RBD": "South West", "EA_WM_Area": "Devon and Cornwall", "X": -3.3763267531799999, "Y": 50.847270363299998, "Shape__Are": 2285053823.8099999, "Shape__Len": 328711.531449, "sampling_2": "SEWAGE DISCHARGES - NOT WATER COMPANY" }, "geometry": { "type": "Point", "coordinates": [ -3.3533796, 50.9008276 ] } },
{ "type": "Feature", "properties": { "Join_Count": 1, "TARGET_FID": 19378, "F_id": "http://environment.data.gov.uk/water-quality/id/sampling-point/SW-70531256", "label": "OLD BRIDWELL STW  UFFCULME", "comment": "OLD BRIDWELL STW UFFCULME COLLUMPTON DEVON", "easting": 305500, "northing": 112500, "lat": 50.904209, "long": -3.345321, "notation": "SW-70531256", "area_label": "Devon and Cornwall", "subarea_la": "EAST DEVON AND CORNWALL", "samplingPo": "open", "sampling_1": "SEWAGE DISCHARGES - FINAL/TREATED EFFLUENT - NOT WATER COMPANY", "CaBA_Partn": "East Devon Catchment Partnership", "CaBA_Websi": "https://catchmentbasedapproach.org/get-involved/east-devon/", "CaBA_ID": 24, "CaBA_Catch": "East Devon", "EA_NE_Area": "Devon Cornwall and the Isles of Scilly", "WFD_RBD": "South West", "EA_WM_Area": "Devon and Cornwall", "X": -3.3763267531799999, "Y": 50.847270363299998, "Shape__Are": 2285053823.8099999, "Shape__Len": 328711.531449, "sampling_2": "SEWAGE DISCHARGES - NOT WATER COMPANY" }, "geometry": { "type": "Point", "coordinates": [ -3.3453284, 50.9042121 ] } },
{ "type": "Feature", "properties": { "Join_Count": 1, "TARGET_FID": 19385, "F_id": "http://environment.data.gov.uk/water-quality/id/sampling-point/SW-70512060", "label": "6 DWELLINGS AT CLAPHAM, EXETER", "comment": "COOMBE HOUSE, CLOPTON DOWN, WOODLANDS, LITTLE ACORNS, BRAMBLE HOUSE & HOLLY OAKS, CLAPHAM, EXETER", "easting": 289700, "northing": 86900, "lat": 50.671281, "long": -3.56225, "notation": "SW-70512060", "area_label": "Devon and Cornwall", "subarea_la": "CENTRAL DEVON AND CORNWALL", "samplingPo": "open", "sampling_1": "SEWAGE DISCHARGES - FINAL/TREATED EFFLUENT - NOT WATER COMPANY", "CaBA_Partn": "East Devon Catchment Partnership", "CaBA_Websi": "https://catchmentbasedapproach.org/get-involved/east-devon/", "CaBA_ID": 24, "CaBA_Catch": "East Devon", "EA_NE_Area": "Devon Cornwall and the Isles of Scilly", "WFD_RBD": "South West", "EA_WM_Area": "Devon and Cornwall", "X": -3.3763267531799999, "Y": 50.847270363299998, "Shape__Are": 2285053823.8099999, "Shape__Len": 328711.531449, "sampling_2": "SEWAGE DISCHARGES - NOT WATER COMPANY" }, "geometry": { "type": "Point", "coordinates": [ -3.5622575, 50.6712831 ] } },
{ "type": "Feature", "properties": { "Join_Count": 1, "TARGET_FID": 19403, "F_id": "http://environment.data.gov.uk/water-quality/id/sampling-point/SW-70550350", "label": "RIVER EXE - 40M D/S EXE-BARLE CONFL", "comment": "RIVER EXE - 40M D/S EXE-BARLE CONFLUENCE", "easting": 293462, "northing": 125110, "lat": 51.015464, "long": -3.520158, "notation": "SW-70550350", "area_label": "Devon and Cornwall", "subarea_la": "EAST DEVON AND CORNWALL", "samplingPo": "open", "sampling_1": "FRESHWATER - RIVERS", "CaBA_Partn": "East Devon Catchment Partnership", "CaBA_Websi": "https://catchmentbasedapproach.org/get-involved/east-devon/", "CaBA_ID": 24, "CaBA_Catch": "East Devon", "EA_NE_Area": "Devon Cornwall and the Isles of Scilly", "WFD_RBD": "South West", "EA_WM_Area": "Devon and Cornwall", "X": -3.3763267531799999, "Y": 50.847270363299998, "Shape__Are": 2285053823.8099999, "Shape__Len": 328711.531449, "sampling_2": "FRESHWATER" }, "geometry": { "type": "Point", "coordinates": [ -3.5201651, 51.0154669 ] } },
{ "type": "Feature", "properties": { "Join_Count": 1, "TARGET_FID": 19406, "F_id": "http://environment.data.gov.uk/water-quality/id/sampling-point/SW-70522602", "label": "FISHER BRIDGE MILL, TOPSHAM", "comment": "FISHER BRIDGE MILL, TOPSHAM, EXETER, DEVON, EX3 0QQ", "easting": 297050, "northing": 88280, "lat": 50.685035, "long": -3.45866, "notation": "SW-70522602", "area_label": "Devon and Cornwall", "subarea_la": "EAST DEVON AND CORNWALL", "samplingPo": "open", "sampling_1": "SEWAGE DISCHARGES - FINAL/TREATED EFFLUENT - NOT WATER COMPANY", "CaBA_Partn": "East Devon Catchment Partnership", "CaBA_Websi": "https://catchmentbasedapproach.org/get-involved/east-devon/", "CaBA_ID": 24, "CaBA_Catch": "East Devon", "EA_NE_Area": "Devon Cornwall and the Isles of Scilly", "WFD_RBD": "South West", "EA_WM_Area": "Devon and Cornwall", "X": -3.3763267531799999, "Y": 50.847270363299998, "Shape__Are": 2285053823.8099999, "Shape__Len": 328711.531449, "sampling_2": "SEWAGE DISCHARGES - NOT WATER COMPANY" }, "geometry": { "type": "Point", "coordinates": [ -3.4586669, 50.6850368 ] } },
{ "type": "Feature", "properties": { "Join_Count": 1, "TARGET_FID": 19416, "F_id": "http://environment.data.gov.uk/water-quality/id/sampling-point/SW-70524040", "label": "LAND ADJ WATERLAKE MEADOW, WHIMPLE", "comment": "LAND ADJ WATERLAKE MEADOW, CHURCH RD, HAND AND PEN, WHIMPLE, EXETER, DEVON", "easting": 304560, "northing": 96010, "lat": 50.75581, "long": -3.354388, "notation": "SW-70524040", "area_label": "Devon and Cornwall", "subarea_la": "EAST DEVON AND CORNWALL", "samplingPo": "open", "sampling_1": "SEWAGE DISCHARGES - FINAL/TREATED EFFLUENT - NOT WATER COMPANY", "CaBA_Partn": "East Devon Catchment Partnership", "CaBA_Websi": "https://catchmentbasedapproach.org/get-involved/east-devon/", "CaBA_ID": 24, "CaBA_Catch": "East Devon", "EA_NE_Area": "Devon Cornwall and the Isles of Scilly", "WFD_RBD": "South West", "EA_WM_Area": "Devon and Cornwall", "X": -3.3763267531799999, "Y": 50.847270363299998, "Shape__Are": 2285053823.8099999, "Shape__Len": 328711.531449, "sampling_2": "SEWAGE DISCHARGES - NOT WATER COMPANY" }, "geometry": { "type": "Point", "coordinates": [ -3.3543947, 50.7558126 ] } },
{ "type": "Feature", "properties": { "Join_Count": 1, "TARGET_FID": 19417, "F_id": "http://environment.data.gov.uk/water-quality/id/sampling-point/SW-70571010", "label": "RIVER HADDEO AT CLAMMERFORD", "comment": "RIVER HADDEO AT CLAMMERFORD", "easting": 294420, "northing": 128820, "lat": 51.04899, "long": -3.507588, "notation": "SW-70571010", "area_label": "Devon and Cornwall", "subarea_la": "EAST DEVON AND CORNWALL", "samplingPo": "open", "sampling_1": "FRESHWATER - RIVERS", "CaBA_Partn": "East Devon Catchment Partnership", "CaBA_Websi": "https://catchmentbasedapproach.org/get-involved/east-devon/", "CaBA_ID": 24, "CaBA_Catch": "East Devon", "EA_NE_Area": "Devon Cornwall and the Isles of Scilly", "WFD_RBD": "South West", "EA_WM_Area": "Devon and Cornwall", "X": -3.3763267531799999, "Y": 50.847270363299998, "Shape__Are": 2285053823.8099999, "Shape__Len": 328711.531449, "sampling_2": "FRESHWATER" }, "geometry": { "type": "Point", "coordinates": [ -3.5075951, 51.0489932 ] } },
{ "type": "Feature", "properties": { "Join_Count": 1, "TARGET_FID": 19424, "F_id": "http://environment.data.gov.uk/water-quality/id/sampling-point/SW-70530060", "label": "PUGHAM FARM, WESTLEIGH", "comment": "PUGHAM FARM (SAMPFORD PROPERTY LTD), WESTLEIGH, TIVERTON, DEVON, EX16 7HL", "easting": 305690, "northing": 115460, "lat": 50.93085, "long": -3.343386, "notation": "SW-70530060", "area_label": "Devon and Cornwall", "subarea_la": "CENTRAL DEVON AND CORNWALL", "samplingPo": "open", "sampling_1": "SEWAGE DISCHARGES - FINAL/TREATED EFFLUENT - NOT WATER COMPANY", "CaBA_Partn": "East Devon Catchment Partnership", "CaBA_Websi": "https://catchmentbasedapproach.org/get-involved/east-devon/", "CaBA_ID": 24, "CaBA_Catch": "East Devon", "EA_NE_Area": "Devon Cornwall and the Isles of Scilly", "WFD_RBD": "South West", "EA_WM_Area": "Devon and Cornwall", "X": -3.3763267531799999, "Y": 50.847270363299998, "Shape__Are": 2285053823.8099999, "Shape__Len": 328711.531449, "sampling_2": "SEWAGE DISCHARGES - NOT WATER COMPANY" }, "geometry": { "type": "Point", "coordinates": [ -3.3433933, 50.9308533 ] } },
{ "type": "Feature", "properties": { "Join_Count": 1, "TARGET_FID": 19425, "F_id": "http://environment.data.gov.uk/water-quality/id/sampling-point/SW-70570226", "label": "RIVER EXE U/S EXFORD STW", "comment": "RIVER EXE ABOVE EXFORD STW", "easting": 285530, "northing": 138270, "lat": 51.132226, "long": -3.637359, "notation": "SW-70570226", "area_label": "Devon and Cornwall", "subarea_la": "EAST DEVON AND CORNWALL", "samplingPo": "open", "sampling_1": "FRESHWATER - RIVERS", "CaBA_Partn": "East Devon Catchment Partnership", "CaBA_Websi": "https://catchmentbasedapproach.org/get-involved/east-devon/", "CaBA_ID": 24, "CaBA_Catch": "East Devon", "EA_NE_Area": "Devon Cornwall and the Isles of Scilly", "WFD_RBD": "South West", "EA_WM_Area": "Devon and Cornwall", "X": -3.3763267531799999, "Y": 50.847270363299998, "Shape__Are": 2285053823.8099999, "Shape__Len": 328711.531449, "sampling_2": "FRESHWATER" }, "geometry": { "type": "Point", "coordinates": [ -3.6373658, 51.1322292 ] } },
{ "type": "Feature", "properties": { "Join_Count": 1, "TARGET_FID": 19426, "F_id": "http://environment.data.gov.uk/water-quality/id/sampling-point/SW-70630023", "label": "HALDON CAFE & CHALETS, KENNFORD", "comment": "HALDON CAFE AND CHALETS, WILD HAVEN AND A BUNGALOW, KENNFORD", "easting": 291239, "northing": 83344, "lat": 50.639604, "long": -3.539434, "notation": "SW-70630023", "area_label": "Devon and Cornwall", "subarea_la": "CENTRAL DEVON AND CORNWALL", "samplingPo": "open", "sampling_1": "SEWAGE DISCHARGES - FINAL/TREATED EFFLUENT - NOT WATER COMPANY", "CaBA_Partn": "East Devon Catchment Partnership", "CaBA_Websi": "https://catchmentbasedapproach.org/get-involved/east-devon/", "CaBA_ID": 24, "CaBA_Catch": "East Devon", "EA_NE_Area": "Devon Cornwall and the Isles of Scilly", "WFD_RBD": "South West", "EA_WM_Area": "Devon and Cornwall", "X": -3.3763267531799999, "Y": 50.847270363299998, "Shape__Are": 2285053823.8099999, "Shape__Len": 328711.531449, "sampling_2": "SEWAGE DISCHARGES - NOT WATER COMPANY" }, "geometry": { "type": "Point", "coordinates": [ -3.5394414, 50.6396062 ] } },
{ "type": "Feature", "properties": { "Join_Count": 1, "TARGET_FID": 19435, "F_id": "http://environment.data.gov.uk/water-quality/id/sampling-point/SW-70501840", "label": "FORD BROOK U/S CHERITON BISHOP STW", "comment": "FORD BROOK U/S OF TRIB RUNNING FROM CHERITON BISHOP STW OUTFALL", "easting": 277657, "northing": 93539, "lat": 50.728547, "long": -3.734797, "notation": "SW-70501840", "area_label": "Devon and Cornwall", "subarea_la": "EAST DEVON AND CORNWALL", "samplingPo": "open", "sampling_1": "FRESHWATER - RIVERS", "CaBA_Partn": "East Devon Catchment Partnership", "CaBA_Websi": "https://catchmentbasedapproach.org/get-involved/east-devon/", "CaBA_ID": 24, "CaBA_Catch": "East Devon", "EA_NE_Area": "Devon Cornwall and the Isles of Scilly", "WFD_RBD": "South West", "EA_WM_Area": "Devon and Cornwall", "X": -3.3763267531799999, "Y": 50.847270363299998, "Shape__Are": 2285053823.8099999, "Shape__Len": 328711.531449, "sampling_2": "FRESHWATER" }, "geometry": { "type": "Point", "coordinates": [ -3.7348043, 50.7285495 ] } },
{ "type": "Feature", "properties": { "Join_Count": 1, "TARGET_FID": 19439, "F_id": "http://environment.data.gov.uk/water-quality/id/sampling-point/SW-70512059", "label": "RIVER KENN AT IDESTONE BROOK CROSS", "comment": "RIVER KENN AT IDESTONE BROOK CROSS", "easting": 287613, "northing": 88327, "lat": 50.683709, "long": -3.592206, "notation": "SW-70512059", "area_label": "Devon and Cornwall", "subarea_la": "CENTRAL DEVON AND CORNWALL", "samplingPo": "open", "sampling_1": "FRESHWATER - RIVERS", "CaBA_Partn": "East Devon Catchment Partnership", "CaBA_Websi": "https://catchmentbasedapproach.org/get-involved/east-devon/", "CaBA_ID": 24, "CaBA_Catch": "East Devon", "EA_NE_Area": "Devon Cornwall and the Isles of Scilly", "WFD_RBD": "South West", "EA_WM_Area": "Devon and Cornwall", "X": -3.3763267531799999, "Y": 50.847270363299998, "Shape__Are": 2285053823.8099999, "Shape__Len": 328711.531449, "sampling_2": "FRESHWATER" }, "geometry": { "type": "Point", "coordinates": [ -3.5922134, 50.6837111 ] } },
{ "type": "Feature", "properties": { "Join_Count": 1, "TARGET_FID": 19450, "F_id": "http://environment.data.gov.uk/water-quality/id/sampling-point/SW-70591774", "label": "HOLLY WATERU/S POUGHILL STW", "comment": "HOLLY WATER ABOVE POUGHILL STW", "easting": 286520, "northing": 108330, "lat": 50.863304, "long": -3.613849, "notation": "SW-70591774", "area_label": "Devon and Cornwall", "subarea_la": "EAST DEVON AND CORNWALL", "samplingPo": "open", "sampling_1": "FRESHWATER - RIVERS", "CaBA_Partn": "East Devon Catchment Partnership", "CaBA_Websi": "https://catchmentbasedapproach.org/get-involved/east-devon/", "CaBA_ID": 24, "CaBA_Catch": "East Devon", "EA_NE_Area": "Devon Cornwall and the Isles of Scilly", "WFD_RBD": "South West", "EA_WM_Area": "Devon and Cornwall", "X": -3.3763267531799999, "Y": 50.847270363299998, "Shape__Are": 2285053823.8099999, "Shape__Len": 328711.531449, "sampling_2": "FRESHWATER" }, "geometry": { "type": "Point", "coordinates": [ -3.6138566, 50.8633064 ] } },
{ "type": "Feature", "properties": { "Join_Count": 1, "TARGET_FID": 19453, "F_id": "http://environment.data.gov.uk/water-quality/id/sampling-point/SW-70501069", "label": "RIVER YEO AT BINNEFORD", "comment": "RIVER YEO (CREEDY) AT BINNEFORD", "easting": 276010, "northing": 96850, "lat": 50.757958, "long": -3.759237, "notation": "SW-70501069", "area_label": "Devon and Cornwall", "subarea_la": "EAST DEVON AND CORNWALL", "samplingPo": "open", "sampling_1": "FRESHWATER - RIVERS", "CaBA_Partn": "East Devon Catchment Partnership", "CaBA_Websi": "https://catchmentbasedapproach.org/get-involved/east-devon/", "CaBA_ID": 24, "CaBA_Catch": "East Devon", "EA_NE_Area": "Devon Cornwall and the Isles of Scilly", "WFD_RBD": "South West", "EA_WM_Area": "Devon and Cornwall", "X": -3.3763267531799999, "Y": 50.847270363299998, "Shape__Are": 2285053823.8099999, "Shape__Len": 328711.531449, "sampling_2": "FRESHWATER" }, "geometry": { "type": "Point", "coordinates": [ -3.7592438, 50.7579606 ] } },
{ "type": "Feature", "properties": { "Join_Count": 1, "TARGET_FID": 19456, "F_id": "http://environment.data.gov.uk/water-quality/id/sampling-point/SW-70581050", "label": "RIVER BARLE U/S DULVERTON LAUNDRY", "comment": "RIVER BARLE ABOVE DULVERTON LAUNDRY", "easting": 291200, "northing": 127820, "lat": 51.039399, "long": -3.553206, "notation": "SW-70581050", "area_label": "Devon and Cornwall", "subarea_la": "EAST DEVON AND CORNWALL", "samplingPo": "open", "sampling_1": "FRESHWATER - RIVERS", "CaBA_Partn": "East Devon Catchment Partnership", "CaBA_Websi": "https://catchmentbasedapproach.org/get-involved/east-devon/", "CaBA_ID": 24, "CaBA_Catch": "East Devon", "EA_NE_Area": "Devon Cornwall and the Isles of Scilly", "WFD_RBD": "South West", "EA_WM_Area": "Devon and Cornwall", "X": -3.3763267531799999, "Y": 50.847270363299998, "Shape__Are": 2285053823.8099999, "Shape__Len": 328711.531449, "sampling_2": "FRESHWATER" }, "geometry": { "type": "Point", "coordinates": [ -3.5532136, 51.0394028 ] } },
{ "type": "Feature", "properties": { "Join_Count": 1, "TARGET_FID": 19470, "F_id": "http://environment.data.gov.uk/water-quality/id/sampling-point/SW-70515515", "label": "DAWLISH WATER - STONELANDS BRIDGE", "comment": "DAWLISH WATER AT STONELANDS BRIDGE, DAWLISH", "easting": 295036, "northing": 76750, "lat": 50.581023, "long": -3.483891, "notation": "SW-70515515", "area_label": "Devon and Cornwall", "subarea_la": "CENTRAL DEVON AND CORNWALL", "samplingPo": "open", "sampling_1": "FRESHWATER - RIVERS", "CaBA_Partn": "East Devon Catchment Partnership", "CaBA_Websi": "https://catchmentbasedapproach.org/get-involved/east-devon/", "CaBA_ID": 24, "CaBA_Catch": "East Devon", "EA_NE_Area": "Devon Cornwall and the Isles of Scilly", "WFD_RBD": "South West", "EA_WM_Area": "Devon and Cornwall", "X": -3.3763267531799999, "Y": 50.847270363299998, "Shape__Are": 2285053823.8099999, "Shape__Len": 328711.531449, "sampling_2": "FRESHWATER" }, "geometry": { "type": "Point", "coordinates": [ -3.4838978, 50.5810244 ] } },
{ "type": "Feature", "properties": { "Join_Count": 1, "TARGET_FID": 19487, "F_id": "http://environment.data.gov.uk/water-quality/id/sampling-point/SW-70512082", "label": "HALDON FOREST HOLIDAY PARK", "comment": "HALDON FOREST HOLIDAY PARK, HALDON LODGE, CLAPHAM", "easting": 289624, "northing": 86858, "lat": 50.670889, "long": -3.563313, "notation": "SW-70512082", "area_label": "Devon and Cornwall", "subarea_la": "CENTRAL DEVON AND CORNWALL", "samplingPo": "open", "sampling_1": "SEWAGE DISCHARGES - FINAL/TREATED EFFLUENT - NOT WATER COMPANY", "CaBA_Partn": "East Devon Catchment Partnership", "CaBA_Websi": "https://catchmentbasedapproach.org/get-involved/east-devon/", "CaBA_ID": 24, "CaBA_Catch": "East Devon", "EA_NE_Area": "Devon Cornwall and the Isles of Scilly", "WFD_RBD": "South West", "EA_WM_Area": "Devon and Cornwall", "X": -3.3763267531799999, "Y": 50.847270363299998, "Shape__Are": 2285053823.8099999, "Shape__Len": 328711.531449, "sampling_2": "SEWAGE DISCHARGES - NOT WATER COMPANY" }, "geometry": { "type": "Point", "coordinates": [ -3.56332, 50.6708911 ] } },
{ "type": "Feature", "properties": { "Join_Count": 1, "TARGET_FID": 19519, "F_id": "http://environment.data.gov.uk/water-quality/id/sampling-point/SW-70502382", "label": "KNOWLE (CREDITON) STW FE", "comment": "KNOWLE (CREDITON) STW - SEPTIC TANK DISCHARGE TO UNNAMED STREAM", "easting": 278300, "northing": 101600, "lat": 50.801139, "long": -3.72836, "notation": "SW-70502382", "area_label": "Devon and Cornwall", "subarea_la": "EAST DEVON AND CORNWALL", "samplingPo": "open", "sampling_1": "SEWAGE DISCHARGES - FINAL/TREATED EFFLUENT - WATER COMPANY", "CaBA_Partn": "East Devon Catchment Partnership", "CaBA_Websi": "https://catchmentbasedapproach.org/get-involved/east-devon/", "CaBA_ID": 24, "CaBA_Catch": "East Devon", "EA_NE_Area": "Devon Cornwall and the Isles of Scilly", "WFD_RBD": "South West", "EA_WM_Area": "Devon and Cornwall", "X": -3.3763267531799999, "Y": 50.847270363299998, "Shape__Are": 2285053823.8099999, "Shape__Len": 328711.531449, "sampling_2": "SEWAGE DISCHARGES - WATER COMPANY" }, "geometry": { "type": "Point", "coordinates": [ -3.7283668, 50.8011411 ] } },
{ "type": "Feature", "properties": { "Join_Count": 1, "TARGET_FID": 19567, "F_id": "http://environment.data.gov.uk/water-quality/id/sampling-point/SW-RSN1819", "label": "R. CULM @ BRADNINCH", "comment": "RSN1819 RIVER CULM AT BRADNINCH (CULM)", "easting": 301022, "northing": 103905, "lat": 50.826192, "long": -3.406658, "notation": "SW-RSN1819", "area_label": "Devon and Cornwall", "subarea_la": "EAST DEVON AND CORNWALL", "samplingPo": "open", "sampling_1": "FRESHWATER - RIVERS", "CaBA_Partn": "East Devon Catchment Partnership", "CaBA_Websi": "https://catchmentbasedapproach.org/get-involved/east-devon/", "CaBA_ID": 24, "CaBA_Catch": "East Devon", "EA_NE_Area": "Devon Cornwall and the Isles of Scilly", "WFD_RBD": "South West", "EA_WM_Area": "Devon and Cornwall", "X": -3.3763267531799999, "Y": 50.847270363299998, "Shape__Are": 2285053823.8099999, "Shape__Len": 328711.531449, "sampling_2": "FRESHWATER" }, "geometry": { "type": "Point", "coordinates": [ -3.4066655, 50.8261941 ] } },
{ "type": "Feature", "properties": { "Join_Count": 1, "TARGET_FID": 19588, "F_id": "http://environment.data.gov.uk/water-quality/id/sampling-point/SW-RSN1683", "label": "JACKMOOR BROOK AT YENDACOTT COPSE", "comment": "RSN1683 YENDACOTT COPSE - JACKMOOR BROOK (CREEDY)", "easting": 290578, "northing": 100875, "lat": 50.797073, "long": -3.553983, "notation": "SW-RSN1683", "area_label": "Devon and Cornwall", "subarea_la": "EAST DEVON AND CORNWALL", "samplingPo": "open", "sampling_1": "FRESHWATER - RIVERS", "CaBA_Partn": "East Devon Catchment Partnership", "CaBA_Websi": "https://catchmentbasedapproach.org/get-involved/east-devon/", "CaBA_ID": 24, "CaBA_Catch": "East Devon", "EA_NE_Area": "Devon Cornwall and the Isles of Scilly", "WFD_RBD": "South West", "EA_WM_Area": "Devon and Cornwall", "X": -3.3763267531799999, "Y": 50.847270363299998, "Shape__Are": 2285053823.8099999, "Shape__Len": 328711.531449, "sampling_2": "FRESHWATER" }, "geometry": { "type": "Point", "coordinates": [ -3.5539903, 50.797075 ] } },
{ "type": "Feature", "properties": { "Join_Count": 1, "TARGET_FID": 19597, "F_id": "http://environment.data.gov.uk/water-quality/id/sampling-point/SW-RSN0499", "label": "R. CLYST AT CLYST HYDON (TWYNHAYES FM.)", "comment": "RSN0499 CLYST HYDON - R. CLYST AT TWYNHAYES FARM (CLYST)", "easting": 304358, "northing": 101943, "lat": 50.809115, "long": -3.358796, "notation": "SW-RSN0499", "area_label": "Devon and Cornwall", "subarea_la": "EAST DEVON AND CORNWALL", "samplingPo": "open", "sampling_1": "FRESHWATER - RIVERS", "CaBA_Partn": "East Devon Catchment Partnership", "CaBA_Websi": "https://catchmentbasedapproach.org/get-involved/east-devon/", "CaBA_ID": 24, "CaBA_Catch": "East Devon", "EA_NE_Area": "Devon Cornwall and the Isles of Scilly", "WFD_RBD": "South West", "EA_WM_Area": "Devon and Cornwall", "X": -3.3763267531799999, "Y": 50.847270363299998, "Shape__Are": 2285053823.8099999, "Shape__Len": 328711.531449, "sampling_2": "FRESHWATER" }, "geometry": { "type": "Point", "coordinates": [ -3.358803, 50.8091172 ] } },
{ "type": "Feature", "properties": { "Join_Count": 1, "TARGET_FID": 19601, "F_id": "http://environment.data.gov.uk/water-quality/id/sampling-point/SW-RSN1795", "label": "LILY BROOK AT MEETFORD CROSS", "comment": "RSN1795 MEETFORD CROSS - LILY BROOK (YEO(CREEDY))", "easting": 281854, "northing": 96400, "lat": 50.755134, "long": -3.676277, "notation": "SW-RSN1795", "area_label": "Devon and Cornwall", "subarea_la": "EAST DEVON AND CORNWALL", "samplingPo": "open", "sampling_1": "FRESHWATER - RIVERS", "CaBA_Partn": "East Devon Catchment Partnership", "CaBA_Websi": "https://catchmentbasedapproach.org/get-involved/east-devon/", "CaBA_ID": 24, "CaBA_Catch": "East Devon", "EA_NE_Area": "Devon Cornwall and the Isles of Scilly", "WFD_RBD": "South West", "EA_WM_Area": "Devon and Cornwall", "X": -3.3763267531799999, "Y": 50.847270363299998, "Shape__Are": 2285053823.8099999, "Shape__Len": 328711.531449, "sampling_2": "FRESHWATER" }, "geometry": { "type": "Point", "coordinates": [ -3.6762843, 50.755136 ] } },
{ "type": "Feature", "properties": { "Join_Count": 1, "TARGET_FID": 19606, "F_id": "http://environment.data.gov.uk/water-quality/id/sampling-point/SW-RSN0535", "label": "R. EXE - 30M U/S IRON BRIDGE", "comment": "RSN0535 30M U/S IRON BRIDGE - RIVER EXE (MIDDLE EXE)", "easting": 294272, "northing": 117866, "lat": 50.950496, "long": -3.506505, "notation": "SW-RSN0535", "area_label": "Devon and Cornwall", "subarea_la": "EAST DEVON AND CORNWALL", "samplingPo": "open", "sampling_1": "FRESHWATER - RIVERS", "CaBA_Partn": "East Devon Catchment Partnership", "CaBA_Websi": "https://catchmentbasedapproach.org/get-involved/east-devon/", "CaBA_ID": 24, "CaBA_Catch": "East Devon", "EA_NE_Area": "Devon Cornwall and the Isles of Scilly", "WFD_RBD": "South West", "EA_WM_Area": "Devon and Cornwall", "X": -3.3763267531799999, "Y": 50.847270363299998, "Shape__Are": 2285053823.8099999, "Shape__Len": 328711.531449, "sampling_2": "FRESHWATER" }, "geometry": { "type": "Point", "coordinates": [ -3.5065124, 50.9504992 ] } },
{ "type": "Feature", "properties": { "Join_Count": 1, "TARGET_FID": 19613, "F_id": "http://environment.data.gov.uk/water-quality/id/sampling-point/SW-RSN0023", "label": "R. WEAVER @ KENSHAM LODGE", "comment": "RSN0023 RIVER WEAVER AT KENSHAM LODGE (CULM)", "easting": 300555, "northing": 103045, "lat": 50.81838, "long": -3.413053, "notation": "SW-RSN0023", "area_label": "Devon and Cornwall", "subarea_la": "EAST DEVON AND CORNWALL", "samplingPo": "open", "sampling_1": "FRESHWATER - RIVERS", "CaBA_Partn": "East Devon Catchment Partnership", "CaBA_Websi": "https://catchmentbasedapproach.org/get-involved/east-devon/", "CaBA_ID": 24, "CaBA_Catch": "East Devon", "EA_NE_Area": "Devon Cornwall and the Isles of Scilly", "WFD_RBD": "South West", "EA_WM_Area": "Devon and Cornwall", "X": -3.3763267531799999, "Y": 50.847270363299998, "Shape__Are": 2285053823.8099999, "Shape__Len": 328711.531449, "sampling_2": "FRESHWATER" }, "geometry": { "type": "Point", "coordinates": [ -3.4130604, 50.8183828 ] } },
{ "type": "Feature", "properties": { "Join_Count": 1, "TARGET_FID": 19614, "F_id": "http://environment.data.gov.uk/water-quality/id/sampling-point/SW-RSN1727", "label": "KNIGHTSHAYES DRAIN AT BOLHAM ROUNDABOUT", "comment": "RSN1727 BOLHAM ROUNDABOUT - KNIGHTSHAYES DRAIN (MIDDLE EXE)", "easting": 295213, "northing": 113838, "lat": 50.914459, "long": -3.491955, "notation": "SW-RSN1727", "area_label": "Devon and Cornwall", "subarea_la": "EAST DEVON AND CORNWALL", "samplingPo": "open", "sampling_1": "FRESHWATER - RIVERS", "CaBA_Partn": "East Devon Catchment Partnership", "CaBA_Websi": "https://catchmentbasedapproach.org/get-involved/east-devon/", "CaBA_ID": 24, "CaBA_Catch": "East Devon", "EA_NE_Area": "Devon Cornwall and the Isles of Scilly", "WFD_RBD": "South West", "EA_WM_Area": "Devon and Cornwall", "X": -3.3763267531799999, "Y": 50.847270363299998, "Shape__Are": 2285053823.8099999, "Shape__Len": 328711.531449, "sampling_2": "FRESHWATER" }, "geometry": { "type": "Point", "coordinates": [ -3.4919619, 50.9144624 ] } },
{ "type": "Feature", "properties": { "Join_Count": 1, "TARGET_FID": 19630, "F_id": "http://environment.data.gov.uk/water-quality/id/sampling-point/SW-RSN0599", "label": "HOLLY WATER AT CHERITON MILL", "comment": "RSN0599 CHERITON MILL - HOLLY WATER (CREEDY)", "easting": 285982, "northing": 107113, "lat": 50.852258, "long": -3.621111, "notation": "SW-RSN0599", "area_label": "Devon and Cornwall", "subarea_la": "EAST DEVON AND CORNWALL", "samplingPo": "open", "sampling_1": "FRESHWATER - RIVERS", "CaBA_Partn": "East Devon Catchment Partnership", "CaBA_Websi": "https://catchmentbasedapproach.org/get-involved/east-devon/", "CaBA_ID": 24, "CaBA_Catch": "East Devon", "EA_NE_Area": "Devon Cornwall and the Isles of Scilly", "WFD_RBD": "South West", "EA_WM_Area": "Devon and Cornwall", "X": -3.3763267531799999, "Y": 50.847270363299998, "Shape__Are": 2285053823.8099999, "Shape__Len": 328711.531449, "sampling_2": "FRESHWATER" }, "geometry": { "type": "Point", "coordinates": [ -3.6211185, 50.852261 ] } },
{ "type": "Feature", "properties": { "Join_Count": 1, "TARGET_FID": 19633, "F_id": "http://environment.data.gov.uk/water-quality/id/sampling-point/SW-RSN0455", "label": "SHUTTERN BROOK AT NEWTON ST CYRES", "comment": "RSN0455 NEWTON ST CYRES - SHUTTERN BROOK (CREEDY)", "easting": 288196, "northing": 98075, "lat": 50.771448, "long": -3.586916, "notation": "SW-RSN0455", "area_label": "Devon and Cornwall", "subarea_la": "EAST DEVON AND CORNWALL", "samplingPo": "open", "sampling_1": "FRESHWATER - RIVERS", "CaBA_Partn": "East Devon Catchment Partnership", "CaBA_Websi": "https://catchmentbasedapproach.org/get-involved/east-devon/", "CaBA_ID": 24, "CaBA_Catch": "East Devon", "EA_NE_Area": "Devon Cornwall and the Isles of Scilly", "WFD_RBD": "South West", "EA_WM_Area": "Devon and Cornwall", "X": -3.3763267531799999, "Y": 50.847270363299998, "Shape__Are": 2285053823.8099999, "Shape__Len": 328711.531449, "sampling_2": "FRESHWATER" }, "geometry": { "type": "Point", "coordinates": [ -3.586923, 50.7714504 ] } },
{ "type": "Feature", "properties": { "Join_Count": 1, "TARGET_FID": 19634, "F_id": "http://environment.data.gov.uk/water-quality/id/sampling-point/SW-RSN1635", "label": "R. KENN@ DUNCHIDEOCK", "comment": "RSN1635 RIVER KENN AT DUNCHIDEOCK (TIDAL EXE)", "easting": 288792, "northing": 87577, "lat": 50.677194, "long": -3.575298, "notation": "SW-RSN1635", "area_label": "Devon and Cornwall", "subarea_la": "CENTRAL DEVON AND CORNWALL", "samplingPo": "open", "sampling_1": "FRESHWATER - RIVERS", "CaBA_Partn": "East Devon Catchment Partnership", "CaBA_Websi": "https://catchmentbasedapproach.org/get-involved/east-devon/", "CaBA_ID": 24, "CaBA_Catch": "East Devon", "EA_NE_Area": "Devon Cornwall and the Isles of Scilly", "WFD_RBD": "South West", "EA_WM_Area": "Devon and Cornwall", "X": -3.3763267531799999, "Y": 50.847270363299998, "Shape__Are": 2285053823.8099999, "Shape__Len": 328711.531449, "sampling_2": "FRESHWATER" }, "geometry": { "type": "Point", "coordinates": [ -3.5753055, 50.6771959 ] } },
{ "type": "Feature", "properties": { "Join_Count": 1, "TARGET_FID": 19636, "F_id": "http://environment.data.gov.uk/water-quality/id/sampling-point/SW-RSN0519", "label": "SPRATFORD STREAM - 300M D/S B3181", "comment": "RSN0519 300M D/S B3181 - SPRATFORD STREAM (CULM)", "easting": 302699, "northing": 109296, "lat": 50.87494, "long": -3.38429, "notation": "SW-RSN0519", "area_label": "Devon and Cornwall", "subarea_la": "EAST DEVON AND CORNWALL", "samplingPo": "open", "sampling_1": "FRESHWATER - RIVERS", "CaBA_Partn": "East Devon Catchment Partnership", "CaBA_Websi": "https://catchmentbasedapproach.org/get-involved/east-devon/", "CaBA_ID": 24, "CaBA_Catch": "East Devon", "EA_NE_Area": "Devon Cornwall and the Isles of Scilly", "WFD_RBD": "South West", "EA_WM_Area": "Devon and Cornwall", "X": -3.3763267531799999, "Y": 50.847270363299998, "Shape__Are": 2285053823.8099999, "Shape__Len": 328711.531449, "sampling_2": "FRESHWATER" }, "geometry": { "type": "Point", "coordinates": [ -3.384297, 50.874943 ] } },
{ "type": "Feature", "properties": { "Join_Count": 1, "TARGET_FID": 19642, "F_id": "http://environment.data.gov.uk/water-quality/id/sampling-point/SW-RSN1835", "label": "UPLOWMAN STREAM AT MURLEY FARM", "comment": "RSN1835 MURLEY FARM - UPLOWMAN STREAM (MIDDLE EXE)", "easting": 302294, "northing": 116732, "lat": 50.941719, "long": -3.392037, "notation": "SW-RSN1835", "area_label": "Devon and Cornwall", "subarea_la": "EAST DEVON AND CORNWALL", "samplingPo": "open", "sampling_1": "FRESHWATER - RIVERS", "CaBA_Partn": "East Devon Catchment Partnership", "CaBA_Websi": "https://catchmentbasedapproach.org/get-involved/east-devon/", "CaBA_ID": 24, "CaBA_Catch": "East Devon", "EA_NE_Area": "Devon Cornwall and the Isles of Scilly", "WFD_RBD": "South West", "EA_WM_Area": "Devon and Cornwall", "X": -3.3763267531799999, "Y": 50.847270363299998, "Shape__Are": 2285053823.8099999, "Shape__Len": 328711.531449, "sampling_2": "FRESHWATER" }, "geometry": { "type": "Point", "coordinates": [ -3.3920445, 50.9417222 ] } },
{ "type": "Feature", "properties": { "Join_Count": 1, "TARGET_FID": 19665, "F_id": "http://environment.data.gov.uk/water-quality/id/sampling-point/SW-RSN0423", "label": "PENNYCOMBE WATER AT BUCKWORTHY", "comment": "RSN0423 BUCKWORTHY - PENNYCOMBE WATER (BARLE)", "easting": 283981, "northing": 137224, "lat": 51.122512, "long": -3.65915, "notation": "SW-RSN0423", "area_label": "Devon and Cornwall", "subarea_la": "EAST DEVON AND CORNWALL", "samplingPo": "open", "sampling_1": "FRESHWATER - RIVERS", "CaBA_Partn": "East Devon Catchment Partnership", "CaBA_Websi": "https://catchmentbasedapproach.org/get-involved/east-devon/", "CaBA_ID": 24, "CaBA_Catch": "East Devon", "EA_NE_Area": "Devon Cornwall and the Isles of Scilly", "WFD_RBD": "South West", "EA_WM_Area": "Devon and Cornwall", "X": -3.3763267531799999, "Y": 50.847270363299998, "Shape__Are": 2285053823.8099999, "Shape__Len": 328711.531449, "sampling_2": "FRESHWATER" }, "geometry": { "type": "Point", "coordinates": [ -3.6591569, 51.1225155 ] } },
{ "type": "Feature", "properties": { "Join_Count": 1, "TARGET_FID": 19672, "F_id": "http://environment.data.gov.uk/water-quality/id/sampling-point/SW-RSN0071", "label": "R. LOWMAN AT CUDMOOR FARM", "comment": "RSN0071 CUDMOOR FARM - RIVER LOWMAN (MIDDLE EXE)", "easting": 300662, "northing": 121489, "lat": 50.984203, "long": -3.416559, "notation": "SW-RSN0071", "area_label": "Devon and Cornwall", "subarea_la": "EAST DEVON AND CORNWALL", "samplingPo": "open", "sampling_1": "FRESHWATER - RIVERS", "CaBA_Partn": "East Devon Catchment Partnership", "CaBA_Websi": "https://catchmentbasedapproach.org/get-involved/east-devon/", "CaBA_ID": 24, "CaBA_Catch": "East Devon", "EA_NE_Area": "Devon Cornwall and the Isles of Scilly", "WFD_RBD": "South West", "EA_WM_Area": "Devon and Cornwall", "X": -3.3763267531799999, "Y": 50.847270363299998, "Shape__Are": 2285053823.8099999, "Shape__Len": 328711.531449, "sampling_2": "FRESHWATER" }, "geometry": { "type": "Point", "coordinates": [ -3.4165659, 50.9842063 ] } },
{ "type": "Feature", "properties": { "Join_Count": 1, "TARGET_FID": 19686, "F_id": "http://environment.data.gov.uk/water-quality/id/sampling-point/SW-70512720", "label": "POLLY BROOK - IN FIELD OFF RYDON LANE", "comment": "POLLY BROOK - OFF RYDON LANE 80M U/S FIELD BOUNDARY, EXTON", "easting": 298822, "northing": 86467, "lat": 50.669047, "long": -3.433088, "notation": "SW-70512720", "area_label": "Devon and Cornwall", "subarea_la": "EAST DEVON AND CORNWALL", "samplingPo": "open", "sampling_1": "FRESHWATER - RIVERS", "CaBA_Partn": "East Devon Catchment Partnership", "CaBA_Websi": "https://catchmentbasedapproach.org/get-involved/east-devon/", "CaBA_ID": 24, "CaBA_Catch": "East Devon", "EA_NE_Area": "Devon Cornwall and the Isles of Scilly", "WFD_RBD": "South West", "EA_WM_Area": "Devon and Cornwall", "X": -3.3763267531799999, "Y": 50.847270363299998, "Shape__Are": 2285053823.8099999, "Shape__Len": 328711.531449, "sampling_2": "FRESHWATER" }, "geometry": { "type": "Point", "coordinates": [ -3.4330953, 50.6690492 ] } },
{ "type": "Feature", "properties": { "Join_Count": 1, "TARGET_FID": 19702, "F_id": "http://environment.data.gov.uk/water-quality/id/sampling-point/SW-RSN0199", "label": "PITT STREAM @ HOLLACOMBE", "comment": "RSN0199 PITT STREAM AT HOLLACOMBE, CREDITON (YEO(CREEDY))", "easting": 280427, "northing": 100872, "lat": 50.795038, "long": -3.697953, "notation": "SW-RSN0199", "area_label": "Devon and Cornwall", "subarea_la": "EAST DEVON AND CORNWALL", "samplingPo": "open", "sampling_1": "FRESHWATER - RIVERS", "CaBA_Partn": "East Devon Catchment Partnership", "CaBA_Websi": "https://catchmentbasedapproach.org/get-involved/east-devon/", "CaBA_ID": 24, "CaBA_Catch": "East Devon", "EA_NE_Area": "Devon Cornwall and the Isles of Scilly", "WFD_RBD": "South West", "EA_WM_Area": "Devon and Cornwall", "X": -3.3763267531799999, "Y": 50.847270363299998, "Shape__Are": 2285053823.8099999, "Shape__Len": 328711.531449, "sampling_2": "FRESHWATER" }, "geometry": { "type": "Point", "coordinates": [ -3.6979604, 50.7950406 ] } },
{ "type": "Feature", "properties": { "Join_Count": 1, "TARGET_FID": 19714, "F_id": "http://environment.data.gov.uk/water-quality/id/sampling-point/SW-RSN0103", "label": "R. BARLE @ GOAT HILL", "comment": "RSN0103 RIVER BARLE AT GOAT HILL, SIMONSBATH (BARLE)", "easting": 272707, "northing": 140117, "lat": 51.146116, "long": -3.821182, "notation": "SW-RSN0103", "area_label": "Devon and Cornwall", "subarea_la": "EAST DEVON AND CORNWALL", "samplingPo": "open", "sampling_1": "FRESHWATER - RIVERS", "CaBA_Partn": "East Devon Catchment Partnership", "CaBA_Websi": "https://catchmentbasedapproach.org/get-involved/east-devon/", "CaBA_ID": 24, "CaBA_Catch": "East Devon", "EA_NE_Area": "Devon Cornwall and the Isles of Scilly", "WFD_RBD": "South West", "EA_WM_Area": "Devon and Cornwall", "X": -3.3763267531799999, "Y": 50.847270363299998, "Shape__Are": 2285053823.8099999, "Shape__Len": 328711.531449, "sampling_2": "FRESHWATER" }, "geometry": { "type": "Point", "coordinates": [ -3.8211891, 51.1461201 ] } },
{ "type": "Feature", "properties": { "Join_Count": 1, "TARGET_FID": 19718, "F_id": "http://environment.data.gov.uk/water-quality/id/sampling-point/SW-RSN0791", "label": "THE BURN @ CADELEIGH MANOR", "comment": "RSN0791 THE BURN AT CADELEIGH MANOR. CADELEIGH (LOWER EXE)", "easting": 291765, "northing": 107154, "lat": 50.853739, "long": -3.539002, "notation": "SW-RSN0791", "area_label": "Devon and Cornwall", "subarea_la": "EAST DEVON AND CORNWALL", "samplingPo": "open", "sampling_1": "FRESHWATER - RIVERS", "CaBA_Partn": "East Devon Catchment Partnership", "CaBA_Websi": "https://catchmentbasedapproach.org/get-involved/east-devon/", "CaBA_ID": 24, "CaBA_Catch": "East Devon", "EA_NE_Area": "Devon Cornwall and the Isles of Scilly", "WFD_RBD": "South West", "EA_WM_Area": "Devon and Cornwall", "X": -3.3763267531799999, "Y": 50.847270363299998, "Shape__Are": 2285053823.8099999, "Shape__Len": 328711.531449, "sampling_2": "FRESHWATER" }, "geometry": { "type": "Point", "coordinates": [ -3.5390094, 50.8537418 ] } },
{ "type": "Feature", "properties": { "Join_Count": 1, "TARGET_FID": 19723, "F_id": "http://environment.data.gov.uk/water-quality/id/sampling-point/SW-RSN0167", "label": "R. QUARME @ ISON CLEEVE", "comment": "RSN0167 RIVER QUARME AT ISON CLEEVE, WHEDDON CROSS (UPPER EXE)", "easting": 291535, "northing": 136923, "lat": 51.121288, "long": -3.551165, "notation": "SW-RSN0167", "area_label": "Devon and Cornwall", "subarea_la": "EAST DEVON AND CORNWALL", "samplingPo": "open", "sampling_1": "FRESHWATER - RIVERS", "CaBA_Partn": "East Devon Catchment Partnership", "CaBA_Websi": "https://catchmentbasedapproach.org/get-involved/east-devon/", "CaBA_ID": 24, "CaBA_Catch": "East Devon", "EA_NE_Area": "Devon Cornwall and the Isles of Scilly", "WFD_RBD": "South West", "EA_WM_Area": "Devon and Cornwall", "X": -3.3763267531799999, "Y": 50.847270363299998, "Shape__Are": 2285053823.8099999, "Shape__Len": 328711.531449, "sampling_2": "FRESHWATER" }, "geometry": { "type": "Point", "coordinates": [ -3.5511722, 51.1212914 ] } },
{ "type": "Feature", "properties": { "Join_Count": 1, "TARGET_FID": 19730, "F_id": "http://environment.data.gov.uk/water-quality/id/sampling-point/SW-RSN2003", "label": "IRON MILL STREAM AT BELLBROOK", "comment": "RSN2003 IRON MILL STREAM AT BELLBROOK, OAKFORD (MIDDLE EXE)", "easting": 289714, "northing": 120271, "lat": 50.971259, "long": -3.572097, "notation": "SW-RSN2003", "area_label": "Devon and Cornwall", "subarea_la": "EAST DEVON AND CORNWALL", "samplingPo": "open", "sampling_1": "FRESHWATER - RIVERS", "CaBA_Partn": "East Devon Catchment Partnership", "CaBA_Websi": "https://catchmentbasedapproach.org/get-involved/east-devon/", "CaBA_ID": 24, "CaBA_Catch": "East Devon", "EA_NE_Area": "Devon Cornwall and the Isles of Scilly", "WFD_RBD": "South West", "EA_WM_Area": "Devon and Cornwall", "X": -3.3763267531799999, "Y": 50.847270363299998, "Shape__Are": 2285053823.8099999, "Shape__Len": 328711.531449, "sampling_2": "FRESHWATER" }, "geometry": { "type": "Point", "coordinates": [ -3.572104, 50.9712625 ] } },
{ "type": "Feature", "properties": { "Join_Count": 1, "TARGET_FID": 19732, "F_id": "http://environment.data.gov.uk/water-quality/id/sampling-point/SW-RSN1887", "label": "COLEFORD WATER AT WHITNOLE LANE", "comment": "RSN1887 COLEFORD WATER AT WHITNOLE LANE, STOODLEIGH (MIDDLE EXE)", "easting": 288464, "northing": 117896, "lat": 50.94967, "long": -3.589164, "notation": "SW-RSN1887", "area_label": "Devon and Cornwall", "subarea_la": "EAST DEVON AND CORNWALL", "samplingPo": "open", "sampling_1": "FRESHWATER - RIVERS", "CaBA_Partn": "East Devon Catchment Partnership", "CaBA_Websi": "https://catchmentbasedapproach.org/get-involved/east-devon/", "CaBA_ID": 24, "CaBA_Catch": "East Devon", "EA_NE_Area": "Devon Cornwall and the Isles of Scilly", "WFD_RBD": "South West", "EA_WM_Area": "Devon and Cornwall", "X": -3.3763267531799999, "Y": 50.847270363299998, "Shape__Are": 2285053823.8099999, "Shape__Len": 328711.531449, "sampling_2": "FRESHWATER" }, "geometry": { "type": "Point", "coordinates": [ -3.589171, 50.9496731 ] } },
{ "type": "Feature", "properties": { "Join_Count": 1, "TARGET_FID": 19746, "F_id": "http://environment.data.gov.uk/water-quality/id/sampling-point/SW-RSN0727", "label": "TRIB OF R. TRONEY @ COLEBROOKE MILL", "comment": "RSN0727 TRIB OF RIVER TRONEY AT COLEBROOKE MILL, COLEBROOK (YEO(CREEDY))", "easting": 276950, "northing": 100439, "lat": 50.790418, "long": -3.747118, "notation": "SW-RSN0727", "area_label": "Devon and Cornwall", "subarea_la": "EAST DEVON AND CORNWALL", "samplingPo": "open", "sampling_1": "FRESHWATER - RIVERS", "CaBA_Partn": "East Devon Catchment Partnership", "CaBA_Websi": "https://catchmentbasedapproach.org/get-involved/east-devon/", "CaBA_ID": 24, "CaBA_Catch": "East Devon", "EA_NE_Area": "Devon Cornwall and the Isles of Scilly", "WFD_RBD": "South West", "EA_WM_Area": "Devon and Cornwall", "X": -3.3763267531799999, "Y": 50.847270363299998, "Shape__Are": 2285053823.8099999, "Shape__Len": 328711.531449, "sampling_2": "FRESHWATER" }, "geometry": { "type": "Point", "coordinates": [ -3.7471254, 50.7904203 ] } },
{ "type": "Feature", "properties": { "Join_Count": 1, "TARGET_FID": 33229, "F_id": "http://environment.data.gov.uk/water-quality/id/sampling-point/SW-RSN0711", "label": "ALPHIN BROOK @ SWING BRIDGE", "comment": "RSN0711 ALPHIN BROOK AT SWING BRIDGE, EXETER (TIDAL EXE)", "easting": 293906, "northing": 89445, "lat": 50.694942, "long": -3.503483, "notation": "SW-RSN0711", "area_label": "Devon and Cornwall", "subarea_la": "CENTRAL DEVON AND CORNWALL", "samplingPo": "open", "sampling_1": "FRESHWATER - RIVERS", "CaBA_Partn": "East Devon Catchment Partnership", "CaBA_Websi": "https://catchmentbasedapproach.org/get-involved/east-devon/", "CaBA_ID": 24, "CaBA_Catch": "East Devon", "EA_NE_Area": "Devon Cornwall and the Isles of Scilly", "WFD_RBD": "South West", "EA_WM_Area": "Devon and Cornwall", "X": -3.3763267531799999, "Y": 50.847270363299998, "Shape__Are": 2285053823.8099999, "Shape__Len": 328711.531449, "sampling_2": "FRESHWATER" }, "geometry": { "type": "Point", "coordinates": [ -3.5034903, 50.6949443 ] } }
]
}
