{"type":"FeatureCollection","features":[{"type":"Feature","geometry":{"type":"MultiLineString","coordinates":[[[-3.380356,50.699407],[-3.381137,50.69971],[-3.381518,50.699601]],[[-3.406975,50.698937],[-3.407717,50.69895],[-3.408471,50.699376],[-3.410646,50.69989],[-3.410544,50.70022],[-3.411199,50.700245],[-3.410831,50.700468],[-3.411858,50.700609],[-3.413104,50.700724],[-3.413974,50.701225],[-3.413969,50.701353]],[[-3.375631,50.70084],[-3.377616,50.699862],[-3.378249,50.699864],[-3.378537,50.699717]],[[-3.358063,50.704526],[-3.35987,50.704394],[-3.363133,50.70435],[-3.363912,50.704353]],[[-3.404089,50.699244],[-3.404287,50.699064],[-3.405156,50.699251],[-3.405854,50.699398],[-3.406256,50.699586],[-3.406702,50.699605],[-3.406773,50.69943],[-3.406732,50.699327],[-3.406975,50.698937]],[[-3.414679,50.702379],[-3.41616,50.70291],[-3.417589,50.703296],[-3.419911,50.704617],[-3.419638,50.705077]],[[-3.450986,50.703649],[-3.451769,50.70375],[-3.452947,50.703417]],[[-3.363912,50.704353],[-3.365014,50.704255],[-3.365047,50.704166]],[[-3.398895,50.698056],[-3.399481,50.697758]],[[-3.42521,50.706209],[-3.425402,50.706366],[-3.427544,50.706185],[-3.42834,50.706977],[-3.428492,50.707588],[-3.430039,50.706902],[-3.430492,50.706941],[-3.431003,50.707163]],[[-3.431003,50.707163],[-3.431256,50.707167],[-3.433119,50.706706],[-3.433283,50.706407]],[[-3.434867,50.705464],[-3.435945,50.704826],[-3.435962,50.704711],[-3.436809,50.704258],[-3.436907,50.704178]],[[-3.367163,50.70316],[-3.367811,50.702571],[-3.368424,50.70233],[-3.369191,50.702158],[-3.369372,50.702325],[-3.370144,50.702147]],[[-3.399481,50.697758],[-3.400702,50.698083],[-3.402201,50.698921],[-3.402615,50.698786],[-3.403012,50.698718],[-3.403288,50.699038],[-3.404028,50.699138],[-3.404089,50.699244]],[[-3.365047,50.704166],[-3.366434,50.703722],[-3.366841,50.70346]],[[-3.456023,50.704207],[-3.458992,50.704741]],[[-3.438429,50.703645],[-3.441193,50.703966],[-3.443336,50.704235]],[[-3.443336,50.704235],[-3.444562,50.703836],[-3.446927,50.702277],[-3.450085,50.702888],[-3.450986,50.703649]],[[-3.413969,50.701353],[-3.414396,50.702065],[-3.414679,50.702379]],[[-3.384816,50.699453],[-3.385713,50.699334]],[[-3.436907,50.704178],[-3.438429,50.703645]],[[-3.394795,50.69754],[-3.396129,50.697049],[-3.397599,50.698217],[-3.398895,50.698056]],[[-3.433283,50.706407],[-3.434261,50.70594],[-3.434867,50.705464]],[[-3.385713,50.699334],[-3.387558,50.699241],[-3.387784,50.699183]],[[-3.381518,50.699601],[-3.382441,50.699702],[-3.384634,50.699518],[-3.384816,50.699453]],[[-3.357071,50.7041],[-3.357652,50.70439],[-3.358063,50.704526]],[[-3.37099,50.701578],[-3.372147,50.701474]],[[-3.452947,50.703417],[-3.453649,50.703953],[-3.456023,50.704207]],[[-3.425138,50.706212],[-3.42521,50.706209]],[[-3.372147,50.701474],[-3.372629,50.701481],[-3.375631,50.70084]],[[-3.458992,50.704741],[-3.460633,50.704891]],[[-3.419638,50.705077],[-3.419752,50.7055],[-3.423903,50.70633],[-3.425138,50.706212]],[[-3.370144,50.702147],[-3.37099,50.701578]],[[-3.366841,50.70346],[-3.367163,50.70316]],[[-3.378537,50.699717],[-3.379818,50.699401],[-3.380356,50.699407]],[[-3.387784,50.699183],[-3.387981,50.699133],[-3.390244,50.698614],[-3.391789,50.698358],[-3.393374,50.698026],[-3.394795,50.69754]]]},"properties":{"WB_CAT":"River","RBD_ID":"8","MNCAT_NAME":"Devon East","RBD_NAME":"South West","OPCAT_ID":"3085","hydromorph":"not designated artificial or heavily modified","MANCAT_ID":"3033","url":"/catchment-planning/WaterBody/GB108045008710","OPCAT_NAME":"Clyst and Culm","WB_ID":"GB108045008710","version":"2","WB_NAME":"Grindle Brook"}},{"type":"Feature","geometry":{"type":"MultiLineString","coordinates":[[[-3.38899,50.721466],[-3.389326,50.721772],[-3.389853,50.722236],[-3.390334,50.722493],[-3.390495,50.722556]],[[-3.419992,50.721605],[-3.421076,50.721262],[-3.423021,50.721447]],[[-3.368794,50.71781],[-3.370478,50.717549],[-3.371963,50.717072],[-3.372117,50.716827]],[[-3.374918,50.716142],[-3.375285,50.716287],[-3.375877,50.716164],[-3.376369,50.716042],[-3.376585,50.716005]],[[-3.346453,50.715409],[-3.346531,50.715519],[-3.348272,50.716464],[-3.349501,50.71696],[-3.352653,50.717854],[-3.353016,50.718072]],[[-3.382589,50.718284],[-3.382728,50.718497],[-3.382903,50.718596],[-3.382648,50.719003],[-3.382822,50.719119],[-3.383486,50.719341],[-3.383383,50.719643],[-3.383769,50.719816],[-3.383698,50.720031],[-3.383791,50.720047]],[[-3.437867,50.727631],[-3.437156,50.728831]],[[-3.394657,50.725196],[-3.396061,50.725],[-3.396334,50.725263],[-3.396727,50.725348],[-3.397772,50.725156],[-3.398133,50.725165],[-3.398805,50.725216],[-3.39936,50.724943],[-3.400348,50.725228],[-3.401473,50.725324],[-3.402699,50.725236],[-3.402748,50.724936]],[[-3.403313,50.723121],[-3.403742,50.72235],[-3.404434,50.722144],[-3.40501,50.722119],[-3.405297,50.722277],[-3.406016,50.721787],[-3.407123,50.721337],[-3.408599,50.721487],[-3.40898,50.721447],[-3.410137,50.721747],[-3.41055,50.721726],[-3.410888,50.721572],[-3.411272,50.721582],[-3.411818,50.72147],[-3.413008,50.721513],[-3.413961,50.721904],[-3.415487,50.721535],[-3.415668,50.721781],[-3.416292,50.721859],[-3.416545,50.721625],[-3.417193,50.721577],[-3.419447,50.721872],[-3.419992,50.721605]],[[-3.366314,50.718543],[-3.366712,50.718546],[-3.367102,50.71838],[-3.368794,50.71781]],[[-3.382496,50.718238],[-3.382589,50.718284]],[[-3.423021,50.721447],[-3.423877,50.721526],[-3.425668,50.721723],[-3.426108,50.722087],[-3.427983,50.722647],[-3.428065,50.722926],[-3.429012,50.722888],[-3.42976,50.723196],[-3.431237,50.723099],[-3.431531,50.723524]],[[-3.388135,50.720834],[-3.388212,50.721209],[-3.38899,50.721466]],[[-3.437156,50.728831],[-3.437202,50.728838]],[[-3.392043,50.724613],[-3.392381,50.724733],[-3.393228,50.724806],[-3.393979,50.725043],[-3.394657,50.725196]],[[-3.356147,50.718157],[-3.356173,50.718181]],[[-3.355663,50.71807],[-3.356075,50.718085],[-3.356147,50.718157]],[[-3.358365,50.718118],[-3.359666,50.718143],[-3.360927,50.718314]],[[-3.360963,50.718317],[-3.362342,50.71866],[-3.362956,50.718432],[-3.36379,50.718521],[-3.366314,50.718543]],[[-3.380288,50.715995],[-3.381563,50.716353],[-3.38165,50.716492]],[[-3.435677,50.725133],[-3.43858,50.726297],[-3.437867,50.727631]],[[-3.356173,50.718181],[-3.356825,50.718151],[-3.357745,50.718094],[-3.358334,50.718102]],[[-3.353016,50.718072],[-3.355663,50.71807]],[[-3.390495,50.722556],[-3.391104,50.722959],[-3.391746,50.723495],[-3.392117,50.724134],[-3.392327,50.724365],[-3.392043,50.724613]],[[-3.435677,50.725133],[-3.435661,50.725354],[-3.436567,50.727078],[-3.437053,50.727413],[-3.437867,50.727631]],[[-3.402748,50.724936],[-3.402801,50.724447],[-3.403313,50.723121]],[[-3.376585,50.716005],[-3.377724,50.716173],[-3.378321,50.71591],[-3.379044,50.716076],[-3.380288,50.715995]],[[-3.386168,50.720075],[-3.388135,50.720834]],[[-3.360927,50.718314],[-3.360963,50.718317]],[[-3.372117,50.716827],[-3.372976,50.71651],[-3.373617,50.716455],[-3.373926,50.716371],[-3.374918,50.716142]],[[-3.383791,50.720047],[-3.384121,50.719966],[-3.384968,50.720282],[-3.386168,50.720075]],[[-3.431531,50.723524],[-3.432274,50.723627],[-3.432555,50.723813],[-3.432705,50.723826],[-3.433176,50.724193],[-3.433902,50.724597],[-3.435179,50.724787],[-3.435676,50.724991],[-3.435677,50.725133]],[[-3.358334,50.718102],[-3.358365,50.718118]],[[-3.38165,50.716492],[-3.381566,50.716598],[-3.381548,50.716936],[-3.381549,50.71727],[-3.381472,50.717373],[-3.381637,50.717584],[-3.382118,50.717847],[-3.382388,50.718162],[-3.382496,50.718238]]]},"properties":{"WB_CAT":"River","RBD_ID":"8","MNCAT_NAME":"Devon East","RBD_NAME":"South West","OPCAT_ID":"3085","hydromorph":"not designated artificial or heavily modified","MANCAT_ID":"3033","url":"/catchment-planning/WaterBody/GB108045008730","OPCAT_NAME":"Clyst and Culm","WB_ID":"GB108045008730","version":"2","WB_NAME":"Aylesbeare Stream"}},{"type":"Feature","geometry":{"type":"MultiLineString","coordinates":[[[-3.458681,50.700427],[-3.45724,50.699972],[-3.456809,50.699769],[-3.456299,50.699795]],[[-3.45862,50.690011],[-3.45828,50.689881],[-3.457388,50.689408],[-3.457323,50.689299],[-3.457243,50.689135],[-3.457168,50.688624]],[[-3.447755,50.717905],[-3.447519,50.717004],[-3.448112,50.71673],[-3.448087,50.716033]],[[-3.456394,50.698152],[-3.456646,50.697865],[-3.457469,50.697791]],[[-3.453839,50.714792],[-3.455728,50.715809],[-3.456069,50.715896],[-3.456353,50.715994]],[[-3.445321,50.725201],[-3.44582,50.724784],[-3.446672,50.724108],[-3.447088,50.72406],[-3.44711,50.723309]],[[-3.444929,50.721566],[-3.445385,50.721356]],[[-3.457884,50.70735],[-3.460633,50.704891]],[[-3.453734,50.714772],[-3.453839,50.714792]],[[-3.44711,50.723309],[-3.44677,50.722929],[-3.444929,50.721566]],[[-3.445385,50.721356],[-3.446972,50.721101],[-3.447517,50.721204]],[[-3.456754,50.708806],[-3.456675,50.708795]],[[-3.458487,50.711947],[-3.457828,50.710777],[-3.458073,50.709066],[-3.457315,50.70882],[-3.456754,50.708806]],[[-3.461317,50.702504],[-3.46134,50.702222]],[[-3.46134,50.702222],[-3.461292,50.701548],[-3.459733,50.700747],[-3.458681,50.700427]],[[-3.456675,50.708795],[-3.457231,50.7079],[-3.457884,50.70735]],[[-3.448087,50.716033],[-3.448736,50.71579],[-3.449281,50.715278],[-3.449336,50.715173]],[[-3.449336,50.715173],[-3.450051,50.715104],[-3.450977,50.715067],[-3.451562,50.715038]],[[-3.451562,50.715038],[-3.452802,50.714871],[-3.453734,50.714772]],[[-3.447517,50.721204],[-3.447773,50.721233]],[[-3.447773,50.721233],[-3.448576,50.721072],[-3.448624,50.721001]],[[-3.458226,50.715101],[-3.458453,50.714379],[-3.458457,50.713457],[-3.458616,50.712683]],[[-3.443046,50.727861],[-3.44319,50.726932],[-3.444237,50.726093],[-3.445016,50.725314],[-3.445321,50.725201]],[[-3.448624,50.721001],[-3.448832,50.720453],[-3.449135,50.719987],[-3.448591,50.71995],[-3.448308,50.719841],[-3.448315,50.719548],[-3.447318,50.719022],[-3.446967,50.718847],[-3.447643,50.718343],[-3.447755,50.717905]],[[-3.456353,50.715994],[-3.457327,50.715855],[-3.458226,50.715101]],[[-3.458747,50.712574],[-3.458487,50.711947]],[[-3.458616,50.712683],[-3.458747,50.712574]],[[-3.437202,50.728838],[-3.437679,50.728814],[-3.438496,50.729256],[-3.439202,50.729223],[-3.439209,50.729582],[-3.439432,50.729609],[-3.44094,50.729677],[-3.441293,50.729276],[-3.440598,50.729016],[-3.441429,50.728645],[-3.442096,50.72813],[-3.443046,50.727861]],[[-3.460633,50.704891],[-3.460655,50.704019],[-3.461657,50.703502],[-3.461317,50.702504]],[[-3.457168,50.688624],[-3.457806,50.687687],[-3.458225,50.686165],[-3.458204,50.685958],[-3.45805,50.685473],[-3.457972,50.685282],[-3.457907,50.685109]],[[-3.456609,50.695428],[-3.457231,50.695719],[-3.457471,50.695774],[-3.458244,50.695882],[-3.459472,50.695606]],[[-3.454732,50.695709],[-3.454786,50.695588],[-3.4549,50.695272],[-3.454961,50.695123]],[[-3.459858,50.693859],[-3.459265,50.693328],[-3.457855,50.692751],[-3.458036,50.692393],[-3.458646,50.692074],[-3.459232,50.691486],[-3.459225,50.69127],[-3.459129,50.690616],[-3.458785,50.690072],[-3.45862,50.690011]],[[-3.459472,50.695606],[-3.459788,50.695297],[-3.460051,50.694598],[-3.459858,50.693859]],[[-3.457469,50.697791],[-3.457748,50.697363],[-3.457682,50.697244],[-3.457618,50.697104]],[[-3.454961,50.695123],[-3.455131,50.694715],[-3.4554,50.693455],[-3.455583,50.692819],[-3.456636,50.692775],[-3.457301,50.693436],[-3.456815,50.693912],[-3.456632,50.694038],[-3.456286,50.694587],[-3.456515,50.69536],[-3.456609,50.695428]],[[-3.457618,50.697104],[-3.456901,50.696785],[-3.454569,50.697158],[-3.454299,50.696558],[-3.454388,50.696397],[-3.454648,50.695942],[-3.454732,50.695709]],[[-3.455924,50.699225],[-3.456504,50.698348],[-3.456394,50.698152]],[[-3.456299,50.699795],[-3.455845,50.699455],[-3.455924,50.699225]]]},"properties":{"WB_CAT":"River","RBD_ID":"8","MNCAT_NAME":"Devon East","RBD_NAME":"South West","OPCAT_ID":"3085","hydromorph":"heavily modified","MANCAT_ID":"3033","url":"/catchment-planning/WaterBody/GB108045008750","OPCAT_NAME":"Clyst and Culm","WB_ID":"GB108045008750","version":"2","WB_NAME":"Lower Clyst"}},{"type":"Feature","geometry":{"type":"MultiLineString","coordinates":[[[-3.358283,50.743676],[-3.359374,50.743398],[-3.361783,50.742898],[-3.363655,50.742251]],[[-3.374885,50.742696],[-3.375213,50.742821]],[[-3.335326,50.741536],[-3.336355,50.741591],[-3.336558,50.74159],[-3.336747,50.741596],[-3.338281,50.741803],[-3.341459,50.741621],[-3.342939,50.740766],[-3.343053,50.740604],[-3.343143,50.740428],[-3.343481,50.740106],[-3.344421,50.740277],[-3.344909,50.74029],[-3.345669,50.741468],[-3.345669,50.741769],[-3.346198,50.741812],[-3.347394,50.742507]],[[-3.355519,50.743815],[-3.355562,50.743811]],[[-3.347842,50.742963],[-3.348509,50.74332]],[[-3.399657,50.747527],[-3.399711,50.747534]],[[-3.354089,50.744483],[-3.3543,50.744231]],[[-3.364629,50.742347],[-3.365257,50.742641],[-3.367115,50.742878],[-3.367781,50.74294],[-3.368426,50.743394]],[[-3.3543,50.744231],[-3.354943,50.743845],[-3.35527,50.743699],[-3.355519,50.743815]],[[-3.386392,50.747053],[-3.386577,50.747007],[-3.388104,50.746605],[-3.388655,50.74655],[-3.389453,50.746901],[-3.39013,50.746878],[-3.391066,50.74717],[-3.395279,50.747484],[-3.398772,50.747532],[-3.399657,50.747527]],[[-3.368426,50.743394],[-3.369712,50.742981],[-3.370856,50.742663],[-3.372892,50.742206],[-3.374885,50.742696]],[[-3.355562,50.743811],[-3.356134,50.743571],[-3.357503,50.743635],[-3.358283,50.743676]],[[-3.375213,50.742821],[-3.375719,50.743003],[-3.376936,50.743577]],[[-3.353051,50.744676],[-3.354089,50.744483]],[[-3.347394,50.742507],[-3.347842,50.742963]],[[-3.381627,50.747323],[-3.38487,50.747627]],[[-3.376936,50.743577],[-3.378531,50.744587],[-3.378502,50.745187],[-3.37855,50.746092],[-3.379566,50.746325],[-3.379479,50.746491]],[[-3.379479,50.746491],[-3.379915,50.746716],[-3.380158,50.746809],[-3.380463,50.74694],[-3.381627,50.747323]],[[-3.348509,50.74332],[-3.349737,50.743974],[-3.350913,50.744629],[-3.351986,50.744461],[-3.353051,50.744676]],[[-3.38487,50.747627],[-3.385277,50.747513],[-3.386392,50.747053]],[[-3.399711,50.747534],[-3.401489,50.747611],[-3.403499,50.748233],[-3.404855,50.748634],[-3.405954,50.7496],[-3.408631,50.751153],[-3.408895,50.75138]],[[-3.363655,50.742251],[-3.364629,50.742347]]]},"properties":{"WB_CAT":"River","RBD_ID":"8","MNCAT_NAME":"Devon East","RBD_NAME":"South West","OPCAT_ID":"3085","hydromorph":"not designated artificial or heavily modified","MANCAT_ID":"3033","url":"/catchment-planning/WaterBody/GB108045008780","OPCAT_NAME":"Clyst and Culm","WB_ID":"GB108045008780","version":"2","WB_NAME":"Ford Stream (EXE)"}},{"type":"Feature","geometry":{"type":"MultiLineString","coordinates":[[[-3.439309,50.74283],[-3.439351,50.742761]],[[-3.439351,50.742761],[-3.43851,50.741697],[-3.437745,50.740686]],[[-3.408895,50.75138],[-3.41055,50.751197],[-3.411332,50.751912],[-3.412344,50.75195],[-3.413076,50.751892],[-3.413613,50.752114],[-3.414188,50.752049],[-3.414407,50.752302],[-3.415109,50.752233],[-3.415334,50.752195],[-3.41594,50.752039],[-3.417157,50.751596]],[[-3.433452,50.745833],[-3.434374,50.745323],[-3.435258,50.744767]],[[-3.423272,50.750234],[-3.423987,50.750521],[-3.424806,50.75075],[-3.425508,50.751095]],[[-3.437745,50.740686],[-3.437478,50.739456],[-3.43764,50.738069],[-3.437527,50.737977]],[[-3.435258,50.744767],[-3.436832,50.744084],[-3.437886,50.743537],[-3.437948,50.743291],[-3.439309,50.74283]],[[-3.417157,50.751596],[-3.417334,50.751292],[-3.417663,50.751182],[-3.418162,50.750779],[-3.419507,50.750927],[-3.420366,50.750673],[-3.420764,50.750617],[-3.421516,50.75073],[-3.421654,50.75055],[-3.422274,50.750356],[-3.422759,50.75047],[-3.423272,50.750234]],[[-3.425508,50.751095],[-3.4266,50.7507],[-3.426728,50.750501],[-3.427778,50.749393],[-3.428188,50.749241],[-3.428525,50.74895],[-3.429003,50.748438],[-3.429505,50.748121],[-3.430513,50.747984],[-3.43148,50.747233],[-3.433452,50.745833]]]},"properties":{"WB_CAT":"River","RBD_ID":"8","MNCAT_NAME":"Devon East","RBD_NAME":"South West","OPCAT_ID":"3085","hydromorph":"not designated artificial or heavily modified","MANCAT_ID":"3033","url":"/catchment-planning/WaterBody/GB108045008800","OPCAT_NAME":"Clyst and Culm","WB_ID":"GB108045008800","version":"2","WB_NAME":"Lower Cranny Brook"}},{"type":"Feature","geometry":{"type":"MultiLineString","coordinates":[[[-3.358863,50.766977],[-3.358867,50.766963]],[[-3.34787,50.770918],[-3.350466,50.77036],[-3.35049,50.770108],[-3.351419,50.769927],[-3.352183,50.770084],[-3.35493,50.770317],[-3.355209,50.77054]],[[-3.385107,50.75858],[-3.387551,50.758837],[-3.38879,50.758363],[-3.391257,50.758304],[-3.391648,50.75841],[-3.391982,50.758612],[-3.39355,50.758242],[-3.394267,50.758638],[-3.395079,50.758383],[-3.395336,50.758576],[-3.395444,50.758395],[-3.396044,50.75819],[-3.396496,50.757672],[-3.397151,50.757201],[-3.398174,50.756931],[-3.397998,50.756134],[-3.398468,50.755715],[-3.398605,50.755572],[-3.398983,50.75519],[-3.399209,50.755161],[-3.399306,50.755093]],[[-3.355209,50.77054],[-3.355738,50.770378],[-3.358433,50.769441],[-3.358864,50.768585],[-3.358863,50.766977]],[[-3.34502,50.771645],[-3.345333,50.771413],[-3.346324,50.771231],[-3.347054,50.770815]],[[-3.347054,50.770815],[-3.34787,50.770918]],[[-3.405104,50.752914],[-3.405198,50.753093],[-3.405645,50.752953],[-3.405882,50.752724],[-3.406538,50.753031],[-3.407254,50.753104],[-3.407465,50.753053],[-3.407667,50.752844],[-3.40852,50.752375],[-3.408895,50.75138]],[[-3.344227,50.772239],[-3.34502,50.771645]],[[-3.327268,50.773301],[-3.327799,50.773541],[-3.327922,50.773507]],[[-3.358797,50.766124],[-3.358982,50.765911],[-3.360071,50.765627],[-3.360203,50.765669]],[[-3.358867,50.766963],[-3.358797,50.766124]],[[-3.369506,50.766382],[-3.371001,50.766821],[-3.371563,50.766579],[-3.372094,50.766224],[-3.373092,50.766326],[-3.373468,50.766247],[-3.374231,50.76614],[-3.374896,50.766585],[-3.375771,50.766307],[-3.377141,50.765695],[-3.377241,50.765295],[-3.378242,50.764964],[-3.378666,50.76509]],[[-3.327922,50.773507],[-3.32906,50.773528],[-3.329612,50.773435],[-3.330071,50.77335]],[[-3.378666,50.76509],[-3.379482,50.764762],[-3.379793,50.76478],[-3.380332,50.764245],[-3.380399,50.763536]],[[-3.380399,50.763536],[-3.38102,50.762482],[-3.380916,50.762301],[-3.380667,50.762035],[-3.38083,50.761681],[-3.381462,50.761198],[-3.381493,50.76057],[-3.381918,50.760231],[-3.38194,50.760112],[-3.382202,50.759774],[-3.382521,50.759233],[-3.382836,50.759054],[-3.383149,50.758748],[-3.383785,50.758757],[-3.384259,50.758623],[-3.384611,50.758474],[-3.384794,50.758523],[-3.385107,50.75858]],[[-3.399306,50.755093],[-3.399534,50.755003],[-3.400535,50.754472],[-3.400762,50.754309],[-3.400665,50.754042],[-3.40128,50.753654],[-3.40145,50.753676],[-3.401741,50.753661],[-3.402181,50.753652],[-3.40212,50.753372],[-3.40248,50.753277],[-3.402829,50.753314],[-3.403179,50.75306],[-3.403195,50.753308],[-3.403965,50.753449],[-3.403916,50.753103],[-3.404233,50.752856],[-3.404804,50.752883],[-3.405104,50.752914]],[[-3.326427,50.773165],[-3.327268,50.773301]],[[-3.343373,50.7725],[-3.344227,50.772239]],[[-3.334413,50.773004],[-3.335106,50.773049],[-3.335635,50.773131],[-3.336789,50.773016],[-3.337433,50.772814],[-3.339227,50.773318],[-3.33944,50.773274],[-3.340259,50.773039]],[[-3.340259,50.773039],[-3.340914,50.773075],[-3.341164,50.773017],[-3.342076,50.772791],[-3.342386,50.772724],[-3.343373,50.7725]],[[-3.330071,50.77335],[-3.331159,50.773144],[-3.331839,50.772978],[-3.332858,50.77274],[-3.333408,50.77274],[-3.334102,50.772817],[-3.334413,50.773004]],[[-3.325705,50.772758],[-3.326427,50.773165]],[[-3.360203,50.765669],[-3.360479,50.765834],[-3.361818,50.765732],[-3.363619,50.765348],[-3.364387,50.765538],[-3.365036,50.765694],[-3.366163,50.765915],[-3.36662,50.765973],[-3.366948,50.765655],[-3.367533,50.765912],[-3.368441,50.766363],[-3.369506,50.766382]],[[-3.322816,50.770368],[-3.323384,50.769563],[-3.324342,50.770342],[-3.324737,50.770524],[-3.325403,50.772319],[-3.325705,50.772758]]]},"properties":{"WB_CAT":"River","RBD_ID":"8","MNCAT_NAME":"Devon East","RBD_NAME":"South West","OPCAT_ID":"3085","hydromorph":"not designated artificial or heavily modified","MANCAT_ID":"3033","url":"/catchment-planning/WaterBody/GB108045008810","OPCAT_NAME":"Clyst and Culm","WB_ID":"GB108045008810","version":"2","WB_NAME":"Upper Cranny Brook"}},{"type":"Feature","geometry":{"type":"MultiLineString","coordinates":[[[-3.474857,50.736978],[-3.474171,50.736832]],[[-3.439557,50.740662],[-3.439281,50.740234],[-3.439378,50.74004]],[[-3.400685,50.776474],[-3.401361,50.776296],[-3.402071,50.776037],[-3.402743,50.776226]],[[-3.38061,50.779999],[-3.381042,50.779707],[-3.381229,50.779719],[-3.381492,50.7793],[-3.381839,50.779157]],[[-3.469691,50.736455],[-3.468065,50.73612]],[[-3.484729,50.740439],[-3.483551,50.739588],[-3.480384,50.738171],[-3.479506,50.737686],[-3.478686,50.737032],[-3.478497,50.736898],[-3.478089,50.736671],[-3.477135,50.737006]],[[-3.446384,50.765922],[-3.446921,50.765318]],[[-3.352917,50.806805],[-3.35258,50.80727],[-3.352842,50.807749]],[[-3.377061,50.800175],[-3.376801,50.799399],[-3.376747,50.798997],[-3.375653,50.798546],[-3.376137,50.798035],[-3.375819,50.797462],[-3.376374,50.79723],[-3.376283,50.79658],[-3.376501,50.796269],[-3.376334,50.795989],[-3.375827,50.795867],[-3.37582,50.795553],[-3.376527,50.794963],[-3.376694,50.794767],[-3.376502,50.79432],[-3.37676,50.794293],[-3.377068,50.794304],[-3.377192,50.793917],[-3.377536,50.793806],[-3.377372,50.793421],[-3.377508,50.793089],[-3.378013,50.792737],[-3.378399,50.792942],[-3.379265,50.792833]],[[-3.387819,50.776588],[-3.388928,50.776044]],[[-3.406328,50.775433],[-3.40715,50.775355],[-3.407677,50.775245],[-3.409049,50.774951],[-3.410214,50.775225],[-3.410245,50.774929],[-3.41152,50.775047],[-3.41211,50.775023],[-3.41228,50.775453],[-3.412809,50.775743],[-3.413693,50.775563],[-3.413963,50.77567],[-3.415342,50.775196],[-3.415675,50.775361],[-3.416158,50.775109],[-3.416177,50.775048]],[[-3.378954,50.784665],[-3.379324,50.784185]],[[-3.378848,50.784889],[-3.378954,50.784665]],[[-3.350638,50.804817],[-3.351705,50.80532]],[[-3.385993,50.776746],[-3.386503,50.777048],[-3.38731,50.776831],[-3.387819,50.776588]],[[-3.376814,50.800553],[-3.377061,50.800175]],[[-3.37712,50.786866],[-3.378602,50.785092],[-3.378848,50.784889]],[[-3.436046,50.735208],[-3.436218,50.734852],[-3.436273,50.734658],[-3.436297,50.73447],[-3.436278,50.734281],[-3.436047,50.733682]],[[-3.397407,50.776855],[-3.398092,50.776614],[-3.398984,50.776491],[-3.399134,50.776464],[-3.399373,50.77628],[-3.399585,50.776364]],[[-3.377156,50.786975],[-3.37712,50.786866]],[[-3.402743,50.776226],[-3.404556,50.776004],[-3.405446,50.775581],[-3.406328,50.775433]],[[-3.473806,50.736805],[-3.471698,50.736884]],[[-3.447469,50.739863],[-3.443892,50.740112],[-3.441279,50.740325],[-3.439557,50.740662]],[[-3.380642,50.780161],[-3.38061,50.779999]],[[-3.439378,50.74004],[-3.439536,50.73917],[-3.438332,50.738197],[-3.437869,50.737882]],[[-3.379265,50.792833],[-3.379317,50.792514],[-3.379902,50.792404],[-3.379994,50.792126]],[[-3.44744,50.764226],[-3.446708,50.763457],[-3.44712,50.762863],[-3.447321,50.762823],[-3.447519,50.762795],[-3.447921,50.762719],[-3.448606,50.762245],[-3.449177,50.761815],[-3.44886,50.761516],[-3.448752,50.761302],[-3.449581,50.761373],[-3.449784,50.761231],[-3.449948,50.760968],[-3.449891,50.760911]],[[-3.496162,50.751026],[-3.495488,50.751317]],[[-3.477135,50.737006],[-3.475314,50.737153]],[[-3.500813,50.750286],[-3.499564,50.750314]],[[-3.383073,50.778148],[-3.384492,50.777285],[-3.384981,50.777549],[-3.385524,50.776966],[-3.385993,50.776746]],[[-3.474171,50.736832],[-3.473806,50.736805]],[[-3.437527,50.737977],[-3.436514,50.737524],[-3.435914,50.736882],[-3.435887,50.736809]],[[-3.445225,50.767393],[-3.44596,50.766347]],[[-3.495488,50.751317],[-3.495428,50.751319]],[[-3.425706,50.773314],[-3.426627,50.77288],[-3.427968,50.772778],[-3.428027,50.772358],[-3.42878,50.772235],[-3.429648,50.772264],[-3.430118,50.772182]],[[-3.351705,50.80532],[-3.352917,50.806805]],[[-3.420554,50.774637],[-3.421691,50.774365],[-3.421397,50.774157],[-3.421737,50.77408],[-3.42205,50.774195],[-3.42239,50.773824],[-3.423143,50.774301],[-3.423193,50.774115],[-3.42317,50.773873],[-3.423765,50.773774],[-3.423974,50.773526],[-3.424513,50.773495],[-3.425078,50.773179],[-3.425582,50.773241],[-3.425706,50.773314]],[[-3.371013,50.800832],[-3.372335,50.800511],[-3.372879,50.800662],[-3.37338,50.800666],[-3.373562,50.800934],[-3.375194,50.800775],[-3.376035,50.800763],[-3.376814,50.800553]],[[-3.337871,50.810255],[-3.338485,50.810205],[-3.339789,50.80855],[-3.340883,50.807579],[-3.342119,50.806922],[-3.342464,50.806375]],[[-3.485184,50.741062],[-3.484729,50.740439]],[[-3.379994,50.792126],[-3.380572,50.791028],[-3.380564,50.79083],[-3.380541,50.790535]],[[-3.399585,50.776364],[-3.400685,50.776474]],[[-3.381839,50.779157],[-3.382509,50.778459],[-3.383073,50.778148]],[[-3.380881,50.78361],[-3.38121,50.782858],[-3.381265,50.782694],[-3.381605,50.782186],[-3.381069,50.782085],[-3.380557,50.78162],[-3.380633,50.781228],[-3.380774,50.781032],[-3.38043,50.780613],[-3.380468,50.780335],[-3.380892,50.780359],[-3.380642,50.780161]],[[-3.365546,50.80922],[-3.365147,50.808735],[-3.366315,50.807788],[-3.367563,50.806014],[-3.368106,50.805441],[-3.368808,50.804577],[-3.369106,50.804299],[-3.369473,50.80345],[-3.369809,50.802608],[-3.370146,50.802155],[-3.370534,50.801908],[-3.370484,50.801371],[-3.371013,50.800832]],[[-3.436047,50.733682],[-3.436604,50.733309],[-3.43812,50.73304],[-3.438449,50.732648],[-3.438058,50.731871],[-3.43763,50.731503],[-3.437331,50.73102],[-3.437704,50.730525],[-3.437008,50.73006],[-3.437151,50.729088],[-3.437202,50.728838]],[[-3.432429,50.771685],[-3.433141,50.771983],[-3.43378,50.772206],[-3.434594,50.771874],[-3.436358,50.770726],[-3.436875,50.770396],[-3.437479,50.770478],[-3.437533,50.77027],[-3.43789,50.77035],[-3.438272,50.770316],[-3.439107,50.770159],[-3.439729,50.770291],[-3.439909,50.769163],[-3.440203,50.769088]],[[-3.435887,50.736809],[-3.435735,50.736104],[-3.435654,50.7357],[-3.43584,50.735266],[-3.436046,50.735208]],[[-3.352842,50.807749],[-3.355237,50.808405]],[[-3.347142,50.804808],[-3.347347,50.804746],[-3.347589,50.80467],[-3.347773,50.804624],[-3.348633,50.804205],[-3.349929,50.804498],[-3.350158,50.804631]],[[-3.449891,50.760911],[-3.450478,50.760605],[-3.450808,50.760131],[-3.451178,50.75991]],[[-3.355237,50.808405],[-3.357127,50.808945],[-3.35783,50.809411],[-3.358212,50.810549],[-3.358072,50.810841],[-3.358575,50.811861]],[[-3.489395,50.74691],[-3.488628,50.746687],[-3.487834,50.745835],[-3.487271,50.744665]],[[-3.460485,50.73773],[-3.459365,50.737561]],[[-3.377569,50.787754],[-3.37745,50.787244],[-3.377169,50.786997]],[[-3.485538,50.741416],[-3.485184,50.741062]],[[-3.452442,50.75537],[-3.453316,50.753602],[-3.453426,50.752936]],[[-3.459365,50.737561],[-3.458053,50.737551],[-3.457493,50.737584],[-3.457098,50.737404],[-3.455126,50.737931],[-3.452859,50.738692],[-3.451623,50.738865],[-3.450991,50.739046],[-3.450012,50.739299],[-3.449455,50.739272],[-3.448965,50.739305],[-3.448263,50.739577],[-3.447469,50.739863]],[[-3.430118,50.772182],[-3.431692,50.771758],[-3.432429,50.771685]],[[-3.440203,50.769088],[-3.440747,50.769128],[-3.441506,50.768821],[-3.443449,50.768462],[-3.444647,50.768216],[-3.445043,50.767553],[-3.445225,50.767393]],[[-3.378198,50.788054],[-3.378028,50.787714],[-3.377569,50.787754]],[[-3.451178,50.75991],[-3.451009,50.75969],[-3.450835,50.759547],[-3.451002,50.759295],[-3.45047,50.759235],[-3.45044,50.758854],[-3.450866,50.759044],[-3.450563,50.758298],[-3.450451,50.758095],[-3.450429,50.757897],[-3.450552,50.757635],[-3.449807,50.757245],[-3.45014,50.757286],[-3.450959,50.757176],[-3.450525,50.756818],[-3.4506,50.756619],[-3.451266,50.75623],[-3.451736,50.756077],[-3.452442,50.75537]],[[-3.495428,50.751319],[-3.491174,50.751297],[-3.489299,50.751157],[-3.48765,50.750493],[-3.488021,50.749961],[-3.489612,50.748627],[-3.489688,50.748386],[-3.490401,50.747637],[-3.49036,50.747243],[-3.489395,50.74691]],[[-3.471609,50.736892],[-3.470195,50.736593],[-3.469962,50.736356],[-3.469691,50.736455]],[[-3.443234,50.745749],[-3.442597,50.745245],[-3.442096,50.744834],[-3.441877,50.744669],[-3.441728,50.744548],[-3.441054,50.743441],[-3.440519,50.742231],[-3.439646,50.740709],[-3.439557,50.740662]],[[-3.331029,50.810906],[-3.332332,50.81037],[-3.334742,50.810156],[-3.336532,50.810195],[-3.337791,50.80986],[-3.337871,50.810255]],[[-3.44596,50.766347],[-3.446384,50.765922]],[[-3.487271,50.744665],[-3.486712,50.743248],[-3.486624,50.742631],[-3.485538,50.741416]],[[-3.342464,50.806375],[-3.343238,50.806408],[-3.343976,50.806037],[-3.344876,50.805787],[-3.34531,50.805298],[-3.347142,50.804808]],[[-3.358575,50.811861],[-3.359464,50.812108],[-3.360021,50.812219],[-3.360105,50.812485],[-3.36179,50.81195],[-3.36195,50.811717],[-3.362844,50.811507],[-3.363202,50.811276],[-3.36432,50.810433],[-3.364779,50.809506],[-3.365546,50.80922]],[[-3.388928,50.776044],[-3.390411,50.775114],[-3.390585,50.775039]],[[-3.471698,50.736884],[-3.471609,50.736892]],[[-3.323719,50.816154],[-3.323551,50.815906],[-3.323953,50.815751],[-3.324029,50.815574],[-3.323737,50.814805],[-3.323835,50.814599],[-3.326019,50.813339],[-3.32868,50.812738],[-3.330291,50.811922],[-3.331029,50.810906]],[[-3.377169,50.786997],[-3.377156,50.786975]],[[-3.449083,50.749377],[-3.447076,50.74826],[-3.446878,50.748144],[-3.444526,50.746718],[-3.444105,50.746057],[-3.443415,50.745691],[-3.443234,50.745749]],[[-3.390585,50.775039],[-3.391831,50.775493],[-3.392029,50.775737],[-3.392434,50.776426],[-3.393679,50.777082],[-3.393794,50.777043]],[[-3.437869,50.737882],[-3.437527,50.737977]],[[-3.499564,50.750314],[-3.497249,50.750711],[-3.496162,50.751026]],[[-3.446921,50.765318],[-3.447101,50.764747],[-3.44744,50.764226]],[[-3.393794,50.777043],[-3.39441,50.777022],[-3.394843,50.776767],[-3.395935,50.77691],[-3.39639,50.776806],[-3.397368,50.776673],[-3.397407,50.776855]],[[-3.453426,50.752936],[-3.453438,50.752774],[-3.453372,50.752198],[-3.453202,50.75209],[-3.452826,50.75178],[-3.452698,50.751651],[-3.452591,50.751555],[-3.452469,50.751457],[-3.452192,50.751206],[-3.4515,50.750637],[-3.451337,50.75049],[-3.45118,50.750362],[-3.451062,50.75025],[-3.450093,50.749773],[-3.449393,50.749524]],[[-3.350158,50.804631],[-3.350638,50.804817]],[[-3.379324,50.784185],[-3.379976,50.78384],[-3.380881,50.78361]],[[-3.416177,50.775048],[-3.416626,50.774632],[-3.417595,50.774635],[-3.418385,50.774616],[-3.418818,50.774748],[-3.419219,50.774821],[-3.420033,50.774539],[-3.420436,50.774657],[-3.420554,50.774637]],[[-3.380541,50.790535],[-3.379896,50.789852],[-3.379712,50.789374],[-3.379169,50.788599],[-3.378807,50.788452],[-3.378708,50.788168],[-3.378484,50.787897],[-3.378198,50.788054]],[[-3.449393,50.749524],[-3.449083,50.749377]],[[-3.475314,50.737153],[-3.474857,50.736978]],[[-3.468065,50.73612],[-3.466528,50.736293],[-3.465615,50.736008],[-3.462572,50.736605],[-3.460816,50.737156],[-3.460485,50.73773]]]},"properties":{"WB_CAT":"River","RBD_ID":"8","MNCAT_NAME":"Devon East","RBD_NAME":"South West","OPCAT_ID":"3085","hydromorph":"not designated artificial or heavily modified","MANCAT_ID":"3033","url":"/catchment-planning/WaterBody/GB108045008860","OPCAT_NAME":"Clyst and Culm","WB_ID":"GB108045008860","version":"2","WB_NAME":"Upper Clyst"}},{"type":"Feature","geometry":{"type":"MultiLineString","coordinates":[[[-3.440862,50.667359],[-3.440862,50.667359]],[[-3.385373,50.670136],[-3.385763,50.670298],[-3.386161,50.670238]],[[-3.434805,50.668664],[-3.434912,50.668451],[-3.435776,50.667992]],[[-3.380669,50.669364],[-3.381299,50.669459],[-3.381979,50.669419],[-3.382758,50.669558],[-3.38352,50.669711]],[[-3.440126,50.66745],[-3.440346,50.667115],[-3.440862,50.667359]],[[-3.392298,50.670123],[-3.393842,50.669947]],[[-3.434751,50.66875],[-3.434805,50.668664]],[[-3.37891,50.669454],[-3.379315,50.669494],[-3.379636,50.669528],[-3.38023,50.669566]],[[-3.409389,50.672153],[-3.410742,50.671806],[-3.412371,50.671467],[-3.413261,50.671194],[-3.413726,50.671357],[-3.413935,50.671394],[-3.414484,50.671191],[-3.416271,50.671228],[-3.417405,50.671166],[-3.418031,50.671596]],[[-3.385355,50.670133],[-3.385373,50.670136]],[[-3.3882,50.670456],[-3.389211,50.670258],[-3.389479,50.670073],[-3.391336,50.670176],[-3.392298,50.670123]],[[-3.387153,50.670386],[-3.387597,50.670527]],[[-3.394504,50.669914],[-3.395143,50.669909],[-3.396104,50.669539],[-3.39725,50.669512]],[[-3.387597,50.670527],[-3.3882,50.670456]],[[-3.404957,50.673612],[-3.406087,50.673109],[-3.407222,50.672958]],[[-3.3741,50.668516],[-3.375867,50.668456],[-3.376999,50.668662]],[[-3.38352,50.669711],[-3.384231,50.670017],[-3.385161,50.670149],[-3.385355,50.670133]],[[-3.418327,50.67207],[-3.418701,50.67248],[-3.419236,50.672243],[-3.4194,50.672149]],[[-3.376999,50.668662],[-3.377599,50.668975],[-3.37891,50.669454]],[[-3.418031,50.671596],[-3.418327,50.67207]],[[-3.399298,50.671106],[-3.399377,50.671159]],[[-3.434518,50.66878],[-3.434751,50.66875]],[[-3.421372,50.671774],[-3.424141,50.671534],[-3.42857,50.67071],[-3.430376,50.669702],[-3.432561,50.668702],[-3.434036,50.668508],[-3.434518,50.66878]],[[-3.408956,50.672699],[-3.409274,50.672192],[-3.409389,50.672153]],[[-3.394352,50.669895],[-3.394504,50.669914]],[[-3.407222,50.672958],[-3.408956,50.672699]],[[-3.39725,50.669512],[-3.39751,50.66966],[-3.398152,50.669966],[-3.398383,50.670036],[-3.398804,50.670427],[-3.399298,50.671106]],[[-3.435776,50.667992],[-3.436352,50.667853],[-3.437419,50.667631],[-3.438215,50.667337],[-3.438545,50.667311],[-3.438444,50.667536],[-3.438725,50.667515]],[[-3.438725,50.667515],[-3.439359,50.667568],[-3.439692,50.667591],[-3.439933,50.667498],[-3.440126,50.66745]],[[-3.399377,50.671159],[-3.399403,50.671478],[-3.400081,50.671741],[-3.400354,50.672135],[-3.402231,50.672955],[-3.402319,50.673142],[-3.40276,50.673137]],[[-3.38023,50.669566],[-3.380669,50.669364]],[[-3.40276,50.673137],[-3.403235,50.673178],[-3.404028,50.673237],[-3.404172,50.673324],[-3.404957,50.673612]],[[-3.393842,50.669947],[-3.394352,50.669895]],[[-3.386161,50.670238],[-3.387153,50.670386]],[[-3.4194,50.672149],[-3.41956,50.672048],[-3.420597,50.671636],[-3.421372,50.671774]]]},"properties":{"WB_CAT":"River","RBD_ID":"8","MNCAT_NAME":"Devon East","RBD_NAME":"South West","OPCAT_ID":"3085","hydromorph":"not designated artificial or heavily modified","MANCAT_ID":"3033","url":"/catchment-planning/WaterBody/GB108045008980","OPCAT_NAME":"Clyst and Culm","WB_ID":"GB108045008980","version":"2","WB_NAME":"Polly Brook"}},{"type":"Feature","geometry":{"type":"MultiLineString","coordinates":[[[-3.407374,50.819911],[-3.407741,50.819566]],[[-3.374241,50.823416],[-3.374959,50.823215],[-3.37577,50.822834],[-3.377132,50.822627]],[[-3.379304,50.821108],[-3.379651,50.820908]],[[-3.318184,50.847094],[-3.321385,50.84594]],[[-3.336853,50.84105],[-3.337924,50.841005]],[[-3.347904,50.834778],[-3.348121,50.834623],[-3.348379,50.834394]],[[-3.306789,50.846936],[-3.308725,50.847634]],[[-3.348379,50.834394],[-3.347976,50.834096],[-3.348759,50.833135],[-3.349302,50.831789],[-3.349318,50.831368],[-3.349345,50.831143],[-3.34918,50.830708]],[[-3.402305,50.821641],[-3.402274,50.821929],[-3.402681,50.821884],[-3.403115,50.822034],[-3.40394,50.822219],[-3.404231,50.821907],[-3.40403,50.821548],[-3.405006,50.821422],[-3.405369,50.821429],[-3.406215,50.820854],[-3.406876,50.820144]],[[-3.305609,50.846933],[-3.306397,50.846852]],[[-3.34918,50.830708],[-3.348878,50.828126]],[[-3.317682,50.846429],[-3.31782,50.84666],[-3.31789,50.846833],[-3.318184,50.847094]],[[-3.391173,50.819686],[-3.391347,50.819771]],[[-3.373758,50.82367],[-3.374241,50.823416]],[[-3.394234,50.820456],[-3.397021,50.820117],[-3.397291,50.819831],[-3.398273,50.820041],[-3.399679,50.820528],[-3.400793,50.821242],[-3.401266,50.821472]],[[-3.321385,50.84594],[-3.322123,50.84565],[-3.322337,50.845631],[-3.322718,50.845607],[-3.323588,50.845485],[-3.325422,50.845444],[-3.327131,50.845647],[-3.327455,50.845878],[-3.32885,50.845503],[-3.329335,50.845367],[-3.330041,50.845043],[-3.331311,50.844628],[-3.332195,50.844642],[-3.33346,50.844438],[-3.334525,50.844215],[-3.334832,50.843738],[-3.335748,50.843406],[-3.335981,50.84324]],[[-3.363303,50.82692],[-3.363719,50.826344]],[[-3.310986,50.848271],[-3.31198,50.848607],[-3.313714,50.848717],[-3.314389,50.848624]],[[-3.347498,50.835264],[-3.347904,50.834778]],[[-3.391347,50.819771],[-3.392493,50.8199],[-3.39356,50.820234],[-3.394234,50.820456]],[[-3.336833,50.84114],[-3.336853,50.84105]],[[-3.401266,50.821472],[-3.401937,50.8217],[-3.402305,50.821641]],[[-3.355803,50.827061],[-3.356727,50.827348],[-3.357171,50.827653],[-3.35768,50.827443],[-3.357684,50.827336]],[[-3.335981,50.84324],[-3.335932,50.842942],[-3.336306,50.842061],[-3.335932,50.841909],[-3.33609,50.841361],[-3.336659,50.841233],[-3.336833,50.84114]],[[-3.337924,50.841005],[-3.338752,50.841095],[-3.339522,50.841076],[-3.339939,50.840715],[-3.340428,50.840468],[-3.340901,50.840206],[-3.342837,50.838677],[-3.343658,50.838632],[-3.344685,50.838034]],[[-3.348878,50.828126],[-3.349299,50.827388]],[[-3.411271,50.818596],[-3.412601,50.818484],[-3.413457,50.818364],[-3.413821,50.818255],[-3.414372,50.818592]],[[-3.379651,50.820908],[-3.379738,50.820907]],[[-3.366262,50.825954],[-3.36754,50.825665],[-3.368357,50.825059],[-3.369991,50.825493],[-3.370681,50.825445],[-3.372271,50.824517],[-3.372806,50.823777],[-3.373758,50.82367]],[[-3.288072,50.851214],[-3.290939,50.850741],[-3.292978,50.850666],[-3.295165,50.849945],[-3.297178,50.849218],[-3.297544,50.849354],[-3.300681,50.848361],[-3.301948,50.848017],[-3.303826,50.847449],[-3.303987,50.846963],[-3.305609,50.846933]],[[-3.346756,50.835677],[-3.346967,50.835523],[-3.347498,50.835264]],[[-3.306397,50.846852],[-3.30646,50.84685]],[[-3.314389,50.848624],[-3.315624,50.847985],[-3.315634,50.847809],[-3.315634,50.84769],[-3.315802,50.84742],[-3.31636,50.847288],[-3.317682,50.846429]],[[-3.406876,50.820144],[-3.407374,50.819911]],[[-3.357684,50.827336],[-3.358821,50.827401],[-3.359915,50.827474],[-3.360809,50.827502],[-3.363167,50.827181],[-3.363157,50.827007]],[[-3.407741,50.819566],[-3.408392,50.819142],[-3.409637,50.819562],[-3.410193,50.819264],[-3.411079,50.818891],[-3.41109,50.81863],[-3.411271,50.818596]],[[-3.380715,50.820882],[-3.38198,50.820849],[-3.382396,50.821121],[-3.383903,50.821135],[-3.386057,50.821064],[-3.386683,50.821253],[-3.387398,50.8212],[-3.387869,50.820614],[-3.387523,50.820408],[-3.388634,50.819947],[-3.389247,50.819636],[-3.390532,50.81973],[-3.390831,50.819608],[-3.391173,50.819686]],[[-3.363719,50.826344],[-3.364093,50.826294],[-3.36552,50.826156],[-3.366262,50.825954]],[[-3.349299,50.827388],[-3.350106,50.827348],[-3.350333,50.827296],[-3.351824,50.82686],[-3.353186,50.826489]],[[-3.363157,50.827007],[-3.363303,50.82692]],[[-3.308725,50.847634],[-3.310986,50.848271]],[[-3.377132,50.822627],[-3.378204,50.822218],[-3.378814,50.821646],[-3.379111,50.821468],[-3.379211,50.821261],[-3.379304,50.821108]],[[-3.344685,50.838034],[-3.344714,50.83786],[-3.345716,50.837058],[-3.345886,50.836618],[-3.346251,50.836137],[-3.346756,50.835677]],[[-3.30646,50.84685],[-3.306789,50.846936]],[[-3.379738,50.820907],[-3.380715,50.820882]],[[-3.414372,50.818592],[-3.414701,50.818039],[-3.414497,50.817741],[-3.414181,50.817656],[-3.414137,50.817307],[-3.414942,50.816981],[-3.417109,50.815993],[-3.417829,50.816103],[-3.418486,50.815891],[-3.419677,50.815423],[-3.420147,50.815408],[-3.420783,50.815734],[-3.421004,50.815957]],[[-3.353186,50.826489],[-3.353727,50.826689],[-3.354375,50.826773],[-3.355543,50.826961],[-3.355803,50.827061]]]},"properties":{"WB_CAT":"River","RBD_ID":"8","MNCAT_NAME":"Devon East","RBD_NAME":"South West","OPCAT_ID":"3085","hydromorph":"not designated artificial or heavily modified","MANCAT_ID":"3033","url":"/catchment-planning/WaterBody/GB108045009110","OPCAT_NAME":"Clyst and Culm","WB_ID":"GB108045009110","version":"2","WB_NAME":"Weaver"}},{"type":"Feature","geometry":{"type":"MultiLineString","coordinates":[[[-3.328,50.866728],[-3.32979,50.86702],[-3.330644,50.867199],[-3.331813,50.867144],[-3.333568,50.867308],[-3.333819,50.86705],[-3.336437,50.867048]],[[-3.339728,50.86763],[-3.339812,50.867631]],[[-3.322209,50.867663],[-3.32279,50.867173],[-3.324416,50.866543],[-3.324651,50.866413],[-3.325922,50.865871],[-3.32627,50.865862]],[[-3.368893,50.864921],[-3.370215,50.86453],[-3.37088,50.864212],[-3.372017,50.864534]],[[-3.366697,50.867183],[-3.367908,50.86594],[-3.368872,50.865002],[-3.368893,50.864921]],[[-3.34311,50.869038],[-3.344333,50.868715],[-3.344408,50.868468],[-3.344739,50.867956],[-3.345149,50.86778]],[[-3.372017,50.864534],[-3.372712,50.864076],[-3.373264,50.863823],[-3.374493,50.863042]],[[-3.355064,50.867328],[-3.357154,50.867272],[-3.358213,50.86734],[-3.359385,50.866977],[-3.360189,50.866619],[-3.361452,50.867146],[-3.361586,50.866957],[-3.362052,50.866232]],[[-3.362052,50.866232],[-3.363432,50.866696],[-3.363994,50.867322],[-3.366697,50.867183]],[[-3.374493,50.863042],[-3.375913,50.86251],[-3.377132,50.861765],[-3.380135,50.860393],[-3.38006,50.860055],[-3.380317,50.859412],[-3.379999,50.858825],[-3.380133,50.858425]],[[-3.353744,50.867966],[-3.354269,50.867429],[-3.355064,50.867328]],[[-3.341543,50.867974],[-3.34311,50.869038]],[[-3.32627,50.865862],[-3.327526,50.86601],[-3.327828,50.866536]],[[-3.336437,50.867048],[-3.336896,50.86749],[-3.339728,50.86763]],[[-3.340359,50.867657],[-3.341543,50.867974]],[[-3.345149,50.86778],[-3.34613,50.867936],[-3.351329,50.86852],[-3.351784,50.868343],[-3.353611,50.86804],[-3.353744,50.867966]],[[-3.339812,50.867631],[-3.340359,50.867657]],[[-3.327828,50.866536],[-3.328,50.866728]]]},"properties":{"WB_CAT":"River","RBD_ID":"8","MNCAT_NAME":"Devon East","RBD_NAME":"South West","OPCAT_ID":"3085","hydromorph":"not designated artificial or heavily modified","MANCAT_ID":"3033","url":"/catchment-planning/WaterBody/GB108045014880","OPCAT_NAME":"Clyst and Culm","WB_ID":"GB108045014880","version":"2","WB_NAME":"Ken Stream"}},{"type":"Feature","geometry":{"type":"MultiLineString","coordinates":[[[-3.402981,50.872698],[-3.400834,50.873479],[-3.396969,50.872779]],[[-3.396969,50.872779],[-3.396668,50.872687],[-3.396145,50.872491],[-3.395064,50.872478],[-3.393781,50.872604]],[[-3.431782,50.871674],[-3.429579,50.870936],[-3.426948,50.87129],[-3.426783,50.871199]],[[-3.44246,50.875032],[-3.44106,50.874724]],[[-3.4119,50.87175],[-3.410836,50.871805],[-3.409226,50.871895]],[[-3.444247,50.876109],[-3.442985,50.875424],[-3.442676,50.875262]],[[-3.431204,50.871879],[-3.431782,50.871674]],[[-3.416093,50.871699],[-3.415456,50.871839],[-3.415126,50.871727],[-3.414275,50.871629],[-3.412533,50.871724]],[[-3.420568,50.871249],[-3.419674,50.871207],[-3.419335,50.871098],[-3.418189,50.871703],[-3.417436,50.871611]],[[-3.442676,50.875262],[-3.442744,50.87515]],[[-3.44106,50.874724],[-3.441064,50.874694]],[[-3.462027,50.888825],[-3.46133,50.887796]],[[-3.442744,50.87515],[-3.44246,50.875032]],[[-3.426783,50.871199],[-3.424385,50.871311],[-3.423004,50.87131],[-3.422117,50.87178],[-3.42204,50.871812]],[[-3.432744,50.872094],[-3.432526,50.872066]],[[-3.46133,50.887796],[-3.459483,50.887258],[-3.458889,50.887114]],[[-3.391592,50.872223],[-3.389456,50.871617],[-3.386845,50.870982],[-3.386774,50.870872]],[[-3.43708,50.873114],[-3.434103,50.872084],[-3.432744,50.872094]],[[-3.412533,50.871724],[-3.4119,50.87175]],[[-3.441064,50.874694],[-3.441086,50.874598]],[[-3.386774,50.870872],[-3.385451,50.87052]],[[-3.409226,50.871895],[-3.408464,50.871758],[-3.407705,50.871764],[-3.406297,50.871784],[-3.405957,50.872135]],[[-3.447089,50.877618],[-3.446884,50.877512],[-3.445926,50.876906],[-3.445816,50.876323],[-3.444516,50.876183],[-3.444247,50.876109]],[[-3.42204,50.871812],[-3.421013,50.871305],[-3.420568,50.871249]],[[-3.432526,50.872066],[-3.432331,50.872041],[-3.431687,50.871974],[-3.431204,50.871879]],[[-3.417436,50.871611],[-3.416998,50.871745],[-3.416252,50.871653],[-3.416093,50.871699]],[[-3.405957,50.872135],[-3.404252,50.872484],[-3.402981,50.872698]],[[-3.441086,50.874598],[-3.440246,50.874351],[-3.438991,50.873376],[-3.437863,50.873007],[-3.43708,50.873114]],[[-3.458889,50.887114],[-3.455705,50.885192],[-3.454495,50.884053],[-3.453782,50.883525],[-3.453603,50.883456],[-3.452916,50.882911],[-3.451408,50.881619],[-3.450647,50.881129],[-3.450756,50.8808],[-3.449545,50.879707],[-3.448431,50.878498],[-3.448535,50.878098]],[[-3.448535,50.878098],[-3.447089,50.877618]],[[-3.393781,50.872604],[-3.392515,50.872318],[-3.391592,50.872223]]]},"properties":{"WB_CAT":"River","RBD_ID":"8","MNCAT_NAME":"Devon East","RBD_NAME":"South West","OPCAT_ID":"3085","hydromorph":"not designated artificial or heavily modified","MANCAT_ID":"3033","url":"/catchment-planning/WaterBody/GB108045014890","OPCAT_NAME":"Clyst and Culm","WB_ID":"GB108045014890","version":"2","WB_NAME":"Fulford Water"}},{"type":"Feature","geometry":{"type":"MultiLineString","coordinates":[[[-3.204794,50.860199],[-3.204802,50.860836]],[[-3.205308,50.87424],[-3.205337,50.87487],[-3.205129,50.875352]],[[-3.20538,50.870545],[-3.205254,50.871553]],[[-3.205294,50.872193],[-3.205318,50.872302]],[[-3.206247,50.858689],[-3.205879,50.859039]],[[-3.215029,50.883178],[-3.215679,50.883715]],[[-3.210625,50.855518],[-3.210068,50.855777]],[[-3.211564,50.880214],[-3.212099,50.880536]],[[-3.217336,50.863461],[-3.216582,50.863784]],[[-3.220451,50.917384],[-3.22167,50.918407]],[[-3.205318,50.872302],[-3.205344,50.872438]],[[-3.20652,50.877342],[-3.207109,50.877418],[-3.207394,50.877531],[-3.207593,50.877697]],[[-3.21352,50.900982],[-3.212711,50.901948],[-3.212296,50.902734]],[[-3.20377,50.86437],[-3.203721,50.864541],[-3.203778,50.864716]],[[-3.216987,50.887471],[-3.216998,50.887514]],[[-3.215657,50.895362],[-3.215765,50.89603]],[[-3.216599,50.891606],[-3.216607,50.892776],[-3.216293,50.892986]],[[-3.220399,50.917277],[-3.220451,50.917384]],[[-3.203914,50.867212],[-3.204614,50.868031],[-3.204708,50.869339],[-3.20538,50.870545]],[[-3.207413,50.869316],[-3.206671,50.870023]],[[-3.217286,50.886885],[-3.216987,50.887471]],[[-3.211275,50.903962],[-3.211411,50.903981]],[[-3.217413,50.888256],[-3.216801,50.889995],[-3.216873,50.89038]],[[-3.209292,50.878511],[-3.209915,50.878852]],[[-3.205344,50.872438],[-3.20533,50.872864]],[[-3.213466,50.865094],[-3.211855,50.865859],[-3.21099,50.866549]],[[-3.215345,50.898211],[-3.215436,50.89848],[-3.215344,50.898632]],[[-3.22454,50.8583],[-3.223209,50.859056],[-3.222931,50.859281],[-3.222174,50.859815],[-3.220763,50.860879],[-3.220619,50.860973]],[[-3.206671,50.870023],[-3.20643,50.870216]],[[-3.209542,50.85594],[-3.207694,50.857462],[-3.206247,50.858689]],[[-3.215113,50.899166],[-3.214719,50.899734]],[[-3.203778,50.864716],[-3.203674,50.865823],[-3.203698,50.866367],[-3.203715,50.867034]],[[-3.205167,50.875964],[-3.20496,50.876499],[-3.205474,50.877078],[-3.205969,50.877226]],[[-3.216629,50.913116],[-3.217445,50.913989],[-3.21789,50.91468],[-3.21843,50.915053]],[[-3.215286,50.897473],[-3.215345,50.898211]],[[-3.210969,50.907279],[-3.211343,50.907586],[-3.21177,50.907879],[-3.212005,50.908046],[-3.212196,50.908301],[-3.212191,50.908586]],[[-3.21402,50.882606],[-3.214627,50.882963],[-3.215029,50.883178]],[[-3.219566,50.861587],[-3.218657,50.862237],[-3.217336,50.863461]],[[-3.216582,50.863784],[-3.215879,50.864228]],[[-3.20533,50.872864],[-3.205523,50.87337],[-3.205308,50.87424]],[[-3.215765,50.89603],[-3.215343,50.896335],[-3.215444,50.89658],[-3.215584,50.896815]],[[-3.207593,50.877697],[-3.208175,50.877888],[-3.208702,50.878134],[-3.209292,50.878511]],[[-3.215679,50.883715],[-3.216084,50.88428],[-3.21667,50.884678]],[[-3.205969,50.877226],[-3.20652,50.877342]],[[-3.205879,50.859039],[-3.205278,50.859516]],[[-3.215879,50.864228],[-3.214164,50.86501],[-3.213466,50.865094]],[[-3.216684,50.884767],[-3.217066,50.88536]],[[-3.204037,50.863571],[-3.203919,50.863649]],[[-3.205254,50.871553],[-3.2051,50.872068],[-3.205294,50.872193]],[[-3.210432,50.866821],[-3.209878,50.867254],[-3.209048,50.868214],[-3.208441,50.868845]],[[-3.213971,50.900502],[-3.21352,50.900982]],[[-3.20424,50.863415],[-3.204037,50.863571]],[[-3.216873,50.89038],[-3.216599,50.891606]],[[-3.212296,50.902734],[-3.211982,50.903009]],[[-3.21099,50.866549],[-3.210432,50.866821]],[[-3.203715,50.867034],[-3.203914,50.867212]],[[-3.215584,50.896815],[-3.215687,50.897141],[-3.215243,50.897358],[-3.215286,50.897473]],[[-3.211411,50.903981],[-3.21129,50.904518],[-3.21133,50.905164],[-3.211326,50.905346],[-3.21096,50.905671],[-3.210921,50.906143],[-3.21084,50.906525],[-3.211237,50.906853],[-3.210969,50.907279]],[[-3.210068,50.855777],[-3.209542,50.85594]],[[-3.213091,50.881264],[-3.213157,50.881432]],[[-3.219287,50.915367],[-3.219585,50.915985],[-3.219743,50.916105],[-3.219684,50.916272],[-3.220399,50.917277]],[[-3.216369,50.893553],[-3.216232,50.893918],[-3.2161,50.894706],[-3.216065,50.894854],[-3.215972,50.895022],[-3.215678,50.894918]],[[-3.205272,50.859533],[-3.205092,50.859684],[-3.204794,50.860199]],[[-3.212235,50.880753],[-3.212703,50.880944]],[[-3.217066,50.88536],[-3.217125,50.885923],[-3.217378,50.886694],[-3.217331,50.88684]],[[-3.233776,50.854197],[-3.233296,50.855185],[-3.232494,50.855553]],[[-3.215344,50.898632],[-3.215113,50.899166]],[[-3.208441,50.868845],[-3.207413,50.869316]],[[-3.224588,50.858282],[-3.22454,50.8583]],[[-3.21843,50.915053],[-3.219287,50.915367]],[[-3.212099,50.880536],[-3.212235,50.880753]],[[-3.21667,50.884678],[-3.216684,50.884767]],[[-3.213948,50.882371],[-3.21402,50.882606]],[[-3.209915,50.878852],[-3.21057,50.879576],[-3.210984,50.879813],[-3.211501,50.880129],[-3.211564,50.880214]],[[-3.216293,50.892986],[-3.216497,50.893383],[-3.216369,50.893553]],[[-3.211982,50.903009],[-3.211916,50.903501],[-3.211567,50.90376],[-3.211374,50.903919]],[[-3.214719,50.899734],[-3.213971,50.900502]],[[-3.205129,50.875352],[-3.205167,50.875964]],[[-3.232494,50.855553],[-3.229589,50.856299],[-3.229375,50.856373],[-3.226029,50.857093],[-3.224588,50.858282]],[[-3.20643,50.870216],[-3.20538,50.870545]],[[-3.212703,50.880944],[-3.213091,50.881264]],[[-3.220619,50.860973],[-3.219566,50.861587]],[[-3.212191,50.908586],[-3.212284,50.909805],[-3.213719,50.910238],[-3.214159,50.911178],[-3.214548,50.911525],[-3.215803,50.912036],[-3.216267,50.912476],[-3.216629,50.913116]],[[-3.213584,50.8549],[-3.212582,50.855283],[-3.210625,50.855518]],[[-3.216998,50.887514],[-3.217413,50.888256]],[[-3.213157,50.881432],[-3.213862,50.882265],[-3.213948,50.882371]],[[-3.204275,50.862961],[-3.204116,50.863254],[-3.20424,50.863415]],[[-3.204802,50.860836],[-3.2044,50.862545],[-3.204275,50.862961]],[[-3.205278,50.859516],[-3.205272,50.859533]],[[-3.215678,50.894918],[-3.215657,50.895362]],[[-3.211374,50.903919],[-3.211275,50.903962]],[[-3.203919,50.863649],[-3.20377,50.86437]],[[-3.217331,50.88684],[-3.217286,50.886885]]]},"properties":{"WB_CAT":"River","RBD_ID":"8","MNCAT_NAME":"Devon East","RBD_NAME":"South West","OPCAT_ID":"3085","hydromorph":"not designated artificial or heavily modified","MANCAT_ID":"3033","url":"/catchment-planning/WaterBody/GB108045014920","OPCAT_NAME":"Clyst and Culm","WB_ID":"GB108045014920","version":"2","WB_NAME":"Madford River"}},{"type":"Feature","geometry":{"type":"MultiLineString","coordinates":[[[-3.16088,50.900982],[-3.162347,50.900924],[-3.162993,50.900847]],[[-3.194963,50.902495],[-3.196134,50.902628],[-3.198091,50.902906],[-3.198578,50.903163]],[[-3.184296,50.900942],[-3.184882,50.900952]],[[-3.190351,50.901632],[-3.190849,50.901765],[-3.191332,50.902206],[-3.191512,50.90225]],[[-3.151137,50.893725],[-3.151347,50.893829],[-3.1515,50.893909],[-3.151643,50.893997],[-3.152379,50.895],[-3.152551,50.895236]],[[-3.175037,50.900506],[-3.176258,50.900508],[-3.176352,50.900446]],[[-3.154013,50.899455],[-3.154714,50.900082]],[[-3.162993,50.900847],[-3.163876,50.900903]],[[-3.141566,50.892315],[-3.142966,50.891739],[-3.146881,50.892021],[-3.149893,50.893201]],[[-3.165105,50.900924],[-3.166657,50.900962],[-3.167714,50.900781]],[[-3.182453,50.900861],[-3.183616,50.900827],[-3.184296,50.900942]],[[-3.206407,50.904779],[-3.208178,50.905605],[-3.209069,50.906004]],[[-3.159789,50.900985],[-3.160422,50.90105]],[[-3.158301,50.900894],[-3.159509,50.900908],[-3.159789,50.900985]],[[-3.18731,50.900898],[-3.187566,50.900934]],[[-3.152551,50.895236],[-3.152684,50.895433]],[[-3.191753,50.902237],[-3.191822,50.902133]],[[-3.179571,50.900981],[-3.180722,50.901104],[-3.181972,50.900931]],[[-3.209639,50.906403],[-3.209961,50.906675],[-3.210619,50.907033],[-3.21097,50.9072],[-3.210969,50.907279]],[[-3.152856,50.897941],[-3.152893,50.898172]],[[-3.188884,50.901085],[-3.189317,50.901338],[-3.189668,50.901471],[-3.190351,50.901632]],[[-3.152707,50.896264],[-3.152983,50.897651],[-3.152856,50.897941]],[[-3.209069,50.906004],[-3.209485,50.906384],[-3.209639,50.906403]],[[-3.149893,50.893201],[-3.151137,50.893725]],[[-3.187566,50.900934],[-3.188059,50.90106]],[[-3.164161,50.900927],[-3.164947,50.900951]],[[-3.18845,50.90112],[-3.188884,50.901085]],[[-3.191822,50.902133],[-3.193281,50.902331],[-3.194678,50.902474],[-3.194963,50.902495]],[[-3.154714,50.900082],[-3.156032,50.900417],[-3.156451,50.900457]],[[-3.167714,50.900781],[-3.1691,50.900548],[-3.170681,50.900491],[-3.17148,50.900407],[-3.172093,50.900543],[-3.172729,50.900505],[-3.174133,50.900572]],[[-3.181972,50.900931],[-3.182359,50.900862]],[[-3.164947,50.900951],[-3.165105,50.900924]],[[-3.139584,50.893807],[-3.141566,50.892315]],[[-3.156451,50.900457],[-3.158301,50.900894]],[[-3.152893,50.898172],[-3.154013,50.899455]],[[-3.198578,50.903163],[-3.199192,50.903341],[-3.20097,50.903233],[-3.201792,50.903525],[-3.202761,50.90368],[-3.204082,50.904121],[-3.20524,50.904109],[-3.205645,50.904461],[-3.206407,50.904779]],[[-3.176352,50.900446],[-3.177031,50.900581],[-3.177662,50.900904],[-3.179398,50.900935]],[[-3.182359,50.900862],[-3.182453,50.900861]],[[-3.163876,50.900903],[-3.164161,50.900927]],[[-3.179398,50.900935],[-3.179571,50.900981]],[[-3.191512,50.90225],[-3.191753,50.902237]],[[-3.188059,50.90106],[-3.18845,50.90112]],[[-3.184882,50.900952],[-3.186005,50.901023],[-3.186816,50.90088],[-3.18731,50.900898]],[[-3.160422,50.90105],[-3.160804,50.901026]],[[-3.152684,50.895433],[-3.152707,50.896264]],[[-3.160804,50.901026],[-3.16088,50.900982]],[[-3.174133,50.900572],[-3.175037,50.900506]]]},"properties":{"WB_CAT":"River","RBD_ID":"8","MNCAT_NAME":"Devon East","RBD_NAME":"South West","OPCAT_ID":"3085","hydromorph":"not designated artificial or heavily modified","MANCAT_ID":"3033","url":"/catchment-planning/WaterBody/GB108045014930","OPCAT_NAME":"Clyst and Culm","WB_ID":"GB108045014930","version":"2","WB_NAME":"Bolham River"}},{"type":"Feature","geometry":{"type":"MultiLineString","coordinates":[[[-3.247763,50.865247],[-3.247478,50.865288]],[[-3.245473,50.876486],[-3.24514,50.876903],[-3.245053,50.877149]],[[-3.245807,50.866907],[-3.245173,50.868747]],[[-3.287039,50.895967],[-3.287566,50.896265],[-3.288022,50.896435],[-3.288387,50.896437]],[[-3.246433,50.883406],[-3.247345,50.883574]],[[-3.290469,50.896693],[-3.290594,50.896763]],[[-3.280231,50.893744],[-3.280417,50.893978],[-3.281018,50.894109]],[[-3.248073,50.864977],[-3.247763,50.865247]],[[-3.255532,50.857257],[-3.254096,50.857289],[-3.253099,50.857702],[-3.252423,50.858689]],[[-3.245677,50.87338],[-3.245703,50.87376]],[[-3.245703,50.87376],[-3.245328,50.873932]],[[-3.246426,50.883388],[-3.246433,50.883406]],[[-3.252423,50.858689],[-3.251492,50.85957]],[[-3.247478,50.865288],[-3.247054,50.865735]],[[-3.288387,50.896437],[-3.289293,50.896282],[-3.290469,50.896693]],[[-3.244638,50.879509],[-3.244919,50.880178],[-3.245006,50.88076]],[[-3.303117,50.911834],[-3.303099,50.912082]],[[-3.265614,50.887959],[-3.266487,50.888407],[-3.267448,50.888766],[-3.268546,50.889098],[-3.26984,50.889399],[-3.270455,50.889437]],[[-3.263409,50.887525],[-3.263429,50.887527]],[[-3.303257,50.912344],[-3.303709,50.912268]],[[-3.264742,50.888171],[-3.265225,50.887876],[-3.265471,50.887915]],[[-3.245053,50.871979],[-3.245127,50.872276]],[[-3.245247,50.875745],[-3.24513,50.875867]],[[-3.245127,50.872276],[-3.245677,50.87338]],[[-3.249141,50.863434],[-3.248714,50.864367]],[[-3.254184,50.885507],[-3.255675,50.885982]],[[-3.27181,50.889739],[-3.272778,50.890315]],[[-3.245226,50.882208],[-3.245891,50.883],[-3.246265,50.883196]],[[-3.247054,50.865735],[-3.245807,50.866907]],[[-3.249884,50.884773],[-3.250606,50.884886]],[[-3.249462,50.862666],[-3.249219,50.863363],[-3.249141,50.863434]],[[-3.258694,50.886441],[-3.259433,50.886623],[-3.25942,50.886913],[-3.26016,50.88707]],[[-3.248527,50.864432],[-3.247914,50.864844],[-3.248073,50.864977]],[[-3.255609,50.857271],[-3.255532,50.857257]],[[-3.245328,50.873932],[-3.245326,50.87468],[-3.245245,50.874929]],[[-3.245173,50.868747],[-3.244749,50.86982],[-3.244813,50.870408]],[[-3.250606,50.884886],[-3.251076,50.885042],[-3.252615,50.885176],[-3.25293,50.885216]],[[-3.248714,50.864367],[-3.248527,50.864432]],[[-3.278882,50.89381],[-3.280231,50.893744]],[[-3.25293,50.885216],[-3.253184,50.885174]],[[-3.303123,50.911558],[-3.303117,50.911834]],[[-3.261058,50.855692],[-3.260891,50.855672],[-3.260596,50.855832],[-3.260317,50.855979],[-3.259722,50.855963],[-3.257793,50.857005],[-3.257615,50.857011],[-3.257437,50.85786],[-3.257281,50.858063]],[[-3.263429,50.887527],[-3.263902,50.887988],[-3.264742,50.888171]],[[-3.245245,50.874929],[-3.245247,50.875745]],[[-3.265471,50.887915],[-3.265614,50.887959]],[[-3.244813,50.870408],[-3.244896,50.870855]],[[-3.276817,50.892601],[-3.277183,50.892576]],[[-3.297839,50.903336],[-3.298208,50.903544],[-3.298236,50.904155],[-3.298281,50.904455],[-3.299739,50.904516],[-3.300237,50.904594],[-3.301308,50.905156],[-3.301841,50.905718],[-3.302121,50.907175],[-3.301424,50.908871],[-3.301583,50.910088]],[[-3.247345,50.883574],[-3.24748,50.883825]],[[-3.29077,50.897891],[-3.29202,50.897953],[-3.292234,50.898631],[-3.293092,50.899077],[-3.295126,50.900292],[-3.295958,50.901191],[-3.296453,50.90165],[-3.296931,50.903039],[-3.297839,50.903336]],[[-3.281018,50.894109],[-3.281621,50.894451],[-3.283497,50.894663],[-3.285844,50.895261],[-3.286345,50.895582],[-3.287039,50.895967]],[[-3.24513,50.875867],[-3.245473,50.876486]],[[-3.245006,50.88076],[-3.244909,50.881514],[-3.245226,50.882208]],[[-3.24748,50.883825],[-3.24872,50.884007],[-3.249583,50.88477],[-3.249884,50.884773]],[[-3.303872,50.912393],[-3.304089,50.912536],[-3.30488,50.912921],[-3.305158,50.913031],[-3.306064,50.913212],[-3.306083,50.913417],[-3.306325,50.913487]],[[-3.257281,50.858063],[-3.255947,50.857379],[-3.25579,50.857349]],[[-3.303709,50.912268],[-3.303872,50.912393]],[[-3.277183,50.892576],[-3.277962,50.892717],[-3.278882,50.89381]],[[-3.276478,50.892003],[-3.276895,50.892439],[-3.276817,50.892601]],[[-3.290594,50.896763],[-3.290578,50.89771],[-3.29077,50.897891]],[[-3.301583,50.910088],[-3.301809,50.910462],[-3.302528,50.911104],[-3.303123,50.911558]],[[-3.25579,50.857349],[-3.255609,50.857271]],[[-3.246265,50.883196],[-3.246426,50.883388]],[[-3.303099,50.912082],[-3.303257,50.912344]],[[-3.244704,50.878253],[-3.244839,50.87869],[-3.244703,50.879017],[-3.244638,50.879509]],[[-3.26016,50.88707],[-3.260837,50.887205],[-3.261453,50.887234],[-3.261769,50.887465],[-3.263143,50.887587],[-3.263409,50.887525]],[[-3.253184,50.885174],[-3.254184,50.885507]],[[-3.272778,50.890315],[-3.274931,50.891264],[-3.275241,50.891507],[-3.275605,50.891729],[-3.275633,50.891845],[-3.276273,50.892116],[-3.276478,50.892003]],[[-3.270455,50.889437],[-3.27181,50.889739]],[[-3.244896,50.870855],[-3.245053,50.871979]],[[-3.255675,50.885982],[-3.258194,50.886381],[-3.258694,50.886441]],[[-3.245053,50.877149],[-3.244704,50.878253]],[[-3.251492,50.85957],[-3.250789,50.860422],[-3.249472,50.861867],[-3.249462,50.862666]]]},"properties":{"WB_CAT":"River","RBD_ID":"8","MNCAT_NAME":"Devon East","RBD_NAME":"South West","OPCAT_ID":"3085","hydromorph":"not designated artificial or heavily modified","MANCAT_ID":"3033","url":"/catchment-planning/WaterBody/GB108045014940","OPCAT_NAME":"Clyst and Culm","WB_ID":"GB108045014940","version":"2","WB_NAME":"Sheldon Stream"}},{"type":"Feature","geometry":{"type":"MultiLineString","coordinates":[[[-3.399045,50.893353],[-3.399077,50.893339]],[[-3.397644,50.890194],[-3.397757,50.889607],[-3.397304,50.889557],[-3.396088,50.889465]],[[-3.396686,50.886511],[-3.396391,50.88619],[-3.396041,50.885779],[-3.395655,50.885698],[-3.39547,50.885577],[-3.395388,50.885421],[-3.394787,50.88527],[-3.39458,50.884411]],[[-3.399077,50.893339],[-3.39911,50.892383],[-3.398305,50.891505],[-3.397663,50.890467],[-3.397644,50.890194]],[[-3.39857,50.893399],[-3.399045,50.893353]],[[-3.396098,50.889444],[-3.396139,50.887939],[-3.396551,50.887473],[-3.39648,50.887181],[-3.396686,50.886511]],[[-3.391213,50.881437],[-3.390266,50.881469]],[[-3.396088,50.889465],[-3.396098,50.889444]],[[-3.39458,50.884411],[-3.394147,50.88407],[-3.393774,50.883758],[-3.393392,50.883722],[-3.393216,50.883152],[-3.393439,50.882836],[-3.392358,50.882168],[-3.391213,50.881437]]]},"properties":{"WB_CAT":"River","RBD_ID":"8","MNCAT_NAME":"Devon East","RBD_NAME":"South West","OPCAT_ID":"3085","hydromorph":"not designated artificial or heavily modified","MANCAT_ID":"3033","url":"/catchment-planning/WaterBody/GB108045014960","OPCAT_NAME":"Clyst and Culm","WB_ID":"GB108045014960","version":"2","WB_NAME":"Halberton Stream"}},{"type":"Feature","geometry":{"type":"MultiLineString","coordinates":[[[-3.37824,50.868077],[-3.378209,50.868024]],[[-3.454143,50.80135],[-3.454867,50.801872],[-3.455706,50.803022],[-3.455985,50.802804],[-3.456763,50.802742],[-3.456913,50.802777]],[[-3.465181,50.800303],[-3.464817,50.800051],[-3.464794,50.79969],[-3.464802,50.799491],[-3.465246,50.799138],[-3.465549,50.798818],[-3.46706,50.798547],[-3.467107,50.798131],[-3.466459,50.797983]],[[-3.453794,50.801057],[-3.454143,50.80135]],[[-3.397257,50.835291],[-3.397445,50.834449],[-3.397578,50.833981],[-3.397614,50.833848],[-3.398014,50.833052]],[[-3.479514,50.785842],[-3.481376,50.785565],[-3.481788,50.784843],[-3.482603,50.784497],[-3.482775,50.784238]],[[-3.378262,50.865806],[-3.378483,50.865653]],[[-3.405333,50.824212],[-3.405628,50.824227]],[[-3.445125,50.799991],[-3.44586,50.799962]],[[-3.390937,50.844417],[-3.39116,50.84409]],[[-3.474045,50.792866],[-3.474553,50.792403],[-3.475573,50.792008]],[[-3.400632,50.828323],[-3.400757,50.828007]],[[-3.41727,50.818734],[-3.417364,50.818414],[-3.41798,50.817347],[-3.418749,50.81725],[-3.41928,50.817591],[-3.419543,50.817349]],[[-3.374854,50.872089],[-3.375945,50.871967],[-3.376089,50.871195],[-3.376588,50.871011]],[[-3.380593,50.858699],[-3.380133,50.858425]],[[-3.360437,50.882982],[-3.360913,50.882341],[-3.361632,50.881571]],[[-3.343766,50.896714],[-3.34412,50.896333],[-3.344659,50.895313],[-3.34464,50.894986],[-3.344456,50.894689],[-3.344879,50.894624],[-3.345203,50.894513],[-3.345495,50.893972],[-3.346327,50.893544],[-3.346062,50.894184],[-3.346668,50.894095],[-3.347124,50.893399],[-3.348818,50.892868]],[[-3.511408,50.764272],[-3.512646,50.764427]],[[-3.337326,50.898548],[-3.338229,50.898408],[-3.338283,50.898695]],[[-3.479591,50.787536],[-3.480582,50.786596],[-3.481355,50.786959],[-3.481465,50.786523],[-3.481457,50.786283],[-3.481355,50.785849],[-3.482372,50.785339],[-3.482812,50.785389],[-3.483284,50.784912],[-3.483069,50.784473],[-3.48315,50.784431]],[[-3.452976,50.800541],[-3.453794,50.801057]],[[-3.325303,50.903402],[-3.327268,50.90194],[-3.328281,50.901312]],[[-3.391834,50.838055],[-3.392661,50.837363],[-3.39367,50.836857]],[[-3.39116,50.84409],[-3.391231,50.844045]],[[-3.443994,50.800326],[-3.444913,50.800221],[-3.445125,50.799991]],[[-3.382909,50.85081],[-3.383387,50.849799],[-3.386194,50.849338],[-3.386648,50.849218]],[[-3.352055,50.88953],[-3.353334,50.888982],[-3.354668,50.887881],[-3.356259,50.887537],[-3.356413,50.887412]],[[-3.44586,50.799962],[-3.446355,50.799958],[-3.447149,50.799874]],[[-3.389946,50.839888],[-3.390077,50.83971]],[[-3.401159,50.830121],[-3.401137,50.829825]],[[-3.43885,50.802691],[-3.439362,50.802183],[-3.439651,50.802141]],[[-3.378483,50.865653],[-3.378795,50.864687],[-3.379038,50.863869]],[[-3.359545,50.884287],[-3.359848,50.883796]],[[-3.359848,50.883796],[-3.360054,50.883481],[-3.360437,50.882982]],[[-3.466459,50.797983],[-3.465967,50.797527],[-3.467051,50.79697],[-3.466791,50.796112],[-3.46672,50.795715],[-3.467673,50.79593],[-3.467954,50.796154],[-3.468444,50.796081]],[[-3.311738,50.910958],[-3.312769,50.910365]],[[-3.405792,50.82605],[-3.405154,50.825318],[-3.405221,50.824888]],[[-3.306325,50.913487],[-3.307363,50.913345],[-3.308193,50.912989],[-3.308897,50.913275],[-3.308867,50.913579],[-3.309319,50.913652],[-3.309296,50.913113],[-3.310377,50.913171],[-3.310842,50.913341]],[[-3.42846,50.812695],[-3.42942,50.811851],[-3.429912,50.81161],[-3.430756,50.810977],[-3.430881,50.810709],[-3.431595,50.810197],[-3.432201,50.809721],[-3.43263,50.808814],[-3.433245,50.808456],[-3.434092,50.807467]],[[-3.428466,50.813478],[-3.42846,50.812695]],[[-3.366011,50.877775],[-3.366676,50.877405],[-3.36741,50.87771],[-3.367428,50.87727],[-3.366605,50.877117],[-3.36703,50.876444],[-3.367611,50.876116],[-3.368,50.875689],[-3.369646,50.875322],[-3.36945,50.874868],[-3.370049,50.875016]],[[-3.502578,50.772014],[-3.503311,50.771355],[-3.503258,50.770619],[-3.504835,50.769937],[-3.505684,50.769115],[-3.505255,50.768957],[-3.50531,50.768423],[-3.507705,50.767934]],[[-3.439651,50.802141],[-3.439989,50.802756],[-3.440788,50.802417],[-3.441268,50.802179],[-3.441491,50.802083],[-3.441649,50.802007],[-3.443171,50.801137],[-3.4427,50.800674],[-3.44175,50.800996],[-3.442118,50.800483],[-3.442861,50.800431],[-3.443049,50.800389],[-3.443794,50.800318]],[[-3.457379,50.803506],[-3.458548,50.803366],[-3.459305,50.80348],[-3.4601,50.803255]],[[-3.438519,50.803338],[-3.439006,50.803165],[-3.43885,50.802691]],[[-3.378155,50.867617],[-3.378124,50.866353],[-3.378262,50.865806]],[[-3.48315,50.784431],[-3.484349,50.784624],[-3.484043,50.785031],[-3.484541,50.785155],[-3.485132,50.785373],[-3.485605,50.785579],[-3.485798,50.78581],[-3.486757,50.785431],[-3.486904,50.785152],[-3.487739,50.785279],[-3.48861,50.785253],[-3.488716,50.784871],[-3.488933,50.785194],[-3.489559,50.785223],[-3.490513,50.784832],[-3.490627,50.784884]],[[-3.372935,50.87329],[-3.373035,50.872794],[-3.373191,50.872757]],[[-3.419543,50.817349],[-3.419703,50.817239]],[[-3.391246,50.843801],[-3.391,50.843381],[-3.390693,50.842615],[-3.390526,50.842347],[-3.390146,50.841436],[-3.390078,50.841262],[-3.389683,50.840425],[-3.389946,50.839888]],[[-3.456913,50.802777],[-3.457675,50.802726],[-3.457492,50.802932],[-3.456993,50.803055]],[[-3.365985,50.878249],[-3.365989,50.877821]],[[-3.379038,50.863869],[-3.379093,50.863748],[-3.380399,50.862857],[-3.380871,50.862389],[-3.380781,50.861575],[-3.380861,50.861394],[-3.381028,50.860988],[-3.381083,50.860566],[-3.380593,50.858699]],[[-3.475542,50.794516],[-3.475003,50.79346],[-3.474045,50.792866]],[[-3.41214,50.820377],[-3.412856,50.820312],[-3.413066,50.820362]],[[-3.500792,50.772891],[-3.501598,50.772624],[-3.502256,50.772675],[-3.502063,50.772183],[-3.502578,50.772014]],[[-3.49538,50.780875],[-3.49543,50.780516]],[[-3.405628,50.824227],[-3.4064,50.823804],[-3.406244,50.823249]],[[-3.398014,50.833052],[-3.399499,50.831976],[-3.40043,50.831651],[-3.401083,50.83161],[-3.401152,50.830924],[-3.401159,50.830121]],[[-3.456993,50.803055],[-3.456989,50.803391],[-3.457379,50.803506]],[[-3.338283,50.898695],[-3.338025,50.899044],[-3.338896,50.898798],[-3.338941,50.898496],[-3.339922,50.897653],[-3.340813,50.89775],[-3.341364,50.897916],[-3.342239,50.89747],[-3.342368,50.897024],[-3.342761,50.896991],[-3.343364,50.89712],[-3.343506,50.896736],[-3.343766,50.896714]],[[-3.452912,50.800515],[-3.452976,50.800541]],[[-3.370669,50.874713],[-3.371895,50.87465],[-3.3729,50.874652],[-3.372861,50.874235],[-3.373253,50.873865],[-3.372935,50.87329]],[[-3.323591,50.904748],[-3.323751,50.904621],[-3.324161,50.904324],[-3.324742,50.903948],[-3.324899,50.903879]],[[-3.495498,50.78118],[-3.49538,50.780875]],[[-3.3146,50.91034],[-3.315465,50.910993],[-3.315633,50.910849],[-3.316093,50.910084]],[[-3.370049,50.875016],[-3.370263,50.87458],[-3.370669,50.874713]],[[-3.43703,50.804868],[-3.437386,50.804331],[-3.437597,50.804026],[-3.437701,50.803849],[-3.43789,50.803558],[-3.437954,50.803439],[-3.438519,50.803338]],[[-3.390294,50.8395],[-3.390521,50.839285],[-3.390747,50.839124],[-3.391548,50.838693],[-3.391834,50.838055]],[[-3.413066,50.820362],[-3.414011,50.820825]],[[-3.415343,50.819713],[-3.415775,50.819291]],[[-3.424983,50.815728],[-3.425471,50.815632],[-3.42568,50.815576],[-3.425883,50.815535],[-3.426382,50.81541]],[[-3.381064,50.856993],[-3.381298,50.856513],[-3.381302,50.85539],[-3.380932,50.854751],[-3.381152,50.853368],[-3.382981,50.852038],[-3.383239,50.851591],[-3.383193,50.850975],[-3.382909,50.85081]],[[-3.321121,50.907087],[-3.322263,50.906367],[-3.322421,50.906012],[-3.323196,50.905104],[-3.323591,50.904748]],[[-3.513218,50.764118],[-3.513046,50.76385],[-3.512633,50.763539],[-3.513637,50.762745],[-3.513731,50.76265]],[[-3.406244,50.823249],[-3.407454,50.822836],[-3.407732,50.822553],[-3.407418,50.821824],[-3.408813,50.820841],[-3.409419,50.820898],[-3.409902,50.821326],[-3.410492,50.821007],[-3.410665,50.820701],[-3.41163,50.820755]],[[-3.443794,50.800318],[-3.443994,50.800326]],[[-3.387979,50.847399],[-3.38941,50.846093],[-3.390364,50.845697],[-3.390414,50.845228],[-3.390937,50.844417]],[[-3.400635,50.829015],[-3.40056,50.828493]],[[-3.421004,50.815957],[-3.421526,50.815963],[-3.424243,50.815919],[-3.424983,50.815728]],[[-3.380532,50.857604],[-3.381132,50.857294],[-3.381064,50.856993]],[[-3.357667,50.885829],[-3.359405,50.884541]],[[-3.328281,50.901312],[-3.33225,50.899562],[-3.332839,50.89909],[-3.332952,50.898987],[-3.334151,50.898489],[-3.334331,50.898464],[-3.336519,50.89811],[-3.337326,50.898548]],[[-3.357511,50.886019],[-3.357667,50.885829]],[[-3.434092,50.807467],[-3.435706,50.806132],[-3.435853,50.806023],[-3.436866,50.8055],[-3.436933,50.805061],[-3.43703,50.804868]],[[-3.312418,50.913269],[-3.312716,50.912726],[-3.31135,50.911668],[-3.311568,50.911131],[-3.311738,50.910958]],[[-3.356413,50.887412],[-3.356486,50.886766],[-3.357511,50.886019]],[[-3.479159,50.787661],[-3.479591,50.787536]],[[-3.450285,50.799933],[-3.452287,50.800312]],[[-3.380133,50.858425],[-3.380422,50.85767],[-3.380532,50.857604]],[[-3.390077,50.83971],[-3.390294,50.8395]],[[-3.363224,50.88071],[-3.364212,50.879902],[-3.365119,50.879338],[-3.36571,50.879027],[-3.366522,50.879012],[-3.366386,50.878609],[-3.365985,50.878249]],[[-3.494505,50.782676],[-3.494836,50.781915],[-3.495107,50.781548],[-3.495498,50.78118]],[[-3.415775,50.819291],[-3.416707,50.818716],[-3.416685,50.818367],[-3.41727,50.818734]],[[-3.427861,50.814446],[-3.428309,50.813801]],[[-3.361632,50.881571],[-3.361903,50.881432],[-3.363224,50.88071]],[[-3.348818,50.892868],[-3.348803,50.892287],[-3.348732,50.89185],[-3.349422,50.891927],[-3.349643,50.89114],[-3.350568,50.890546],[-3.350669,50.890157],[-3.351387,50.889842],[-3.351946,50.889949],[-3.352055,50.88953]],[[-3.373191,50.872757],[-3.374291,50.873004],[-3.374887,50.87245]],[[-3.4601,50.803255],[-3.460612,50.803016],[-3.461316,50.802519],[-3.461956,50.802316],[-3.462564,50.801366],[-3.463461,50.80109],[-3.464837,50.801087],[-3.465181,50.800303]],[[-3.419703,50.817239],[-3.421019,50.81668],[-3.420113,50.816297],[-3.420845,50.815948],[-3.421004,50.815957]],[[-3.428309,50.813801],[-3.428466,50.813478]],[[-3.475573,50.792008],[-3.475284,50.791629],[-3.476543,50.790261],[-3.476687,50.789918],[-3.476949,50.789878],[-3.478036,50.78939],[-3.477672,50.788869],[-3.477196,50.788642],[-3.478876,50.787878]],[[-3.400757,50.828007],[-3.401359,50.82787],[-3.401851,50.827952],[-3.403492,50.826533],[-3.40401,50.82653],[-3.404328,50.826757],[-3.404979,50.826453],[-3.405758,50.826129]],[[-3.374887,50.87245],[-3.374854,50.872089]],[[-3.426382,50.81541],[-3.427528,50.814721],[-3.427861,50.814446]],[[-3.490627,50.784884],[-3.49134,50.784362],[-3.491726,50.78397],[-3.492433,50.784284],[-3.493149,50.783635],[-3.494072,50.78328],[-3.494505,50.782676]],[[-3.478876,50.787878],[-3.479159,50.787661]],[[-3.482775,50.784238],[-3.48315,50.784431]],[[-3.312769,50.910365],[-3.313132,50.910192]],[[-3.310842,50.913341],[-3.312418,50.913269]],[[-3.414011,50.820825],[-3.414423,50.820048],[-3.41519,50.8202],[-3.415165,50.819819]],[[-3.479255,50.787428],[-3.478842,50.786568],[-3.479736,50.786152],[-3.479514,50.785842]],[[-3.447149,50.799874],[-3.447541,50.800004]],[[-3.479159,50.787661],[-3.479255,50.787428]],[[-3.401137,50.829825],[-3.400635,50.829015]],[[-3.41163,50.820755],[-3.41214,50.820377]],[[-3.359405,50.884541],[-3.359545,50.884287]],[[-3.378348,50.868216],[-3.37824,50.868077]],[[-3.313132,50.910192],[-3.3146,50.91034]],[[-3.507858,50.765914],[-3.508473,50.76561],[-3.509957,50.764803],[-3.511141,50.764661],[-3.511408,50.764272]],[[-3.468444,50.796081],[-3.469609,50.796431],[-3.470013,50.796685],[-3.470248,50.796829],[-3.470933,50.796863],[-3.472508,50.796514],[-3.473882,50.796007],[-3.474291,50.795653]],[[-3.365989,50.877821],[-3.366011,50.877775]],[[-3.391231,50.844045],[-3.391246,50.843801]],[[-3.378209,50.868024],[-3.378155,50.867617]],[[-3.512646,50.764427],[-3.51319,50.764265],[-3.513218,50.764118]],[[-3.386648,50.849218],[-3.386878,50.848606],[-3.387979,50.847399]],[[-3.49543,50.780516],[-3.495546,50.780078],[-3.4956,50.779474],[-3.494367,50.779243],[-3.494913,50.778956],[-3.495781,50.779022],[-3.496031,50.778651],[-3.496005,50.778236],[-3.495254,50.77756],[-3.496098,50.777575],[-3.495768,50.776796]],[[-3.507705,50.767934],[-3.508232,50.767697],[-3.50834,50.767591],[-3.508552,50.766743],[-3.507858,50.765914]],[[-3.405758,50.826129],[-3.405792,50.82605]],[[-3.40056,50.828493],[-3.400632,50.828323]],[[-3.495768,50.776796],[-3.496084,50.776422],[-3.497223,50.776719],[-3.497421,50.776734],[-3.498378,50.776663],[-3.498493,50.775782],[-3.499016,50.775683],[-3.499829,50.776024],[-3.500029,50.775561],[-3.501859,50.774429],[-3.501328,50.77335],[-3.500736,50.773131],[-3.500792,50.772891]],[[-3.324899,50.903879],[-3.325303,50.903402]],[[-3.39367,50.836857],[-3.394809,50.836452],[-3.39504,50.836406],[-3.395641,50.836225],[-3.397257,50.835291]],[[-3.447541,50.800004],[-3.448002,50.800044]],[[-3.376588,50.871011],[-3.377927,50.869802],[-3.378492,50.869419],[-3.378559,50.868557],[-3.378348,50.868216]],[[-3.448002,50.800044],[-3.449367,50.799907],[-3.450145,50.799873],[-3.450285,50.799933]],[[-3.452287,50.800312],[-3.452912,50.800515]],[[-3.474291,50.795653],[-3.475441,50.794641],[-3.475542,50.794516]],[[-3.316093,50.910084],[-3.316878,50.909135],[-3.317102,50.908607],[-3.31723,50.908048],[-3.318427,50.907901],[-3.318638,50.907828],[-3.319663,50.907521],[-3.32013,50.907602],[-3.320851,50.907277],[-3.321121,50.907087]],[[-3.405221,50.824888],[-3.405064,50.824238],[-3.405333,50.824212]],[[-3.415165,50.819819],[-3.415343,50.819713]]]},"properties":{"WB_CAT":"River","RBD_ID":"8","MNCAT_NAME":"Devon East","RBD_NAME":"South West","OPCAT_ID":"3085","hydromorph":"not designated artificial or heavily modified","MANCAT_ID":"3033","url":"/catchment-planning/WaterBody/GB108045014970","OPCAT_NAME":"Clyst and Culm","WB_ID":"GB108045014970","version":"2","WB_NAME":"Lower Culm"}},{"type":"Feature","geometry":{"type":"MultiLineString","coordinates":[[[-3.287727,50.915173],[-3.288305,50.914982],[-3.29,50.914684],[-3.292337,50.914627],[-3.292993,50.914681],[-3.294004,50.914599],[-3.293906,50.914382],[-3.294446,50.914374]],[[-3.230425,50.919198],[-3.230863,50.91914]],[[-3.257333,50.916619],[-3.258483,50.916432],[-3.259179,50.916299],[-3.260244,50.916368],[-3.261556,50.917147],[-3.262127,50.917282]],[[-3.233622,50.917621],[-3.234528,50.917284],[-3.235738,50.917463],[-3.23636,50.917471],[-3.236403,50.917174],[-3.236734,50.91735],[-3.237228,50.917512],[-3.238028,50.917067],[-3.238858,50.916961],[-3.239096,50.916967]],[[-3.269584,50.916442],[-3.270479,50.915974],[-3.271059,50.915951]],[[-3.230863,50.91914],[-3.230909,50.918656]],[[-3.262231,50.917499],[-3.262087,50.917906],[-3.26279,50.917703],[-3.263552,50.917825],[-3.26394,50.91819]],[[-3.251582,50.916936],[-3.251783,50.91697]],[[-3.26394,50.91819],[-3.265964,50.918128]],[[-3.224905,50.918118],[-3.225543,50.918509]],[[-3.250213,50.916672],[-3.250829,50.916813],[-3.251582,50.916936]],[[-3.287145,50.915505],[-3.287727,50.915173]],[[-3.262127,50.917282],[-3.262231,50.917499]],[[-3.246638,50.9179],[-3.247043,50.91814]],[[-3.2536,50.917101],[-3.254157,50.91687],[-3.254284,50.916583]],[[-3.242531,50.918305],[-3.243231,50.918124],[-3.24406,50.91789],[-3.245835,50.917528],[-3.246127,50.917668],[-3.246638,50.9179]],[[-3.294446,50.914374],[-3.294672,50.914358],[-3.295118,50.914299],[-3.295631,50.914234],[-3.296266,50.914218],[-3.298718,50.914911],[-3.300772,50.914572],[-3.301329,50.914742],[-3.303567,50.914979],[-3.304259,50.914465],[-3.305456,50.91418],[-3.305839,50.914236]],[[-3.247043,50.91814],[-3.248708,50.918305]],[[-3.240076,50.917165],[-3.241298,50.917519],[-3.241724,50.918209]],[[-3.239096,50.916967],[-3.239703,50.917162]],[[-3.22167,50.918407],[-3.223867,50.918055],[-3.224485,50.918036],[-3.224905,50.918118]],[[-3.239703,50.917162],[-3.240076,50.917165]],[[-3.281247,50.916004],[-3.281657,50.915664],[-3.282672,50.915544],[-3.283265,50.915634],[-3.283734,50.91571],[-3.284223,50.915771],[-3.286745,50.915688],[-3.287145,50.915505]],[[-3.253171,50.917067],[-3.253367,50.917076],[-3.2536,50.917101]],[[-3.231715,50.918247],[-3.233159,50.91766],[-3.233622,50.917621]],[[-3.256734,50.916498],[-3.257333,50.916619]],[[-3.254284,50.916583],[-3.255036,50.916457],[-3.256734,50.916498]],[[-3.225543,50.918509],[-3.226441,50.919003],[-3.228708,50.919071],[-3.229649,50.919176],[-3.230425,50.919198]],[[-3.273465,50.915294],[-3.27434,50.915396],[-3.274971,50.914948],[-3.275848,50.91487],[-3.277858,50.915001],[-3.278521,50.915738],[-3.278804,50.916355],[-3.279378,50.916435]],[[-3.230909,50.918656],[-3.231715,50.918247]],[[-3.249201,50.917925],[-3.24926,50.917741],[-3.249679,50.916801],[-3.250213,50.916672]],[[-3.279378,50.916435],[-3.281058,50.916222],[-3.281247,50.916004]],[[-3.251783,50.91697],[-3.252949,50.917137]],[[-3.271501,50.916142],[-3.273062,50.915891],[-3.273465,50.915294]],[[-3.241724,50.918209],[-3.242531,50.918305]],[[-3.271059,50.915951],[-3.271501,50.916142]],[[-3.248708,50.918305],[-3.249201,50.917925]],[[-3.252949,50.917137],[-3.253171,50.917067]],[[-3.265964,50.918128],[-3.267114,50.917627],[-3.26684,50.916764],[-3.268111,50.917037],[-3.269279,50.917199],[-3.269598,50.916721],[-3.269584,50.916442]],[[-3.305839,50.914236],[-3.30599,50.91362],[-3.306325,50.913487]]]},"properties":{"WB_CAT":"River","RBD_ID":"8","MNCAT_NAME":"Devon East","RBD_NAME":"South West","OPCAT_ID":"3085","hydromorph":"not designated artificial or heavily modified","MANCAT_ID":"3033","url":"/catchment-planning/WaterBody/GB108045014980","OPCAT_NAME":"Clyst and Culm","WB_ID":"GB108045014980","version":"2","WB_NAME":"Middle Culm"}},{"type":"Feature","geometry":{"type":"MultiLineString","coordinates":[[[-3.174578,50.92435],[-3.175049,50.924108]],[[-3.187268,50.9206],[-3.187836,50.920569],[-3.188649,50.920873],[-3.188836,50.920884]],[[-3.170318,50.926184],[-3.170805,50.925822]],[[-3.159865,50.927537],[-3.163249,50.927541]],[[-3.150964,50.930156],[-3.151278,50.930107],[-3.152072,50.929681]],[[-3.18915,50.920902],[-3.189534,50.920924]],[[-3.191376,50.920789],[-3.193268,50.920696],[-3.19355,50.920521]],[[-3.15681,50.928123],[-3.15818,50.927821],[-3.158893,50.927637],[-3.159579,50.927617],[-3.159865,50.927537]],[[-3.137865,50.940278],[-3.139781,50.939855],[-3.140139,50.939654]],[[-3.143913,50.937428],[-3.145178,50.936671],[-3.145874,50.936189],[-3.146377,50.936008],[-3.146574,50.935592],[-3.147353,50.935187],[-3.147848,50.934834],[-3.148299,50.934452],[-3.148803,50.934377],[-3.14924,50.933906],[-3.149366,50.933713]],[[-3.175049,50.924108],[-3.17559,50.924158],[-3.176305,50.924105],[-3.176546,50.923852],[-3.177535,50.923696]],[[-3.153045,50.929126],[-3.154017,50.928855],[-3.154858,50.928687],[-3.154985,50.928608]],[[-3.181525,50.922202],[-3.182408,50.921678],[-3.182433,50.921586]],[[-3.167917,50.926895],[-3.168046,50.926851]],[[-3.150401,50.931283],[-3.151047,50.93043],[-3.150964,50.930156]],[[-3.129652,50.940306],[-3.131257,50.940575],[-3.132641,50.940858]],[[-3.212997,50.918326],[-3.213015,50.918529]],[[-3.156138,50.928421],[-3.15681,50.928123]],[[-3.170805,50.925822],[-3.171167,50.925819]],[[-3.154985,50.928608],[-3.15547,50.92864],[-3.155888,50.928498]],[[-3.218955,50.918237],[-3.219219,50.918045],[-3.220467,50.918308],[-3.22167,50.918407]],[[-3.149366,50.933713],[-3.149334,50.933656]],[[-3.218377,50.918264],[-3.218955,50.918237]],[[-3.142763,50.937966],[-3.143577,50.937543],[-3.143913,50.937428]],[[-3.177535,50.923696],[-3.178911,50.923102],[-3.179907,50.922745],[-3.181075,50.9224],[-3.181525,50.922202]],[[-3.173827,50.92464],[-3.174186,50.924621],[-3.174578,50.92435]],[[-3.171167,50.925819],[-3.171189,50.925798]],[[-3.132876,50.940867],[-3.134627,50.94062],[-3.135397,50.940633],[-3.136254,50.940553],[-3.137042,50.940379],[-3.137372,50.940507]],[[-3.126315,50.939568],[-3.127102,50.93943]],[[-3.168046,50.926851],[-3.168999,50.926861],[-3.170186,50.926285]],[[-3.119441,50.938627],[-3.122909,50.939029]],[[-3.170186,50.926285],[-3.170318,50.926184]],[[-3.156191,50.928499],[-3.156138,50.928421]],[[-3.194218,50.920612],[-3.196016,50.920212],[-3.196562,50.920323],[-3.198119,50.920395],[-3.198456,50.920429],[-3.198601,50.920157]],[[-3.123113,50.939153],[-3.124133,50.939388]],[[-3.137372,50.940507],[-3.137865,50.940278]],[[-3.124168,50.939395],[-3.125059,50.939582],[-3.126118,50.939397],[-3.126315,50.939568]],[[-3.141844,50.938547],[-3.142174,50.938255],[-3.142378,50.938169],[-3.142763,50.937966]],[[-3.124133,50.939388],[-3.124168,50.939395]],[[-3.115603,50.938275],[-3.118066,50.938465],[-3.118906,50.938561],[-3.119129,50.938588],[-3.119402,50.938612]],[[-3.155888,50.928498],[-3.156191,50.928499]],[[-3.113675,50.938356],[-3.115373,50.938308]],[[-3.152072,50.929681],[-3.153045,50.929126]],[[-3.171189,50.925798],[-3.172261,50.925292],[-3.173827,50.92464]],[[-3.127102,50.93943],[-3.127107,50.939439]],[[-3.188836,50.920884],[-3.18915,50.920902]],[[-3.127107,50.939439],[-3.127252,50.939816],[-3.128111,50.939936],[-3.129652,50.940306]],[[-3.207953,50.918315],[-3.208294,50.918273]],[[-3.115373,50.938308],[-3.115603,50.938275]],[[-3.122909,50.939029],[-3.123113,50.939153]],[[-3.11142,50.938427],[-3.112443,50.938394],[-3.112711,50.938385],[-3.113675,50.938356]],[[-3.201138,50.92021],[-3.201457,50.919992],[-3.20206,50.919657],[-3.203292,50.919374],[-3.20503,50.919079],[-3.205886,50.918938],[-3.206414,50.918748]],[[-3.198601,50.920157],[-3.19918,50.920119],[-3.200685,50.920083],[-3.201138,50.92021]],[[-3.119402,50.938612],[-3.119441,50.938627]],[[-3.140139,50.939654],[-3.140936,50.939062],[-3.141844,50.938547]],[[-3.149334,50.933656],[-3.149251,50.933408],[-3.149685,50.933129]],[[-3.182595,50.921462],[-3.184253,50.921233],[-3.184666,50.921036],[-3.185971,50.920978],[-3.186567,50.920868],[-3.187268,50.9206]],[[-3.19355,50.920521],[-3.194218,50.920612]],[[-3.149685,50.933129],[-3.150078,50.932562],[-3.150401,50.931283]],[[-3.163249,50.927541],[-3.164508,50.927629],[-3.164709,50.927545],[-3.166882,50.927149],[-3.167789,50.927007],[-3.167917,50.926895]],[[-3.206414,50.918748],[-3.206805,50.918702],[-3.207953,50.918315]],[[-3.213015,50.918529],[-3.214302,50.918252],[-3.215164,50.918198],[-3.215328,50.918423],[-3.215838,50.918481],[-3.216361,50.918222],[-3.217528,50.918407],[-3.218075,50.918198],[-3.218377,50.918264]],[[-3.189534,50.920924],[-3.190488,50.920852],[-3.191376,50.920789]],[[-3.209282,50.918932],[-3.211827,50.91843],[-3.212997,50.918326]],[[-3.208294,50.918273],[-3.208837,50.918345],[-3.209282,50.918932]],[[-3.132641,50.940858],[-3.132876,50.940867]],[[-3.182433,50.921586],[-3.182595,50.921462]]]},"properties":{"WB_CAT":"River","RBD_ID":"8","MNCAT_NAME":"Devon East","RBD_NAME":"South West","OPCAT_ID":"3085","hydromorph":"not designated artificial or heavily modified","MANCAT_ID":"3033","url":"/catchment-planning/WaterBody/GB108045015000","OPCAT_NAME":"Clyst and Culm","WB_ID":"GB108045015000","version":"2","WB_NAME":"Upper Culm"}},{"type":"Feature","geometry":{"type":"MultiLineString","coordinates":[[[-3.385643,50.869208],[-3.386108,50.869244],[-3.385971,50.868496],[-3.38579,50.867436],[-3.38511,50.867556]],[[-3.327589,50.94722],[-3.328141,50.946555],[-3.330585,50.944733],[-3.329475,50.943621],[-3.329565,50.943124]],[[-3.355666,50.920328],[-3.356065,50.920333],[-3.358391,50.918989],[-3.35859,50.918861],[-3.359296,50.918487]],[[-3.367463,50.964624],[-3.366714,50.964632]],[[-3.350717,50.924592],[-3.351311,50.924686],[-3.35288,50.923692],[-3.353133,50.923412],[-3.354076,50.923095]],[[-3.384933,50.867268],[-3.384774,50.866998],[-3.384694,50.866626],[-3.385011,50.865955]],[[-3.374978,50.970032],[-3.374845,50.969645],[-3.374935,50.967981],[-3.373427,50.966878],[-3.373067,50.966465],[-3.372583,50.965825]],[[-3.370261,50.96422],[-3.368458,50.964684],[-3.367463,50.964624]],[[-3.382804,50.876531],[-3.383369,50.876385],[-3.383174,50.875744],[-3.382832,50.875299],[-3.38374,50.874761],[-3.383448,50.874515],[-3.383895,50.873953],[-3.383735,50.873668],[-3.383483,50.873568],[-3.384176,50.872822],[-3.384308,50.87222],[-3.384137,50.872038],[-3.383919,50.871744]],[[-3.374504,50.898018],[-3.37489,50.897852],[-3.375103,50.89755],[-3.374914,50.897275]],[[-3.390266,50.881469],[-3.389543,50.881015],[-3.388906,50.880626],[-3.388479,50.880536],[-3.388044,50.880222],[-3.387739,50.880103],[-3.387585,50.879778],[-3.387218,50.879831],[-3.386709,50.879465],[-3.386024,50.87909],[-3.385773,50.878819],[-3.385645,50.878621],[-3.385594,50.878185],[-3.384608,50.8777],[-3.383968,50.87731],[-3.38361,50.877171],[-3.382876,50.877056],[-3.382895,50.876646],[-3.382804,50.876531]],[[-3.340193,50.929741],[-3.341039,50.929414]],[[-3.38528,50.865132],[-3.384604,50.864217],[-3.384425,50.863941],[-3.383945,50.863751],[-3.384278,50.863283]],[[-3.390126,50.881717],[-3.39038,50.881531],[-3.390266,50.881469]],[[-3.384101,50.871623],[-3.385175,50.871015],[-3.3851,50.870702],[-3.385406,50.87063]],[[-3.323741,50.95263],[-3.323791,50.952056]],[[-3.335761,50.936183],[-3.336077,50.93588],[-3.336091,50.935586],[-3.335992,50.935118],[-3.335899,50.934455],[-3.335841,50.934386]],[[-3.32615,50.948044],[-3.326147,50.947984]],[[-3.351779,50.96828],[-3.35089,50.967957],[-3.348256,50.967484],[-3.347997,50.967358],[-3.346812,50.9669],[-3.345727,50.966546],[-3.342353,50.965489],[-3.340419,50.963666],[-3.339416,50.963131],[-3.337983,50.962226],[-3.337502,50.961657]],[[-3.349804,50.925194],[-3.350186,50.924675],[-3.350717,50.924592]],[[-3.334137,50.936902],[-3.334961,50.936932],[-3.335042,50.936613],[-3.335755,50.936211]],[[-3.384326,50.892689],[-3.384635,50.892337],[-3.38502,50.89257]],[[-3.381989,50.859621],[-3.381774,50.859504],[-3.380593,50.858699]],[[-3.372245,50.903225],[-3.371887,50.902723],[-3.371807,50.902448],[-3.37218,50.902279],[-3.372405,50.901909],[-3.372915,50.901584],[-3.372791,50.901224]],[[-3.367205,50.91204],[-3.367351,50.911931]],[[-3.388411,50.889261],[-3.388611,50.888727],[-3.389823,50.887838],[-3.389727,50.887531],[-3.390032,50.887167],[-3.389888,50.886858],[-3.389817,50.886668],[-3.39038,50.886305],[-3.390574,50.885827],[-3.391122,50.88552],[-3.390945,50.885238],[-3.390296,50.885042],[-3.390025,50.884725],[-3.38977,50.884455],[-3.389242,50.884406],[-3.389358,50.884116],[-3.388899,50.883662],[-3.388913,50.883112],[-3.389147,50.882618],[-3.390271,50.882443],[-3.390393,50.882252],[-3.390287,50.8819],[-3.390126,50.881717]],[[-3.372791,50.901224],[-3.372089,50.900651],[-3.372476,50.900231],[-3.372574,50.899981]],[[-3.373551,50.898706],[-3.374048,50.898469],[-3.374095,50.898244],[-3.374548,50.898121],[-3.374504,50.898018]],[[-3.362101,50.965138],[-3.360999,50.965036],[-3.360906,50.965046]],[[-3.349006,50.925549],[-3.349078,50.92527],[-3.349456,50.925227],[-3.349555,50.925104],[-3.349804,50.925194]],[[-3.327235,50.947356],[-3.327589,50.94722]],[[-3.363866,50.964998],[-3.362101,50.965138]],[[-3.374914,50.897275],[-3.375254,50.89683],[-3.375267,50.89652],[-3.375864,50.896389],[-3.37625,50.896283],[-3.377012,50.895845],[-3.377485,50.895718],[-3.377896,50.895386]],[[-3.385451,50.87052],[-3.38519,50.869196]],[[-3.385406,50.87063],[-3.385451,50.87052]],[[-3.3704,50.90929],[-3.370779,50.908017],[-3.370809,50.907734],[-3.37144,50.907576],[-3.371658,50.907452]],[[-3.335841,50.934386],[-3.33642,50.933853],[-3.337145,50.933388],[-3.339279,50.931953],[-3.339207,50.931437],[-3.338855,50.930864],[-3.339425,50.930338],[-3.339221,50.930253]],[[-3.340129,50.929888],[-3.340193,50.929741]],[[-3.342179,50.928824],[-3.342979,50.927996],[-3.3432,50.927856],[-3.343692,50.927529],[-3.344573,50.927]],[[-3.354524,50.965942],[-3.353558,50.96656],[-3.352092,50.968153],[-3.351779,50.96828]],[[-3.365647,50.964874],[-3.365428,50.964889]],[[-3.38511,50.867556],[-3.384829,50.86734]],[[-3.326403,50.94837],[-3.32615,50.948044]],[[-3.330951,50.940051],[-3.330934,50.939838],[-3.331723,50.939471]],[[-3.370287,50.909599],[-3.3704,50.90929]],[[-3.385011,50.865955],[-3.385316,50.865204],[-3.38528,50.865132]],[[-3.360906,50.965046],[-3.358834,50.965112],[-3.358234,50.965173],[-3.358032,50.965161],[-3.354963,50.96585],[-3.35479,50.965909],[-3.354524,50.965942]],[[-3.384278,50.863283],[-3.385679,50.862445],[-3.385694,50.861763],[-3.384557,50.861278],[-3.384515,50.861073]],[[-3.350072,50.926462],[-3.349006,50.925549]],[[-3.386612,50.892736],[-3.387937,50.89167],[-3.387992,50.890627],[-3.388294,50.890121],[-3.388903,50.889642],[-3.388411,50.889261]],[[-3.374953,50.970797],[-3.374978,50.970032]],[[-3.344573,50.927],[-3.344752,50.926945]],[[-3.371658,50.907452],[-3.371947,50.906529],[-3.371731,50.905942],[-3.372045,50.905566],[-3.37275,50.905375],[-3.373587,50.903887],[-3.372733,50.903834],[-3.372245,50.903225]],[[-3.353943,50.921543],[-3.355446,50.920629],[-3.355666,50.920328]],[[-3.341039,50.929414],[-3.342179,50.928824]],[[-3.377896,50.895386],[-3.378914,50.89512],[-3.37898,50.894787],[-3.379972,50.89452],[-3.380477,50.894502],[-3.380672,50.894158],[-3.380468,50.893959],[-3.380707,50.893661],[-3.381427,50.893226],[-3.38234,50.892858],[-3.382857,50.892587],[-3.383153,50.892748],[-3.383674,50.892545],[-3.384115,50.892632],[-3.384326,50.892689]],[[-3.367253,50.911472],[-3.36707,50.911355]],[[-3.38502,50.89257],[-3.385237,50.892577]],[[-3.372583,50.965825],[-3.371367,50.964787],[-3.370261,50.96422]],[[-3.323791,50.952056],[-3.324289,50.951186],[-3.325786,50.949133],[-3.326083,50.948939],[-3.326255,50.948796],[-3.326403,50.94837]],[[-3.38519,50.869196],[-3.385643,50.869208]],[[-3.335755,50.936211],[-3.335761,50.936183]],[[-3.384829,50.86734],[-3.384933,50.867268]],[[-3.367351,50.911931],[-3.367253,50.911472]],[[-3.385237,50.892577],[-3.386612,50.892736]],[[-3.332735,50.953896],[-3.328989,50.954383],[-3.327672,50.954865],[-3.326452,50.954291],[-3.324075,50.952894],[-3.323741,50.95263]],[[-3.354076,50.923095],[-3.354549,50.922167],[-3.354369,50.92174],[-3.354052,50.921585],[-3.353943,50.921543]],[[-3.365428,50.964889],[-3.364203,50.965004],[-3.363866,50.964998]],[[-3.339221,50.930253],[-3.339575,50.930091],[-3.339902,50.930093],[-3.340129,50.929888]],[[-3.344752,50.926945],[-3.348148,50.926802],[-3.350072,50.926462]],[[-3.383919,50.871744],[-3.384101,50.871623]],[[-3.36707,50.911355],[-3.367953,50.910526],[-3.368621,50.909587],[-3.369343,50.909553],[-3.369604,50.909457],[-3.370287,50.909599]],[[-3.372574,50.899981],[-3.372954,50.899649],[-3.373257,50.899157],[-3.373551,50.898706]],[[-3.329565,50.943124],[-3.329593,50.942944],[-3.330215,50.941996],[-3.330975,50.941579],[-3.330769,50.941052],[-3.330758,50.94079],[-3.33084,50.940468],[-3.330493,50.94033]],[[-3.359296,50.918487],[-3.360253,50.917906],[-3.36075,50.917626],[-3.360912,50.916779],[-3.364247,50.913883],[-3.365662,50.91281],[-3.3662,50.912503],[-3.367205,50.91204]],[[-3.334137,50.936902],[-3.333968,50.936614],[-3.334407,50.93611],[-3.334939,50.935806],[-3.335431,50.934651],[-3.335841,50.934386]],[[-3.330493,50.94033],[-3.331014,50.940096],[-3.330951,50.940051]],[[-3.384515,50.861073],[-3.384165,50.860353],[-3.383901,50.860286],[-3.383598,50.860187],[-3.383427,50.860123],[-3.383213,50.860051],[-3.382916,50.859946],[-3.381989,50.859621]],[[-3.326147,50.947984],[-3.326151,50.947428],[-3.326142,50.947153],[-3.326679,50.946987],[-3.327235,50.947356]],[[-3.337502,50.961657],[-3.338272,50.961312],[-3.336279,50.9584],[-3.336124,50.958194],[-3.334428,50.956106],[-3.334237,50.955849],[-3.333949,50.955468],[-3.333704,50.955138],[-3.333538,50.954926],[-3.333448,50.9548],[-3.333162,50.954438],[-3.332735,50.953896]],[[-3.331723,50.939471],[-3.332543,50.938602],[-3.332658,50.938499],[-3.334137,50.936902]],[[-3.366714,50.964632],[-3.366323,50.964706],[-3.365647,50.964874]]]},"properties":{"WB_CAT":"River","RBD_ID":"8","MNCAT_NAME":"Devon East","RBD_NAME":"South West","OPCAT_ID":"3085","hydromorph":"not designated artificial or heavily modified","MANCAT_ID":"3033","url":"/catchment-planning/WaterBody/GB108045015020","OPCAT_NAME":"Clyst and Culm","WB_ID":"GB108045015020","version":"2","WB_NAME":"Spratford Stream"}},{"type":"Feature","geometry":{"type":"MultiLineString","coordinates":[[[-3.524914,50.715183],[-3.522701,50.713418],[-3.522086,50.712792],[-3.520495,50.711592],[-3.51968,50.711302],[-3.517512,50.710606],[-3.516733,50.709895]],[[-3.545819,50.734576],[-3.544046,50.732887],[-3.543992,50.73272],[-3.54393,50.732274],[-3.544433,50.730378],[-3.544528,50.730228],[-3.544568,50.730101]],[[-3.546364,50.741199],[-3.546011,50.740535],[-3.545946,50.740332],[-3.545879,50.740048],[-3.545822,50.739618],[-3.545924,50.739043],[-3.546751,50.738052],[-3.547363,50.737128]],[[-3.530096,50.7183],[-3.529787,50.718273],[-3.528608,50.71783],[-3.527875,50.71727],[-3.526154,50.716013]],[[-3.547639,50.743123],[-3.546723,50.74177],[-3.546364,50.741199]],[[-3.515156,50.708409],[-3.515307,50.708201]],[[-3.526154,50.716013],[-3.525689,50.715673],[-3.524914,50.715183]],[[-3.547363,50.737128],[-3.547468,50.736961],[-3.54747,50.736083],[-3.546782,50.735409]],[[-3.544568,50.730101],[-3.544746,50.729225],[-3.544237,50.728133],[-3.543561,50.72766],[-3.54332,50.727483],[-3.542858,50.727192],[-3.540259,50.725421],[-3.540123,50.725329],[-3.539995,50.725233],[-3.539851,50.72511],[-3.538942,50.724007],[-3.538779,50.722475],[-3.539093,50.721124]],[[-3.516733,50.709895],[-3.516269,50.709433],[-3.515156,50.708409]],[[-3.539093,50.721124],[-3.538608,50.719785],[-3.537123,50.718913],[-3.535422,50.718329],[-3.534787,50.717957],[-3.533536,50.717483],[-3.532001,50.7175],[-3.531588,50.717639],[-3.530914,50.717921],[-3.530096,50.7183]],[[-3.546782,50.735409],[-3.545819,50.734576]]]},"properties":{"WB_CAT":"River","RBD_ID":"8","MNCAT_NAME":"Devon East","RBD_NAME":"South West","OPCAT_ID":"3183","hydromorph":"heavily modified","MANCAT_ID":"3033","url":"/catchment-planning/WaterBody/GB108045009040","OPCAT_NAME":"Exe Main","WB_ID":"GB108045009040","version":"2","WB_NAME":"Exe (Creedy to Estuary)"}},{"type":"Feature","geometry":{"type":"MultiLineString","coordinates":[[[-3.512545,50.743445],[-3.512701,50.743496]],[[-3.510881,50.740581],[-3.505201,50.738467]],[[-3.512435,50.743464],[-3.512545,50.743445]],[[-3.512333,50.741494],[-3.511336,50.740774]],[[-3.512701,50.743496],[-3.51248,50.742623],[-3.512504,50.741996]],[[-3.499834,50.733837],[-3.499714,50.730972]],[[-3.491312,50.725383],[-3.49083,50.725185],[-3.490408,50.723716]],[[-3.502655,50.702345],[-3.50257,50.702246]],[[-3.490408,50.723716],[-3.492523,50.717731]],[[-3.515355,50.747057],[-3.514873,50.745832],[-3.514544,50.745627]],[[-3.505201,50.738467],[-3.504591,50.738194],[-3.503272,50.737205],[-3.502342,50.736712],[-3.500912,50.735741],[-3.499548,50.734882],[-3.499834,50.733837]],[[-3.513559,50.744914],[-3.512267,50.74372],[-3.512435,50.743464]],[[-3.511078,50.740664],[-3.510881,50.740581]],[[-3.512504,50.741996],[-3.512333,50.741494]],[[-3.492523,50.717731],[-3.492737,50.716288],[-3.49407,50.714542],[-3.494202,50.714425],[-3.494709,50.713981],[-3.495052,50.713447],[-3.494644,50.713068],[-3.496645,50.711818],[-3.497327,50.711267],[-3.49858,50.710521],[-3.49876,50.709916],[-3.498276,50.709426],[-3.498482,50.709018],[-3.498678,50.708734],[-3.49847,50.708197],[-3.498624,50.708108],[-3.499531,50.707834],[-3.500873,50.707521],[-3.501179,50.706808],[-3.502509,50.705296],[-3.503377,50.704855],[-3.503388,50.704188],[-3.503668,50.703312],[-3.503636,50.703198]],[[-3.503636,50.703198],[-3.502655,50.702345]],[[-3.511336,50.740774],[-3.511078,50.740664]],[[-3.514544,50.745627],[-3.513861,50.745137],[-3.513559,50.744914]],[[-3.522899,50.74734],[-3.521398,50.747158],[-3.519454,50.747428],[-3.51659,50.747354],[-3.515886,50.747221],[-3.515355,50.747057]],[[-3.499714,50.730972],[-3.498793,50.72922],[-3.496914,50.727798],[-3.495436,50.727244],[-3.493651,50.726713]],[[-3.493651,50.726713],[-3.491953,50.725521],[-3.491312,50.725383]]]},"properties":{"WB_CAT":"River","RBD_ID":"8","MNCAT_NAME":"Devon East","RBD_NAME":"South West","OPCAT_ID":"3183","hydromorph":"heavily modified","MANCAT_ID":"3033","url":"/catchment-planning/WaterBody/GB108045009050","OPCAT_NAME":"Exe Main","WB_ID":"GB108045009050","version":"2","WB_NAME":"North Brook (East Devon)"}},{"type":"Feature","geometry":{"type":"MultiLineString","coordinates":[[[-3.51352,50.759673],[-3.514939,50.759189],[-3.515238,50.759132],[-3.515595,50.759074],[-3.517144,50.758704],[-3.517796,50.758509],[-3.518321,50.758374],[-3.519163,50.758241]],[[-3.51343,50.759915],[-3.51352,50.759673]],[[-3.547702,50.743362],[-3.547639,50.743123]],[[-3.524895,50.755579],[-3.525619,50.755308],[-3.52769,50.755645],[-3.527998,50.755975],[-3.527896,50.756704],[-3.528778,50.757098],[-3.530266,50.756942],[-3.532062,50.756443],[-3.532386,50.756377],[-3.532788,50.756322],[-3.533146,50.756266],[-3.533613,50.756182]],[[-3.533613,50.756182],[-3.533909,50.756085],[-3.534427,50.755064],[-3.53538,50.753919],[-3.536805,50.752953],[-3.537831,50.752693],[-3.538724,50.752516],[-3.54047,50.752071],[-3.540988,50.751904],[-3.542966,50.751046]],[[-3.519163,50.758241],[-3.520173,50.758015],[-3.520806,50.757795],[-3.522782,50.75779],[-3.524288,50.758496]],[[-3.546527,50.748061],[-3.546676,50.74779],[-3.546888,50.74758]],[[-3.524288,50.758496],[-3.525064,50.758094],[-3.525089,50.756504],[-3.524895,50.755579]],[[-3.513731,50.76265],[-3.513145,50.761458],[-3.513979,50.760576],[-3.51343,50.759915]],[[-3.542966,50.751046],[-3.544547,50.75013],[-3.546053,50.749317],[-3.546427,50.748304],[-3.546457,50.748189],[-3.546527,50.748061]],[[-3.546888,50.74758],[-3.548016,50.746937],[-3.548431,50.746782],[-3.549146,50.746274],[-3.549582,50.745336],[-3.549498,50.744323],[-3.548552,50.74368],[-3.547702,50.743362]]]},"properties":{"WB_CAT":"River","RBD_ID":"8","MNCAT_NAME":"Devon East","RBD_NAME":"South West","OPCAT_ID":"3183","hydromorph":"not designated artificial or heavily modified","MANCAT_ID":"3033","url":"/catchment-planning/WaterBody/GB108045009060","OPCAT_NAME":"Exe Main","WB_ID":"GB108045009060","version":"3","WB_NAME":"Exe (Culm to Creedy)"}},{"type":"Feature","geometry":{"type":"MultiLineString","coordinates":[[[-3.457383,51.005898],[-3.457289,51.005701],[-3.457934,51.004458]],[[-3.471334,51.012181],[-3.471219,51.011871],[-3.471258,51.011338],[-3.471795,51.010402],[-3.47172,51.00997]],[[-3.47172,51.00997],[-3.470497,51.009849],[-3.47043,51.00967]],[[-3.471574,51.013014],[-3.471383,51.012633],[-3.471334,51.012181]],[[-3.457224,51.006082],[-3.457383,51.005898]],[[-3.457852,51.006852],[-3.457257,51.006316],[-3.457224,51.006082]],[[-3.47043,51.00967],[-3.47,51.009706],[-3.468639,51.009653],[-3.467094,51.009713],[-3.466374,51.009689],[-3.465769,51.009566],[-3.464977,51.009266],[-3.464381,51.008777],[-3.462887,51.008653],[-3.46241,51.008805],[-3.462249,51.008746],[-3.461654,51.008672],[-3.460335,51.008244],[-3.459938,51.008001],[-3.459552,51.007927],[-3.458765,51.007749],[-3.458636,51.007458],[-3.457989,51.007227],[-3.457777,51.006943],[-3.457852,51.006852]]]},"properties":{"WB_CAT":"River","RBD_ID":"8","MNCAT_NAME":"Devon East","RBD_NAME":"South West","OPCAT_ID":"3183","hydromorph":"not designated artificial or heavily modified","MANCAT_ID":"3033","url":"/catchment-planning/WaterBody/GB108045014850","OPCAT_NAME":"Exe Main","WB_ID":"GB108045014850","version":"2","WB_NAME":"Ben Brook"}},{"type":"Feature","geometry":{"type":"MultiLineString","coordinates":[[[-3.410541,51.059418],[-3.410162,51.059389]],[[-3.456013,51.004352],[-3.456353,51.004334],[-3.457562,51.00402],[-3.457934,51.004458]],[[-3.416388,51.001289],[-3.417428,51.000641],[-3.418105,51.000481],[-3.418916,51.000546],[-3.420224,51.000756]],[[-3.412037,51.049312],[-3.412383,51.048809],[-3.412358,51.048629],[-3.411874,51.048092],[-3.41176,51.04807]],[[-3.41315,51.006674],[-3.413629,51.006676],[-3.414141,51.006575],[-3.414047,51.005988],[-3.414429,51.005678],[-3.414379,51.00489],[-3.414166,51.004511],[-3.41433,51.004399],[-3.414993,51.003484],[-3.415386,51.002635],[-3.415859,51.00249],[-3.416274,51.002344],[-3.416916,51.001566],[-3.417033,51.001358],[-3.416388,51.001289]],[[-3.408309,51.052769],[-3.408836,51.052371],[-3.409427,51.051762],[-3.410436,51.051219],[-3.411328,51.050446],[-3.411301,51.050271],[-3.411489,51.050199]],[[-3.412089,51.045267],[-3.412477,51.045066]],[[-3.407194,51.053517],[-3.407989,51.05302],[-3.408309,51.052769]],[[-3.404488,51.055411],[-3.404392,51.05458]],[[-3.412768,51.044751],[-3.412811,51.043032],[-3.412875,51.042513],[-3.412928,51.042316]],[[-3.420224,51.000756],[-3.420763,51.000853],[-3.421447,51.001316],[-3.422032,51.001371],[-3.422263,51.001543],[-3.422858,51.001558],[-3.423182,51.00149],[-3.423721,51.001548],[-3.424349,51.001876]],[[-3.419764,51.032772],[-3.419964,51.031489],[-3.419157,51.031005],[-3.418512,51.030631],[-3.418564,51.030241]],[[-3.411521,51.046832],[-3.41149,51.046572],[-3.41149,51.046373]],[[-3.411789,51.021612],[-3.411877,51.021201],[-3.412938,51.019624],[-3.413735,51.01891],[-3.414583,51.01785],[-3.414103,51.017348]],[[-3.410261,51.060694],[-3.410315,51.060499],[-3.410531,51.06023]],[[-3.414103,51.017348],[-3.413769,51.017024],[-3.413447,51.016852],[-3.413022,51.016717],[-3.412351,51.016694],[-3.412639,51.016286],[-3.412489,51.015918],[-3.412656,51.015696],[-3.411275,51.015123],[-3.410868,51.013736],[-3.410953,51.013627]],[[-3.41764,51.03526],[-3.41816,51.034798],[-3.418939,51.034497],[-3.419508,51.033698],[-3.419871,51.033037],[-3.419764,51.032772]],[[-3.41554,51.038251],[-3.416682,51.036343],[-3.41764,51.03526]],[[-3.409851,51.01274],[-3.410275,51.012157],[-3.410596,51.011885],[-3.410259,51.010956],[-3.410612,51.010746]],[[-3.410531,51.06023],[-3.410796,51.059411]],[[-3.418564,51.030241],[-3.417276,51.029548],[-3.416559,51.028839],[-3.414561,51.028033]],[[-3.40759,51.065083],[-3.408851,51.063975],[-3.408884,51.063743],[-3.409442,51.062638]],[[-3.409442,51.062638],[-3.409806,51.062188],[-3.409883,51.061769],[-3.410261,51.060694]],[[-3.411901,51.049441],[-3.412037,51.049312]],[[-3.411489,51.050199],[-3.411942,51.049668],[-3.411901,51.049441]],[[-3.412928,51.042316],[-3.413629,51.041175],[-3.415052,51.040196]],[[-3.41149,51.046373],[-3.411649,51.045717],[-3.411931,51.045436],[-3.412089,51.045267]],[[-3.41176,51.04807],[-3.4118,51.047752]],[[-3.404392,51.05458],[-3.405364,51.053914],[-3.406577,51.053705]],[[-3.410162,51.059389],[-3.409986,51.05924],[-3.407101,51.057612],[-3.406692,51.057279]],[[-3.415052,51.040196],[-3.415086,51.039882]],[[-3.430517,51.004146],[-3.430909,51.004325],[-3.431554,51.004344],[-3.431712,51.004555],[-3.432471,51.004454],[-3.433147,51.004598],[-3.433944,51.004235],[-3.434803,51.004312]],[[-3.414561,51.028033],[-3.413961,51.027235],[-3.414009,51.026967],[-3.413989,51.026648],[-3.414276,51.025618],[-3.41442,51.025252],[-3.414697,51.024889],[-3.414278,51.023614],[-3.413586,51.02315],[-3.413375,51.022983],[-3.413076,51.022756],[-3.412797,51.022408],[-3.412328,51.022155],[-3.412106,51.021982],[-3.411789,51.021612]],[[-3.434803,51.004312],[-3.435794,51.004251],[-3.438143,51.00444],[-3.439911,51.004432],[-3.441603,51.00457],[-3.441367,51.004812],[-3.441556,51.004842]],[[-3.427189,51.002843],[-3.428042,51.002883],[-3.429358,51.003395],[-3.429788,51.004052],[-3.430517,51.004146]],[[-3.4118,51.047752],[-3.411663,51.047273],[-3.411521,51.046832]],[[-3.410796,51.059411],[-3.410541,51.059418]],[[-3.412859,51.044836],[-3.412768,51.044751]],[[-3.410953,51.013627],[-3.410315,51.01307],[-3.409851,51.01274]],[[-3.410612,51.010746],[-3.411173,51.010265],[-3.411797,51.009577],[-3.411574,51.009279],[-3.41156,51.009169],[-3.41195,51.008773],[-3.412354,51.008414],[-3.412578,51.008434],[-3.412672,51.008117],[-3.412825,51.0079],[-3.412798,51.007694],[-3.413394,51.007276],[-3.413408,51.007061],[-3.41315,51.006674]],[[-3.415086,51.039882],[-3.415119,51.039819]],[[-3.424349,51.001876],[-3.425984,51.002174],[-3.426644,51.002627],[-3.427189,51.002843]],[[-3.454265,51.004455],[-3.456013,51.004352]],[[-3.412477,51.045066],[-3.412859,51.044836]],[[-3.441556,51.004842],[-3.442327,51.004755],[-3.443065,51.004647],[-3.443724,51.004505],[-3.444198,51.004286],[-3.444719,51.004383],[-3.446358,51.004353],[-3.447256,51.004339],[-3.448054,51.004461],[-3.448915,51.00449],[-3.44925,51.004445]],[[-3.44925,51.004445],[-3.450827,51.004345],[-3.454265,51.004455]],[[-3.406577,51.053705],[-3.406807,51.053576],[-3.407194,51.053517]],[[-3.415119,51.039819],[-3.415484,51.038681],[-3.41554,51.038251]],[[-3.406692,51.057279],[-3.404716,51.055574],[-3.404488,51.055411]]]},"properties":{"WB_CAT":"River","RBD_ID":"8","MNCAT_NAME":"Devon East","RBD_NAME":"South West","OPCAT_ID":"3183","hydromorph":"not designated artificial or heavily modified","MANCAT_ID":"3033","url":"/catchment-planning/WaterBody/GB108045014860","OPCAT_NAME":"Exe Main","WB_ID":"GB108045014860","version":"2","WB_NAME":"Upper Batherm"}},{"type":"Feature","geometry":{"type":"MultiLineString","coordinates":[[[-3.469501,50.858383],[-3.469475,50.858225],[-3.470364,50.857891],[-3.470634,50.857828]],[[-3.450704,50.838995],[-3.450001,50.839627]],[[-3.472948,50.857774],[-3.474085,50.857263]],[[-3.450001,50.839627],[-3.4495,50.840485],[-3.449432,50.840638]],[[-3.479646,50.855641],[-3.479674,50.855635]],[[-3.454412,50.836744],[-3.452937,50.837259]],[[-3.480894,50.855342],[-3.481567,50.854919],[-3.481504,50.854835]],[[-3.455472,50.836107],[-3.455078,50.836359]],[[-3.458149,50.860247],[-3.45898,50.860071],[-3.459726,50.859803],[-3.461374,50.859897],[-3.461956,50.859723]],[[-3.464985,50.859642],[-3.465208,50.85953]],[[-3.487349,50.852785],[-3.488018,50.8524],[-3.488523,50.852292]],[[-3.452389,50.857483],[-3.452754,50.858206],[-3.454261,50.859379],[-3.455155,50.859678],[-3.455627,50.859836]],[[-3.470634,50.857828],[-3.471219,50.858043],[-3.471685,50.858048],[-3.472396,50.858098],[-3.472646,50.857808],[-3.472948,50.857774]],[[-3.452937,50.837259],[-3.452513,50.837561],[-3.451454,50.838384],[-3.451284,50.838532],[-3.450704,50.838995]],[[-3.478069,50.855858],[-3.478306,50.855881]],[[-3.444171,50.845875],[-3.44291,50.847049]],[[-3.479674,50.855635],[-3.480306,50.855454],[-3.480894,50.855342]],[[-3.4473,50.853329],[-3.447545,50.85345],[-3.447948,50.854212],[-3.44786,50.85513],[-3.448228,50.855981],[-3.44882,50.856908],[-3.450546,50.857071],[-3.45184,50.857365],[-3.452389,50.857483]],[[-3.441757,50.848822],[-3.441434,50.849136],[-3.441628,50.849483]],[[-3.488523,50.852292],[-3.488997,50.852495],[-3.490898,50.85175],[-3.490854,50.851162],[-3.491008,50.850861],[-3.491981,50.849399],[-3.492327,50.848343],[-3.49316,50.847541],[-3.493028,50.846866],[-3.492755,50.845966],[-3.492709,50.845738]],[[-3.494301,50.842017],[-3.494308,50.841629],[-3.494953,50.841214],[-3.495279,50.840592]],[[-3.478306,50.855881],[-3.478847,50.855672],[-3.479646,50.855641]],[[-3.476128,50.856907],[-3.476475,50.856803],[-3.477066,50.856617],[-3.477265,50.856274],[-3.478069,50.855858]],[[-3.44574,50.844919],[-3.444151,50.845625],[-3.444171,50.845875]],[[-3.445419,50.851912],[-3.446592,50.852703],[-3.447202,50.853284],[-3.4473,50.853329]],[[-3.455627,50.859836],[-3.456138,50.859964],[-3.457295,50.860142],[-3.458149,50.860247]],[[-3.483914,50.853991],[-3.484798,50.853831],[-3.485576,50.853716],[-3.486317,50.853524],[-3.486932,50.853029],[-3.487349,50.852785]],[[-3.449432,50.840638],[-3.44862,50.841584]],[[-3.44862,50.841584],[-3.447206,50.843333],[-3.446779,50.844363]],[[-3.498622,50.838304],[-3.500468,50.83818],[-3.501103,50.837946]],[[-3.496471,50.839133],[-3.497053,50.838484],[-3.497634,50.837927]],[[-3.455523,50.836056],[-3.455472,50.836107]],[[-3.461956,50.859723],[-3.462968,50.859383],[-3.463885,50.859581],[-3.464882,50.85967],[-3.464985,50.859642]],[[-3.465851,50.859559],[-3.466451,50.859472],[-3.467354,50.859299],[-3.467491,50.859269]],[[-3.446779,50.844363],[-3.446476,50.844582],[-3.44574,50.844919]],[[-3.455078,50.836359],[-3.454412,50.836744]],[[-3.497634,50.837927],[-3.498622,50.838304]],[[-3.483473,50.853927],[-3.483914,50.853991]],[[-3.468611,50.858667],[-3.4694,50.858407],[-3.469501,50.858383]],[[-3.495279,50.840592],[-3.496044,50.83973],[-3.496471,50.839133]],[[-3.441628,50.849483],[-3.441892,50.849746],[-3.442388,50.850259],[-3.443763,50.850957],[-3.444032,50.851182],[-3.444953,50.851435],[-3.445419,50.851912]],[[-3.457431,50.835449],[-3.456091,50.835844],[-3.455523,50.836056]],[[-3.465764,50.859542],[-3.465851,50.859559]],[[-3.460217,50.834091],[-3.459189,50.834548],[-3.457954,50.834884],[-3.457456,50.835402]],[[-3.474085,50.857263],[-3.474829,50.857281],[-3.476123,50.856966],[-3.476128,50.856907]],[[-3.492709,50.845738],[-3.493573,50.84472],[-3.493821,50.843878],[-3.493855,50.843727],[-3.494324,50.842835],[-3.494301,50.842017]],[[-3.465208,50.85953],[-3.465764,50.859542]],[[-3.44291,50.847049],[-3.442501,50.84746],[-3.442,50.848344],[-3.441775,50.848817]],[[-3.467491,50.859269],[-3.468256,50.858651],[-3.468611,50.858667]],[[-3.481504,50.854835],[-3.482689,50.854121],[-3.483473,50.853927]],[[-3.460585,50.832622],[-3.460076,50.833675],[-3.46012,50.834046],[-3.460217,50.834091]],[[-3.441775,50.848817],[-3.441757,50.848822]],[[-3.457456,50.835402],[-3.457431,50.835449]]]},"properties":{"WB_CAT":"River","RBD_ID":"8","MNCAT_NAME":"Devon East","RBD_NAME":"South West","OPCAT_ID":"3183","hydromorph":"not designated artificial or heavily modified","MANCAT_ID":"3033","url":"/catchment-planning/WaterBody/GB108045014870","OPCAT_NAME":"Exe Main","WB_ID":"GB108045014870","version":"2","WB_NAME":"Burn (Exe)"}},{"type":"Feature","geometry":{"type":"MultiLineString","coordinates":[[[-3.551764,50.922763],[-3.550199,50.922136],[-3.54919,50.922077],[-3.548996,50.921908]],[[-3.548996,50.921908],[-3.548188,50.921929],[-3.546926,50.921828],[-3.545076,50.921673],[-3.544607,50.921712]],[[-3.521229,50.920384],[-3.518912,50.920005],[-3.518349,50.919807],[-3.517699,50.919993]],[[-3.524657,50.920978],[-3.522787,50.920982],[-3.521318,50.920882]],[[-3.521318,50.920882],[-3.521229,50.920384]],[[-3.557719,50.928381],[-3.557573,50.927486],[-3.557576,50.927197],[-3.556634,50.925507],[-3.555553,50.92423],[-3.554766,50.923749],[-3.553444,50.923392],[-3.553094,50.923393],[-3.552733,50.923086],[-3.551764,50.922763]],[[-3.559001,50.931896],[-3.558321,50.930829],[-3.558614,50.929417],[-3.55831,50.929218]],[[-3.533432,50.92098],[-3.533043,50.920837],[-3.532358,50.920908]],[[-3.561331,50.934864],[-3.560585,50.934225],[-3.560347,50.933453],[-3.560078,50.93266],[-3.559001,50.931896]],[[-3.503548,50.915426],[-3.502962,50.915662]],[[-3.50596,50.916257],[-3.504667,50.915862],[-3.504429,50.915764],[-3.503548,50.915426]],[[-3.564595,50.936491],[-3.562123,50.935519]],[[-3.55831,50.929218],[-3.557719,50.928381]],[[-3.535504,50.921286],[-3.534483,50.921223],[-3.533432,50.92098]],[[-3.495802,50.915072],[-3.495345,50.915301]],[[-3.542798,50.921807],[-3.541956,50.921678],[-3.540564,50.921688],[-3.539896,50.921642],[-3.538875,50.921616],[-3.538314,50.921779],[-3.537824,50.921658],[-3.537223,50.921694],[-3.536921,50.921492],[-3.535928,50.921374],[-3.535504,50.921286]],[[-3.562123,50.935519],[-3.561331,50.934864]],[[-3.531461,50.920849],[-3.529094,50.921031],[-3.524657,50.920978]],[[-3.574555,50.938391],[-3.571278,50.93819],[-3.567748,50.937342],[-3.566974,50.937098],[-3.565137,50.936774],[-3.564595,50.936491]],[[-3.514343,50.918703],[-3.513447,50.918338],[-3.512202,50.917856],[-3.511579,50.917619],[-3.509567,50.917174],[-3.509306,50.91689],[-3.50795,50.916512],[-3.507358,50.916589],[-3.506728,50.916345],[-3.50596,50.916257]],[[-3.544607,50.921712],[-3.54363,50.921615],[-3.542798,50.921807]],[[-3.502962,50.915662],[-3.502322,50.915521],[-3.500234,50.915404],[-3.498766,50.915237],[-3.498496,50.91533],[-3.497457,50.91489],[-3.495958,50.915071],[-3.495802,50.915072]],[[-3.532358,50.920908],[-3.531461,50.920849]],[[-3.517699,50.919993],[-3.516414,50.919935],[-3.515768,50.919683],[-3.515491,50.919252],[-3.514343,50.918703]]]},"properties":{"WB_CAT":"River","RBD_ID":"8","MNCAT_NAME":"Devon East","RBD_NAME":"South West","OPCAT_ID":"3183","hydromorph":"not designated artificial or heavily modified","MANCAT_ID":"3033","url":"/catchment-planning/WaterBody/GB108045014990","OPCAT_NAME":"Exe Main","WB_ID":"GB108045014990","version":"2","WB_NAME":"Calverleigh Stream"}},{"type":"Feature","geometry":{"type":"MultiLineString","coordinates":[[[-3.539866,50.883491],[-3.539005,50.88247]],[[-3.525867,50.871836],[-3.52552,50.871652]],[[-3.590337,50.906475],[-3.590286,50.905843],[-3.590162,50.905569]],[[-3.557309,50.895294],[-3.557063,50.894988],[-3.55631,50.894863],[-3.555425,50.894551]],[[-3.525251,50.871549],[-3.5249,50.870982],[-3.525014,50.87081],[-3.524942,50.870614],[-3.524976,50.870487],[-3.523878,50.869931]],[[-3.59465,50.908727],[-3.593977,50.90861],[-3.593231,50.90863],[-3.593076,50.908381],[-3.592172,50.908064],[-3.590827,50.907188],[-3.590421,50.906561]],[[-3.559917,50.896194],[-3.559899,50.896128]],[[-3.555425,50.894551],[-3.554524,50.894607],[-3.553984,50.89423],[-3.552612,50.893941]],[[-3.591569,50.921695],[-3.591788,50.920706],[-3.592326,50.9202],[-3.592979,50.919559],[-3.592955,50.919387],[-3.594234,50.918818],[-3.596279,50.918398]],[[-3.584598,50.929642],[-3.584845,50.929175]],[[-3.583172,50.931782],[-3.583565,50.931157],[-3.584418,50.92988],[-3.584598,50.929642]],[[-3.525867,50.871896],[-3.525867,50.871836]],[[-3.523502,50.869544],[-3.523608,50.869225]],[[-3.56655,50.898443],[-3.566421,50.898206]],[[-3.522825,50.868843],[-3.522701,50.868664],[-3.522621,50.868465]],[[-3.538141,50.876777],[-3.537808,50.876713],[-3.537024,50.876391],[-3.536517,50.876546],[-3.53608,50.876631],[-3.536305,50.876126],[-3.536282,50.875467],[-3.535189,50.875302],[-3.534692,50.875331],[-3.534635,50.875165],[-3.534263,50.875115],[-3.534513,50.874594],[-3.534005,50.874284],[-3.533318,50.87397],[-3.533277,50.873669],[-3.532542,50.873688],[-3.532503,50.873568]],[[-3.590421,50.906561],[-3.590337,50.906475]],[[-3.587117,50.924912],[-3.588303,50.924066],[-3.590353,50.923505],[-3.591332,50.922541],[-3.591569,50.921695]],[[-3.539005,50.88247],[-3.538925,50.882038],[-3.538734,50.881909],[-3.538737,50.88159],[-3.538361,50.881399],[-3.538247,50.88109],[-3.538455,50.880815],[-3.537859,50.880205],[-3.537855,50.879353],[-3.537378,50.87924],[-3.537571,50.878374],[-3.537544,50.878193]],[[-3.559526,50.895743],[-3.558969,50.895527],[-3.558479,50.895444],[-3.557811,50.895127]],[[-3.521373,50.865432],[-3.521028,50.864614],[-3.520611,50.863929]],[[-3.581169,50.904219],[-3.581159,50.904182]],[[-3.596279,50.918398],[-3.596782,50.918103],[-3.596838,50.917833],[-3.597742,50.917199],[-3.598277,50.91658],[-3.598556,50.914818],[-3.597939,50.914454]],[[-3.522128,50.865564],[-3.521962,50.865523]],[[-3.522621,50.868465],[-3.522558,50.868062],[-3.52203,50.867225],[-3.522405,50.866948],[-3.522189,50.866795],[-3.522318,50.866726]],[[-3.55756,50.895151],[-3.557309,50.895294]],[[-3.520284,50.863695],[-3.519812,50.86339]],[[-3.590162,50.905569],[-3.589674,50.905168],[-3.589272,50.905087],[-3.588916,50.904955]],[[-3.56974,50.900896],[-3.569413,50.900487]],[[-3.584845,50.929175],[-3.585867,50.928187],[-3.58649,50.927505],[-3.586736,50.926479],[-3.586567,50.926404]],[[-3.596393,50.909824],[-3.595684,50.909166],[-3.595114,50.9089],[-3.59465,50.908727]],[[-3.580215,50.935816],[-3.580004,50.935275],[-3.580814,50.934213],[-3.583166,50.933313],[-3.583775,50.932695],[-3.583173,50.931792]],[[-3.579489,50.90404],[-3.578793,50.904033],[-3.578579,50.904251],[-3.577889,50.903998],[-3.577611,50.904016],[-3.577291,50.903924],[-3.576599,50.903697],[-3.575982,50.903335],[-3.575527,50.903253],[-3.575102,50.902989],[-3.574802,50.902711],[-3.573953,50.902603],[-3.573638,50.902228],[-3.571406,50.901557],[-3.570558,50.901337],[-3.570368,50.901037],[-3.56974,50.900896]],[[-3.532503,50.873568],[-3.531793,50.873689],[-3.531188,50.873728]],[[-3.537544,50.878193],[-3.537622,50.877845],[-3.537189,50.877539],[-3.537291,50.877182],[-3.538203,50.877139],[-3.538141,50.876777]],[[-3.520611,50.863929],[-3.520284,50.863695]],[[-3.566421,50.898206],[-3.565123,50.897879],[-3.564737,50.89783],[-3.564448,50.897714],[-3.563396,50.897759],[-3.561518,50.897438],[-3.561612,50.897137],[-3.560886,50.896887],[-3.560605,50.896689],[-3.560365,50.896607],[-3.559882,50.896368],[-3.559917,50.896194]],[[-3.522774,50.866509],[-3.522557,50.865483]],[[-3.512413,50.857415],[-3.51241,50.855028],[-3.512327,50.854741],[-3.512245,50.854585]],[[-3.52552,50.871652],[-3.525251,50.871549]],[[-3.583173,50.931792],[-3.583172,50.931782]],[[-3.557811,50.895127],[-3.55756,50.895151]],[[-3.559899,50.896128],[-3.559526,50.895743]],[[-3.531188,50.873728],[-3.5308,50.873317],[-3.530523,50.873391],[-3.530504,50.873605],[-3.53,50.873534],[-3.52972,50.87296],[-3.529688,50.872797],[-3.529028,50.872666],[-3.528656,50.872454],[-3.528187,50.872517],[-3.527596,50.872166],[-3.527034,50.872016],[-3.526517,50.871906],[-3.526018,50.871991],[-3.525867,50.871896]],[[-3.578118,50.93873],[-3.578296,50.938587],[-3.57854,50.938388],[-3.580082,50.936609],[-3.580215,50.935816]],[[-3.514868,50.860901],[-3.514904,50.860547],[-3.514552,50.860059]],[[-3.581159,50.904182],[-3.579741,50.903973]],[[-3.569413,50.900487],[-3.568888,50.899881],[-3.568878,50.899351]],[[-3.543882,50.888154],[-3.543262,50.887883],[-3.541681,50.887577]],[[-3.523608,50.869225],[-3.52342,50.869027],[-3.522872,50.869008],[-3.522825,50.868843]],[[-3.579741,50.903973],[-3.579489,50.90404]],[[-3.568878,50.899351],[-3.56756,50.898424],[-3.56655,50.898443]],[[-3.51708,50.862573],[-3.516515,50.862768],[-3.516138,50.86231],[-3.515905,50.862043],[-3.514906,50.860995],[-3.514868,50.860901]],[[-3.586813,50.90459],[-3.586207,50.904429],[-3.58481,50.904668],[-3.583507,50.904385],[-3.582563,50.90455],[-3.581764,50.904348]],[[-3.52271,50.866636],[-3.522774,50.866509]],[[-3.586567,50.926404],[-3.586844,50.925329],[-3.587117,50.924912]],[[-3.552612,50.893941],[-3.550594,50.893686],[-3.550163,50.893487],[-3.549463,50.893324],[-3.54936,50.893116],[-3.548594,50.892676],[-3.548336,50.892316],[-3.547929,50.891933],[-3.548087,50.891296],[-3.5481,50.890545],[-3.547958,50.890444],[-3.548144,50.890142],[-3.54725,50.889998],[-3.547151,50.889778],[-3.547263,50.889563],[-3.546933,50.889543],[-3.546666,50.889317],[-3.546289,50.889195],[-3.545866,50.889024],[-3.545669,50.888806],[-3.545379,50.888759],[-3.544102,50.888356],[-3.543882,50.888154]],[[-3.596592,50.913576],[-3.596061,50.912742],[-3.595802,50.912022],[-3.596029,50.911444],[-3.596217,50.911126],[-3.596582,50.910191],[-3.596393,50.909824]],[[-3.521779,50.865296],[-3.521373,50.865432]],[[-3.581764,50.904348],[-3.581213,50.90451],[-3.581169,50.904219]],[[-3.514552,50.860059],[-3.51439,50.859906],[-3.514029,50.859294],[-3.513157,50.859408],[-3.513025,50.858977],[-3.511873,50.858486],[-3.512089,50.857974],[-3.512413,50.857415]],[[-3.522557,50.865483],[-3.522128,50.865564]],[[-3.519812,50.86339],[-3.518136,50.862513],[-3.517509,50.862457],[-3.51712,50.862348],[-3.51708,50.862573]],[[-3.541681,50.887577],[-3.54046,50.887224],[-3.540144,50.886942],[-3.53989,50.886572],[-3.540704,50.885393],[-3.5405,50.885025],[-3.540155,50.88471]],[[-3.540155,50.88471],[-3.539689,50.884013],[-3.539866,50.883491]],[[-3.522318,50.866726],[-3.52271,50.866636]],[[-3.521962,50.865523],[-3.521779,50.865296]],[[-3.588916,50.904955],[-3.588003,50.904494],[-3.587242,50.904515],[-3.586813,50.90459]],[[-3.523878,50.869931],[-3.523137,50.869737],[-3.523287,50.869476],[-3.523502,50.869544]],[[-3.597939,50.914454],[-3.59709,50.914161],[-3.596592,50.913576]]]},"properties":{"WB_CAT":"River","RBD_ID":"8","MNCAT_NAME":"Devon East","RBD_NAME":"South West","OPCAT_ID":"3183","hydromorph":"not designated artificial or heavily modified","MANCAT_ID":"3033","url":"/catchment-planning/WaterBody/GB108045015010","OPCAT_NAME":"Exe Main","WB_ID":"GB108045015010","version":"2","WB_NAME":"Dart (Exe)"}},{"type":"Feature","geometry":{"type":"MultiLineString","coordinates":[[[-3.435219,50.919773],[-3.435362,50.919553]],[[-3.485583,50.900294],[-3.485782,50.899954]],[[-3.411264,50.956947],[-3.411592,50.956352],[-3.411961,50.956165]],[[-3.411786,50.949388],[-3.411625,50.949291]],[[-3.417705,50.927458],[-3.418795,50.927252],[-3.419675,50.927052],[-3.420273,50.926798],[-3.420524,50.926364]],[[-3.411539,50.932913],[-3.411421,50.932727],[-3.412339,50.931822]],[[-3.412893,50.947951],[-3.412984,50.947545],[-3.413577,50.946395],[-3.413184,50.946189]],[[-3.412676,50.931717],[-3.412766,50.931605],[-3.413417,50.929918],[-3.413555,50.929368],[-3.413408,50.929015],[-3.414608,50.928458],[-3.414874,50.927733],[-3.415583,50.927221]],[[-3.452541,50.968062],[-3.452,50.967862],[-3.45055,50.967434]],[[-3.45055,50.967434],[-3.448909,50.967563],[-3.447909,50.967857]],[[-3.411961,50.956165],[-3.412069,50.956014]],[[-3.411572,50.949167],[-3.411678,50.948946]],[[-3.410428,50.937336],[-3.411086,50.936349],[-3.411077,50.935996],[-3.410962,50.935349],[-3.410757,50.935238]],[[-3.433383,50.92124],[-3.433579,50.920903]],[[-3.386191,50.943322],[-3.387638,50.942411],[-3.388984,50.942014]],[[-3.380262,50.948324],[-3.380302,50.948215]],[[-3.413184,50.946189],[-3.413084,50.94612]],[[-3.378732,50.952165],[-3.378803,50.952063]],[[-3.427709,50.923489],[-3.42787,50.923437]],[[-3.384646,50.945136],[-3.384765,50.944876]],[[-3.485782,50.899954],[-3.486667,50.899158],[-3.487401,50.898339],[-3.488056,50.898096],[-3.488984,50.897633]],[[-3.411012,50.950755],[-3.411331,50.950306],[-3.411658,50.950133],[-3.411786,50.949388]],[[-3.41085,50.927686],[-3.4109,50.927676]],[[-3.412069,50.956014],[-3.412803,50.955598],[-3.413373,50.954868]],[[-3.429267,50.922812],[-3.430266,50.922413]],[[-3.388984,50.942014],[-3.390286,50.941882],[-3.390979,50.941723],[-3.392742,50.941194],[-3.392841,50.940682],[-3.393233,50.940333]],[[-3.451476,50.915333],[-3.45188,50.91437]],[[-3.451476,50.915333],[-3.451452,50.915183],[-3.451385,50.914557],[-3.451857,50.913877],[-3.453151,50.91322]],[[-3.411851,50.944176],[-3.411644,50.943226],[-3.411028,50.941664]],[[-3.387285,50.964223],[-3.38717,50.964412],[-3.386308,50.964633],[-3.385389,50.964747],[-3.383529,50.964567],[-3.381909,50.964415],[-3.380714,50.964363],[-3.380413,50.964262],[-3.380238,50.964184],[-3.379996,50.964056]],[[-3.433579,50.920903],[-3.433803,50.920815]],[[-3.411301,50.939075],[-3.410664,50.938447],[-3.410275,50.937811],[-3.410428,50.937336]],[[-3.480107,50.905393],[-3.48057,50.90525],[-3.481624,50.904633]],[[-3.467079,50.909535],[-3.467633,50.909492]],[[-3.384149,50.945681],[-3.384653,50.945177]],[[-3.397351,50.937689],[-3.397359,50.93763]],[[-3.485022,50.900632],[-3.485583,50.900294]],[[-3.444363,50.96852],[-3.443321,50.968835],[-3.442223,50.969116],[-3.441398,50.969509],[-3.441486,50.969613],[-3.441272,50.969808],[-3.440829,50.969941],[-3.439961,50.970452],[-3.439526,50.971007],[-3.438088,50.971343],[-3.437686,50.971197],[-3.435958,50.97125],[-3.435768,50.97128],[-3.435225,50.9713],[-3.434958,50.97131],[-3.434659,50.971315],[-3.434085,50.971272]],[[-3.418168,50.973923],[-3.418003,50.97335],[-3.41782,50.972871],[-3.417626,50.972173],[-3.417366,50.970222],[-3.416943,50.969605],[-3.416919,50.96888]],[[-3.397359,50.93763],[-3.397713,50.937371],[-3.398136,50.936712],[-3.398314,50.935954],[-3.399082,50.934328],[-3.39957,50.932738]],[[-3.412339,50.931822],[-3.412676,50.931717]],[[-3.413084,50.94612],[-3.412643,50.945699]],[[-3.481624,50.904633],[-3.482075,50.904196],[-3.482885,50.902818],[-3.483263,50.90231],[-3.483169,50.902189],[-3.482996,50.901653],[-3.483198,50.901542]],[[-3.410757,50.935238],[-3.409908,50.934256],[-3.409859,50.933487],[-3.411539,50.932913]],[[-3.429953,50.972485],[-3.428358,50.972884],[-3.424734,50.97408],[-3.423359,50.974057]],[[-3.416369,50.964847],[-3.41645,50.964262],[-3.416092,50.96366],[-3.415171,50.962906],[-3.414954,50.9622],[-3.414917,50.961708]],[[-3.436142,50.918392],[-3.437633,50.918734],[-3.437944,50.91853]],[[-3.453151,50.91322],[-3.453808,50.913475]],[[-3.384765,50.944876],[-3.384881,50.944403],[-3.38565,50.943461],[-3.386191,50.943322]],[[-3.42828,50.922093],[-3.429108,50.922066],[-3.429873,50.921738],[-3.430748,50.921758],[-3.430976,50.922116]],[[-3.4109,50.927676],[-3.412111,50.927236],[-3.412524,50.926858],[-3.413338,50.925477],[-3.41517,50.923548],[-3.414729,50.922939],[-3.416695,50.922422],[-3.416899,50.921947],[-3.419446,50.921402],[-3.420243,50.921393],[-3.420538,50.921344],[-3.421079,50.921262],[-3.421886,50.921218],[-3.422118,50.921225],[-3.423678,50.921117],[-3.424273,50.921047],[-3.424754,50.921002],[-3.425308,50.920917],[-3.425868,50.92094],[-3.426763,50.921491],[-3.42771,50.921473],[-3.42828,50.922093]],[[-3.43223,50.971834],[-3.430284,50.972544],[-3.429953,50.972485]],[[-3.435362,50.919553],[-3.43572,50.919282]],[[-3.420524,50.926364],[-3.424851,50.923791],[-3.426911,50.923252],[-3.427709,50.923489]],[[-3.422658,50.973973],[-3.42139,50.974123]],[[-3.446526,50.916247],[-3.447019,50.916121]],[[-3.380302,50.948215],[-3.38054,50.948112]],[[-3.378803,50.952063],[-3.378852,50.951518],[-3.379122,50.950851],[-3.37947,50.949982],[-3.380049,50.948643],[-3.380071,50.948546]],[[-3.380809,50.947776],[-3.382109,50.94689],[-3.383034,50.946142],[-3.383931,50.94579]],[[-3.42787,50.923437],[-3.429267,50.922812]],[[-3.411399,50.939225],[-3.411301,50.939075]],[[-3.444754,50.91692],[-3.446526,50.916247]],[[-3.413373,50.954868],[-3.414153,50.954483],[-3.414664,50.953456],[-3.414095,50.953001],[-3.413732,50.952737],[-3.413063,50.952495],[-3.411861,50.952382],[-3.41142,50.951893],[-3.411535,50.951744],[-3.411189,50.951554],[-3.410988,50.950985],[-3.411012,50.950755]],[[-3.39957,50.932738],[-3.400363,50.932071],[-3.40028,50.931615],[-3.401129,50.931204],[-3.40202,50.93066],[-3.401988,50.930548]],[[-3.383931,50.94579],[-3.384149,50.945681]],[[-3.467915,50.909412],[-3.469645,50.908359],[-3.471641,50.906766],[-3.473249,50.907051],[-3.474285,50.906166]],[[-3.417527,50.967766],[-3.416889,50.966944],[-3.416287,50.966727],[-3.415656,50.96584],[-3.415967,50.96526],[-3.416369,50.964847]],[[-3.430976,50.922116],[-3.431678,50.921955],[-3.431907,50.921829],[-3.432299,50.921751],[-3.432568,50.921566],[-3.432359,50.921383],[-3.433024,50.921326],[-3.433383,50.92124]],[[-3.435829,50.918461],[-3.436142,50.918392]],[[-3.45188,50.91437],[-3.453265,50.913612],[-3.453717,50.913511]],[[-3.483198,50.901542],[-3.484434,50.90106],[-3.484651,50.900715],[-3.485022,50.900632]],[[-3.411625,50.949291],[-3.411572,50.949167]],[[-3.411678,50.948946],[-3.411956,50.948629]],[[-3.423359,50.974057],[-3.422658,50.973973]],[[-3.380762,50.95936],[-3.38002,50.95792],[-3.379903,50.956538]],[[-3.38054,50.948112],[-3.380662,50.947921]],[[-3.378301,50.954482],[-3.378591,50.953106],[-3.378531,50.952931],[-3.378732,50.952165]],[[-3.401988,50.930548],[-3.402984,50.930214]],[[-3.446687,50.968096],[-3.445592,50.968226]],[[-3.412565,50.945418],[-3.412732,50.94518],[-3.412608,50.945093]],[[-3.412608,50.945093],[-3.412225,50.944483],[-3.411851,50.944176]],[[-3.412643,50.945699],[-3.412565,50.945418]],[[-3.459695,50.911189],[-3.460698,50.910378],[-3.460894,50.910125],[-3.461798,50.910141],[-3.462213,50.910302],[-3.46208,50.910134],[-3.462332,50.91]],[[-3.462608,50.909831],[-3.464552,50.909634],[-3.467079,50.909535]],[[-3.447019,50.916121],[-3.447612,50.915844],[-3.44982,50.91638],[-3.450322,50.916299],[-3.450911,50.915544],[-3.451476,50.915333]],[[-3.380071,50.948546],[-3.380262,50.948324]],[[-3.42139,50.974123],[-3.418592,50.974158],[-3.418453,50.974054]],[[-3.418453,50.974054],[-3.418168,50.973923]],[[-3.433803,50.920815],[-3.435219,50.919773]],[[-3.394847,50.938933],[-3.395252,50.938821],[-3.396001,50.93821],[-3.397292,50.937837],[-3.397351,50.937689]],[[-3.380757,50.947826],[-3.380809,50.947776]],[[-3.443377,50.917568],[-3.444676,50.917049],[-3.444754,50.91692]],[[-3.43572,50.919282],[-3.435775,50.919056],[-3.435829,50.918461]],[[-3.380662,50.947921],[-3.380757,50.947826]],[[-3.456617,50.912663],[-3.456881,50.911924],[-3.457145,50.911512],[-3.45798,50.911597],[-3.459695,50.911189]],[[-3.430266,50.922413],[-3.430976,50.922116]],[[-3.416919,50.96888],[-3.417527,50.967766]],[[-3.434085,50.971272],[-3.432855,50.971574],[-3.43223,50.971834]],[[-3.445592,50.968226],[-3.445204,50.968329],[-3.444934,50.968415],[-3.444363,50.96852]],[[-3.402984,50.930214],[-3.403345,50.928764],[-3.404406,50.928527],[-3.406089,50.928549],[-3.405943,50.92811],[-3.408199,50.9278],[-3.409345,50.927874],[-3.410171,50.92759],[-3.41085,50.927686]],[[-3.437944,50.91853],[-3.438721,50.918205],[-3.438989,50.918085],[-3.439169,50.917909],[-3.440278,50.917824],[-3.440593,50.91754],[-3.441631,50.917227],[-3.442823,50.917243],[-3.443377,50.917568]],[[-3.462332,50.91],[-3.462608,50.909831]],[[-3.379996,50.964056],[-3.379539,50.963751],[-3.379329,50.962796],[-3.379999,50.961464],[-3.380424,50.961048],[-3.380824,50.959971],[-3.380778,50.959488],[-3.380762,50.95936]],[[-3.474285,50.906166],[-3.474961,50.905588],[-3.475283,50.905371],[-3.476196,50.904995],[-3.478328,50.904775],[-3.47933,50.905078],[-3.480107,50.905393]],[[-3.467633,50.909492],[-3.467915,50.909412]],[[-3.393233,50.940333],[-3.394847,50.938933]],[[-3.453808,50.913475],[-3.454066,50.913564],[-3.454503,50.913663],[-3.455421,50.913658],[-3.455365,50.913212],[-3.455506,50.912995],[-3.456407,50.912931],[-3.456617,50.912663]],[[-3.447909,50.967857],[-3.446687,50.968096]],[[-3.411956,50.948629],[-3.412801,50.948058],[-3.412893,50.947951]],[[-3.414917,50.961708],[-3.414402,50.960617],[-3.414004,50.960265],[-3.413449,50.959686],[-3.413175,50.95895],[-3.412948,50.958677],[-3.41279,50.95829],[-3.412557,50.957611],[-3.41162,50.957585],[-3.411527,50.957466]],[[-3.411527,50.957466],[-3.411266,50.957004]],[[-3.411266,50.957004],[-3.411264,50.956947]],[[-3.384653,50.945177],[-3.384646,50.945136]],[[-3.379903,50.956538],[-3.379153,50.955865],[-3.378913,50.955541],[-3.378824,50.95528],[-3.378349,50.954757],[-3.378301,50.954482]],[[-3.415583,50.927221],[-3.416337,50.927341],[-3.417705,50.927458]],[[-3.411028,50.941664],[-3.410897,50.941319],[-3.410764,50.940658],[-3.411399,50.939225]],[[-3.453717,50.913511],[-3.453808,50.913475]]]},"properties":{"WB_CAT":"River","RBD_ID":"8","MNCAT_NAME":"Devon East","RBD_NAME":"South West","OPCAT_ID":"3183","hydromorph":"not designated artificial or heavily modified","MANCAT_ID":"3033","url":"/catchment-planning/WaterBody/GB108045015030","OPCAT_NAME":"Exe Main","WB_ID":"GB108045015030","version":"2","WB_NAME":"Lowman"}},{"type":"Feature","geometry":{"type":"MultiLineString","coordinates":[[[-3.554006,50.973675],[-3.553722,50.973806]],[[-3.551106,50.974521],[-3.549698,50.974573],[-3.548411,50.974905]],[[-3.600497,50.968718],[-3.599565,50.968107],[-3.597414,50.967482],[-3.596661,50.96724]],[[-3.590655,50.968569],[-3.590317,50.968555]],[[-3.59549,50.967446],[-3.594683,50.967726]],[[-3.530298,50.976942],[-3.529824,50.976909],[-3.529109,50.976682],[-3.528147,50.977012],[-3.525349,50.976324],[-3.524903,50.976397],[-3.524891,50.975866],[-3.523808,50.975812]],[[-3.548411,50.974905],[-3.546239,50.975768],[-3.545165,50.9764],[-3.544628,50.976493],[-3.543914,50.976543],[-3.54317,50.976676]],[[-3.523808,50.975812],[-3.522206,50.975693],[-3.521805,50.97556]],[[-3.53286,50.977042],[-3.532802,50.976993]],[[-3.580856,50.971483],[-3.579425,50.971654],[-3.578694,50.971783],[-3.578307,50.971975]],[[-3.532802,50.976993],[-3.532527,50.9769]],[[-3.571854,50.971502],[-3.570425,50.971284],[-3.570283,50.971054],[-3.570254,50.970938]],[[-3.596522,50.967344],[-3.59549,50.967446]],[[-3.617713,50.985724],[-3.613705,50.985081],[-3.612673,50.984674],[-3.610562,50.982562],[-3.60991,50.981944],[-3.605043,50.982368]],[[-3.556762,50.971419],[-3.556487,50.971524]],[[-3.521805,50.97556],[-3.520362,50.975758]],[[-3.590317,50.968555],[-3.588862,50.968781],[-3.587834,50.968822],[-3.587248,50.969076],[-3.586473,50.969207],[-3.585521,50.969739],[-3.583195,50.970815],[-3.582667,50.970995],[-3.581224,50.971495],[-3.580856,50.971483]],[[-3.570254,50.970938],[-3.569585,50.970692],[-3.568948,50.970464],[-3.568621,50.970658],[-3.567381,50.970299],[-3.566558,50.969983],[-3.566045,50.969861]],[[-3.600217,50.979512],[-3.600474,50.978522],[-3.600298,50.978042],[-3.600461,50.977348],[-3.600462,50.976919],[-3.600295,50.976369],[-3.600081,50.975862],[-3.600132,50.975173],[-3.600505,50.97453],[-3.600489,50.973999],[-3.600853,50.972535],[-3.600878,50.972375]],[[-3.594258,50.967972],[-3.593041,50.968184],[-3.592682,50.968272],[-3.591436,50.968403],[-3.590655,50.968569]],[[-3.565553,50.969839],[-3.564931,50.969847],[-3.564536,50.969713],[-3.564268,50.969742],[-3.563518,50.969542],[-3.562987,50.969732]],[[-3.600878,50.972375],[-3.60054,50.971759],[-3.600271,50.971626]],[[-3.596661,50.96724],[-3.596522,50.967344]],[[-3.561086,50.97019],[-3.560954,50.970093]],[[-3.573984,50.972003],[-3.573307,50.971959]],[[-3.573071,50.971845],[-3.572467,50.971595],[-3.571854,50.971502]],[[-3.54317,50.976676],[-3.542875,50.976651]],[[-3.603697,50.982377],[-3.600804,50.982302]],[[-3.532527,50.9769],[-3.531045,50.976761],[-3.530637,50.976755],[-3.530298,50.976942]],[[-3.533444,50.97729],[-3.53286,50.977042]],[[-3.600517,50.971255],[-3.60066,50.969019],[-3.600497,50.968718]],[[-3.565713,50.969833],[-3.565553,50.969839]],[[-3.520362,50.975758],[-3.5191,50.975962],[-3.516224,50.976414],[-3.515427,50.976713],[-3.515133,50.976603],[-3.513689,50.977159],[-3.513042,50.977087],[-3.512577,50.977356],[-3.51215,50.977157]],[[-3.594683,50.967726],[-3.594496,50.967831]],[[-3.54223,50.976862],[-3.5406,50.9768],[-3.537965,50.977319],[-3.534163,50.977583],[-3.533444,50.97729]],[[-3.562987,50.969732],[-3.562611,50.970102],[-3.561295,50.970184],[-3.561118,50.970343],[-3.561086,50.97019]],[[-3.566045,50.969861],[-3.565713,50.969833]],[[-3.560954,50.970093],[-3.559363,50.970202],[-3.558053,50.970665],[-3.557379,50.971164],[-3.556948,50.971331],[-3.556762,50.971419]],[[-3.605043,50.982368],[-3.604828,50.982342]],[[-3.556487,50.971524],[-3.555406,50.972447]],[[-3.555406,50.972447],[-3.55423,50.973224],[-3.554006,50.973675]],[[-3.51215,50.977157],[-3.511764,50.97695]],[[-3.578307,50.971975],[-3.577781,50.972119]],[[-3.573307,50.971959],[-3.573071,50.971845]],[[-3.553722,50.973806],[-3.552533,50.974182],[-3.551106,50.974521]],[[-3.577781,50.972119],[-3.576337,50.971959],[-3.57437,50.972116],[-3.573984,50.972003]],[[-3.542875,50.976651],[-3.54223,50.976862]],[[-3.600804,50.982302],[-3.599349,50.981533],[-3.599613,50.980421],[-3.600217,50.979512]],[[-3.600271,50.971626],[-3.600398,50.971313],[-3.600517,50.971255]],[[-3.604828,50.982342],[-3.603697,50.982377]],[[-3.594496,50.967831],[-3.594258,50.967972]]]},"properties":{"WB_CAT":"River","RBD_ID":"8","MNCAT_NAME":"Devon East","RBD_NAME":"South West","OPCAT_ID":"3183","hydromorph":"not designated artificial or heavily modified","MANCAT_ID":"3033","url":"/catchment-planning/WaterBody/GB108045015040","OPCAT_NAME":"Exe Main","WB_ID":"GB108045015040","version":"2","WB_NAME":"Iron Mill Stream"}},{"type":"Feature","geometry":{"type":"MultiLineString","coordinates":[[[-3.506931,50.860023],[-3.50744,50.859764],[-3.508548,50.859318],[-3.509421,50.858686],[-3.51013,50.85777],[-3.510342,50.856855]],[[-3.535583,50.816],[-3.534844,50.815853],[-3.534396,50.815625]],[[-3.496416,50.916726],[-3.496377,50.916612],[-3.49608,50.916063]],[[-3.488959,50.903114],[-3.489037,50.902694],[-3.48904,50.902077],[-3.488911,50.901465]],[[-3.494518,50.892465],[-3.494872,50.891649],[-3.494948,50.89142],[-3.494974,50.891305],[-3.494937,50.890925],[-3.494615,50.890316]],[[-3.503503,50.942304],[-3.502614,50.941769]],[[-3.484213,50.975247],[-3.483466,50.975064]],[[-3.508118,50.830486],[-3.508426,50.829708],[-3.507965,50.829212]],[[-3.488417,50.879047],[-3.488305,50.878341],[-3.4883,50.878197],[-3.488282,50.878063],[-3.488286,50.877757],[-3.488303,50.877623],[-3.488304,50.877416],[-3.488516,50.876699]],[[-3.505453,50.812958],[-3.506806,50.812864],[-3.507217,50.812858],[-3.508888,50.812905],[-3.509139,50.812821],[-3.509301,50.812748],[-3.510526,50.81172]],[[-3.508619,50.818353],[-3.508965,50.818047]],[[-3.501103,50.837946],[-3.501471,50.8372],[-3.503244,50.834982],[-3.503276,50.834625]],[[-3.499836,50.929724],[-3.499803,50.929722]],[[-3.549789,50.829725],[-3.549395,50.829232],[-3.549515,50.828594]],[[-3.507489,50.828541],[-3.506073,50.827393],[-3.504831,50.826893],[-3.504287,50.825982],[-3.504189,50.824796],[-3.504864,50.824224],[-3.505597,50.823949]],[[-3.488984,50.897633],[-3.489064,50.897489],[-3.489679,50.896595],[-3.489827,50.896369]],[[-3.49608,50.916063],[-3.495476,50.915402],[-3.495345,50.915301]],[[-3.52566,51.009543],[-3.525822,51.008943],[-3.52598,51.008518]],[[-3.530636,50.983825],[-3.529138,50.984003],[-3.528573,50.984096],[-3.526637,50.98455]],[[-3.540704,50.98767],[-3.540332,50.987216],[-3.539207,50.986847],[-3.538163,50.9863],[-3.537927,50.986011]],[[-3.507523,50.83069],[-3.508118,50.830486]],[[-3.52598,51.008518],[-3.526041,51.008325],[-3.526079,51.00802],[-3.525838,51.00662]],[[-3.494615,50.890316],[-3.494579,50.890156],[-3.494522,50.889952],[-3.49445,50.889723],[-3.494423,50.889589],[-3.493681,50.888206],[-3.493351,50.887759],[-3.493003,50.88744]],[[-3.503655,50.832035],[-3.504007,50.831761]],[[-3.520446,50.780626],[-3.52088,50.780673]],[[-3.51405,50.782865],[-3.512252,50.782215],[-3.511359,50.781184]],[[-3.505817,50.9738],[-3.504893,50.973648],[-3.504149,50.973568],[-3.503703,50.97351],[-3.503087,50.973438],[-3.502065,50.973383],[-3.501851,50.973377],[-3.501259,50.973327],[-3.501033,50.973311],[-3.499948,50.973455]],[[-3.511764,50.97695],[-3.511531,50.97661],[-3.510737,50.976034],[-3.510482,50.975865],[-3.509341,50.974902],[-3.509186,50.97466],[-3.507405,50.974006],[-3.505817,50.9738]],[[-3.516529,50.79934],[-3.516233,50.799109]],[[-3.496461,50.927792],[-3.497332,50.92713]],[[-3.497355,50.973668],[-3.496472,50.973679],[-3.494664,50.974003],[-3.493626,50.974312],[-3.49277,50.974563],[-3.492558,50.974636],[-3.492407,50.974704],[-3.490306,50.975838],[-3.489795,50.976095],[-3.488087,50.976566],[-3.48636,50.97627],[-3.486059,50.976133]],[[-3.497332,50.92713],[-3.497585,50.926798],[-3.497706,50.926535]],[[-3.499018,50.962944],[-3.499435,50.962783],[-3.499921,50.961661],[-3.500425,50.960879]],[[-3.536023,51.001484],[-3.536003,51.001308]],[[-3.494325,50.892688],[-3.494518,50.892465]],[[-3.510865,50.803781],[-3.512586,50.801943],[-3.513512,50.801409],[-3.515031,50.800627],[-3.515964,50.799779],[-3.516107,50.799477],[-3.516233,50.799109]],[[-3.496005,50.918346],[-3.496345,50.91751],[-3.496438,50.917237],[-3.496416,50.916726]],[[-3.539354,50.822315],[-3.537819,50.822206],[-3.537172,50.821895],[-3.536768,50.821641],[-3.536333,50.821477],[-3.536128,50.820747],[-3.535933,50.820244]],[[-3.549318,50.824708],[-3.549929,50.82395],[-3.550159,50.823869]],[[-3.497589,50.929573],[-3.496067,50.928291],[-3.496248,50.927926]],[[-3.496248,50.927926],[-3.496461,50.927792]],[[-3.499037,50.929734],[-3.498008,50.92964],[-3.497589,50.929573]],[[-3.492195,50.886253],[-3.491482,50.885336]],[[-3.51746,50.795075],[-3.518816,50.794666]],[[-3.50561,50.83155],[-3.505883,50.831454],[-3.506734,50.831078],[-3.507523,50.83069]],[[-3.498758,50.932364],[-3.498097,50.931715],[-3.498089,50.93148]],[[-3.53877,50.994473],[-3.539871,50.993821],[-3.5407,50.993465]],[[-3.492322,50.871257],[-3.492854,50.870622],[-3.492969,50.870497],[-3.493246,50.870173],[-3.493394,50.870009],[-3.4935,50.869902],[-3.494474,50.868828],[-3.494757,50.868562]],[[-3.50163,50.937481],[-3.501672,50.937276],[-3.50173,50.937091],[-3.501816,50.936891],[-3.501982,50.936547],[-3.502498,50.935817],[-3.502609,50.935691],[-3.502722,50.935577],[-3.503393,50.934957]],[[-3.527398,50.811104],[-3.527267,50.811]],[[-3.507598,50.841495],[-3.506949,50.841204],[-3.506536,50.841211]],[[-3.498089,50.93148],[-3.49832,50.930462],[-3.497589,50.929573]],[[-3.510342,50.856855],[-3.510553,50.856381],[-3.510651,50.856251],[-3.511201,50.855718],[-3.511335,50.85558],[-3.511489,50.855408],[-3.511626,50.855282],[-3.512245,50.854585]],[[-3.490707,50.873167],[-3.491485,50.872086],[-3.492322,50.871257]],[[-3.526637,50.98455],[-3.526062,50.984859],[-3.525598,50.985082],[-3.525188,50.985333]],[[-3.50351,50.933764],[-3.502435,50.932647],[-3.502334,50.932358],[-3.501987,50.93145],[-3.501725,50.930931]],[[-3.527907,50.811572],[-3.527836,50.81154]],[[-3.504982,50.860491],[-3.505679,50.860335],[-3.506012,50.860259]],[[-3.498499,50.959218],[-3.498716,50.958386],[-3.50099,50.956437],[-3.501455,50.956136]],[[-3.498041,50.866228],[-3.499175,50.865727],[-3.499793,50.864901],[-3.499867,50.864562],[-3.499952,50.863864],[-3.499958,50.863397],[-3.50012,50.862849]],[[-3.549515,50.828594],[-3.5492,50.827381]],[[-3.496006,50.969233],[-3.497381,50.968763],[-3.497109,50.967858],[-3.496735,50.967189],[-3.496648,50.967076],[-3.496341,50.966732],[-3.496222,50.966631],[-3.496072,50.966534],[-3.495523,50.965897],[-3.495628,50.965384]],[[-3.527836,50.81154],[-3.527398,50.811104]],[[-3.493461,50.906815],[-3.492763,50.906193]],[[-3.503808,50.860675],[-3.504564,50.860591],[-3.504982,50.860491]],[[-3.495628,50.965384],[-3.495636,50.965168],[-3.495647,50.965052],[-3.495623,50.964548]],[[-3.506536,50.841211],[-3.505151,50.841083],[-3.503031,50.839962]],[[-3.517043,50.770791],[-3.51683,50.770699],[-3.515751,50.769655],[-3.515429,50.768966],[-3.514991,50.768293],[-3.515278,50.767292],[-3.517126,50.765654],[-3.517434,50.765547]],[[-3.506666,50.849144],[-3.505787,50.848169],[-3.505677,50.848003],[-3.505383,50.847347],[-3.505216,50.846585],[-3.505197,50.846451],[-3.505137,50.84613],[-3.505133,50.846004],[-3.505106,50.845816],[-3.505112,50.845555],[-3.505413,50.844808]],[[-3.517977,50.786363],[-3.517653,50.785637]],[[-3.519435,50.772604],[-3.519815,50.771842],[-3.519097,50.771352],[-3.518137,50.771407],[-3.517611,50.771719],[-3.517017,50.771427],[-3.517043,50.770791]],[[-3.497588,50.922203],[-3.497257,50.922098],[-3.496136,50.921223],[-3.496021,50.921049],[-3.495649,50.919871],[-3.495669,50.919647],[-3.495695,50.919522],[-3.495956,50.918613],[-3.496005,50.918346]],[[-3.536003,51.001308],[-3.534993,51.000013],[-3.535058,50.999234],[-3.535059,50.999045],[-3.535098,50.99874],[-3.535076,50.998282],[-3.535085,50.99813],[-3.534959,50.997548],[-3.535147,50.996754],[-3.536256,50.996031],[-3.536471,50.995875],[-3.536639,50.995765],[-3.537226,50.995406]],[[-3.501455,50.956136],[-3.502123,50.95566],[-3.503121,50.954863],[-3.503517,50.954376],[-3.504183,50.953896],[-3.504733,50.953548]],[[-3.516233,50.799109],[-3.51631,50.798608],[-3.516284,50.798178],[-3.516205,50.797256],[-3.51616,50.796366],[-3.516469,50.795794]],[[-3.489092,50.874658],[-3.490177,50.873745]],[[-3.550962,50.833368],[-3.550796,50.832404],[-3.550728,50.831676],[-3.55068,50.831582]],[[-3.504151,50.831721],[-3.504943,50.831614]],[[-3.487124,50.881604],[-3.487454,50.881131],[-3.488803,50.880226],[-3.488417,50.879047]],[[-3.52088,50.780673],[-3.521114,50.78083],[-3.521294,50.780957],[-3.521951,50.781253]],[[-3.484615,50.975279],[-3.484213,50.975247]],[[-3.492292,50.886375],[-3.492195,50.886253]],[[-3.537226,50.995406],[-3.538271,50.994746],[-3.53877,50.994473]],[[-3.504943,50.831614],[-3.50561,50.83155]],[[-3.510526,50.81172],[-3.510912,50.811152],[-3.510999,50.81086],[-3.511045,50.810674],[-3.5111,50.81053]],[[-3.506012,50.860259],[-3.506931,50.860023]],[[-3.50351,50.933764],[-3.502926,50.933767],[-3.501814,50.93368],[-3.499954,50.933007],[-3.498758,50.932364]],[[-3.55068,50.831582],[-3.550469,50.830747],[-3.550523,50.830649]],[[-3.518859,50.773426],[-3.519523,50.772705],[-3.519435,50.772604]],[[-3.511171,50.807965],[-3.511182,50.807861]],[[-3.531722,51.004115],[-3.533845,51.003522]],[[-3.499948,50.973455],[-3.498051,50.973628],[-3.497769,50.973653],[-3.497355,50.973668]],[[-3.527267,50.811],[-3.52686,50.810451],[-3.526738,50.810364],[-3.526415,50.810113],[-3.525375,50.809274],[-3.525243,50.809168],[-3.524431,50.808709],[-3.52394,50.808332],[-3.522862,50.807827],[-3.522739,50.807217],[-3.522395,50.807185],[-3.521834,50.806484],[-3.520983,50.806456],[-3.520842,50.806584],[-3.520118,50.806104],[-3.520067,50.805898],[-3.517356,50.805625],[-3.516916,50.805665],[-3.516076,50.805601],[-3.515666,50.805099],[-3.515041,50.804979],[-3.514541,50.804624],[-3.515033,50.803851],[-3.515195,50.803581]],[[-3.495471,50.909058],[-3.494609,50.907811],[-3.493461,50.906815]],[[-3.487911,50.97146],[-3.490017,50.970903],[-3.490619,50.970573]],[[-3.540865,50.988215],[-3.540704,50.98767]],[[-3.500717,50.92997],[-3.500076,50.929734],[-3.499836,50.929724]],[[-3.516469,50.795794],[-3.516682,50.795571],[-3.51746,50.795075]],[[-3.5111,50.81053],[-3.511193,50.80977],[-3.511255,50.808775]],[[-3.495623,50.964548],[-3.496108,50.963577],[-3.497174,50.962945]],[[-3.511065,50.852543],[-3.510266,50.851413],[-3.510168,50.851304],[-3.509252,50.850576],[-3.508747,50.850287],[-3.508406,50.850128]],[[-3.508046,50.843017],[-3.508439,50.842317]],[[-3.493003,50.88744],[-3.492684,50.887001],[-3.492292,50.886375]],[[-3.488892,50.883105],[-3.488164,50.882663],[-3.487515,50.882212],[-3.487124,50.881604]],[[-3.504192,50.81433],[-3.504005,50.813948],[-3.504916,50.813239],[-3.505453,50.812958]],[[-3.508406,50.850128],[-3.50704,50.849417],[-3.506666,50.849144]],[[-3.486059,50.976133],[-3.485019,50.975394],[-3.484615,50.975279]],[[-3.483466,50.975064],[-3.482285,50.974554],[-3.482532,50.973871],[-3.482737,50.973506],[-3.482876,50.97331],[-3.483016,50.973153],[-3.483529,50.972771],[-3.484754,50.972289],[-3.485049,50.972222],[-3.485226,50.972165],[-3.486923,50.97175],[-3.487467,50.971573],[-3.487911,50.97146]],[[-3.515191,50.783272],[-3.51405,50.782865]],[[-3.505597,50.823949],[-3.505873,50.823139],[-3.505931,50.82299],[-3.505713,50.822269],[-3.504691,50.82198],[-3.504049,50.821854],[-3.503588,50.82043],[-3.503908,50.818906],[-3.503991,50.818641],[-3.504074,50.81845],[-3.50469,50.817626],[-3.506065,50.817789],[-3.507617,50.818363],[-3.508619,50.818353]],[[-3.552712,50.834894],[-3.551862,50.834334],[-3.551113,50.833486],[-3.550962,50.833368]],[[-3.489827,50.896369],[-3.490429,50.895247]],[[-3.495374,50.867931],[-3.495652,50.867639],[-3.497706,50.866353],[-3.498041,50.866228]],[[-3.52031,50.780706],[-3.520446,50.780626]],[[-3.504007,50.831761],[-3.504151,50.831721]],[[-3.511182,50.807861],[-3.510633,50.807173],[-3.510234,50.806624],[-3.510006,50.806076],[-3.509986,50.804967],[-3.510248,50.804931]],[[-3.501725,50.930931],[-3.500717,50.92997]],[[-3.5492,50.827381],[-3.548721,50.826933],[-3.548563,50.825969],[-3.548927,50.825122],[-3.549318,50.824708]],[[-3.503063,50.833082],[-3.503655,50.832035]],[[-3.502264,50.861467],[-3.503078,50.861062],[-3.503364,50.860929],[-3.503557,50.86082]],[[-3.507965,50.829212],[-3.507489,50.828541]],[[-3.503276,50.834625],[-3.503063,50.833082]],[[-3.501624,50.938484],[-3.501616,50.937938],[-3.501607,50.937651],[-3.50163,50.937481]],[[-3.521951,50.781253],[-3.522669,50.780963],[-3.522725,50.780336],[-3.521581,50.779502],[-3.521579,50.778614],[-3.521895,50.777379],[-3.52076,50.776117],[-3.517647,50.774754],[-3.517685,50.77421],[-3.518859,50.773426]],[[-3.503557,50.86082],[-3.503808,50.860675]],[[-3.517434,50.765547],[-3.518212,50.765276]],[[-3.515195,50.803581],[-3.516198,50.80079],[-3.516427,50.799754],[-3.516529,50.79934]],[[-3.548231,50.822745],[-3.547134,50.822656],[-3.545961,50.82249],[-3.544579,50.822384]],[[-3.508439,50.842317],[-3.507598,50.841495]],[[-3.537927,50.986011],[-3.536911,50.984788],[-3.535692,50.98337],[-3.534975,50.98337],[-3.53477,50.983407],[-3.534573,50.983429],[-3.531839,50.983731],[-3.5313,50.983759],[-3.530636,50.983825]],[[-3.494533,50.969087],[-3.495711,50.969305],[-3.496006,50.969233]],[[-3.535933,50.820244],[-3.535993,50.819938],[-3.535868,50.819777],[-3.536492,50.819194],[-3.536505,50.819119]],[[-3.541005,50.988386],[-3.540865,50.988215]],[[-3.526319,51.005718],[-3.527651,51.00539],[-3.528599,51.005122],[-3.529984,51.004772],[-3.531722,51.004115]],[[-3.490429,50.895247],[-3.490999,50.894626],[-3.491467,50.894177],[-3.492871,50.89343]],[[-3.488911,50.901465],[-3.48859,50.900915],[-3.488497,50.900487],[-3.48841,50.899933],[-3.488287,50.899164],[-3.488473,50.898288],[-3.488792,50.897906],[-3.488984,50.897633]],[[-3.533845,51.003522],[-3.534982,51.003133],[-3.535892,51.002036],[-3.535941,51.001859],[-3.536023,51.001484]],[[-3.497258,50.924797],[-3.497672,50.923375],[-3.497917,50.923002],[-3.49801,50.922521]],[[-3.492763,50.906193],[-3.492637,50.906081],[-3.49251,50.905984],[-3.492094,50.905677],[-3.491751,50.905436]],[[-3.495345,50.915301],[-3.495164,50.914455],[-3.49525,50.914209],[-3.495394,50.913833],[-3.496327,50.91182],[-3.496367,50.911678],[-3.496653,50.91085]],[[-3.550523,50.830649],[-3.55003,50.829969],[-3.549789,50.829725]],[[-3.518212,50.765276],[-3.517776,50.764636],[-3.514204,50.762959],[-3.513731,50.76265]],[[-3.488944,50.87483],[-3.489092,50.874658]],[[-3.490619,50.970573],[-3.493479,50.969064],[-3.494034,50.969074],[-3.494533,50.969087]],[[-3.488516,50.876699],[-3.488812,50.875292],[-3.488882,50.875062],[-3.488944,50.87483]],[[-3.525188,50.985333],[-3.524216,50.98542],[-3.523911,50.985345],[-3.521678,50.984612],[-3.521182,50.984401]],[[-3.504733,50.953548],[-3.505146,50.953062],[-3.505295,50.952259],[-3.50529,50.952097],[-3.505297,50.951881],[-3.505279,50.951747],[-3.505275,50.951621],[-3.505213,50.951245],[-3.505308,50.950657],[-3.505354,50.950352],[-3.505519,50.949513],[-3.505536,50.949388],[-3.505953,50.948436],[-3.50615,50.947474],[-3.505374,50.946627],[-3.504735,50.946044],[-3.504025,50.945416],[-3.50361,50.944925],[-3.503237,50.94366],[-3.504031,50.942864]],[[-3.550159,50.823869],[-3.54965,50.823265],[-3.548231,50.822745]],[[-3.50012,50.862849],[-3.502129,50.861538],[-3.502264,50.861467]],[[-3.492871,50.89343],[-3.493678,50.893123],[-3.494146,50.89281],[-3.494325,50.892688]],[[-3.509313,50.817792],[-3.509768,50.817346],[-3.509797,50.817219]],[[-3.501365,50.838662],[-3.501103,50.837946]],[[-3.491482,50.885336],[-3.491114,50.884921],[-3.490451,50.884295],[-3.489932,50.883876]],[[-3.518816,50.794666],[-3.518985,50.794408],[-3.519218,50.793918],[-3.519399,50.793587],[-3.519493,50.793361],[-3.519569,50.79273],[-3.519565,50.792577],[-3.519543,50.792335],[-3.518938,50.790311],[-3.518905,50.78979],[-3.518869,50.789494],[-3.518798,50.789246],[-3.518692,50.788967],[-3.518396,50.788236],[-3.518225,50.787684],[-3.518178,50.787488],[-3.518077,50.787153],[-3.518056,50.786947],[-3.518005,50.786491],[-3.517977,50.786363]],[[-3.497706,50.926535],[-3.497497,50.92537],[-3.497258,50.924797]],[[-3.503393,50.934957],[-3.503969,50.933992],[-3.50351,50.933764]],[[-3.499803,50.929722],[-3.499037,50.929734]],[[-3.509837,50.816252],[-3.509387,50.815875],[-3.509128,50.815673],[-3.507742,50.814961],[-3.507501,50.814884],[-3.507238,50.814816],[-3.507019,50.81478],[-3.505217,50.814508],[-3.504192,50.81433]],[[-3.513826,50.779575],[-3.515399,50.778623],[-3.515506,50.778519]],[[-3.503031,50.839962],[-3.501651,50.839099],[-3.501365,50.838662]],[[-3.534396,50.815625],[-3.534204,50.815279],[-3.533967,50.815059],[-3.53247,50.814525],[-3.531377,50.813917],[-3.530316,50.813549]],[[-3.515506,50.778519],[-3.51633,50.779229],[-3.51651,50.779602],[-3.516676,50.779713],[-3.517623,50.780352],[-3.518038,50.780463]],[[-3.490177,50.873745],[-3.490433,50.873487],[-3.490707,50.873167]],[[-3.530316,50.813549],[-3.528862,50.812548],[-3.528087,50.811748],[-3.527907,50.811572]],[[-3.511359,50.781184],[-3.511658,50.780497],[-3.513647,50.779742],[-3.513826,50.779575]],[[-3.511255,50.808775],[-3.511171,50.807965]],[[-3.496653,50.91085],[-3.496632,50.910059],[-3.495604,50.90919],[-3.495471,50.909058]],[[-3.504031,50.942864],[-3.503503,50.942304]],[[-3.508965,50.818047],[-3.509313,50.817792]],[[-3.536505,50.819119],[-3.536683,50.818699],[-3.536595,50.818044],[-3.536345,50.816874],[-3.536157,50.816467],[-3.535646,50.816144],[-3.535583,50.816]],[[-3.525838,51.00662],[-3.526063,51.005926],[-3.526319,51.005718]],[[-3.525258,51.009877],[-3.52566,51.009543]],[[-3.501394,50.959816],[-3.501058,50.95932],[-3.498499,50.959218]],[[-3.497174,50.962945],[-3.497597,50.962907],[-3.498702,50.962996],[-3.499018,50.962944]],[[-3.562228,50.83561],[-3.558524,50.835175],[-3.555961,50.835318],[-3.552845,50.834951],[-3.552712,50.834894]],[[-3.517653,50.785637],[-3.516799,50.784053],[-3.516276,50.783636],[-3.515191,50.783272]],[[-3.512245,50.854585],[-3.511739,50.853416],[-3.511234,50.852765],[-3.511153,50.85265],[-3.511065,50.852543]],[[-3.491751,50.905436],[-3.491173,50.905286],[-3.490414,50.905266],[-3.489986,50.904228]],[[-3.502614,50.941769],[-3.502219,50.941441],[-3.50152,50.940836],[-3.501138,50.940227],[-3.501065,50.940025],[-3.501094,50.939308],[-3.501624,50.938484]],[[-3.54359,50.822243],[-3.541893,50.822194],[-3.540404,50.822279],[-3.539703,50.822141],[-3.539354,50.822315]],[[-3.541516,50.993051],[-3.541859,50.992475],[-3.541692,50.991628],[-3.541559,50.991429],[-3.541317,50.990921],[-3.54124,50.990674],[-3.541212,50.990541],[-3.541164,50.989948],[-3.541145,50.989823],[-3.541063,50.989268],[-3.541044,50.989134],[-3.541028,50.988883],[-3.541005,50.988386]],[[-3.489986,50.904228],[-3.488959,50.903114]],[[-3.49801,50.922521],[-3.497588,50.922203]],[[-3.505413,50.844808],[-3.505668,50.844467],[-3.506758,50.843524],[-3.508046,50.843017]],[[-3.500425,50.960879],[-3.501394,50.959816]],[[-3.500717,50.92997],[-3.500456,50.929864],[-3.499037,50.929734]],[[-3.494757,50.868562],[-3.495374,50.867931]],[[-3.518038,50.780463],[-3.51827,50.780531],[-3.520061,50.780931],[-3.52031,50.780706]],[[-3.5407,50.993465],[-3.541516,50.993051]],[[-3.489932,50.883876],[-3.488892,50.883105]],[[-3.544579,50.822384],[-3.54359,50.822243]],[[-3.511775,50.980236],[-3.51142,50.979295],[-3.511448,50.979116],[-3.511773,50.978095],[-3.511795,50.977916],[-3.511764,50.97695]],[[-3.509797,50.817219],[-3.509878,50.816936],[-3.509837,50.816252]],[[-3.510248,50.804931],[-3.510865,50.803781]],[[-3.521182,50.984401],[-3.520235,50.984215],[-3.519298,50.98417],[-3.519087,50.984149],[-3.518902,50.984143],[-3.514846,50.983548],[-3.51279,50.981935],[-3.512092,50.98078],[-3.511984,50.980585],[-3.511775,50.980236]]]},"properties":{"WB_CAT":"River","RBD_ID":"8","MNCAT_NAME":"Devon East","RBD_NAME":"South West","OPCAT_ID":"3183","hydromorph":"not designated artificial or heavily modified","MANCAT_ID":"3033","url":"/catchment-planning/WaterBody/GB108045015050","OPCAT_NAME":"Exe Main","WB_ID":"GB108045015050","version":"2","WB_NAME":"Exe (Barle to Culm)"}},{"type":"Feature","geometry":{"type":"MultiLineString","coordinates":[[[-3.519571,51.016015],[-3.517741,51.015136]],[[-3.518603,51.022015],[-3.519058,51.021584],[-3.519207,51.021463],[-3.519749,51.020837],[-3.519726,51.020712],[-3.519304,51.019715],[-3.519239,51.019018],[-3.520523,51.018],[-3.52018,51.017642],[-3.51995,51.017494],[-3.51959,51.017098],[-3.519326,51.016395],[-3.519377,51.016264],[-3.519571,51.016015]],[[-3.521683,51.013219],[-3.521617,51.012245],[-3.521409,51.011581],[-3.521551,51.010437]],[[-3.517741,51.015136],[-3.51924,51.014173],[-3.519909,51.013935],[-3.520336,51.013773],[-3.521447,51.013352],[-3.521683,51.013219]],[[-3.517449,51.028748],[-3.517736,51.0286],[-3.517974,51.028486],[-3.519113,51.027804],[-3.519146,51.027454],[-3.519176,51.026467],[-3.519285,51.024261],[-3.518953,51.023728],[-3.518191,51.022631],[-3.518603,51.022015]],[[-3.521551,51.010437],[-3.522455,51.009818],[-3.524176,51.009891],[-3.525258,51.009877]]]},"properties":{"WB_CAT":"River","RBD_ID":"8","MNCAT_NAME":"Devon East","RBD_NAME":"South West","OPCAT_ID":"3183","hydromorph":"not designated artificial or heavily modified","MANCAT_ID":"3033","url":"/catchment-planning/WaterBody/GB108045015060","OPCAT_NAME":"Exe Main","WB_ID":"GB108045015060","version":"2","WB_NAME":"Exe (Haddeo to Barle)"}},{"type":"Feature","geometry":{"type":"MultiLineString","coordinates":[[[-3.466661,51.001696],[-3.466835,51.000889],[-3.46686,51.000702],[-3.467371,51.000413],[-3.467475,51.000203],[-3.468608,50.999983],[-3.46897,50.999405],[-3.468983,50.999227],[-3.469631,50.999124],[-3.469394,50.998779],[-3.46996,50.998296],[-3.470657,50.997979]],[[-3.490433,50.986164],[-3.491875,50.985546],[-3.492215,50.985199]],[[-3.492054,50.982317],[-3.491777,50.982204]],[[-3.486401,50.977128],[-3.486031,50.97635],[-3.486059,50.976133]],[[-3.457934,51.004458],[-3.458523,51.004018],[-3.459448,51.004119],[-3.459255,51.003644],[-3.459752,51.003685],[-3.460596,51.003776],[-3.460764,51.003341],[-3.461232,51.003293],[-3.461522,51.003969],[-3.461985,51.003654],[-3.461872,51.003177],[-3.462658,51.002971],[-3.463201,51.002591],[-3.46348,51.002571]],[[-3.492764,50.984205],[-3.492765,50.983478]],[[-3.483011,50.989329],[-3.483327,50.98837],[-3.483771,50.987821],[-3.485255,50.987437],[-3.485254,50.987783],[-3.486561,50.987508],[-3.486555,50.987061],[-3.486072,50.987022],[-3.487039,50.986829],[-3.488111,50.986709],[-3.489271,50.986326],[-3.489857,50.986293],[-3.490433,50.986164]],[[-3.491777,50.982204],[-3.491918,50.981904],[-3.49203,50.981773],[-3.491855,50.981409],[-3.491853,50.981343]],[[-3.476768,50.994725],[-3.47719,50.994444],[-3.47747,50.994319],[-3.478039,50.994414],[-3.478427,50.994039],[-3.478496,50.993508],[-3.479761,50.992864],[-3.480098,50.992827],[-3.480375,50.992442],[-3.48125,50.992239],[-3.481585,50.992176],[-3.481067,50.991688],[-3.481431,50.991427],[-3.481768,50.991131],[-3.481691,50.99098]],[[-3.4924,50.97907],[-3.492089,50.979045]],[[-3.46348,51.002571],[-3.463837,51.002238],[-3.464967,51.001774],[-3.465647,51.001505],[-3.465869,51.001522],[-3.466021,51.001716],[-3.466661,51.001696]],[[-3.491853,50.981343],[-3.491966,50.980826]],[[-3.470657,50.997979],[-3.470929,50.997902]],[[-3.492765,50.983478],[-3.492669,50.982912],[-3.492349,50.982559],[-3.49223,50.982322],[-3.492054,50.982317]],[[-3.491688,50.9788],[-3.490171,50.97841],[-3.48854,50.978387],[-3.488341,50.978284],[-3.487957,50.978056],[-3.48687,50.977418],[-3.486401,50.977128]],[[-3.481691,50.99098],[-3.482299,50.990576],[-3.482768,50.990241],[-3.482797,50.989751]],[[-3.491966,50.980826],[-3.492385,50.980202],[-3.492635,50.979874],[-3.4924,50.97907]],[[-3.470929,50.997902],[-3.471526,50.997803],[-3.472271,50.998267],[-3.473014,50.997749],[-3.472945,50.99755],[-3.473491,50.997328],[-3.473532,50.997015],[-3.474348,50.996657],[-3.475293,50.995908],[-3.475933,50.995286],[-3.476768,50.994725]],[[-3.482797,50.989751],[-3.483011,50.989329]],[[-3.492215,50.985199],[-3.492764,50.984205]],[[-3.492089,50.979045],[-3.491688,50.9788]]]},"properties":{"WB_CAT":"River","RBD_ID":"8","MNCAT_NAME":"Devon East","RBD_NAME":"South West","OPCAT_ID":"3183","hydromorph":"not designated artificial or heavily modified","MANCAT_ID":"3033","url":"/catchment-planning/WaterBody/GB108045015070","OPCAT_NAME":"Exe Main","WB_ID":"GB108045015070","version":"2","WB_NAME":"Lower Batherm"}},{"type":"Feature","geometry":{"type":"MultiLineString","coordinates":[[[-3.587255,51.021757],[-3.584897,51.022149],[-3.584356,51.022453],[-3.582943,51.022652],[-3.581613,51.02305],[-3.581345,51.023522],[-3.580999,51.024125],[-3.580414,51.024465],[-3.580319,51.024645],[-3.58008,51.024867],[-3.58044,51.025577]],[[-3.532702,51.005646],[-3.532437,51.00506],[-3.53244,51.004594],[-3.533267,51.004005],[-3.533573,51.003933],[-3.533845,51.003522]],[[-3.549101,51.0213],[-3.548815,51.021313]],[[-3.568655,51.023861],[-3.5674,51.022769],[-3.566533,51.022508]],[[-3.569853,51.025291],[-3.569476,51.024305],[-3.568655,51.023861]],[[-3.600486,51.017472],[-3.599329,51.017662],[-3.597733,51.018371],[-3.595811,51.019049],[-3.595656,51.019132]],[[-3.563764,51.021078],[-3.562029,51.020726],[-3.561848,51.020685]],[[-3.548815,51.021313],[-3.547415,51.02135],[-3.546159,51.021345],[-3.545718,51.021332],[-3.545194,51.021267],[-3.544898,51.02138],[-3.543878,51.021202],[-3.542965,51.021137],[-3.542395,51.020588]],[[-3.609872,51.014683],[-3.609644,51.015058],[-3.605309,51.016243],[-3.603175,51.016937],[-3.601528,51.01711],[-3.600486,51.017472]],[[-3.566533,51.022508],[-3.564964,51.021533],[-3.564615,51.021412],[-3.563764,51.021078]],[[-3.536675,51.01196],[-3.535657,51.011476],[-3.534568,51.0108],[-3.533727,51.010109],[-3.533424,51.009964],[-3.533104,51.009488],[-3.53113,51.00861],[-3.531189,51.007763],[-3.531849,51.007362],[-3.531692,51.007236],[-3.532304,51.007112],[-3.532348,51.006652],[-3.532263,51.005962],[-3.532702,51.005646]],[[-3.537731,51.012477],[-3.536855,51.012053],[-3.536675,51.01196]],[[-3.542395,51.020588],[-3.541525,51.020156],[-3.541693,51.019781],[-3.541478,51.019568],[-3.541218,51.018846],[-3.540558,51.018759],[-3.5408,51.018376]],[[-3.561848,51.020685],[-3.560966,51.020521],[-3.560312,51.02055]],[[-3.576919,51.028663],[-3.576063,51.028489],[-3.57483,51.027976]],[[-3.5408,51.018376],[-3.540364,51.017542]],[[-3.595656,51.019132],[-3.593828,51.019612],[-3.593199,51.01985]],[[-3.593199,51.01985],[-3.592099,51.020401],[-3.591644,51.020857],[-3.589937,51.021171],[-3.589555,51.021219]],[[-3.58044,51.025577],[-3.580208,51.026625],[-3.580352,51.027479],[-3.579857,51.027815],[-3.578879,51.028118],[-3.578698,51.028186]],[[-3.560312,51.02055],[-3.559735,51.020416],[-3.558739,51.020353],[-3.557794,51.020357],[-3.557066,51.020625],[-3.555138,51.020995],[-3.554157,51.021459],[-3.553422,51.021437],[-3.552727,51.021397],[-3.552397,51.021308],[-3.551706,51.021475],[-3.55073,51.021522],[-3.549101,51.0213]],[[-3.578698,51.028186],[-3.57783,51.028502],[-3.576919,51.028663]],[[-3.589555,51.021219],[-3.588118,51.02149],[-3.587255,51.021757]],[[-3.538331,51.013312],[-3.537738,51.012705],[-3.537731,51.012477]],[[-3.540364,51.017542],[-3.540217,51.017079],[-3.539665,51.017142],[-3.539474,51.016828],[-3.539282,51.016215],[-3.539152,51.015905],[-3.539169,51.015179],[-3.539319,51.014723],[-3.539362,51.014546],[-3.539514,51.01358],[-3.538938,51.013325],[-3.538331,51.013312]],[[-3.57483,51.027976],[-3.574283,51.027523],[-3.57379,51.027237],[-3.572572,51.026458],[-3.571384,51.025805],[-3.570956,51.025748],[-3.569853,51.025291]]]},"properties":{"WB_CAT":"River","RBD_ID":"8","MNCAT_NAME":"Devon East","RBD_NAME":"South West","OPCAT_ID":"3183","hydromorph":"not designated artificial or heavily modified","MANCAT_ID":"3033","url":"/catchment-planning/WaterBody/GB108045015080","OPCAT_NAME":"Exe Main","WB_ID":"GB108045015080","version":"2","WB_NAME":"Brockey River"}},{"type":"Feature","geometry":{"type":"MultiLineString","coordinates":[[[-3.514936,51.02905],[-3.516297,51.028878],[-3.517449,51.028748]],[[-3.491511,51.054679],[-3.492406,51.054762]],[[-3.506759,51.043466],[-3.506473,51.043222],[-3.506248,51.043115]],[[-3.506929,51.043877],[-3.506759,51.043466]],[[-3.505283,51.042163],[-3.504963,51.041987]],[[-3.512218,51.030789],[-3.512316,51.030593],[-3.512452,51.030393]],[[-3.485044,51.052689],[-3.485504,51.052684]],[[-3.503604,51.039589],[-3.503427,51.039095],[-3.5042,51.038045],[-3.505289,51.036957],[-3.506729,51.035829]],[[-3.512452,51.030393],[-3.513394,51.029846],[-3.514422,51.029923],[-3.514857,51.029074]],[[-3.504553,51.050942],[-3.504761,51.050714]],[[-3.511071,51.030643],[-3.511107,51.030656]],[[-3.503777,51.051387],[-3.504553,51.050942]],[[-3.505967,51.043225],[-3.505512,51.04341]],[[-3.514857,51.029074],[-3.514936,51.02905]],[[-3.505512,51.04341],[-3.505195,51.043276],[-3.505477,51.042941],[-3.505203,51.042558],[-3.505313,51.042464],[-3.505415,51.042268],[-3.505283,51.042163]],[[-3.50376,51.039832],[-3.503604,51.039589]],[[-3.504963,51.041987],[-3.503846,51.040981],[-3.50376,51.039832]],[[-3.486177,51.052681],[-3.486849,51.052787]],[[-3.508172,51.046959],[-3.508533,51.046486],[-3.508544,51.04576],[-3.508108,51.04514],[-3.506929,51.043877]],[[-3.504761,51.050714],[-3.505067,51.049845],[-3.505783,51.049325],[-3.506098,51.049275]],[[-3.510356,51.031898],[-3.51062,51.031164],[-3.510351,51.030718],[-3.510423,51.030679]],[[-3.484309,51.05504],[-3.483979,51.054467],[-3.484016,51.053893],[-3.48483,51.05273],[-3.485044,51.052689]],[[-3.486849,51.052787],[-3.48945,51.0537],[-3.490618,51.053986],[-3.491511,51.054679]],[[-3.510242,51.033325],[-3.510146,51.032842],[-3.510352,51.032362],[-3.510043,51.032347],[-3.510356,51.031898]],[[-3.506248,51.043115],[-3.505967,51.043225]],[[-3.492406,51.054762],[-3.494175,51.055058],[-3.495454,51.054647],[-3.495592,51.054557],[-3.495832,51.05439],[-3.49606,51.054218],[-3.496215,51.054123]],[[-3.511107,51.030656],[-3.51198,51.031014],[-3.512218,51.030789]],[[-3.506729,51.035829],[-3.507127,51.035805],[-3.507436,51.035992],[-3.508022,51.036168],[-3.508914,51.0354],[-3.508881,51.033725],[-3.509121,51.033495]],[[-3.510423,51.030679],[-3.511071,51.030643]],[[-3.496215,51.054123],[-3.496421,51.053947]],[[-3.506098,51.049275],[-3.507321,51.048695],[-3.507355,51.048392],[-3.507675,51.047782],[-3.508076,51.047002],[-3.508172,51.046959]],[[-3.496421,51.053947],[-3.497196,51.053567],[-3.497553,51.053577]],[[-3.509121,51.033495],[-3.51025,51.033406],[-3.510242,51.033325]],[[-3.485504,51.052684],[-3.486177,51.052681]],[[-3.497553,51.053577],[-3.49966,51.053092],[-3.500479,51.052614],[-3.50329,51.051771],[-3.503777,51.051387]]]},"properties":{"WB_CAT":"River","RBD_ID":"8","MNCAT_NAME":"Devon East","RBD_NAME":"South West","OPCAT_ID":"3183","hydromorph":"heavily modified","MANCAT_ID":"3033","url":"/catchment-planning/WaterBody/GB108045015090","OPCAT_NAME":"Exe Main","WB_ID":"GB108045015090","version":"2","WB_NAME":"Lower River Haddeo"}},{"type":"Feature","geometry":{"type":"MultiLineString","coordinates":[[[-3.551336,51.038142],[-3.551325,51.037809],[-3.550731,51.036918],[-3.549263,51.036144]],[[-3.526461,51.020328],[-3.526004,51.019787]],[[-3.52239,51.017614],[-3.521454,51.016767],[-3.519571,51.016015]],[[-3.551984,51.042694],[-3.552279,51.042498],[-3.55245,51.040952]],[[-3.532189,51.023684],[-3.529321,51.02157],[-3.526461,51.020328]],[[-3.558932,51.049617],[-3.55794,51.049087],[-3.557337,51.04822],[-3.557198,51.047267],[-3.55709,51.047009]],[[-3.525064,51.019156],[-3.524519,51.018661],[-3.524002,51.018083],[-3.523207,51.017585],[-3.52239,51.017614]],[[-3.584447,51.054238],[-3.58307,51.053835],[-3.581597,51.052914],[-3.580864,51.052557],[-3.578404,51.051558],[-3.577002,51.051208],[-3.575755,51.051527],[-3.574965,51.052357],[-3.573904,51.053297],[-3.571765,51.053048],[-3.569574,51.052115],[-3.566939,51.050916],[-3.565183,51.050068],[-3.562847,51.049632],[-3.56239,51.049633],[-3.562192,51.049649],[-3.561969,51.04968],[-3.561687,51.049707],[-3.559529,51.049708]],[[-3.542897,51.033343],[-3.542635,51.033195],[-3.540452,51.031758],[-3.539887,51.031626]],[[-3.551353,51.038257],[-3.551336,51.038142]],[[-3.550268,51.043692],[-3.55137,51.042803],[-3.551984,51.042694]],[[-3.539887,51.031626],[-3.539535,51.031378]],[[-3.55709,51.047009],[-3.556599,51.046044],[-3.555686,51.045764],[-3.552549,51.047586],[-3.550882,51.047501],[-3.548855,51.046612],[-3.548468,51.045786],[-3.549132,51.044696],[-3.549235,51.044651]],[[-3.592697,51.055058],[-3.592735,51.054881],[-3.592774,51.054693],[-3.59331,51.05286],[-3.593059,51.05262]],[[-3.549263,51.036144],[-3.54675,51.034914],[-3.542897,51.033343]],[[-3.539535,51.031378],[-3.538267,51.030058],[-3.53771,51.029321],[-3.537342,51.028937],[-3.536468,51.028052],[-3.536343,51.027911],[-3.536187,51.02775],[-3.533684,51.026007],[-3.533276,51.025553],[-3.532917,51.025124],[-3.532554,51.024235],[-3.532189,51.023684]],[[-3.559529,51.049708],[-3.558932,51.049617]],[[-3.549235,51.044651],[-3.549559,51.044367],[-3.550268,51.043692]],[[-3.588803,51.052626],[-3.585435,51.053896],[-3.585275,51.053956],[-3.584447,51.054238]],[[-3.526004,51.019787],[-3.525064,51.019156]],[[-3.55245,51.040952],[-3.552428,51.040728],[-3.552386,51.040514],[-3.551353,51.038257]],[[-3.593059,51.05262],[-3.592813,51.052514],[-3.592646,51.052445],[-3.592024,51.052291],[-3.589653,51.052374],[-3.588803,51.052626]]]},"properties":{"WB_CAT":"River","RBD_ID":"8","MNCAT_NAME":"Devon East","RBD_NAME":"South West","OPCAT_ID":"3183","hydromorph":"not designated artificial or heavily modified","MANCAT_ID":"3033","url":"/catchment-planning/WaterBody/GB108045015100","OPCAT_NAME":"Exe Main","WB_ID":"GB108045015100","version":"2","WB_NAME":"Lower Barle"}},{"type":"Feature","geometry":{"type":"MultiLineString","coordinates":[[[-3.632129,51.057476],[-3.630441,51.059029],[-3.629988,51.059725],[-3.626585,51.06006],[-3.626381,51.060185],[-3.625214,51.060689]],[[-3.667762,51.070608],[-3.666284,51.070494],[-3.665842,51.070483],[-3.664358,51.069991],[-3.663683,51.069628],[-3.663391,51.067581],[-3.662778,51.067277],[-3.660083,51.066595]],[[-3.657977,51.06634],[-3.656667,51.065701],[-3.655659,51.065502]],[[-3.625088,51.060772],[-3.623069,51.061406],[-3.619786,51.060729],[-3.617619,51.059876],[-3.617234,51.059649],[-3.615458,51.058203],[-3.614984,51.057904],[-3.614809,51.057812],[-3.613628,51.056879],[-3.612852,51.056589],[-3.612453,51.056465]],[[-3.671599,51.071393],[-3.671086,51.07129]],[[-3.671086,51.07129],[-3.66824,51.070587],[-3.667762,51.070608]],[[-3.655659,51.065502],[-3.654425,51.065257],[-3.653784,51.065275],[-3.652914,51.065286],[-3.652067,51.065142]],[[-3.719605,51.081845],[-3.718665,51.080968],[-3.716653,51.080496],[-3.716534,51.08055]],[[-3.696657,51.080557],[-3.696533,51.080654]],[[-3.634546,51.056431],[-3.633382,51.056754],[-3.633237,51.056955]],[[-3.683301,51.075055],[-3.682871,51.07476],[-3.682601,51.074475],[-3.682047,51.073973],[-3.681412,51.073699],[-3.680595,51.073361],[-3.679912,51.073194],[-3.677581,51.072904],[-3.676571,51.072979],[-3.676273,51.072824],[-3.674259,51.072953],[-3.673604,51.07238],[-3.671599,51.071393]],[[-3.632311,51.057311],[-3.632271,51.05739]],[[-3.68552,51.076024],[-3.685328,51.075891],[-3.685064,51.07574],[-3.684913,51.075632],[-3.683554,51.075122],[-3.683301,51.075055]],[[-3.625214,51.060689],[-3.625088,51.060772]],[[-3.707096,51.08069],[-3.705218,51.080737],[-3.70463,51.080826],[-3.704199,51.080652],[-3.7034,51.0806],[-3.700076,51.080865],[-3.699449,51.080778],[-3.698154,51.080738],[-3.696657,51.080557]],[[-3.63962,51.058274],[-3.638555,51.057771],[-3.638164,51.057458],[-3.636981,51.056824]],[[-3.651127,51.059785],[-3.648222,51.059407],[-3.647488,51.058671],[-3.645874,51.058303],[-3.645365,51.058189],[-3.645045,51.058147],[-3.644851,51.058116],[-3.643134,51.058083],[-3.64268,51.058284],[-3.642498,51.058354],[-3.64118,51.05864],[-3.63962,51.058274]],[[-3.649721,51.064388],[-3.649,51.06414],[-3.649915,51.061511],[-3.651128,51.060417],[-3.651127,51.059785]],[[-3.691266,51.080756],[-3.687943,51.078838]],[[-3.636981,51.056824],[-3.635727,51.056513],[-3.634546,51.056431]],[[-3.696533,51.080654],[-3.695006,51.081158],[-3.693891,51.081169],[-3.693351,51.081114],[-3.69306,51.080775],[-3.692041,51.080885],[-3.691266,51.080756]],[[-3.612453,51.056465],[-3.611426,51.056301],[-3.610584,51.056996],[-3.610533,51.057136],[-3.609546,51.057994],[-3.60849,51.058007],[-3.606142,51.057472],[-3.603787,51.057754],[-3.602573,51.057171],[-3.602388,51.056851],[-3.601562,51.055874],[-3.600406,51.055618]],[[-3.660083,51.066595],[-3.658373,51.066327],[-3.657977,51.06634]],[[-3.600406,51.055618],[-3.598149,51.055805],[-3.595851,51.056057],[-3.594813,51.05595],[-3.592928,51.055255],[-3.592697,51.055058]],[[-3.633237,51.056955],[-3.632311,51.057311]],[[-3.687943,51.078838],[-3.687677,51.078703],[-3.687007,51.077794],[-3.686313,51.076994],[-3.686074,51.076326]],[[-3.632271,51.05739],[-3.632129,51.057476]],[[-3.686074,51.076326],[-3.68552,51.076024]],[[-3.652067,51.065142],[-3.651883,51.064894],[-3.650871,51.064711],[-3.649721,51.064388]],[[-3.716534,51.08055],[-3.716009,51.080492],[-3.715316,51.080493],[-3.714364,51.080231],[-3.713222,51.080235],[-3.712515,51.080296],[-3.71212,51.080361],[-3.711597,51.080506],[-3.710719,51.080564],[-3.707923,51.080728],[-3.707096,51.08069]]]},"properties":{"WB_CAT":"River","RBD_ID":"8","MNCAT_NAME":"Devon East","RBD_NAME":"South West","OPCAT_ID":"3183","hydromorph":"not designated artificial or heavily modified","MANCAT_ID":"3033","url":"/catchment-planning/WaterBody/GB108045020850","OPCAT_NAME":"Exe Main","WB_ID":"GB108045020850","version":"2","WB_NAME":"Danes Brook"}},{"type":"Feature","geometry":{"type":"MultiLineString","coordinates":[[[-3.739486,51.101006],[-3.737013,51.099883],[-3.736599,51.099451],[-3.736891,51.099402],[-3.736436,51.099046],[-3.73627,51.098888],[-3.735531,51.09833],[-3.735088,51.097727],[-3.735119,51.097404],[-3.734876,51.096993],[-3.734786,51.096765],[-3.73559,51.096263],[-3.735252,51.09569],[-3.735439,51.095504],[-3.735121,51.095183],[-3.734996,51.095086],[-3.734258,51.094667]],[[-3.787186,51.115354],[-3.786202,51.115156],[-3.783361,51.114825],[-3.78285,51.114913],[-3.781348,51.114666],[-3.778257,51.114319]],[[-3.795588,51.119561],[-3.794125,51.118871],[-3.792584,51.117797]],[[-3.764172,51.114274],[-3.7634,51.114305],[-3.76222,51.114579],[-3.760064,51.114378],[-3.759823,51.114243],[-3.759941,51.114167],[-3.759753,51.114123],[-3.759536,51.114065]],[[-3.711637,51.104129],[-3.711043,51.105003],[-3.710623,51.106136],[-3.710575,51.106331],[-3.710557,51.106448],[-3.710443,51.107215],[-3.710427,51.107377],[-3.710353,51.107769],[-3.709832,51.109234],[-3.709855,51.109337]],[[-3.804461,51.120329],[-3.803719,51.120309],[-3.803485,51.120301],[-3.803267,51.12029],[-3.803032,51.120274],[-3.801441,51.1202],[-3.799406,51.120079],[-3.797879,51.119753],[-3.795768,51.119562]],[[-3.792584,51.117797],[-3.792517,51.117792]],[[-3.74225,51.106798],[-3.742416,51.105471],[-3.741546,51.104418],[-3.74091,51.103859],[-3.740734,51.103695],[-3.740467,51.103275],[-3.740617,51.10316],[-3.740248,51.102563],[-3.739956,51.102118],[-3.739832,51.101958],[-3.739632,51.10172],[-3.739818,51.101571],[-3.73979,51.101229],[-3.739486,51.101006]],[[-3.724266,51.096057],[-3.723127,51.096197],[-3.722799,51.096135],[-3.721568,51.096144],[-3.720609,51.096756]],[[-3.734258,51.094667],[-3.7322,51.094904],[-3.731258,51.094721],[-3.727683,51.095221],[-3.72641,51.095681]],[[-3.720609,51.096756],[-3.72067,51.097648],[-3.721074,51.098693],[-3.719351,51.099844],[-3.719023,51.100069],[-3.718903,51.100158],[-3.718678,51.100297],[-3.717002,51.100746],[-3.715,51.101576],[-3.713959,51.102471],[-3.712747,51.103593],[-3.711637,51.104129]],[[-3.78865,51.115794],[-3.787294,51.115337],[-3.787186,51.115354]],[[-3.72641,51.095681],[-3.724886,51.096137],[-3.724266,51.096057]],[[-3.759536,51.114065],[-3.759289,51.114021],[-3.758565,51.113872],[-3.756754,51.113473],[-3.756416,51.11347],[-3.755804,51.113414],[-3.754128,51.113705],[-3.753566,51.113845],[-3.750681,51.114185],[-3.750064,51.114293],[-3.749599,51.114339],[-3.749447,51.114072],[-3.749173,51.114038],[-3.749052,51.11429],[-3.748518,51.114257],[-3.748546,51.114071],[-3.748325,51.113944],[-3.745838,51.112711],[-3.745402,51.112571],[-3.744509,51.112041],[-3.74439,51.111825],[-3.744034,51.111619],[-3.743819,51.111312],[-3.743519,51.111395],[-3.743457,51.110643],[-3.742945,51.110148],[-3.742823,51.109972],[-3.743074,51.109874],[-3.742673,51.109604],[-3.742084,51.108988],[-3.741946,51.107384],[-3.74225,51.106798]],[[-3.709855,51.109337],[-3.709217,51.110026],[-3.709117,51.110416],[-3.708695,51.110449],[-3.707433,51.110696],[-3.707123,51.111175],[-3.706514,51.111906]],[[-3.776462,51.114165],[-3.775412,51.1139],[-3.774167,51.113799],[-3.772227,51.113794],[-3.770295,51.113779]],[[-3.778257,51.114319],[-3.778114,51.11428]],[[-3.770295,51.113779],[-3.769136,51.113809],[-3.767198,51.113779],[-3.765045,51.114068],[-3.76423,51.114101],[-3.764172,51.114274]],[[-3.795768,51.119562],[-3.795588,51.119561]],[[-3.792517,51.117792],[-3.790082,51.117052],[-3.78865,51.115794]],[[-3.777836,51.114349],[-3.777172,51.114267],[-3.776462,51.114165]],[[-3.778114,51.11428],[-3.777836,51.114349]]]},"properties":{"WB_CAT":"River","RBD_ID":"8","MNCAT_NAME":"Devon East","RBD_NAME":"South West","OPCAT_ID":"3183","hydromorph":"not designated artificial or heavily modified","MANCAT_ID":"3033","url":"/catchment-planning/WaterBody/GB108045020860","OPCAT_NAME":"Exe Main","WB_ID":"GB108045020860","version":"2","WB_NAME":"Sherdon Water"}},{"type":"Feature","geometry":{"type":"MultiLineString","coordinates":[[[-3.606826,51.062561],[-3.606573,51.062534]],[[-3.627125,51.072618],[-3.627253,51.071626],[-3.626907,51.071083],[-3.626025,51.070598],[-3.623882,51.070022],[-3.622584,51.069435],[-3.622078,51.069108],[-3.620168,51.068378],[-3.619966,51.067776],[-3.6201,51.067433]],[[-3.631994,51.093096],[-3.630946,51.093039],[-3.629627,51.092678],[-3.62927,51.092153],[-3.62931,51.091272],[-3.629106,51.091079]],[[-3.611596,51.063962],[-3.610518,51.06373]],[[-3.619184,51.074755],[-3.620417,51.074857],[-3.622083,51.075454],[-3.625983,51.073475],[-3.627125,51.072618]],[[-3.617846,51.066699],[-3.617609,51.066583],[-3.617071,51.066323],[-3.616961,51.066228]],[[-3.668391,51.110249],[-3.666509,51.109141],[-3.666357,51.108979],[-3.666277,51.108854],[-3.66623,51.108731],[-3.666187,51.108581],[-3.666125,51.108414],[-3.66608,51.108237]],[[-3.633747,51.092257],[-3.633014,51.093133],[-3.631994,51.093096]],[[-3.628384,51.081702],[-3.627458,51.081361],[-3.627273,51.081351],[-3.627074,51.081353],[-3.625177,51.081464]],[[-3.610518,51.06373],[-3.610289,51.063331]],[[-3.625177,51.081464],[-3.624377,51.081159],[-3.624243,51.080759]],[[-3.690021,51.111756],[-3.689963,51.111733]],[[-3.639696,51.095959],[-3.639395,51.095809],[-3.638117,51.095572],[-3.637012,51.095154],[-3.636653,51.094487],[-3.636708,51.094311],[-3.636786,51.094166],[-3.639295,51.092328],[-3.639636,51.091455],[-3.639053,51.090626],[-3.638653,51.090416]],[[-3.674934,51.112534],[-3.671649,51.112001],[-3.670921,51.111737],[-3.670721,51.111667],[-3.67053,51.111607],[-3.668945,51.1114],[-3.668155,51.110518],[-3.668391,51.110249]],[[-3.608818,51.06199],[-3.607721,51.06227],[-3.606826,51.062561]],[[-3.675693,51.112356],[-3.674934,51.112534]],[[-3.6201,51.067433],[-3.619136,51.066997],[-3.618702,51.066914]],[[-3.696185,51.114026],[-3.695973,51.114008],[-3.695769,51.113966],[-3.695554,51.113917],[-3.694319,51.113195],[-3.694167,51.113182]],[[-3.615959,51.076741],[-3.615957,51.076374],[-3.61607,51.076077],[-3.616856,51.075103],[-3.61759,51.07478],[-3.618002,51.074743]],[[-3.66608,51.108237],[-3.665965,51.107922],[-3.66588,51.107754]],[[-3.680097,51.111357],[-3.67976,51.111327],[-3.679564,51.111352],[-3.678659,51.111544],[-3.677205,51.111919]],[[-3.592844,51.057452],[-3.591177,51.057616],[-3.590656,51.057193],[-3.590639,51.056431],[-3.592398,51.055434],[-3.592697,51.055058]],[[-3.646622,51.10704],[-3.645746,51.107434],[-3.644864,51.107364]],[[-3.601638,51.06197],[-3.601036,51.060035],[-3.600724,51.059714],[-3.596887,51.057451],[-3.595734,51.057004],[-3.594481,51.057123],[-3.594133,51.057204],[-3.593286,51.057363],[-3.592844,51.057452]],[[-3.641467,51.10711],[-3.640932,51.105227]],[[-3.629106,51.091079],[-3.627838,51.089239]],[[-3.683427,51.112756],[-3.683185,51.112748],[-3.681932,51.112355],[-3.68034,51.111437],[-3.680097,51.111357]],[[-3.61674,51.077436],[-3.616025,51.077005]],[[-3.652836,51.106581],[-3.650797,51.106865],[-3.649262,51.106819],[-3.648754,51.106768],[-3.648268,51.1067],[-3.64684,51.106844],[-3.646622,51.10704]],[[-3.689963,51.111733],[-3.68888,51.111744],[-3.68845,51.111725],[-3.688027,51.111756]],[[-3.688027,51.111756],[-3.687671,51.111904],[-3.685934,51.112659],[-3.685209,51.112683],[-3.684259,51.112737],[-3.683932,51.112751],[-3.683427,51.112756]],[[-3.697684,51.113649],[-3.696413,51.113948],[-3.696185,51.114026]],[[-3.664986,51.106452],[-3.664617,51.106368],[-3.664321,51.106346]],[[-3.693639,51.113053],[-3.690992,51.11236],[-3.690021,51.111756]],[[-3.624112,51.079999],[-3.623494,51.07942],[-3.622069,51.079641],[-3.621829,51.079753],[-3.621596,51.079886],[-3.619976,51.080279],[-3.618816,51.079676],[-3.618447,51.079163],[-3.61674,51.077436]],[[-3.601916,51.063859],[-3.601925,51.063104],[-3.601638,51.06197]],[[-3.664321,51.106346],[-3.664108,51.106334],[-3.663651,51.106323],[-3.663165,51.106329],[-3.661659,51.106395],[-3.661368,51.106441],[-3.65954,51.106836],[-3.657967,51.106907],[-3.655917,51.106918],[-3.654014,51.106691],[-3.652836,51.106581]],[[-3.606573,51.062534],[-3.6056,51.062752],[-3.60485,51.063251]],[[-3.643482,51.107445],[-3.641588,51.107193],[-3.641467,51.10711]],[[-3.618002,51.074743],[-3.618615,51.07473],[-3.619184,51.074755]],[[-3.638653,51.090416],[-3.637337,51.089906],[-3.635965,51.089319],[-3.634323,51.089612],[-3.633638,51.090176],[-3.633829,51.090771],[-3.63395,51.091159],[-3.633982,51.09132],[-3.634038,51.091631]],[[-3.66588,51.107754],[-3.665559,51.107418],[-3.665417,51.107252],[-3.665312,51.107075],[-3.665121,51.106708],[-3.664986,51.106452]],[[-3.610289,51.063331],[-3.610215,51.063039],[-3.609458,51.062082],[-3.608818,51.06199]],[[-3.706514,51.111906],[-3.706146,51.112076],[-3.705074,51.112278],[-3.702967,51.112495],[-3.70175,51.113125],[-3.699645,51.113608],[-3.697684,51.113649]],[[-3.618702,51.066914],[-3.617846,51.066699]],[[-3.627838,51.089239],[-3.627723,51.089017],[-3.627471,51.087618],[-3.627478,51.087439],[-3.627551,51.08671],[-3.628758,51.085875],[-3.629967,51.085129],[-3.629223,51.084316],[-3.628499,51.083767],[-3.628359,51.083067],[-3.628363,51.082933],[-3.62843,51.082693],[-3.628384,51.081702]],[[-3.677205,51.111919],[-3.676463,51.11215],[-3.676285,51.112206],[-3.675945,51.1123],[-3.675693,51.112356]],[[-3.644864,51.107364],[-3.644555,51.107331],[-3.643482,51.107445]],[[-3.616961,51.066228],[-3.615606,51.065505],[-3.615184,51.065325],[-3.614918,51.06526],[-3.612988,51.064654],[-3.611954,51.06414]],[[-3.634038,51.091631],[-3.633747,51.092257]],[[-3.603967,51.06386],[-3.602624,51.064341],[-3.601916,51.063859]],[[-3.60485,51.063251],[-3.603967,51.06386]],[[-3.624243,51.080759],[-3.624229,51.080508],[-3.624112,51.079999]],[[-3.611954,51.06414],[-3.611596,51.063962]],[[-3.641715,51.097925],[-3.640516,51.097152],[-3.639909,51.096426],[-3.639696,51.095959]],[[-3.640593,51.102107],[-3.641127,51.100874],[-3.641674,51.099567],[-3.642083,51.098435],[-3.641715,51.097925]],[[-3.616025,51.077005],[-3.615959,51.076741]],[[-3.694167,51.113182],[-3.693639,51.113053]],[[-3.640932,51.105227],[-3.640944,51.103736],[-3.641037,51.103538],[-3.641128,51.102883],[-3.641056,51.102755],[-3.640712,51.102312],[-3.640593,51.102107]]]},"properties":{"WB_CAT":"River","RBD_ID":"8","MNCAT_NAME":"Devon East","RBD_NAME":"South West","OPCAT_ID":"3183","hydromorph":"not designated artificial or heavily modified","MANCAT_ID":"3033","url":"/catchment-planning/WaterBody/GB108045020870","OPCAT_NAME":"Exe Main","WB_ID":"GB108045020870","version":"2","WB_NAME":"Middle Barle"}},{"type":"Feature","geometry":{"type":"MultiLineString","coordinates":[[[-3.824183,51.151855],[-3.824718,51.150144]],[[-3.791662,51.134622],[-3.790055,51.133359],[-3.789451,51.133129],[-3.789051,51.133117],[-3.788791,51.133113]],[[-3.829292,51.157415],[-3.829402,51.156607],[-3.829682,51.156215]],[[-3.809472,51.141815],[-3.808658,51.141088],[-3.808378,51.14123],[-3.807664,51.140649]],[[-3.824718,51.150144],[-3.825003,51.149363],[-3.824922,51.14904]],[[-3.74359,51.129367],[-3.741725,51.128326],[-3.740041,51.128349],[-3.737185,51.129281],[-3.735785,51.12951],[-3.73463,51.128907],[-3.734482,51.128775],[-3.734361,51.128632],[-3.734272,51.128509],[-3.733532,51.127715],[-3.731607,51.126895],[-3.731648,51.126579],[-3.732034,51.126004]],[[-3.758331,51.138466],[-3.757747,51.138453],[-3.756954,51.138397],[-3.755459,51.138094]],[[-3.731738,51.125321],[-3.730954,51.125249]],[[-3.730954,51.125249],[-3.730098,51.125009],[-3.728891,51.124666],[-3.728602,51.124614],[-3.727502,51.124388],[-3.724856,51.123873],[-3.72466,51.123489],[-3.725229,51.123076],[-3.725878,51.122392],[-3.725263,51.121863],[-3.723686,51.120867],[-3.720957,51.120096],[-3.720838,51.120006],[-3.720115,51.119625]],[[-3.826497,51.165248],[-3.827627,51.164238],[-3.82801,51.163441],[-3.828526,51.162662],[-3.82907,51.161856],[-3.829162,51.161071],[-3.82895,51.159727],[-3.82878,51.158942],[-3.828939,51.158249],[-3.829292,51.157415]],[[-3.826333,51.153857],[-3.825241,51.15336],[-3.825071,51.153141],[-3.824152,51.152065],[-3.824183,51.151855]],[[-3.732034,51.126004],[-3.731738,51.125321]],[[-3.744605,51.134175],[-3.743868,51.133757]],[[-3.710217,51.114517],[-3.710211,51.114479]],[[-3.765713,51.137919],[-3.764517,51.138333]],[[-3.800071,51.138264],[-3.79935,51.137593],[-3.795617,51.137495],[-3.793416,51.137797],[-3.792935,51.137568]],[[-3.802612,51.139996],[-3.800825,51.139485],[-3.800071,51.138264]],[[-3.771732,51.13436],[-3.770862,51.134909],[-3.770741,51.135071],[-3.770201,51.135871],[-3.77015,51.135984],[-3.7701,51.136133],[-3.769878,51.136641],[-3.768303,51.137599],[-3.766607,51.138175],[-3.766482,51.138196]],[[-3.774646,51.134248],[-3.773493,51.134382]],[[-3.743868,51.133757],[-3.742904,51.132895],[-3.743096,51.132552],[-3.742444,51.132202],[-3.741823,51.131496],[-3.741908,51.130892],[-3.742536,51.130276],[-3.743699,51.129475],[-3.74359,51.129367]],[[-3.829682,51.156215],[-3.829039,51.155087],[-3.828401,51.154695],[-3.827338,51.154361],[-3.826333,51.153857]],[[-3.811438,51.14335],[-3.809512,51.14187],[-3.809472,51.141815]],[[-3.713209,51.117412],[-3.712905,51.117266],[-3.710639,51.115689],[-3.71018,51.115027],[-3.710175,51.114915]],[[-3.755459,51.138094],[-3.754418,51.138037]],[[-3.720115,51.119625],[-3.719181,51.119241]],[[-3.792935,51.137568],[-3.792152,51.136879],[-3.791704,51.135811],[-3.791756,51.134764],[-3.791662,51.134622]],[[-3.766482,51.138196],[-3.765713,51.137919]],[[-3.710175,51.114915],[-3.710181,51.114735],[-3.710217,51.114517]],[[-3.824922,51.14904],[-3.823576,51.148036],[-3.821286,51.146844],[-3.818611,51.145745]],[[-3.713947,51.117724],[-3.713703,51.117644]],[[-3.788791,51.133113],[-3.787619,51.133728],[-3.786673,51.134583],[-3.785719,51.135403],[-3.784311,51.135743],[-3.78277,51.135846],[-3.782486,51.1356],[-3.781948,51.135375],[-3.781432,51.135416],[-3.781123,51.135149],[-3.779841,51.134895],[-3.778234,51.13482],[-3.77744,51.134877],[-3.775034,51.134538],[-3.774646,51.134248]],[[-3.818611,51.145745],[-3.817623,51.145636],[-3.815852,51.145477],[-3.815097,51.145468],[-3.815105,51.145252],[-3.814044,51.145375]],[[-3.764517,51.138333],[-3.763173,51.138456],[-3.760825,51.138147],[-3.759849,51.138489],[-3.758331,51.138466]],[[-3.754418,51.138037],[-3.752381,51.137339],[-3.750951,51.136447],[-3.749414,51.135809],[-3.7492,51.135758],[-3.745812,51.134852],[-3.745416,51.134632],[-3.744605,51.134175]],[[-3.773493,51.134382],[-3.77267,51.1342],[-3.771732,51.13436]],[[-3.710211,51.114479],[-3.709825,51.113703],[-3.7097,51.113521],[-3.708766,51.112986],[-3.708466,51.11269],[-3.708381,51.112438],[-3.706514,51.111906]],[[-3.719181,51.119241],[-3.717074,51.118501],[-3.715945,51.11821],[-3.715408,51.118087],[-3.714695,51.117902],[-3.713947,51.117724]],[[-3.713703,51.117644],[-3.713409,51.117517],[-3.713209,51.117412]],[[-3.814044,51.145375],[-3.813762,51.145349],[-3.813261,51.145139],[-3.813102,51.144854],[-3.812545,51.144389],[-3.811438,51.14335]],[[-3.807664,51.140649],[-3.804477,51.139828],[-3.802612,51.139996]]]},"properties":{"WB_CAT":"River","RBD_ID":"8","MNCAT_NAME":"Devon East","RBD_NAME":"South West","OPCAT_ID":"3183","hydromorph":"not designated artificial or heavily modified","MANCAT_ID":"3033","url":"/catchment-planning/WaterBody/GB108045020880","OPCAT_NAME":"Exe Main","WB_ID":"GB108045020880","version":"2","WB_NAME":"Upper Barle"}},{"type":"Feature","geometry":{"type":"MultiLineString","coordinates":[[[-3.528347,51.052012],[-3.52926,51.051021],[-3.529212,51.049448],[-3.529186,51.049314],[-3.528926,51.04882],[-3.527519,51.048108],[-3.527014,51.048012],[-3.525886,51.047702]],[[-3.525886,51.047702],[-3.525632,51.047183],[-3.523241,51.047452],[-3.522908,51.047405]],[[-3.53724,51.069551],[-3.537858,51.069173],[-3.538984,51.069036],[-3.539014,51.068965]],[[-3.536045,51.065415],[-3.534943,51.064086]],[[-3.517956,51.029561],[-3.517781,51.029315],[-3.517449,51.028748]],[[-3.53863,51.095739],[-3.538232,51.095184],[-3.53895,51.093557],[-3.537791,51.093374],[-3.537777,51.09327]],[[-3.519996,51.042728],[-3.521215,51.041421],[-3.521477,51.040976],[-3.521666,51.040465]],[[-3.518668,51.030841],[-3.518504,51.030611],[-3.518306,51.030313],[-3.518221,51.030076],[-3.517956,51.029561]],[[-3.519008,51.031503],[-3.518668,51.030841]],[[-3.522006,51.039941],[-3.522025,51.038906]],[[-3.538248,51.067806],[-3.538508,51.067372],[-3.536045,51.065415]],[[-3.521992,51.040021],[-3.522006,51.039941]],[[-3.532661,51.069413],[-3.534212,51.069775],[-3.536232,51.070229],[-3.537072,51.069938],[-3.53724,51.069551]],[[-3.531199,51.062057],[-3.529764,51.061988],[-3.528879,51.061553],[-3.528375,51.061265]],[[-3.537777,51.09327],[-3.538381,51.091243],[-3.538375,51.091054],[-3.538396,51.090617],[-3.538517,51.090415],[-3.538616,51.090208],[-3.538402,51.088708],[-3.537845,51.088304],[-3.537611,51.088306]],[[-3.521666,51.040465],[-3.521992,51.040021]],[[-3.522025,51.038906],[-3.521903,51.038031]],[[-3.537346,51.087845],[-3.537781,51.087098],[-3.537658,51.086662],[-3.537274,51.085727],[-3.538247,51.084742],[-3.538477,51.083755],[-3.5383,51.083302],[-3.538154,51.082945],[-3.537724,51.082451],[-3.536332,51.081143],[-3.537039,51.080259],[-3.537121,51.080024],[-3.538111,51.079737],[-3.538309,51.078768],[-3.537937,51.078522]],[[-3.531059,51.071132],[-3.530871,51.070555],[-3.531348,51.070349],[-3.532429,51.069476],[-3.532661,51.069413]],[[-3.522908,51.047405],[-3.521763,51.046651],[-3.521603,51.046524],[-3.521487,51.046411],[-3.520574,51.045101],[-3.520183,51.044224],[-3.519462,51.04438],[-3.519381,51.043811],[-3.519422,51.043679],[-3.519814,51.042842],[-3.519996,51.042728]],[[-3.537937,51.078522],[-3.53772,51.078479],[-3.537429,51.078404],[-3.536572,51.078236],[-3.536283,51.078185],[-3.536072,51.078162],[-3.53576,51.078142],[-3.535503,51.078145],[-3.533531,51.077984],[-3.533221,51.076637],[-3.534473,51.074863],[-3.532047,51.073116]],[[-3.527094,51.060401],[-3.526221,51.059523],[-3.526059,51.059354],[-3.525872,51.058702],[-3.526162,51.057214],[-3.525438,51.055757],[-3.526645,51.055466],[-3.527799,51.055487],[-3.528503,51.055208],[-3.528365,51.054901],[-3.527396,51.053477]],[[-3.537611,51.088306],[-3.537575,51.088267]],[[-3.528375,51.061265],[-3.52716,51.06057],[-3.527094,51.060401]],[[-3.539014,51.068965],[-3.538146,51.067929],[-3.538248,51.067806]],[[-3.534943,51.064086],[-3.534874,51.062482],[-3.533075,51.062145],[-3.531199,51.062057]],[[-3.522195,51.037359],[-3.522057,51.037204],[-3.521937,51.037103],[-3.520752,51.035872],[-3.520235,51.035284],[-3.520753,51.034954],[-3.519924,51.034221],[-3.519893,51.033421],[-3.519545,51.03254],[-3.51931,51.032233],[-3.519008,51.031503]],[[-3.521903,51.038031],[-3.522195,51.037359]],[[-3.537575,51.088267],[-3.537346,51.087845]],[[-3.5273,51.053149],[-3.528195,51.052238],[-3.528347,51.052012]],[[-3.527396,51.053477],[-3.5273,51.053149]],[[-3.532047,51.073116],[-3.531704,51.07259],[-3.531361,51.071783],[-3.531229,51.071391],[-3.531138,51.071269],[-3.531059,51.071132]]]},"properties":{"WB_CAT":"River","RBD_ID":"8","MNCAT_NAME":"Devon East","RBD_NAME":"South West","OPCAT_ID":"3183","hydromorph":"not designated artificial or heavily modified","MANCAT_ID":"3033","url":"/catchment-planning/WaterBody/GB108045020890","OPCAT_NAME":"Exe Main","WB_ID":"GB108045020890","version":"2","WB_NAME":"Exe (Quarme to Haddeo)"}},{"type":"Feature","geometry":{"type":"MultiLineString","coordinates":[[[-3.425201,51.067138],[-3.425114,51.066418],[-3.426339,51.065019],[-3.426221,51.064267],[-3.425573,51.063049],[-3.425209,51.06257],[-3.425223,51.06243]],[[-3.4265,51.07617],[-3.428203,51.074508],[-3.42839,51.073998],[-3.428225,51.073554]],[[-3.425933,51.079602],[-3.425873,51.079452]],[[-3.425585,51.080895],[-3.425651,51.079907],[-3.425933,51.079602]],[[-3.477001,51.054567],[-3.477549,51.054732]],[[-3.427053,51.070225],[-3.426945,51.068742],[-3.425458,51.067753],[-3.42518,51.067219]],[[-3.429231,51.054114],[-3.429817,51.053827],[-3.430443,51.053545],[-3.431073,51.053361],[-3.431288,51.053306],[-3.432793,51.053327],[-3.43368,51.053177],[-3.434453,51.053037],[-3.434802,51.05301]],[[-3.478851,51.055033],[-3.479701,51.054833],[-3.480599,51.055483]],[[-3.425983,51.079059],[-3.426496,51.07646],[-3.4265,51.07617]],[[-3.476274,51.054296],[-3.477001,51.054567]],[[-3.477549,51.054732],[-3.477844,51.054821],[-3.478851,51.055033]],[[-3.465686,51.052928],[-3.468313,51.05373],[-3.472456,51.054117],[-3.472774,51.054132]],[[-3.444076,51.050688],[-3.445112,51.050518]],[[-3.437408,51.05231],[-3.437757,51.051995]],[[-3.437757,51.051995],[-3.438862,51.051349],[-3.439115,51.051217],[-3.442609,51.050563],[-3.443975,51.050665],[-3.444076,51.050688]],[[-3.42518,51.067219],[-3.425201,51.067138]],[[-3.447494,51.050135],[-3.447801,51.050176],[-3.449115,51.05061],[-3.450305,51.050914],[-3.451816,51.051144],[-3.452543,51.051051],[-3.453507,51.050766],[-3.454534,51.05081],[-3.457145,51.051609]],[[-3.429198,51.05412],[-3.429231,51.054114]],[[-3.436376,51.052726],[-3.437408,51.05231]],[[-3.428225,51.073554],[-3.428136,51.07344],[-3.426771,51.070628],[-3.427053,51.070225]],[[-3.445112,51.050518],[-3.446566,51.050146],[-3.447494,51.050135]],[[-3.45831,51.051867],[-3.460175,51.052253],[-3.464621,51.052593],[-3.465209,51.052777],[-3.465686,51.052928]],[[-3.480599,51.055483],[-3.482412,51.056017],[-3.483962,51.056076],[-3.484243,51.055647],[-3.48416,51.055304],[-3.484309,51.05504]],[[-3.425806,51.082461],[-3.425585,51.080895]],[[-3.425223,51.06243],[-3.425494,51.060324],[-3.42536,51.05967],[-3.425502,51.057994],[-3.426435,51.05633],[-3.427785,51.055222],[-3.428223,51.054943],[-3.428726,51.05442],[-3.429198,51.05412]],[[-3.457145,51.051609],[-3.45831,51.051867]],[[-3.422994,51.086763],[-3.423086,51.086331],[-3.423806,51.086309],[-3.42547,51.085939],[-3.426272,51.085174],[-3.426575,51.084812],[-3.426158,51.083966],[-3.426003,51.082957],[-3.425806,51.082461]],[[-3.425873,51.079452],[-3.425983,51.079059]],[[-3.434802,51.05301],[-3.436376,51.052726]],[[-3.472774,51.054132],[-3.476274,51.054296]]]},"properties":{"WB_CAT":"River","RBD_ID":"8","MNCAT_NAME":"Devon East","RBD_NAME":"South West","OPCAT_ID":"3183","hydromorph":"heavily modified","MANCAT_ID":"3033","url":"/catchment-planning/WaterBody/GB108045020900","OPCAT_NAME":"Exe Main","WB_ID":"GB108045020900","version":"2","WB_NAME":"Upper River Haddeo"}},{"type":"Feature","geometry":{"type":"MultiLineString","coordinates":[[[-3.494375,51.07842],[-3.49561,51.076946],[-3.495786,51.076004],[-3.495361,51.075243],[-3.493917,51.073456],[-3.493592,51.073195],[-3.492611,51.072543],[-3.491508,51.072162],[-3.491442,51.071763]],[[-3.507694,51.116568],[-3.507324,51.11557]],[[-3.485347,51.055585],[-3.484762,51.05523],[-3.484309,51.05504]],[[-3.508338,51.102734],[-3.508367,51.102422],[-3.508747,51.1018],[-3.508832,51.101593]],[[-3.510894,51.12002],[-3.509763,51.118446],[-3.509262,51.118169],[-3.509096,51.118051],[-3.507694,51.116568]],[[-3.508832,51.101593],[-3.508508,51.100745],[-3.508709,51.100132],[-3.508535,51.099351],[-3.508942,51.097741]],[[-3.496683,51.083964],[-3.496282,51.082866],[-3.495863,51.0824],[-3.494713,51.081548],[-3.493945,51.081203],[-3.493026,51.080583],[-3.492724,51.080155],[-3.492811,51.079768]],[[-3.508487,51.106502],[-3.508493,51.105593],[-3.508923,51.104517],[-3.508926,51.10333],[-3.508487,51.102735],[-3.508338,51.102734]],[[-3.483393,51.068188],[-3.482884,51.067988],[-3.482403,51.067502],[-3.482545,51.066822],[-3.483642,51.065636],[-3.484072,51.065418],[-3.484341,51.065363],[-3.484857,51.065012],[-3.485033,51.064402],[-3.485935,51.063141],[-3.486235,51.062714],[-3.486632,51.06175],[-3.486893,51.061028],[-3.48804,51.059831],[-3.487894,51.05912],[-3.486458,51.059009],[-3.485621,51.057989],[-3.486057,51.057246],[-3.486008,51.057002]],[[-3.508085,51.113622],[-3.508999,51.11273]],[[-3.491442,51.071763],[-3.491087,51.07138],[-3.490875,51.070226],[-3.490618,51.069954]],[[-3.492811,51.079768],[-3.493847,51.078599],[-3.494375,51.07842]],[[-3.505336,51.090651],[-3.504539,51.08941],[-3.503993,51.088583],[-3.503944,51.088198]],[[-3.503944,51.088198],[-3.503608,51.087534],[-3.502579,51.086756],[-3.500195,51.085737],[-3.499194,51.085528],[-3.498961,51.085461],[-3.498155,51.085022],[-3.497697,51.084526],[-3.49676,51.084034],[-3.496683,51.083964]],[[-3.508999,51.11273],[-3.508863,51.111811],[-3.508446,51.111546]],[[-3.508446,51.111546],[-3.508827,51.111095],[-3.508954,51.110947],[-3.509183,51.110687],[-3.50926,51.109128],[-3.50919,51.108907],[-3.508871,51.10778]],[[-3.506618,51.095515],[-3.505736,51.094719],[-3.504917,51.094094],[-3.504314,51.093217],[-3.504377,51.09314]],[[-3.486008,51.057002],[-3.485367,51.056111],[-3.485347,51.055585]],[[-3.490618,51.069954],[-3.488964,51.068913],[-3.488853,51.06872]],[[-3.504377,51.09314],[-3.505113,51.092325],[-3.50556,51.091389],[-3.505336,51.090651]],[[-3.508871,51.10778],[-3.508818,51.10764],[-3.508487,51.106502]],[[-3.488853,51.06872],[-3.488327,51.06892],[-3.486754,51.068565],[-3.48532,51.068354],[-3.484165,51.068434],[-3.483393,51.068188]],[[-3.508942,51.097741],[-3.507697,51.096537],[-3.507223,51.09589],[-3.506618,51.095515]],[[-3.507324,51.11557],[-3.50742,51.114527],[-3.508085,51.113622]]]},"properties":{"WB_CAT":"River","RBD_ID":"8","MNCAT_NAME":"Devon East","RBD_NAME":"South West","OPCAT_ID":"3183","hydromorph":"not designated artificial or heavily modified","MANCAT_ID":"3033","url":"/catchment-planning/WaterBody/GB108045020910","OPCAT_NAME":"Exe Main","WB_ID":"GB108045020910","version":"2","WB_NAME":"Pulham"}},{"type":"Feature","geometry":{"type":"MultiLineString","coordinates":[[[-3.630135,51.157718],[-3.629842,51.157295],[-3.629628,51.156938],[-3.629468,51.156417]],[[-3.549273,51.128306],[-3.549571,51.12793],[-3.54955,51.127733],[-3.550103,51.127674],[-3.550403,51.127591],[-3.550856,51.127024],[-3.551112,51.126162],[-3.551289,51.125531]],[[-3.620587,51.148925],[-3.619701,51.149031],[-3.617977,51.148977]],[[-3.54672,51.112465],[-3.545585,51.112145],[-3.545752,51.111872],[-3.544848,51.111399]],[[-3.549603,51.131123],[-3.548939,51.129953],[-3.548642,51.129508],[-3.548953,51.129392],[-3.548835,51.128704],[-3.549273,51.128306]],[[-3.557089,51.137117],[-3.555129,51.137351],[-3.553491,51.137407],[-3.55276,51.137599],[-3.552536,51.137659]],[[-3.53819,51.099906],[-3.538222,51.099586]],[[-3.55016,51.123045],[-3.550279,51.122588],[-3.550127,51.12226]],[[-3.550822,51.124691],[-3.550392,51.123996],[-3.550153,51.123657],[-3.55016,51.123045]],[[-3.54163,51.101772],[-3.541713,51.101676]],[[-3.629468,51.156417],[-3.629513,51.155842]],[[-3.596233,51.148587],[-3.595974,51.148356],[-3.59574,51.148061]],[[-3.547724,51.118902],[-3.547528,51.118551],[-3.54773,51.118287],[-3.547314,51.117971],[-3.546996,51.117819],[-3.54663,51.117473],[-3.546377,51.117071],[-3.545993,51.116721],[-3.546143,51.116213],[-3.547355,51.114693],[-3.547404,51.114426],[-3.547571,51.112533],[-3.54672,51.112465]],[[-3.629513,51.155842],[-3.629429,51.155445]],[[-3.629429,51.15469],[-3.629718,51.153606],[-3.62929,51.152569],[-3.629168,51.152297]],[[-3.599216,51.148754],[-3.597253,51.148537],[-3.596717,51.148583]],[[-3.58189,51.142884],[-3.579276,51.142838],[-3.576275,51.142162],[-3.575997,51.142218]],[[-3.573738,51.141229],[-3.57288,51.140836],[-3.572128,51.140535],[-3.571506,51.140288],[-3.570573,51.140098],[-3.569131,51.139749],[-3.56694,51.139062]],[[-3.596717,51.148583],[-3.596233,51.148587]],[[-3.608748,51.149047],[-3.60614,51.148769]],[[-3.617977,51.148977],[-3.61663,51.14916],[-3.615743,51.149084],[-3.61555,51.149119]],[[-3.550574,51.137057],[-3.550543,51.136805],[-3.550482,51.136175],[-3.549613,51.135804],[-3.549215,51.135344],[-3.548822,51.134436]],[[-3.575997,51.142218],[-3.574603,51.141602],[-3.573738,51.141229]],[[-3.629132,51.151048],[-3.627848,51.150312],[-3.625452,51.149542],[-3.623879,51.149318],[-3.622963,51.149342],[-3.620587,51.148925]],[[-3.538222,51.099586],[-3.538113,51.099276]],[[-3.565506,51.137717],[-3.564596,51.137386],[-3.562975,51.136947]],[[-3.548812,51.134215],[-3.548895,51.133932],[-3.548969,51.133796],[-3.549609,51.132957],[-3.549713,51.132915]],[[-3.5858,51.143442],[-3.584775,51.143301]],[[-3.561663,51.13747],[-3.56134,51.137408],[-3.561133,51.137311],[-3.558856,51.136903],[-3.557462,51.137027]],[[-3.61555,51.149119],[-3.614097,51.149238]],[[-3.584775,51.143301],[-3.583068,51.142948],[-3.58189,51.142884]],[[-3.594781,51.147649],[-3.593557,51.146854],[-3.593097,51.146397],[-3.591524,51.1455]],[[-3.551289,51.125531],[-3.550894,51.125164],[-3.550822,51.124691]],[[-3.614097,51.149238],[-3.612112,51.149277],[-3.611069,51.149334]],[[-3.552536,51.137659],[-3.55121,51.137444],[-3.550795,51.137225]],[[-3.539257,51.100367],[-3.539042,51.100296],[-3.538105,51.100009],[-3.53819,51.099906]],[[-3.548822,51.134436],[-3.548812,51.134215]],[[-3.543894,51.109243],[-3.542776,51.107662],[-3.542574,51.107556]],[[-3.56694,51.139062],[-3.566265,51.138384],[-3.565506,51.137717]],[[-3.549713,51.132915],[-3.549693,51.131632],[-3.549603,51.131123]],[[-3.544848,51.111399],[-3.544198,51.110826],[-3.544225,51.110629],[-3.544166,51.110319],[-3.543894,51.109243]],[[-3.550127,51.12226],[-3.550111,51.121964],[-3.549665,51.120272],[-3.54924,51.120015],[-3.548205,51.119138],[-3.547913,51.119233],[-3.547724,51.118902]],[[-3.587502,51.144197],[-3.586363,51.14361],[-3.5858,51.143442]],[[-3.542574,51.107556],[-3.54144,51.106712],[-3.542145,51.106347],[-3.54246,51.10636],[-3.542299,51.105586],[-3.542859,51.104939],[-3.542344,51.10422],[-3.543192,51.103088]],[[-3.562975,51.136947],[-3.561663,51.13747]],[[-3.541713,51.101676],[-3.541503,51.101431],[-3.5411,51.101406],[-3.540947,51.101153],[-3.539257,51.100367]],[[-3.611069,51.149334],[-3.608748,51.149047]],[[-3.60606,51.148752],[-3.6025,51.148856],[-3.600894,51.148719],[-3.599445,51.148831],[-3.599216,51.148754]],[[-3.557462,51.137027],[-3.557089,51.137117]],[[-3.629429,51.155445],[-3.629429,51.15469]],[[-3.543192,51.103088],[-3.543222,51.102883],[-3.542384,51.102577],[-3.542559,51.102114],[-3.541854,51.101818],[-3.54163,51.101772]],[[-3.591524,51.1455],[-3.591038,51.145147],[-3.590891,51.145037],[-3.588848,51.144287],[-3.58798,51.143996],[-3.587705,51.144269],[-3.587502,51.144197]],[[-3.550795,51.137225],[-3.550574,51.137057]],[[-3.629168,51.152297],[-3.629291,51.151386],[-3.629132,51.151048]],[[-3.60614,51.148769],[-3.60606,51.148752]],[[-3.59574,51.148061],[-3.594781,51.147649]],[[-3.538113,51.099276],[-3.538202,51.098686],[-3.538646,51.097661],[-3.538663,51.095915],[-3.53863,51.095739]]]},"properties":{"WB_CAT":"River","RBD_ID":"8","MNCAT_NAME":"Devon East","RBD_NAME":"South West","OPCAT_ID":"3183","hydromorph":"not designated artificial or heavily modified","MANCAT_ID":"3033","url":"/catchment-planning/WaterBody/GB108045020920","OPCAT_NAME":"Exe Main","WB_ID":"GB108045020920","version":"2","WB_NAME":"Quarme"}},{"type":"Feature","geometry":{"type":"MultiLineString","coordinates":[[[-3.657365,51.142698],[-3.656568,51.141457],[-3.65544,51.140372],[-3.654307,51.139205]],[[-3.679866,51.145154],[-3.678463,51.144848],[-3.676471,51.144696],[-3.676115,51.144683],[-3.674595,51.144493],[-3.673636,51.144381],[-3.673393,51.144381],[-3.671117,51.144372],[-3.670506,51.144624],[-3.669599,51.1444]],[[-3.618442,51.126582],[-3.618398,51.126366]],[[-3.706618,51.148301],[-3.705257,51.148026],[-3.704329,51.147775],[-3.703908,51.1478]],[[-3.592104,51.11448],[-3.59088,51.113492],[-3.590641,51.113469]],[[-3.722116,51.151165],[-3.720331,51.150647],[-3.71954,51.150416],[-3.718356,51.149943]],[[-3.640767,51.133299],[-3.640339,51.133118],[-3.638291,51.133186]],[[-3.694073,51.150388],[-3.692578,51.150133],[-3.691052,51.149816],[-3.690388,51.148942],[-3.689737,51.148429]],[[-3.624377,51.117886],[-3.624018,51.117467],[-3.623305,51.117185],[-3.623137,51.117135],[-3.621724,51.116239],[-3.62072,51.115762],[-3.619365,51.115646],[-3.617175,51.115255],[-3.616369,51.114894]],[[-3.571847,51.111995],[-3.571464,51.111643],[-3.57114,51.110614],[-3.572278,51.109918],[-3.572712,51.109336],[-3.572744,51.109221],[-3.572722,51.107853],[-3.570592,51.107055],[-3.569722,51.106453],[-3.56957,51.1063],[-3.568741,51.105269],[-3.568408,51.105091]],[[-3.562655,51.105522],[-3.561452,51.10543],[-3.561388,51.103331],[-3.561307,51.10326]],[[-3.682938,51.145485],[-3.679866,51.145154]],[[-3.638291,51.133186],[-3.637705,51.133097],[-3.637558,51.132863]],[[-3.618398,51.126366],[-3.618373,51.126197]],[[-3.72841,51.152124],[-3.728108,51.152044],[-3.727178,51.151756],[-3.725911,51.15161],[-3.725269,51.151551],[-3.724688,51.151485],[-3.723379,51.151403],[-3.722708,51.151297],[-3.722116,51.151165]],[[-3.557299,51.101192],[-3.556646,51.101224],[-3.556271,51.101508],[-3.556194,51.101083],[-3.556019,51.100867],[-3.555679,51.10088]],[[-3.607681,51.113271],[-3.606792,51.113351],[-3.606352,51.113383],[-3.604677,51.113385],[-3.601857,51.113455],[-3.600198,51.114046],[-3.599844,51.114871],[-3.599844,51.115105],[-3.599888,51.115355],[-3.599497,51.11601],[-3.599127,51.116234],[-3.597838,51.116662]],[[-3.685613,51.146658],[-3.684272,51.14623],[-3.683331,51.146048]],[[-3.579036,51.115029],[-3.5788,51.114947],[-3.57705,51.113954],[-3.576837,51.113835],[-3.576593,51.113671],[-3.576369,51.113496],[-3.575297,51.11281],[-3.574026,51.112623],[-3.573246,51.112502],[-3.573277,51.112097],[-3.572217,51.111986],[-3.571847,51.111995]],[[-3.560971,51.102594],[-3.560432,51.102309],[-3.560294,51.102217]],[[-3.62445,51.12139],[-3.624547,51.120126],[-3.624479,51.119823],[-3.624377,51.117886]],[[-3.568408,51.105091],[-3.566653,51.104547],[-3.565268,51.10458],[-3.563778,51.105288],[-3.562655,51.105522]],[[-3.616369,51.114894],[-3.614463,51.113717],[-3.614368,51.113258],[-3.613593,51.113109],[-3.612137,51.112823]],[[-3.653234,51.138251],[-3.652412,51.13783]],[[-3.632663,51.128954],[-3.632635,51.12841],[-3.63186,51.127342],[-3.631624,51.126905],[-3.630313,51.126703]],[[-3.718356,51.149943],[-3.71695,51.149694],[-3.716052,51.149702]],[[-3.590328,51.113306],[-3.588531,51.113404],[-3.58741,51.113409],[-3.58498,51.113418],[-3.58296,51.113756],[-3.582706,51.113856],[-3.581558,51.11441],[-3.580268,51.114744],[-3.579036,51.115029]],[[-3.654307,51.139205],[-3.654281,51.139157]],[[-3.590641,51.113469],[-3.590328,51.113306]],[[-3.685979,51.146742],[-3.685613,51.146658]],[[-3.62416,51.128168],[-3.622821,51.127884],[-3.621535,51.127948],[-3.620709,51.127682],[-3.619765,51.127806]],[[-3.618353,51.126003],[-3.618512,51.125694]],[[-3.683331,51.146048],[-3.683283,51.145639]],[[-3.669599,51.1444],[-3.667816,51.144137],[-3.66585,51.144174],[-3.665651,51.144189],[-3.664302,51.144018],[-3.663956,51.143893]],[[-3.619945,51.124918],[-3.621011,51.12451]],[[-3.618512,51.125694],[-3.619921,51.125328],[-3.619945,51.124918]],[[-3.695967,51.149925],[-3.695373,51.150346],[-3.694073,51.150388]],[[-3.557624,51.101473],[-3.557299,51.101192]],[[-3.561191,51.102565],[-3.560971,51.102594]],[[-3.612137,51.112823],[-3.610618,51.11307],[-3.607681,51.113271]],[[-3.645202,51.134933],[-3.644318,51.134536],[-3.642712,51.134715],[-3.641821,51.134466],[-3.640767,51.133299]],[[-3.592331,51.114789],[-3.592104,51.11448]],[[-3.761734,51.156572],[-3.761268,51.156377],[-3.760566,51.15616],[-3.759865,51.155938],[-3.759298,51.155923],[-3.756105,51.156062],[-3.755402,51.156067],[-3.755096,51.15622],[-3.754833,51.155964],[-3.750639,51.155857]],[[-3.689737,51.148429],[-3.6897,51.148391]],[[-3.785191,51.158515],[-3.785365,51.158873],[-3.785445,51.159034],[-3.785528,51.160105],[-3.784904,51.160911],[-3.783791,51.161328],[-3.781848,51.161526]],[[-3.702807,51.147885],[-3.702647,51.147886]],[[-3.703908,51.1478],[-3.703065,51.148058],[-3.702807,51.147885]],[[-3.630252,51.126695],[-3.628947,51.126797],[-3.628274,51.127204],[-3.626779,51.127816],[-3.625771,51.12786],[-3.626774,51.128355],[-3.624798,51.128288],[-3.62416,51.128168]],[[-3.619615,51.127434],[-3.61891,51.127181]],[[-3.729233,51.152508],[-3.72841,51.152124]],[[-3.560294,51.102217],[-3.559269,51.101903],[-3.558635,51.102176],[-3.557992,51.102281],[-3.557624,51.101473]],[[-3.540009,51.097024],[-3.539916,51.096629],[-3.539197,51.095932],[-3.538978,51.095869],[-3.53863,51.095739]],[[-3.61872,51.126969],[-3.618442,51.126582]],[[-3.711319,51.149038],[-3.709487,51.148726],[-3.706618,51.148301]],[[-3.618373,51.126197],[-3.618353,51.126003]],[[-3.63394,51.131219],[-3.633411,51.130872]],[[-3.555679,51.10088],[-3.5535,51.100124],[-3.553916,51.099144],[-3.554451,51.098638],[-3.554173,51.097636],[-3.554456,51.097306]],[[-3.6897,51.148391],[-3.689574,51.148293],[-3.68863,51.147595],[-3.687762,51.147167]],[[-3.781848,51.161526],[-3.777633,51.161119],[-3.775543,51.161069],[-3.774028,51.16099],[-3.773198,51.160857],[-3.772468,51.160922]],[[-3.636832,51.132523],[-3.636106,51.132083],[-3.635451,51.131863],[-3.634307,51.131498],[-3.63394,51.131219]],[[-3.633411,51.130872],[-3.633078,51.130108],[-3.632972,51.129991],[-3.63289,51.129877],[-3.632663,51.128954]],[[-3.630313,51.126703],[-3.630252,51.126695]],[[-3.702647,51.147886],[-3.700716,51.14823],[-3.698668,51.149088],[-3.697955,51.149157],[-3.696512,51.149841],[-3.695967,51.149925]],[[-3.750639,51.155857],[-3.746951,51.155842],[-3.746418,51.155963]],[[-3.637558,51.132863],[-3.638148,51.132815],[-3.638854,51.132613],[-3.638092,51.132226],[-3.636832,51.132523]],[[-3.652412,51.13783],[-3.651879,51.137692],[-3.650757,51.136452],[-3.649894,51.136493],[-3.648648,51.135851],[-3.646949,51.135524],[-3.646168,51.135396],[-3.645721,51.134783],[-3.645202,51.134933]],[[-3.561202,51.103104],[-3.561191,51.102565]],[[-3.716052,51.149702],[-3.711972,51.149055],[-3.711703,51.149029],[-3.711319,51.149038]],[[-3.621011,51.12451],[-3.62152,51.124188],[-3.621627,51.124021],[-3.622908,51.122213],[-3.623194,51.122094],[-3.623442,51.121973],[-3.623925,51.121721],[-3.62445,51.12139]],[[-3.683283,51.145639],[-3.682938,51.145485]],[[-3.61891,51.127181],[-3.61872,51.126969]],[[-3.687762,51.147167],[-3.686221,51.14675],[-3.685979,51.146742]],[[-3.554456,51.097306],[-3.553956,51.096539],[-3.553148,51.095684],[-3.553214,51.094862],[-3.553068,51.094666],[-3.552224,51.094173],[-3.550953,51.093975],[-3.550611,51.094039],[-3.548624,51.094347],[-3.54615,51.09534],[-3.544842,51.095631],[-3.543436,51.095603],[-3.54184,51.096382],[-3.541605,51.096871],[-3.540009,51.097024]],[[-3.739534,51.156158],[-3.736726,51.15578],[-3.733542,51.154842],[-3.732416,51.154549],[-3.732054,51.154479]],[[-3.772468,51.160922],[-3.770621,51.160583],[-3.769207,51.160265],[-3.767962,51.160047]],[[-3.597838,51.116662],[-3.59635,51.116629],[-3.596222,51.116532],[-3.596095,51.116447],[-3.595535,51.116097]],[[-3.663956,51.143893],[-3.66211,51.144103],[-3.661503,51.143951],[-3.661191,51.14397],[-3.659627,51.144039],[-3.659059,51.143848],[-3.658882,51.143164],[-3.657871,51.142826],[-3.657365,51.142698]],[[-3.767962,51.160047],[-3.765157,51.158963],[-3.764634,51.158653],[-3.763739,51.157932],[-3.762684,51.157259],[-3.761734,51.156572]],[[-3.619602,51.127677],[-3.619615,51.127434]],[[-3.561307,51.10326],[-3.561202,51.103104]],[[-3.746418,51.155963],[-3.742854,51.156164],[-3.739534,51.156158]],[[-3.595535,51.116097],[-3.594009,51.115514],[-3.593502,51.115462],[-3.592491,51.114943],[-3.592331,51.114789]],[[-3.732054,51.154479],[-3.731151,51.154268],[-3.729952,51.153347],[-3.729369,51.15261],[-3.729233,51.152508]],[[-3.654281,51.139157],[-3.653234,51.138251]],[[-3.619765,51.127806],[-3.619602,51.127677]]]},"properties":{"WB_CAT":"River","RBD_ID":"8","MNCAT_NAME":"Devon East","RBD_NAME":"South West","OPCAT_ID":"3183","hydromorph":"not designated artificial or heavily modified","MANCAT_ID":"3033","url":"/catchment-planning/WaterBody/GB108045020930","OPCAT_NAME":"Exe Main","WB_ID":"GB108045020930","version":"2","WB_NAME":"Exe (Source to Quarme)"}},{"type":"Feature","geometry":{"type":"MultiLineString","coordinates":[[[-3.54293,50.610223],[-3.541588,50.609731],[-3.54143,50.60955]],[[-3.498744,50.601825],[-3.498006,50.601669],[-3.497208,50.601305],[-3.495638,50.600347],[-3.495027,50.598967],[-3.494996,50.598234]],[[-3.464651,50.580487],[-3.46451,50.580445]],[[-3.532363,50.604005],[-3.532223,50.603916],[-3.530508,50.602995]],[[-3.491431,50.590682],[-3.491028,50.590485]],[[-3.546792,50.61716],[-3.547874,50.616692],[-3.548762,50.616341]],[[-3.490721,50.59027],[-3.489891,50.588256],[-3.489293,50.587333]],[[-3.513305,50.601551],[-3.512376,50.601875],[-3.511672,50.601867]],[[-3.527668,50.601023],[-3.526538,50.600434],[-3.523602,50.599186],[-3.522563,50.598996],[-3.521105,50.598897]],[[-3.521105,50.598897],[-3.519603,50.599134],[-3.51886,50.599595],[-3.518326,50.60008],[-3.516198,50.600525]],[[-3.46451,50.580445],[-3.463687,50.580106]],[[-3.535041,50.605313],[-3.533759,50.604812],[-3.533733,50.604636]],[[-3.489064,50.587027],[-3.488619,50.586667],[-3.488264,50.586055],[-3.488264,50.585414],[-3.488103,50.585117]],[[-3.494996,50.598234],[-3.493387,50.595619],[-3.49245,50.594844],[-3.492379,50.594739]],[[-3.467575,50.580725],[-3.466047,50.580697]],[[-3.539455,50.618054],[-3.540249,50.617851],[-3.541631,50.618105],[-3.544766,50.617415],[-3.546572,50.617313],[-3.546792,50.61716]],[[-3.516198,50.600525],[-3.51473,50.601123],[-3.514299,50.601475],[-3.513305,50.601551]],[[-3.530508,50.602995],[-3.530145,50.602938],[-3.529632,50.602599]],[[-3.538915,50.608123],[-3.538724,50.607934],[-3.537707,50.607585],[-3.536848,50.606976],[-3.536472,50.606728],[-3.536238,50.606342],[-3.535004,50.605398],[-3.535041,50.605313]],[[-3.511208,50.601832],[-3.510893,50.601935]],[[-3.548762,50.616341],[-3.549274,50.615667],[-3.549573,50.61519],[-3.549808,50.614885],[-3.549227,50.614049],[-3.549171,50.613564],[-3.548793,50.613198]],[[-3.492313,50.594714],[-3.491527,50.592185],[-3.491761,50.59183],[-3.491431,50.590682]],[[-3.533733,50.604636],[-3.532363,50.604005]],[[-3.489293,50.587333],[-3.489064,50.587027]],[[-3.466047,50.580697],[-3.465483,50.580625],[-3.46522,50.580591],[-3.464651,50.580487]],[[-3.54143,50.60955],[-3.541311,50.609294],[-3.54094,50.609129],[-3.539844,50.608905],[-3.539267,50.608323],[-3.538915,50.608123]],[[-3.492379,50.594739],[-3.492313,50.594714]],[[-3.463687,50.580106],[-3.463627,50.580113]],[[-3.48486,50.581739],[-3.484507,50.581502]],[[-3.529632,50.602599],[-3.528523,50.601852],[-3.527751,50.601061],[-3.527668,50.601023]],[[-3.510893,50.601935],[-3.509651,50.602239],[-3.506686,50.602871],[-3.506406,50.602897],[-3.506011,50.602911],[-3.504254,50.602838],[-3.500802,50.602306],[-3.498744,50.601825]],[[-3.488103,50.585117],[-3.487518,50.584234]],[[-3.548793,50.613198],[-3.548317,50.612719]],[[-3.481017,50.580717],[-3.480359,50.58078],[-3.48003,50.581325],[-3.47917,50.581576],[-3.477759,50.581397],[-3.476644,50.581591],[-3.47557,50.581497],[-3.475343,50.581447],[-3.475108,50.581385],[-3.474612,50.581255],[-3.471619,50.580672],[-3.469083,50.580676],[-3.468886,50.580688],[-3.468688,50.580682],[-3.467861,50.580708]],[[-3.48374,50.581361],[-3.482653,50.581148],[-3.481996,50.581041],[-3.481017,50.580717]],[[-3.487518,50.584234],[-3.486707,50.583615],[-3.485717,50.582929],[-3.485541,50.582243],[-3.48486,50.581739]],[[-3.491028,50.590485],[-3.490721,50.59027]],[[-3.484507,50.581502],[-3.48374,50.581361]],[[-3.467861,50.580708],[-3.467575,50.580725]],[[-3.511672,50.601867],[-3.511208,50.601832]],[[-3.548317,50.612719],[-3.547674,50.612342],[-3.547087,50.611997],[-3.546533,50.611708],[-3.545573,50.611123],[-3.544218,50.610789],[-3.544127,50.610573],[-3.543664,50.610676],[-3.54293,50.610223]]]},"properties":{"WB_CAT":"River","RBD_ID":"8","MNCAT_NAME":"Devon East","RBD_NAME":"South West","OPCAT_ID":"3114","hydromorph":"not designated artificial or heavily modified","MANCAT_ID":"3033","url":"/catchment-planning/WaterBody/GB108045008910","OPCAT_NAME":"Creedy and West Exe","WB_ID":"GB108045008910","version":"2","WB_NAME":"Dawlish Water"}},{"type":"Feature","geometry":{"type":"MultiLineString","coordinates":[[[-3.509104,50.692932],[-3.507018,50.693321],[-3.505119,50.694034]],[[-3.505119,50.694034],[-3.504561,50.694396]],[[-3.524666,50.691834],[-3.524114,50.69127],[-3.523937,50.691315]],[[-3.517527,50.692962],[-3.516936,50.692999]],[[-3.534377,50.688649],[-3.533662,50.688922],[-3.533368,50.689023]],[[-3.516936,50.692999],[-3.516207,50.693009],[-3.514384,50.69285],[-3.512734,50.693152],[-3.510541,50.693081],[-3.509723,50.693101],[-3.509104,50.692932]],[[-3.521139,50.691948],[-3.52092,50.691951]],[[-3.533368,50.689023],[-3.532359,50.689416]],[[-3.504409,50.694543],[-3.503555,50.694872],[-3.503026,50.694955]],[[-3.504525,50.694431],[-3.504409,50.694543]],[[-3.532359,50.689416],[-3.531639,50.689708],[-3.531053,50.689926],[-3.528305,50.690892],[-3.525652,50.691576],[-3.524666,50.691834]],[[-3.503026,50.694955],[-3.501709,50.694841]],[[-3.52092,50.691951],[-3.517527,50.692962]],[[-3.504561,50.694396],[-3.504525,50.694431]],[[-3.523937,50.691315],[-3.521865,50.691784],[-3.52169,50.691827],[-3.521139,50.691948]]]},"properties":{"WB_CAT":"River","RBD_ID":"8","MNCAT_NAME":"Devon East","RBD_NAME":"South West","OPCAT_ID":"3114","hydromorph":"not designated artificial or heavily modified","MANCAT_ID":"3033","url":"/catchment-planning/WaterBody/GB108045009000","OPCAT_NAME":"Creedy and West Exe","WB_ID":"GB108045009000","version":"2","WB_NAME":"Matford Brook"}},{"type":"Feature","geometry":{"type":"MultiLineString","coordinates":[[[-3.594355,50.685495],[-3.593045,50.685152]],[[-3.508224,50.655417],[-3.508174,50.655415]],[[-3.594943,50.685826],[-3.594355,50.685495]],[[-3.473123,50.646496],[-3.472286,50.646306],[-3.471526,50.645741]],[[-3.477646,50.650216],[-3.478144,50.649494],[-3.477325,50.648741],[-3.475394,50.647103],[-3.474401,50.646582]],[[-3.581989,50.679657],[-3.580403,50.678684],[-3.579267,50.67814],[-3.576707,50.677532],[-3.576514,50.677831]],[[-3.573669,50.677378],[-3.572914,50.676906],[-3.572447,50.67649],[-3.572091,50.676]],[[-3.600124,50.691166],[-3.599567,50.690575],[-3.597589,50.687547]],[[-3.563112,50.672089],[-3.562208,50.671562]],[[-3.589961,50.68336],[-3.589928,50.683078],[-3.588994,50.682826],[-3.586716,50.682556]],[[-3.494146,50.652105],[-3.493564,50.652247],[-3.491811,50.651691],[-3.490398,50.651492],[-3.486917,50.651137],[-3.48663,50.651251],[-3.48598,50.651229]],[[-3.569767,50.674669],[-3.568384,50.673978],[-3.566378,50.673245],[-3.5659,50.67309],[-3.564925,50.672783],[-3.564506,50.672661]],[[-3.482452,50.650796],[-3.481825,50.650986],[-3.478498,50.6509],[-3.477646,50.650216]],[[-3.485125,50.651353],[-3.484657,50.651457],[-3.483787,50.651427],[-3.483203,50.65099],[-3.482452,50.650796]],[[-3.576514,50.677831],[-3.575138,50.67772],[-3.574118,50.677335],[-3.573669,50.677378]],[[-3.561605,50.671173],[-3.560778,50.671398],[-3.560141,50.670898],[-3.559697,50.67074],[-3.558341,50.670265]],[[-3.508174,50.655415],[-3.503578,50.653835]],[[-3.606928,50.69649],[-3.605579,50.696261],[-3.604732,50.695933]],[[-3.603911,50.695229],[-3.603898,50.695167]],[[-3.60393,50.694488],[-3.603941,50.693978],[-3.604288,50.693551],[-3.603688,50.692652]],[[-3.468573,50.643712],[-3.467215,50.643007]],[[-3.467215,50.643007],[-3.466527,50.642677],[-3.465978,50.642424],[-3.465366,50.642198],[-3.46508,50.642099],[-3.464903,50.642043],[-3.462463,50.641541],[-3.461831,50.641367]],[[-3.524435,50.659522],[-3.523658,50.659121],[-3.521122,50.6583],[-3.519986,50.658081],[-3.519231,50.657809],[-3.516526,50.6571],[-3.515418,50.656915],[-3.51471,50.656739],[-3.511553,50.655867],[-3.511133,50.65579],[-3.509797,50.65559],[-3.509257,50.655536],[-3.50832,50.655492],[-3.508224,50.655417]],[[-3.562208,50.671562],[-3.561605,50.671173]],[[-3.603898,50.695167],[-3.603864,50.695076]],[[-3.564506,50.672661],[-3.563524,50.672413],[-3.563112,50.672089]],[[-3.572091,50.676],[-3.570976,50.675466],[-3.569767,50.674669]],[[-3.500679,50.653117],[-3.498205,50.652797],[-3.497524,50.653065]],[[-3.59086,50.683741],[-3.589961,50.68336]],[[-3.46873,50.643763],[-3.468573,50.643712]],[[-3.49722,50.653076],[-3.494593,50.652172],[-3.494146,50.652105]],[[-3.461831,50.641367],[-3.458012,50.640068],[-3.456789,50.639934],[-3.456565,50.639913],[-3.455368,50.639843],[-3.454154,50.639845],[-3.452588,50.639797],[-3.451158,50.639627],[-3.450988,50.639582],[-3.450241,50.639345]],[[-3.591748,50.684532],[-3.59086,50.683741]],[[-3.544178,50.669887],[-3.542945,50.670045]],[[-3.55803,50.670158],[-3.557734,50.670052],[-3.557558,50.669995],[-3.55617,50.669498]],[[-3.474401,50.646582],[-3.473123,50.646496]],[[-3.558341,50.670265],[-3.55803,50.670158]],[[-3.497524,50.653065],[-3.49722,50.653076]],[[-3.542945,50.670045],[-3.540338,50.669435],[-3.537884,50.668987]],[[-3.603864,50.695076],[-3.60393,50.694488]],[[-3.537061,50.668836],[-3.535895,50.668417],[-3.535654,50.668307],[-3.535435,50.668224],[-3.535131,50.668159]],[[-3.55617,50.669498],[-3.554914,50.669543],[-3.550424,50.669681],[-3.550085,50.669741],[-3.549256,50.669571],[-3.548514,50.669493],[-3.546235,50.669752],[-3.544178,50.669887]],[[-3.471526,50.645741],[-3.469456,50.644089],[-3.46873,50.643763]],[[-3.586716,50.682556],[-3.586139,50.682793],[-3.583714,50.682194],[-3.582601,50.680855],[-3.582432,50.680747],[-3.582142,50.679968],[-3.581989,50.679657]],[[-3.535131,50.668159],[-3.534264,50.668093],[-3.533145,50.667688],[-3.532989,50.667567]],[[-3.593045,50.685152],[-3.591748,50.684532]],[[-3.532989,50.667567],[-3.532224,50.667016],[-3.532067,50.666912],[-3.531883,50.6668],[-3.530634,50.666114],[-3.529987,50.66533],[-3.53092,50.664882]],[[-3.537884,50.668987],[-3.537061,50.668836]],[[-3.53092,50.664882],[-3.530594,50.664252],[-3.529128,50.66263],[-3.528965,50.66209],[-3.528392,50.661442],[-3.527259,50.660788],[-3.526589,50.660621],[-3.5258,50.660221],[-3.524809,50.65972],[-3.524665,50.659648],[-3.524435,50.659522]],[[-3.597589,50.687547],[-3.596013,50.686203],[-3.595708,50.686083],[-3.594943,50.685826]],[[-3.503578,50.653835],[-3.502131,50.653469],[-3.501698,50.653358],[-3.500679,50.653117]],[[-3.48598,50.651229],[-3.485125,50.651353]],[[-3.604732,50.695933],[-3.603911,50.695229]],[[-3.603688,50.692652],[-3.602183,50.692167],[-3.600233,50.691411],[-3.600124,50.691166]]]},"properties":{"WB_CAT":"River","RBD_ID":"8","MNCAT_NAME":"Devon East","RBD_NAME":"South West","OPCAT_ID":"3114","hydromorph":"not designated artificial or heavily modified","MANCAT_ID":"3033","url":"/catchment-planning/WaterBody/GB108045009010","OPCAT_NAME":"Creedy and West Exe","WB_ID":"GB108045009010","version":"2","WB_NAME":"Kenn"}},{"type":"Feature","geometry":{"type":"MultiLineString","coordinates":[[[-3.619898,50.725151],[-3.619688,50.725162]],[[-3.540115,50.703381],[-3.539014,50.702873]],[[-3.562305,50.708106],[-3.561809,50.707885]],[[-3.5925,50.723011],[-3.591983,50.723202],[-3.591507,50.723257],[-3.591145,50.723051],[-3.590729,50.723152],[-3.589819,50.723261],[-3.589649,50.723417],[-3.589214,50.72325],[-3.588326,50.72317],[-3.588033,50.72323],[-3.587683,50.723075],[-3.586653,50.7234],[-3.585903,50.723145],[-3.585203,50.723195]],[[-3.517763,50.702173],[-3.515382,50.701834],[-3.513705,50.700921],[-3.512571,50.700272]],[[-3.503203,50.695359],[-3.501709,50.694841]],[[-3.564343,50.710221],[-3.564323,50.710208]],[[-3.577131,50.720821],[-3.576565,50.720306]],[[-3.620289,50.725069],[-3.619898,50.725151]],[[-3.600954,50.723602],[-3.59958,50.723573],[-3.599246,50.723515],[-3.598652,50.723228],[-3.597515,50.723591],[-3.597025,50.723486],[-3.596502,50.723275],[-3.594303,50.72335],[-3.5925,50.723011]],[[-3.626102,50.724948],[-3.624493,50.7248],[-3.622631,50.724725]],[[-3.607952,50.72549],[-3.605943,50.724876],[-3.605273,50.724609],[-3.605132,50.724195]],[[-3.501709,50.694841],[-3.500614,50.694497]],[[-3.614349,50.725249],[-3.61223,50.725402],[-3.612079,50.725557],[-3.609547,50.725725],[-3.607952,50.72549]],[[-3.512571,50.700272],[-3.510967,50.699136],[-3.509872,50.698732],[-3.509572,50.698581],[-3.509421,50.698514],[-3.509265,50.698436],[-3.508564,50.698032],[-3.50764,50.697353],[-3.506411,50.696909],[-3.504838,50.696042],[-3.50361,50.695483],[-3.503348,50.695412]],[[-3.539014,50.702873],[-3.537973,50.702485],[-3.536855,50.702366],[-3.535063,50.702092],[-3.533509,50.701908],[-3.533027,50.702054]],[[-3.621508,50.724982],[-3.620289,50.725069]],[[-3.622445,50.724908],[-3.621508,50.724982]],[[-3.564953,50.714816],[-3.564932,50.714406],[-3.565058,50.713366],[-3.564559,50.713136],[-3.564807,50.712357],[-3.565078,50.712015],[-3.564756,50.711375],[-3.56477,50.71075],[-3.564335,50.710368],[-3.564343,50.710221]],[[-3.56644,50.715028],[-3.565332,50.714842],[-3.564953,50.714816]],[[-3.533027,50.702054],[-3.531442,50.702552],[-3.531256,50.702616],[-3.529826,50.702485],[-3.525841,50.701834],[-3.524281,50.701984],[-3.52408,50.702029],[-3.52168,50.702514],[-3.520058,50.702401],[-3.517763,50.702173]],[[-3.503348,50.695412],[-3.503203,50.695359]],[[-3.605132,50.724195],[-3.604863,50.723929],[-3.602215,50.723802]],[[-3.627476,50.725014],[-3.626776,50.724878]],[[-3.500614,50.694497],[-3.499571,50.694426],[-3.499225,50.694413],[-3.498991,50.694399],[-3.498719,50.694375],[-3.49848,50.694345],[-3.498257,50.694288],[-3.497931,50.694178],[-3.496303,50.693719],[-3.496114,50.693654],[-3.495505,50.693761]],[[-3.580821,50.72297],[-3.578979,50.721981],[-3.578449,50.721541],[-3.577131,50.720821]],[[-3.632468,50.725889],[-3.630723,50.725745],[-3.628199,50.725101],[-3.627476,50.725014]],[[-3.575108,50.719504],[-3.574451,50.719279],[-3.573362,50.718202],[-3.5727,50.71768],[-3.570799,50.716099],[-3.568333,50.715189],[-3.566951,50.714879],[-3.56644,50.715028]],[[-3.555281,50.706238],[-3.5536,50.705942],[-3.552005,50.705684],[-3.551796,50.705932],[-3.551655,50.706562],[-3.550761,50.706235],[-3.550367,50.706167],[-3.550026,50.706057],[-3.548228,50.705573],[-3.547825,50.705575],[-3.547468,50.705678],[-3.54638,50.705078],[-3.546257,50.704794],[-3.545733,50.704762],[-3.545173,50.703978],[-3.54415,50.703931],[-3.543661,50.704151],[-3.54303,50.703937],[-3.541076,50.703189],[-3.540874,50.703324],[-3.540639,50.703471],[-3.540115,50.703381]],[[-3.564323,50.710208],[-3.563127,50.708909],[-3.56274,50.708348],[-3.562305,50.708106]],[[-3.585203,50.723195],[-3.58473,50.72303],[-3.583312,50.723216],[-3.581281,50.722894],[-3.580821,50.72297]],[[-3.626776,50.724878],[-3.626102,50.724948]],[[-3.619688,50.725162],[-3.618454,50.725084],[-3.616195,50.725338],[-3.615496,50.725221],[-3.614349,50.725249]],[[-3.622631,50.724725],[-3.622445,50.724908]],[[-3.576565,50.720306],[-3.575919,50.719872],[-3.575388,50.719719],[-3.57527,50.719481],[-3.575108,50.719504]],[[-3.602215,50.723802],[-3.601388,50.723539],[-3.600954,50.723602]],[[-3.561809,50.707885],[-3.561526,50.707887],[-3.559433,50.707585],[-3.557513,50.706962],[-3.557138,50.706899],[-3.556431,50.706422],[-3.555281,50.706238]],[[-3.495505,50.693761],[-3.4955,50.693765]]]},"properties":{"WB_CAT":"River","RBD_ID":"8","MNCAT_NAME":"Devon East","RBD_NAME":"South West","OPCAT_ID":"3114","hydromorph":"not designated artificial or heavily modified","MANCAT_ID":"3033","url":"/catchment-planning/WaterBody/GB108045009020","OPCAT_NAME":"Creedy and West Exe","WB_ID":"GB108045009020","version":"2","WB_NAME":"Alphin Brook"}},{"type":"Feature","geometry":{"type":"MultiLineString","coordinates":[[[-3.560177,50.761021],[-3.559146,50.760368],[-3.558545,50.760043]],[[-3.58338,50.775203],[-3.582227,50.775125],[-3.581001,50.774653],[-3.580543,50.774235],[-3.579656,50.774147],[-3.57904,50.773905],[-3.578807,50.773378]],[[-3.578389,50.773178],[-3.57774,50.77273],[-3.577062,50.772718],[-3.576081,50.772261],[-3.57517,50.771845],[-3.574095,50.771447],[-3.573593,50.771325],[-3.572185,50.770569],[-3.571067,50.768976],[-3.570756,50.768845]],[[-3.603563,50.779749],[-3.602255,50.779275],[-3.601077,50.778926],[-3.599772,50.779278],[-3.599112,50.778759],[-3.599183,50.77821],[-3.598267,50.77821],[-3.597668,50.778999],[-3.597389,50.779123],[-3.596257,50.779488]],[[-3.58408,50.775916],[-3.58338,50.775203]],[[-3.58917,50.77523],[-3.588686,50.775315],[-3.588821,50.775645],[-3.587727,50.776055],[-3.587329,50.775995]],[[-3.587329,50.775995],[-3.585969,50.776211],[-3.58408,50.775916]],[[-3.602847,50.758691],[-3.602814,50.759133],[-3.602069,50.759788],[-3.600838,50.760646],[-3.600139,50.761149],[-3.599843,50.761084],[-3.59943,50.761058],[-3.599157,50.761264]],[[-3.599157,50.761264],[-3.599038,50.761517],[-3.598776,50.761681],[-3.598038,50.76228],[-3.59622,50.763192],[-3.595538,50.764057],[-3.595369,50.764254],[-3.594733,50.764943]],[[-3.595542,50.78015],[-3.595472,50.780163]],[[-3.563085,50.76346],[-3.563077,50.763221]],[[-3.550476,50.743828],[-3.549563,50.743116],[-3.547639,50.743123]],[[-3.558545,50.760043],[-3.557409,50.759576],[-3.557214,50.759554],[-3.557026,50.759513],[-3.555459,50.759098],[-3.554361,50.758827]],[[-3.607615,50.75353],[-3.607643,50.754391],[-3.606617,50.755898],[-3.60635,50.756284]],[[-3.605874,50.780191],[-3.604594,50.77997],[-3.603854,50.779836]],[[-3.603854,50.779836],[-3.603563,50.779749]],[[-3.550931,50.745144],[-3.551092,50.744901]],[[-3.554361,50.758827],[-3.552347,50.758033],[-3.55088,50.757058],[-3.550591,50.75673]],[[-3.55081,50.745247],[-3.550931,50.745144]],[[-3.565735,50.7666],[-3.565452,50.766672]],[[-3.595472,50.780163],[-3.593891,50.779831],[-3.592365,50.778815],[-3.589868,50.778965],[-3.588632,50.778653],[-3.58814,50.777882],[-3.588948,50.777137],[-3.588465,50.776378],[-3.589551,50.775708],[-3.58917,50.77523]],[[-3.607541,50.753279],[-3.607615,50.75353]],[[-3.563077,50.763221],[-3.562699,50.762847],[-3.56257,50.762707],[-3.561688,50.761897],[-3.560177,50.761021]],[[-3.623913,50.743654],[-3.622969,50.744467],[-3.618215,50.745078],[-3.617619,50.745397]],[[-3.613449,50.748956],[-3.612911,50.749374]],[[-3.564079,50.764782],[-3.562646,50.763752],[-3.563085,50.76346]],[[-3.5917,50.768137],[-3.58951,50.769079],[-3.588916,50.769177],[-3.587567,50.770038],[-3.587036,50.770566],[-3.586713,50.770793],[-3.586288,50.770734],[-3.585595,50.771291],[-3.585534,50.77186],[-3.584945,50.773912],[-3.58515,50.774383],[-3.58498,50.774664],[-3.584029,50.77494],[-3.583753,50.775018],[-3.58338,50.775203]],[[-3.550187,50.748084],[-3.550454,50.747708],[-3.550602,50.747018],[-3.550553,50.74648],[-3.550454,50.746135],[-3.550655,50.745381],[-3.55081,50.745247]],[[-3.549956,50.755655],[-3.549489,50.755362],[-3.550212,50.754363]],[[-3.578807,50.773378],[-3.578389,50.773178]],[[-3.565452,50.766672],[-3.564865,50.766443]],[[-3.548115,50.749827],[-3.548843,50.749107]],[[-3.617619,50.745397],[-3.616869,50.746211],[-3.616132,50.747775],[-3.614428,50.748395],[-3.613449,50.748956]],[[-3.594733,50.764943],[-3.59424,50.76489],[-3.593754,50.764874]],[[-3.550591,50.75673],[-3.550557,50.756032],[-3.549956,50.755655]],[[-3.593754,50.764874],[-3.593441,50.765199],[-3.592659,50.766079],[-3.593044,50.766194]],[[-3.570756,50.768845],[-3.570374,50.768835],[-3.569588,50.768688],[-3.569338,50.768145],[-3.56799,50.767988],[-3.567297,50.767367]],[[-3.564865,50.766443],[-3.563608,50.765572],[-3.563546,50.765164],[-3.564079,50.764782]],[[-3.593044,50.766194],[-3.592337,50.767544],[-3.591865,50.767817],[-3.5917,50.768137]],[[-3.551092,50.744901],[-3.551149,50.744484],[-3.550476,50.743828]],[[-3.567297,50.767367],[-3.565735,50.7666]],[[-3.596257,50.779488],[-3.595988,50.77977],[-3.595542,50.78015]],[[-3.54921,50.748856],[-3.550187,50.748084]],[[-3.612911,50.749374],[-3.611681,50.75054],[-3.611123,50.75074],[-3.610256,50.751147],[-3.608767,50.751997],[-3.607519,50.752919],[-3.607541,50.753279]],[[-3.550212,50.754363],[-3.550406,50.753679]],[[-3.548843,50.749107],[-3.54921,50.748856]],[[-3.60635,50.756284],[-3.606209,50.756559],[-3.605124,50.757169],[-3.604734,50.757393],[-3.604546,50.757663],[-3.603518,50.75814],[-3.603187,50.75829],[-3.602847,50.758691]],[[-3.612514,50.781747],[-3.611235,50.781658],[-3.609672,50.781187],[-3.607376,50.780433],[-3.605874,50.780191]],[[-3.550406,50.753679],[-3.550636,50.752955],[-3.550529,50.752233],[-3.550213,50.751893],[-3.548852,50.751073],[-3.548593,50.750774],[-3.548425,50.750431],[-3.548115,50.749827]]]},"properties":{"WB_CAT":"River","RBD_ID":"8","MNCAT_NAME":"Devon East","RBD_NAME":"South West","OPCAT_ID":"3114","hydromorph":"not designated artificial or heavily modified","MANCAT_ID":"3033","url":"/catchment-planning/WaterBody/GB108045009070","OPCAT_NAME":"Creedy and West Exe","WB_ID":"GB108045009070","version":"2","WB_NAME":"Lower Creedy"}},{"type":"Feature","geometry":{"type":"MultiLineString","coordinates":[[[-3.578135,50.816268],[-3.577396,50.815544],[-3.575621,50.813972]],[[-3.57201,50.795106],[-3.57169,50.794108],[-3.571393,50.793984],[-3.570856,50.792764],[-3.570233,50.792817],[-3.569737,50.791608],[-3.569749,50.791001],[-3.566892,50.789793],[-3.565558,50.789548],[-3.565042,50.789046],[-3.565141,50.788752],[-3.565625,50.788526],[-3.56509,50.787828],[-3.564702,50.787766],[-3.563925,50.787298],[-3.56223,50.785902],[-3.559998,50.784431],[-3.559274,50.784332],[-3.558684,50.784359],[-3.558067,50.783874],[-3.557832,50.783728],[-3.556633,50.782852],[-3.556888,50.782542],[-3.556081,50.781567],[-3.555916,50.781428]],[[-3.573727,50.81065],[-3.573762,50.810484],[-3.57385,50.809983]],[[-3.560133,50.771129],[-3.561922,50.770058],[-3.562533,50.769095]],[[-3.574679,50.813182],[-3.573794,50.811576],[-3.573688,50.811552]],[[-3.571014,50.802175],[-3.572584,50.800867],[-3.573279,50.800362],[-3.573495,50.79945],[-3.573834,50.798439]],[[-3.561187,50.765861],[-3.561177,50.765802]],[[-3.555988,50.78134],[-3.556112,50.781233],[-3.5563,50.781075]],[[-3.573085,50.807058],[-3.572766,50.806542],[-3.571325,50.804303],[-3.57109,50.803996],[-3.569989,50.803877],[-3.570097,50.803515]],[[-3.573688,50.811552],[-3.573727,50.81065]],[[-3.556803,50.780096],[-3.557035,50.778857],[-3.556912,50.778186],[-3.557474,50.776842]],[[-3.557474,50.776842],[-3.55846,50.775809],[-3.558231,50.775157],[-3.558025,50.775023],[-3.557743,50.774369],[-3.557397,50.773817],[-3.557311,50.773751]],[[-3.557311,50.773751],[-3.557261,50.773614],[-3.557481,50.772652],[-3.5575,50.772544],[-3.557585,50.772179],[-3.558693,50.771632],[-3.559018,50.771399],[-3.559532,50.770985],[-3.560133,50.771129]],[[-3.573834,50.798439],[-3.573521,50.798181]],[[-3.561177,50.765802],[-3.560491,50.76468],[-3.559687,50.762893],[-3.559923,50.762144],[-3.559367,50.762109],[-3.559935,50.76115],[-3.560177,50.761021]],[[-3.575621,50.813972],[-3.574725,50.813519],[-3.574679,50.813182]],[[-3.57385,50.809983],[-3.574047,50.809085]],[[-3.570097,50.803515],[-3.570554,50.802601],[-3.571148,50.802327],[-3.571014,50.802175]],[[-3.5563,50.781075],[-3.556456,50.78056],[-3.556803,50.780096]],[[-3.555916,50.781428],[-3.555988,50.78134]],[[-3.572658,50.796792],[-3.572165,50.795945],[-3.571646,50.795184],[-3.57201,50.795106]],[[-3.573521,50.798181],[-3.57321,50.797432],[-3.573045,50.797301],[-3.572658,50.796792]],[[-3.562533,50.769095],[-3.562609,50.768837],[-3.562594,50.768535],[-3.562176,50.767719],[-3.561145,50.766061],[-3.561187,50.765861]],[[-3.574047,50.809085],[-3.573957,50.80769],[-3.573085,50.807058]]]},"properties":{"WB_CAT":"River","RBD_ID":"8","MNCAT_NAME":"Devon East","RBD_NAME":"South West","OPCAT_ID":"3114","hydromorph":"not designated artificial or heavily modified","MANCAT_ID":"3033","url":"/catchment-planning/WaterBody/GB108045009080","OPCAT_NAME":"Creedy and West Exe","WB_ID":"GB108045009080","version":"2","WB_NAME":"Jackmoor Brook"}},{"type":"Feature","geometry":{"type":"MultiLineString","coordinates":[[[-3.62487,50.787417],[-3.624614,50.787025]],[[-3.624614,50.787025],[-3.624126,50.78625],[-3.623672,50.784018]],[[-3.6188,50.784259],[-3.618566,50.784161]],[[-3.648816,50.815223],[-3.648336,50.814644]],[[-3.640576,50.80247],[-3.639802,50.802178],[-3.6396,50.801661],[-3.639854,50.801412],[-3.639325,50.801119],[-3.638958,50.801023],[-3.638348,50.801179],[-3.638111,50.800919],[-3.637847,50.800965],[-3.637665,50.800731],[-3.63722,50.800661],[-3.636544,50.800381]],[[-3.623672,50.784018],[-3.623642,50.783979]],[[-3.635507,50.797293],[-3.63496,50.796905],[-3.634745,50.796675],[-3.634682,50.796483],[-3.63417,50.796324],[-3.634468,50.795897],[-3.633724,50.795018],[-3.633989,50.794578],[-3.634581,50.794332],[-3.633714,50.793937],[-3.633083,50.793797],[-3.632192,50.793987],[-3.632064,50.793891],[-3.631903,50.793722],[-3.631795,50.793626]],[[-3.642097,50.80454],[-3.641761,50.804063],[-3.641035,50.804355],[-3.640697,50.803932],[-3.640341,50.803869],[-3.640573,50.803466],[-3.64046,50.803242],[-3.640856,50.802929],[-3.640576,50.80247]],[[-3.637606,50.798851],[-3.637499,50.798532]],[[-3.627842,50.790941],[-3.627655,50.790794],[-3.627374,50.790535],[-3.626828,50.790021],[-3.626379,50.789542],[-3.626269,50.789406],[-3.625937,50.789072]],[[-3.637499,50.798532],[-3.637473,50.798156],[-3.637633,50.797992]],[[-3.650582,50.816781],[-3.648918,50.815655]],[[-3.636544,50.800381],[-3.636859,50.799994],[-3.636447,50.799891],[-3.636451,50.799598],[-3.636087,50.799565],[-3.637368,50.799168],[-3.637606,50.798851]],[[-3.637633,50.797992],[-3.636939,50.797772],[-3.636207,50.796955],[-3.635939,50.797137],[-3.635707,50.797451],[-3.635507,50.797293]],[[-3.648918,50.815655],[-3.648704,50.815325],[-3.648816,50.815223]],[[-3.648511,50.813671],[-3.64831,50.813217],[-3.646392,50.810824],[-3.646851,50.810174],[-3.647543,50.809742],[-3.646982,50.808979],[-3.646873,50.808672],[-3.64599,50.808354],[-3.645461,50.807808],[-3.645021,50.806947],[-3.644292,50.806897],[-3.644022,50.806747],[-3.643342,50.806035],[-3.642888,50.805564],[-3.642209,50.8046],[-3.642097,50.80454]],[[-3.625937,50.789072],[-3.62487,50.787417]],[[-3.618566,50.784161],[-3.61761,50.784029],[-3.616465,50.783402],[-3.614716,50.782952],[-3.614208,50.78273],[-3.6133,50.782474],[-3.612853,50.782559],[-3.612643,50.78218],[-3.612514,50.781747]],[[-3.655876,50.819807],[-3.654643,50.819529],[-3.654282,50.819436],[-3.653956,50.819472],[-3.653925,50.819087],[-3.653201,50.819007],[-3.652813,50.818874],[-3.652386,50.818649],[-3.651791,50.818793],[-3.652242,50.817889],[-3.652085,50.81749],[-3.651379,50.817412],[-3.65106,50.816914],[-3.650582,50.816781]],[[-3.631795,50.793626],[-3.631166,50.792819],[-3.63098,50.792683],[-3.630399,50.792413],[-3.630013,50.79214],[-3.629842,50.792032],[-3.629584,50.791906],[-3.627842,50.790941]],[[-3.655683,50.820897],[-3.655403,50.820774],[-3.655368,50.820389],[-3.655132,50.820183],[-3.65584,50.820255],[-3.655876,50.819807]],[[-3.648336,50.814644],[-3.648692,50.814083],[-3.648511,50.813671]],[[-3.655747,50.822879],[-3.656602,50.822828],[-3.656506,50.821669],[-3.656079,50.821441],[-3.656576,50.821026],[-3.655683,50.820897]],[[-3.623642,50.783979],[-3.620237,50.784227],[-3.6188,50.784259]]]},"properties":{"WB_CAT":"River","RBD_ID":"8","MNCAT_NAME":"Devon East","RBD_NAME":"South West","OPCAT_ID":"3114","hydromorph":"not designated artificial or heavily modified","MANCAT_ID":"3033","url":"/catchment-planning/WaterBody/GB108045009090","OPCAT_NAME":"Creedy and West Exe","WB_ID":"GB108045009090","version":"2","WB_NAME":"Middle Creedy"}},{"type":"Feature","geometry":{"type":"MultiLineString","coordinates":[[[-3.595797,50.832829],[-3.596009,50.83192],[-3.596,50.831555]],[[-3.592945,50.836304],[-3.593287,50.836074],[-3.593481,50.835946]],[[-3.588796,50.841469],[-3.589923,50.841063],[-3.590268,50.840862],[-3.590437,50.840746],[-3.592276,50.839872],[-3.593009,50.839754]],[[-3.569362,50.842719],[-3.570525,50.842821],[-3.572596,50.842609],[-3.575256,50.842855],[-3.57749,50.842835],[-3.577994,50.842665]],[[-3.594579,50.830141],[-3.594432,50.829887]],[[-3.605049,50.790151],[-3.605158,50.789899],[-3.605416,50.789347],[-3.605304,50.789111],[-3.605712,50.788674],[-3.606268,50.788061],[-3.606429,50.787902],[-3.606745,50.787674],[-3.606917,50.787233],[-3.607354,50.786827],[-3.607542,50.786079],[-3.607497,50.78569],[-3.60642,50.785158],[-3.605783,50.784321],[-3.606245,50.783598],[-3.606037,50.782936],[-3.60596,50.782249],[-3.605572,50.781459]],[[-3.59475,50.833847],[-3.595149,50.833446],[-3.595507,50.833112],[-3.595797,50.832829]],[[-3.569342,50.842926],[-3.56936,50.842834]],[[-3.593481,50.835946],[-3.593459,50.8358],[-3.593477,50.835301],[-3.59475,50.833847]],[[-3.604821,50.819222],[-3.605126,50.818685]],[[-3.605572,50.781459],[-3.604762,50.780795],[-3.604352,50.780462],[-3.603563,50.779749]],[[-3.601739,50.799764],[-3.602157,50.799226],[-3.60244,50.798742],[-3.602897,50.798221]],[[-3.595921,50.824412],[-3.596121,50.823936],[-3.596871,50.823561],[-3.596873,50.823407],[-3.59733,50.823069],[-3.598021,50.822408],[-3.598709,50.82208],[-3.598771,50.821514],[-3.599135,50.821256],[-3.599982,50.820545],[-3.601112,50.820498],[-3.60181,50.819991],[-3.602937,50.819734],[-3.602911,50.819527],[-3.603932,50.819467],[-3.604821,50.819222]],[[-3.602435,50.797035],[-3.601937,50.795972],[-3.601362,50.795782],[-3.60137,50.795237],[-3.601442,50.795153]],[[-3.593187,50.839681],[-3.593614,50.839072],[-3.594155,50.838611],[-3.593873,50.837984]],[[-3.594432,50.829887],[-3.594493,50.827845]],[[-3.607546,50.812511],[-3.607709,50.812234],[-3.607214,50.811436],[-3.607224,50.811321],[-3.607014,50.811203],[-3.606908,50.811014],[-3.607095,50.810901],[-3.606872,50.810806],[-3.607019,50.810355],[-3.60722,50.810156],[-3.606887,50.809905],[-3.607222,50.809838],[-3.606831,50.809487],[-3.606885,50.809405]],[[-3.593009,50.839754],[-3.593187,50.839681]],[[-3.601442,50.795153],[-3.601885,50.794572],[-3.601965,50.793887],[-3.602562,50.793636],[-3.602518,50.793504],[-3.602659,50.792381],[-3.602742,50.792116],[-3.603193,50.791124],[-3.604239,50.791192],[-3.604331,50.791063]],[[-3.605126,50.818685],[-3.60516,50.818487],[-3.605669,50.817766],[-3.605651,50.817624],[-3.605918,50.817221],[-3.606398,50.816576],[-3.606707,50.816089],[-3.606659,50.815979],[-3.606915,50.815587],[-3.607105,50.814988]],[[-3.577994,50.842665],[-3.579802,50.84277],[-3.581296,50.841962],[-3.581331,50.841796]],[[-3.586655,50.841799],[-3.588796,50.841469]],[[-3.596739,50.826351],[-3.596501,50.825658],[-3.596302,50.825214],[-3.596197,50.825044],[-3.596076,50.824828],[-3.595921,50.824412]],[[-3.602897,50.798221],[-3.602938,50.797804],[-3.602761,50.797193],[-3.602435,50.797035]],[[-3.607105,50.814988],[-3.607574,50.814308],[-3.607438,50.813847],[-3.607608,50.812577],[-3.607546,50.812511]],[[-3.56936,50.842834],[-3.569362,50.842719]],[[-3.569104,50.843147],[-3.569342,50.842926]],[[-3.582751,50.841653],[-3.583158,50.841901],[-3.585515,50.8419],[-3.586655,50.841799]],[[-3.602619,50.80129],[-3.602246,50.800931],[-3.601989,50.80049],[-3.602242,50.800193],[-3.602073,50.80001],[-3.601739,50.799764]],[[-3.596,50.831555],[-3.595748,50.830967],[-3.595606,50.830867],[-3.595063,50.830462],[-3.594579,50.830141]],[[-3.581331,50.841796],[-3.582001,50.841695],[-3.582213,50.841669],[-3.582751,50.841653]],[[-3.593873,50.837984],[-3.593254,50.837017],[-3.592945,50.836304]],[[-3.604169,50.806092],[-3.604201,50.805678],[-3.603612,50.805219],[-3.603269,50.804753],[-3.602756,50.804456],[-3.60276,50.804178],[-3.602798,50.803837],[-3.602733,50.802925],[-3.602577,50.802379],[-3.602688,50.801425],[-3.602619,50.80129]],[[-3.604331,50.791063],[-3.604836,50.790609],[-3.605049,50.790151]],[[-3.606885,50.809405],[-3.606712,50.808818],[-3.606173,50.808671],[-3.606067,50.808339],[-3.605281,50.807944],[-3.604964,50.807531],[-3.604834,50.807228],[-3.605141,50.806904]],[[-3.604892,50.806765],[-3.604169,50.806092]],[[-3.595454,50.827123],[-3.596739,50.826351]],[[-3.605141,50.806904],[-3.604892,50.806765]],[[-3.594493,50.827845],[-3.595454,50.827123]]]},"properties":{"WB_CAT":"River","RBD_ID":"8","MNCAT_NAME":"Devon East","RBD_NAME":"South West","OPCAT_ID":"3114","hydromorph":"not designated artificial or heavily modified","MANCAT_ID":"3033","url":"/catchment-planning/WaterBody/GB108045009100","OPCAT_NAME":"Creedy and West Exe","WB_ID":"GB108045009100","version":"2","WB_NAME":"Shobrooke Lake"}},{"type":"Feature","geometry":{"type":"MultiLineString","coordinates":[[[-3.686216,50.737907],[-3.685874,50.738107]],[[-3.710059,50.725751],[-3.709792,50.725507],[-3.708368,50.725758]],[[-3.698596,50.728134],[-3.69801,50.728671]],[[-3.704141,50.72686],[-3.703455,50.727034]],[[-3.682607,50.750279],[-3.681556,50.750081],[-3.680453,50.750122],[-3.680348,50.750301]],[[-3.689945,50.733655],[-3.689697,50.73515],[-3.689467,50.735925]],[[-3.697917,50.728759],[-3.697554,50.728977]],[[-3.667833,50.765773],[-3.667216,50.765863],[-3.666726,50.76586],[-3.66668,50.766222],[-3.665828,50.766415],[-3.666057,50.766872],[-3.665117,50.768103],[-3.664372,50.767994],[-3.663054,50.768643],[-3.662659,50.768573],[-3.662077,50.769124],[-3.661511,50.7691],[-3.662036,50.769601],[-3.6609,50.769631],[-3.660315,50.770113],[-3.659551,50.77046]],[[-3.68634,50.748211],[-3.683777,50.749813],[-3.682607,50.750279]],[[-3.708368,50.725758],[-3.708073,50.725777],[-3.706078,50.726074],[-3.705887,50.72615],[-3.704141,50.72686]],[[-3.676518,50.755736],[-3.676024,50.755996]],[[-3.689467,50.735925],[-3.688917,50.735928],[-3.688746,50.735994]],[[-3.680348,50.750301],[-3.679322,50.750521],[-3.677794,50.751149],[-3.677583,50.752722],[-3.677883,50.753473]],[[-3.697554,50.728977],[-3.695376,50.730103],[-3.693594,50.73066],[-3.69142,50.732129],[-3.690541,50.733264],[-3.689945,50.733655]],[[-3.67798,50.753791],[-3.678262,50.754098],[-3.678067,50.754304],[-3.678374,50.754403],[-3.677942,50.754735],[-3.677415,50.75527],[-3.677116,50.755381],[-3.676518,50.755736]],[[-3.668231,50.765115],[-3.667979,50.765396]],[[-3.673965,50.759803],[-3.67343,50.759978],[-3.673596,50.760469],[-3.673432,50.760575],[-3.672985,50.760695],[-3.672516,50.761143],[-3.672821,50.761566],[-3.672725,50.761876],[-3.672203,50.762149],[-3.671891,50.762438],[-3.671743,50.762821],[-3.671571,50.763025]],[[-3.667979,50.765396],[-3.667781,50.765432]],[[-3.688746,50.735994],[-3.687489,50.737112],[-3.687156,50.737486],[-3.686216,50.737907]],[[-3.659551,50.77046],[-3.658452,50.770619],[-3.657339,50.770749],[-3.656645,50.771941],[-3.655687,50.772466]],[[-3.703455,50.727034],[-3.698596,50.728134]],[[-3.685874,50.738107],[-3.685765,50.738343],[-3.685828,50.738501],[-3.685563,50.738832],[-3.686055,50.738932],[-3.68671,50.739762],[-3.687108,50.74],[-3.68734,50.740348],[-3.688036,50.740646],[-3.688384,50.741091],[-3.688707,50.741185],[-3.689003,50.741986],[-3.688773,50.742202],[-3.687951,50.742372],[-3.687593,50.742374],[-3.687007,50.742554],[-3.686662,50.742931],[-3.687133,50.743221],[-3.686898,50.74343]],[[-3.686898,50.74343],[-3.68595,50.743878],[-3.685918,50.74409],[-3.685934,50.745144],[-3.686244,50.745735],[-3.686091,50.745801],[-3.686368,50.746016],[-3.686074,50.746386],[-3.68645,50.746854],[-3.686128,50.746933],[-3.686553,50.747377],[-3.686121,50.747589],[-3.68634,50.748211]],[[-3.676024,50.755996],[-3.675399,50.75622],[-3.675429,50.756561],[-3.675065,50.756522],[-3.675065,50.756764],[-3.675315,50.756995],[-3.674683,50.75711],[-3.674926,50.757569],[-3.674532,50.757639],[-3.674253,50.757672],[-3.674522,50.757968],[-3.673897,50.758123],[-3.673766,50.758488],[-3.67364,50.758755],[-3.673354,50.758924],[-3.674028,50.759599],[-3.673965,50.759803]],[[-3.671571,50.763025],[-3.67097,50.763776]],[[-3.714875,50.722481],[-3.713564,50.723579],[-3.712504,50.723935],[-3.712227,50.724313],[-3.711148,50.725112],[-3.710097,50.725393],[-3.709846,50.725541],[-3.710059,50.725751]],[[-3.653511,50.775219],[-3.653226,50.775397],[-3.652518,50.775463],[-3.652666,50.775844],[-3.653227,50.775955],[-3.65342,50.776554],[-3.65333,50.776736],[-3.652871,50.776901],[-3.653216,50.777316],[-3.653026,50.777552],[-3.653098,50.777757],[-3.652687,50.777851],[-3.652924,50.778768],[-3.652179,50.779465]],[[-3.667781,50.765432],[-3.667673,50.765666],[-3.667833,50.765773]],[[-3.655687,50.772466],[-3.65502,50.77338],[-3.654685,50.773976],[-3.654311,50.774321],[-3.653511,50.775219]],[[-3.677883,50.753473],[-3.67798,50.753791]],[[-3.67097,50.763776],[-3.670691,50.764081],[-3.669484,50.764508],[-3.668104,50.764951],[-3.668231,50.765115]],[[-3.69801,50.728671],[-3.697917,50.728759]]]},"properties":{"WB_CAT":"River","RBD_ID":"8","MNCAT_NAME":"Devon East","RBD_NAME":"South West","OPCAT_ID":"3114","hydromorph":"not designated artificial or heavily modified","MANCAT_ID":"3033","url":"/catchment-planning/WaterBody/GB108045009220","OPCAT_NAME":"Creedy and West Exe","WB_ID":"GB108045009220","version":"2","WB_NAME":"Culvery River"}},{"type":"Feature","geometry":{"type":"MultiLineString","coordinates":[[[-3.713625,50.759465],[-3.713025,50.760639],[-3.712624,50.760989]],[[-3.714073,50.753029],[-3.713183,50.753655],[-3.712408,50.754483],[-3.712604,50.756336],[-3.712651,50.756467],[-3.71308,50.757171]],[[-3.731694,50.729649],[-3.730296,50.730184],[-3.729688,50.731022]],[[-3.729159,50.73129],[-3.728368,50.731748],[-3.727017,50.732378],[-3.726392,50.732809]],[[-3.722755,50.739341],[-3.721725,50.73956],[-3.720785,50.740166],[-3.720574,50.740534],[-3.719872,50.740911],[-3.719497,50.741364]],[[-3.71308,50.757171],[-3.713657,50.758046]],[[-3.718393,50.74269],[-3.718299,50.743047],[-3.717905,50.743305],[-3.717992,50.743415],[-3.717955,50.743648],[-3.718117,50.743873],[-3.71813,50.74424],[-3.717812,50.744541],[-3.717848,50.744677],[-3.717739,50.745033],[-3.717505,50.745534],[-3.717627,50.745879]],[[-3.71728,50.750144],[-3.717411,50.750499],[-3.71666,50.751492],[-3.71529,50.752183]],[[-3.71529,50.752183],[-3.71467,50.752597]],[[-3.719497,50.741364],[-3.71833,50.742621],[-3.718393,50.74269]],[[-3.732615,50.729182],[-3.731694,50.729649]],[[-3.72316,50.735133],[-3.722033,50.736361],[-3.721752,50.736738],[-3.722608,50.737907],[-3.723263,50.73858],[-3.723189,50.739187],[-3.722755,50.739341]],[[-3.710326,50.769847],[-3.71023,50.770027]],[[-3.726392,50.732809],[-3.725061,50.733557],[-3.723569,50.734659],[-3.72316,50.735133]],[[-3.713657,50.758046],[-3.713919,50.758855],[-3.713725,50.75906],[-3.713625,50.759465]],[[-3.733497,50.728821],[-3.732615,50.729182]],[[-3.729688,50.731022],[-3.729159,50.73129]],[[-3.71467,50.752597],[-3.714387,50.752809],[-3.714073,50.753029]],[[-3.740054,50.727435],[-3.739019,50.727756],[-3.734915,50.728799],[-3.733497,50.728821]],[[-3.71023,50.770027],[-3.710402,50.770216],[-3.710087,50.770806],[-3.71018,50.771299],[-3.709746,50.771878],[-3.709884,50.772362],[-3.709404,50.773153],[-3.709124,50.773789],[-3.709724,50.774624],[-3.709713,50.77473],[-3.709654,50.774847]],[[-3.712624,50.760989],[-3.712283,50.761956],[-3.712047,50.762879],[-3.712027,50.763558],[-3.711551,50.76382]],[[-3.717627,50.745879],[-3.717,50.746414],[-3.716663,50.746669],[-3.716791,50.746919]],[[-3.716791,50.746919],[-3.716409,50.747738],[-3.717059,50.749047],[-3.717203,50.749828],[-3.71728,50.750144]],[[-3.711536,50.764639],[-3.711148,50.764859],[-3.710851,50.765091],[-3.710958,50.765391],[-3.710673,50.765441],[-3.710617,50.765801],[-3.71031,50.766127],[-3.710676,50.766306],[-3.710378,50.766814],[-3.710335,50.767027],[-3.710216,50.767143],[-3.71036,50.767294],[-3.709976,50.767543],[-3.710233,50.768057],[-3.710259,50.768253],[-3.710239,50.76848],[-3.710416,50.769682],[-3.710326,50.769847]],[[-3.711551,50.76382],[-3.71157,50.764432],[-3.711536,50.764639]]]},"properties":{"WB_CAT":"River","RBD_ID":"8","MNCAT_NAME":"Devon East","RBD_NAME":"South West","OPCAT_ID":"3114","hydromorph":"not designated artificial or heavily modified","MANCAT_ID":"3033","url":"/catchment-planning/WaterBody/GB108045009230","OPCAT_NAME":"Creedy and West Exe","WB_ID":"GB108045009230","version":"2","WB_NAME":"Ford Brook (EXE)"}},{"type":"Feature","geometry":{"type":"MultiLineString","coordinates":[[[-3.783776,50.739845],[-3.783752,50.740654],[-3.783475,50.741067]],[[-3.7606,50.756688],[-3.758681,50.757509],[-3.758385,50.757867],[-3.758041,50.758172],[-3.757879,50.758213]],[[-3.724449,50.776821],[-3.724016,50.776496]],[[-3.757879,50.758213],[-3.757226,50.759035],[-3.757135,50.759253]],[[-3.757135,50.759253],[-3.756331,50.759286],[-3.75606,50.759408],[-3.755231,50.759652],[-3.754461,50.759832],[-3.754338,50.759934],[-3.753925,50.759939],[-3.753539,50.760041],[-3.752982,50.759933],[-3.752111,50.760083],[-3.750821,50.760459],[-3.750601,50.760536]],[[-3.777104,50.750673],[-3.776292,50.751265],[-3.776085,50.751529],[-3.775069,50.751971],[-3.774073,50.752612],[-3.773866,50.752914],[-3.773402,50.753108],[-3.773031,50.753286],[-3.772777,50.753084],[-3.771835,50.753465],[-3.770282,50.753721],[-3.769212,50.753489],[-3.76822,50.753514],[-3.767746,50.753832],[-3.767364,50.753828],[-3.766102,50.753855],[-3.765815,50.753804],[-3.765155,50.753847]],[[-3.785513,50.737058],[-3.785282,50.737485],[-3.784752,50.737787]],[[-3.784752,50.737787],[-3.783987,50.738061],[-3.784032,50.738586],[-3.78384,50.738905]],[[-3.765155,50.753847],[-3.765268,50.75405],[-3.764866,50.75438],[-3.764608,50.754561],[-3.763655,50.754893],[-3.763084,50.755255],[-3.762816,50.75567],[-3.761739,50.756284],[-3.760877,50.756356],[-3.7606,50.756688]],[[-3.782927,50.748083],[-3.78225,50.748552],[-3.781877,50.748826],[-3.781631,50.748997],[-3.781186,50.749186],[-3.780926,50.749286],[-3.780776,50.749408]],[[-3.820449,50.724236],[-3.820239,50.724229]],[[-3.811464,50.726178],[-3.810874,50.726177]],[[-3.790059,50.733833],[-3.789924,50.734242],[-3.789557,50.734261],[-3.789329,50.734462]],[[-3.725976,50.776149],[-3.724449,50.776821]],[[-3.739841,50.765829],[-3.739761,50.765954],[-3.739242,50.76641],[-3.738695,50.767061],[-3.738695,50.76721]],[[-3.787946,50.735223],[-3.787334,50.735794],[-3.787093,50.736089],[-3.786167,50.736823],[-3.785799,50.736907],[-3.785659,50.736991],[-3.785513,50.737058]],[[-3.804151,50.727712],[-3.80266,50.727568],[-3.801752,50.727728],[-3.799683,50.728017],[-3.799401,50.728298],[-3.798745,50.728463],[-3.797386,50.729],[-3.796794,50.728965],[-3.795841,50.729382],[-3.795229,50.729459]],[[-3.820239,50.724229],[-3.818954,50.724262],[-3.817788,50.724559],[-3.816462,50.724767],[-3.816014,50.724863]],[[-3.738695,50.76721],[-3.739086,50.767262],[-3.739242,50.767271]],[[-3.749583,50.761274],[-3.747723,50.761879],[-3.747453,50.761924],[-3.746769,50.762025],[-3.745238,50.761906],[-3.744613,50.762271],[-3.744121,50.762571],[-3.74377,50.762924],[-3.742539,50.763748],[-3.741809,50.764284],[-3.740533,50.765233],[-3.740293,50.765445]],[[-3.780776,50.749408],[-3.780314,50.749719],[-3.779336,50.749762],[-3.778815,50.750098],[-3.778256,50.75029]],[[-3.825507,50.723181],[-3.823074,50.723468],[-3.822374,50.723522]],[[-3.750601,50.760536],[-3.749947,50.76089],[-3.749734,50.761259],[-3.749583,50.761274]],[[-3.724016,50.776496],[-3.723473,50.776552],[-3.722646,50.776632],[-3.72119,50.77643]],[[-3.783475,50.741067],[-3.783204,50.741215]],[[-3.740293,50.765445],[-3.740154,50.765559],[-3.739841,50.765829]],[[-3.737139,50.770065],[-3.737018,50.77047],[-3.736584,50.770648],[-3.736169,50.771321],[-3.735201,50.772033],[-3.735487,50.772133],[-3.734637,50.772885],[-3.7342,50.773256],[-3.734531,50.773395],[-3.733767,50.773879],[-3.733963,50.77397],[-3.733374,50.774282],[-3.73307,50.774302]],[[-3.837766,50.721873],[-3.83632,50.722029],[-3.83412,50.722023],[-3.833089,50.721944],[-3.831185,50.72215],[-3.828131,50.722284],[-3.826863,50.722603],[-3.826091,50.723001],[-3.825507,50.723181]],[[-3.816014,50.724863],[-3.814904,50.725432]],[[-3.739242,50.767271],[-3.738732,50.767961],[-3.738395,50.768265],[-3.738464,50.768633],[-3.738456,50.768931],[-3.738756,50.769277],[-3.738557,50.769487],[-3.737139,50.770065]],[[-3.718464,50.776173],[-3.718194,50.775589],[-3.71722,50.775695],[-3.716571,50.775583],[-3.716222,50.775082],[-3.716042,50.774974],[-3.716144,50.774647]],[[-3.783763,50.743291],[-3.783883,50.744469],[-3.78375,50.74455],[-3.783955,50.744839],[-3.784135,50.744828]],[[-3.784189,50.746065],[-3.783876,50.746611],[-3.783571,50.746819],[-3.783421,50.747073],[-3.783118,50.747459],[-3.783157,50.747785],[-3.782927,50.748083]],[[-3.814904,50.725432],[-3.812577,50.725895],[-3.812244,50.72594],[-3.811464,50.726178]],[[-3.778256,50.75029],[-3.777717,50.750449],[-3.77769,50.750577],[-3.777104,50.750673]],[[-3.716144,50.774647],[-3.716034,50.774078],[-3.714586,50.774308],[-3.713825,50.773759],[-3.713191,50.773649],[-3.712413,50.773904],[-3.711655,50.773873],[-3.711333,50.774414],[-3.710493,50.77459],[-3.710562,50.774999],[-3.710179,50.775025],[-3.709918,50.774794],[-3.709654,50.774847]],[[-3.794655,50.729724],[-3.793807,50.730075],[-3.793758,50.73025],[-3.793352,50.730407],[-3.793095,50.730444]],[[-3.791191,50.73135],[-3.791154,50.731649],[-3.791082,50.73179],[-3.791065,50.73205],[-3.790875,50.732237],[-3.790501,50.732394],[-3.79045,50.732673],[-3.790457,50.733218],[-3.790278,50.733536],[-3.790059,50.733833]],[[-3.73307,50.774302],[-3.73295,50.774474],[-3.731005,50.775233],[-3.730702,50.775238],[-3.729896,50.775791],[-3.728398,50.775968],[-3.727053,50.775851],[-3.726787,50.776147],[-3.725976,50.776149]],[[-3.784135,50.744828],[-3.783954,50.745157],[-3.784084,50.745927],[-3.784189,50.746065]],[[-3.789329,50.734462],[-3.788733,50.734915],[-3.787946,50.735223]],[[-3.755568,50.7526],[-3.755772,50.753601],[-3.755725,50.75426],[-3.755802,50.754889],[-3.756494,50.755593],[-3.756476,50.755783],[-3.757011,50.756304],[-3.757348,50.757099],[-3.757377,50.757459],[-3.757879,50.758213]],[[-3.78384,50.738905],[-3.783725,50.739612],[-3.783776,50.739845]],[[-3.810874,50.726177],[-3.809377,50.726513],[-3.806848,50.727188],[-3.805804,50.727509],[-3.804151,50.727712]],[[-3.822374,50.723522],[-3.820449,50.724236]],[[-3.793095,50.730444],[-3.792887,50.730671],[-3.792569,50.730867],[-3.79216,50.730889],[-3.791666,50.73107],[-3.791191,50.73135]],[[-3.72119,50.77643],[-3.720066,50.77607],[-3.719452,50.776264],[-3.719051,50.776259],[-3.718464,50.776173]],[[-3.783204,50.741215],[-3.783324,50.741438],[-3.783304,50.741682],[-3.783203,50.741844],[-3.783731,50.742217],[-3.783763,50.743291]],[[-3.795229,50.729459],[-3.794655,50.729724]]]},"properties":{"WB_CAT":"River","RBD_ID":"8","MNCAT_NAME":"Devon East","RBD_NAME":"South West","OPCAT_ID":"3114","hydromorph":"not designated artificial or heavily modified","MANCAT_ID":"3033","url":"/catchment-planning/WaterBody/GB108045009240","OPCAT_NAME":"Creedy and West Exe","WB_ID":"GB108045009240","version":"2","WB_NAME":"Upper Yeo (Creedy)"}},{"type":"Feature","geometry":{"type":"MultiLineString","coordinates":[[[-3.842898,50.729854],[-3.841384,50.73066],[-3.839919,50.731041]],[[-3.786546,50.760388],[-3.785955,50.760374],[-3.78556,50.760274],[-3.784871,50.760268],[-3.784862,50.759964],[-3.78387,50.760082],[-3.783598,50.759997],[-3.783099,50.759906],[-3.782558,50.759851],[-3.781727,50.759881],[-3.781649,50.759781]],[[-3.816825,50.760771],[-3.814939,50.760167],[-3.814354,50.760056],[-3.813686,50.759831],[-3.81172,50.759264],[-3.81139,50.759186],[-3.810795,50.759017]],[[-3.823356,50.742874],[-3.823332,50.742987]],[[-3.798657,50.760487],[-3.798195,50.760454],[-3.797777,50.760285]],[[-3.804674,50.759206],[-3.804324,50.759264],[-3.803685,50.759567],[-3.803295,50.759858],[-3.802881,50.760043],[-3.802518,50.760314],[-3.802092,50.760212],[-3.801652,50.759953]],[[-3.837084,50.73182],[-3.835118,50.732326]],[[-3.835118,50.732326],[-3.834227,50.732743],[-3.833459,50.733253],[-3.832916,50.733351],[-3.832026,50.733862]],[[-3.766057,50.76354],[-3.764158,50.764008]],[[-3.788278,50.761267],[-3.787735,50.761373],[-3.787736,50.760949],[-3.787411,50.760632],[-3.786546,50.760388]],[[-3.870499,50.724953],[-3.868905,50.724937]],[[-3.756743,50.766271],[-3.756837,50.766359]],[[-3.797777,50.760285],[-3.797322,50.760039],[-3.79667,50.760095],[-3.796592,50.760203]],[[-3.75508,50.767726],[-3.75507,50.768071],[-3.75432,50.768816],[-3.753533,50.768941],[-3.751934,50.770184],[-3.751138,50.770521],[-3.750344,50.770919],[-3.749938,50.770793],[-3.749571,50.771009],[-3.749242,50.771325],[-3.749175,50.771545]],[[-3.822209,50.745289],[-3.821965,50.746545],[-3.821776,50.746988]],[[-3.821776,50.746988],[-3.821644,50.747478]],[[-3.818095,50.752753],[-3.817889,50.753012],[-3.817818,50.753262],[-3.817565,50.753419],[-3.817554,50.753986],[-3.81718,50.754183],[-3.817001,50.754806],[-3.816943,50.755048],[-3.816754,50.755157],[-3.816642,50.755399],[-3.816396,50.755648]],[[-3.796041,50.760505],[-3.795769,50.760624],[-3.795382,50.760565],[-3.794508,50.760731],[-3.794044,50.760851],[-3.793483,50.761043],[-3.792989,50.760984]],[[-3.77202,50.762023],[-3.77091,50.762105],[-3.769657,50.762313],[-3.769309,50.762361],[-3.768813,50.762229],[-3.768106,50.762302],[-3.768009,50.762199],[-3.767775,50.762533],[-3.767764,50.762723],[-3.767188,50.76288],[-3.766846,50.76298],[-3.766674,50.763125],[-3.766338,50.763109],[-3.766373,50.763395],[-3.766634,50.763571],[-3.766057,50.76354]],[[-3.832026,50.733862],[-3.830928,50.734219]],[[-3.854489,50.725491],[-3.854323,50.725561]],[[-3.779438,50.759864],[-3.778473,50.760227],[-3.778114,50.760405]],[[-3.781649,50.759781],[-3.780365,50.759783]],[[-3.739606,50.774236],[-3.73721,50.775209],[-3.736347,50.775575],[-3.736074,50.775777],[-3.735136,50.775973],[-3.733848,50.776093],[-3.733461,50.776493],[-3.73353,50.776735],[-3.733067,50.777024],[-3.732364,50.777933],[-3.73212,50.778115],[-3.731755,50.778312],[-3.731181,50.778604],[-3.730762,50.778842],[-3.730543,50.779078],[-3.730305,50.779262]],[[-3.855158,50.725129],[-3.855061,50.725148]],[[-3.824212,50.74065],[-3.823777,50.74112]],[[-3.837635,50.731689],[-3.837249,50.731792]],[[-3.778114,50.760405],[-3.777538,50.760319],[-3.777168,50.760704],[-3.775817,50.760575],[-3.775013,50.760896],[-3.774758,50.761059],[-3.774585,50.761117]],[[-3.827209,50.736657],[-3.827156,50.736915],[-3.826895,50.737317],[-3.826346,50.738108]],[[-3.792989,50.760984],[-3.792704,50.761458],[-3.792233,50.761406],[-3.791945,50.761219],[-3.791832,50.761463],[-3.791681,50.761448],[-3.791506,50.761594],[-3.791226,50.761386],[-3.790267,50.76184]],[[-3.796146,50.760431],[-3.796041,50.760505]],[[-3.801652,50.759953],[-3.801355,50.759846],[-3.800833,50.760105],[-3.800623,50.760332],[-3.799829,50.760476],[-3.798657,50.760487]],[[-3.846219,50.728393],[-3.84619,50.728397]],[[-3.851105,50.727138],[-3.849345,50.727342],[-3.847783,50.727607],[-3.846401,50.728293],[-3.846219,50.728393]],[[-3.826346,50.738108],[-3.826271,50.738404],[-3.826184,50.738721]],[[-3.790267,50.76184],[-3.789998,50.761786],[-3.789041,50.76183],[-3.788791,50.761578],[-3.788441,50.761642],[-3.788278,50.761267]],[[-3.774585,50.761117],[-3.774387,50.761124],[-3.773956,50.761306],[-3.773947,50.761446]],[[-3.868905,50.724937],[-3.866502,50.724723],[-3.864426,50.724363]],[[-3.851612,50.72694],[-3.851105,50.727138]],[[-3.839919,50.731041],[-3.837635,50.731689]],[[-3.780365,50.759783],[-3.779438,50.759864]],[[-3.759972,50.765116],[-3.759838,50.765064]],[[-3.823332,50.742987],[-3.823143,50.743708],[-3.823078,50.744502],[-3.822738,50.744721]],[[-3.85296,50.726118],[-3.851612,50.72694]],[[-3.826184,50.738721],[-3.825216,50.739576],[-3.824662,50.74003],[-3.824212,50.74065]],[[-3.853177,50.726051],[-3.85296,50.726118]],[[-3.796592,50.760203],[-3.796464,50.760239]],[[-3.796464,50.760239],[-3.796146,50.760431]],[[-3.730305,50.779262],[-3.729915,50.779472]],[[-3.855061,50.725148],[-3.854489,50.725491]],[[-3.855433,50.725037],[-3.855158,50.725129]],[[-3.81849,50.752425],[-3.818095,50.752753]],[[-3.821644,50.747478],[-3.821475,50.748128],[-3.821399,50.748358],[-3.821419,50.748882],[-3.821449,50.749088],[-3.820737,50.749904],[-3.820415,50.749985],[-3.820206,50.750204],[-3.820005,50.750442]],[[-3.864426,50.724363],[-3.860754,50.724067],[-3.856324,50.724721],[-3.855433,50.725037]],[[-3.84619,50.728397],[-3.845731,50.728756],[-3.844936,50.729163],[-3.842965,50.729622],[-3.842898,50.729854]],[[-3.756837,50.766359],[-3.757014,50.766563],[-3.756246,50.766939],[-3.75633,50.767066],[-3.755679,50.767261],[-3.75508,50.767726]],[[-3.749175,50.771545],[-3.748534,50.771921],[-3.747921,50.772059],[-3.74827,50.772271],[-3.747549,50.772318]],[[-3.837249,50.731792],[-3.837084,50.73182]],[[-3.854323,50.725561],[-3.853177,50.726051]],[[-3.764158,50.764008],[-3.762613,50.764364],[-3.762172,50.764202],[-3.761876,50.764719],[-3.760257,50.764372],[-3.759663,50.764576],[-3.759972,50.765116]],[[-3.810795,50.759017],[-3.809782,50.759029],[-3.809391,50.758764],[-3.80894,50.758909],[-3.808673,50.75898],[-3.80849,50.758963],[-3.807615,50.759089],[-3.806778,50.759369],[-3.806471,50.759245],[-3.806251,50.759332],[-3.805682,50.759387],[-3.805448,50.759163],[-3.804674,50.759206]],[[-3.747549,50.772318],[-3.746395,50.772515],[-3.74536,50.772954],[-3.744883,50.773118],[-3.74439,50.77302],[-3.743951,50.773052],[-3.743519,50.772995],[-3.742924,50.773182],[-3.741777,50.773635],[-3.740987,50.773734],[-3.740509,50.773872],[-3.739606,50.774236]],[[-3.759838,50.765064],[-3.759383,50.765108],[-3.759219,50.765284],[-3.759155,50.765406],[-3.758851,50.765362],[-3.758129,50.765491],[-3.757721,50.765716],[-3.757599,50.765884],[-3.757391,50.765978],[-3.756743,50.766271]],[[-3.81338,50.757497],[-3.81251,50.757828],[-3.811907,50.758043],[-3.811732,50.758403],[-3.811769,50.758556],[-3.811006,50.758518],[-3.81109,50.758633],[-3.811137,50.758795],[-3.810803,50.758827],[-3.810795,50.759017]],[[-3.822738,50.744721],[-3.822209,50.745289]],[[-3.820005,50.750442],[-3.819314,50.750827],[-3.819482,50.75122],[-3.818775,50.751786],[-3.818553,50.752244],[-3.81849,50.752425]],[[-3.773947,50.761446],[-3.773438,50.761646],[-3.773195,50.761898],[-3.773076,50.762126],[-3.77202,50.762023]],[[-3.823777,50.74112],[-3.823925,50.741507],[-3.823729,50.742146],[-3.823697,50.742403],[-3.823595,50.742637],[-3.823514,50.742777],[-3.823356,50.742874]],[[-3.830928,50.734219],[-3.830038,50.735027],[-3.829789,50.735131],[-3.829208,50.73553],[-3.828274,50.735949],[-3.827209,50.736657]],[[-3.816396,50.755648],[-3.815693,50.756085],[-3.815728,50.756325],[-3.815414,50.75666],[-3.814753,50.756818],[-3.813695,50.757003],[-3.813431,50.757227],[-3.81338,50.757497]]]},"properties":{"WB_CAT":"River","RBD_ID":"8","MNCAT_NAME":"Devon East","RBD_NAME":"South West","OPCAT_ID":"3114","hydromorph":"not designated artificial or heavily modified","MANCAT_ID":"3033","url":"/catchment-planning/WaterBody/GB108045009270","OPCAT_NAME":"Creedy and West Exe","WB_ID":"GB108045009270","version":"2","WB_NAME":"Troney"}},{"type":"Feature","geometry":{"type":"MultiLineString","coordinates":[[[-3.688091,50.789498],[-3.687417,50.789446]],[[-3.691298,50.793799],[-3.690096,50.793412]],[[-3.699723,50.789736],[-3.69868,50.789806],[-3.698224,50.789874],[-3.696837,50.790014],[-3.69658,50.790039]],[[-3.685597,50.78997],[-3.686565,50.789351]],[[-3.617307,50.780458],[-3.615459,50.780614],[-3.612756,50.781545],[-3.612514,50.781747]],[[-3.700213,50.789765],[-3.699837,50.789736]],[[-3.680836,50.778301],[-3.679816,50.778437],[-3.67831,50.778827],[-3.675503,50.778939]],[[-3.694006,50.773761],[-3.693147,50.773896]],[[-3.633924,50.781152],[-3.632032,50.780716],[-3.630386,50.780617],[-3.628496,50.780385],[-3.627537,50.780288],[-3.625518,50.780171]],[[-3.69658,50.790039],[-3.696134,50.790046],[-3.69513,50.790139],[-3.694945,50.790164],[-3.692337,50.790301],[-3.689341,50.789787],[-3.688091,50.789498]],[[-3.645585,50.779251],[-3.643459,50.779534],[-3.641738,50.780083],[-3.64169,50.780147]],[[-3.709678,50.791047],[-3.706331,50.791042],[-3.703414,50.791184],[-3.701781,50.79074],[-3.700962,50.790364]],[[-3.666544,50.778505],[-3.664822,50.777702],[-3.663608,50.777756],[-3.662889,50.777708],[-3.662689,50.777793],[-3.662397,50.777887]],[[-3.690096,50.793412],[-3.689462,50.793335],[-3.68733,50.792357],[-3.687085,50.792169],[-3.685613,50.790798],[-3.68558,50.790582],[-3.685542,50.790358],[-3.685516,50.790207],[-3.685529,50.790048]],[[-3.685,50.782513],[-3.684582,50.781505],[-3.683343,50.780672],[-3.682399,50.779873],[-3.682244,50.779764],[-3.681462,50.779195],[-3.681723,50.778904],[-3.680836,50.778301]],[[-3.700762,50.775123],[-3.699928,50.774935],[-3.699458,50.773859],[-3.69793,50.773769],[-3.697522,50.773824],[-3.696769,50.773595],[-3.696266,50.773801],[-3.69506,50.773759],[-3.694006,50.773761]],[[-3.687417,50.789446],[-3.686565,50.789351]],[[-3.662397,50.777887],[-3.66166,50.778089],[-3.661471,50.778772],[-3.660701,50.778766],[-3.65966,50.778568],[-3.657893,50.778564],[-3.657456,50.778794],[-3.657594,50.779268],[-3.657811,50.779547]],[[-3.693147,50.773896],[-3.692303,50.774228],[-3.69175,50.774333],[-3.690388,50.774603],[-3.688149,50.774957],[-3.687393,50.775502],[-3.686339,50.775751],[-3.685692,50.775673],[-3.683732,50.776648],[-3.680929,50.777743],[-3.680832,50.77813]],[[-3.692361,50.794437],[-3.691298,50.793799]],[[-3.674856,50.77889],[-3.674465,50.77885]],[[-3.704015,50.794883],[-3.702518,50.795075],[-3.701753,50.795065],[-3.700641,50.795045],[-3.700354,50.79505],[-3.700162,50.795054],[-3.699907,50.795066],[-3.699548,50.79508],[-3.698141,50.795198],[-3.697539,50.795196],[-3.69731,50.795196],[-3.696728,50.795192],[-3.694054,50.794965],[-3.69346,50.794809],[-3.692361,50.794437]],[[-3.686565,50.789351],[-3.685426,50.788926],[-3.684344,50.788344],[-3.683558,50.787146],[-3.683392,50.786717],[-3.683335,50.786522]],[[-3.683335,50.786522],[-3.683388,50.786294],[-3.683496,50.785868],[-3.68422,50.784479],[-3.684918,50.782963],[-3.684982,50.782634],[-3.685,50.782513]],[[-3.618093,50.780609],[-3.617307,50.780458]],[[-3.672834,50.778878],[-3.671919,50.7783],[-3.671408,50.778229],[-3.670897,50.778249]],[[-3.703911,50.776882],[-3.702792,50.77694]],[[-3.674465,50.77885],[-3.672834,50.778878]],[[-3.685529,50.790048],[-3.685597,50.78997]],[[-3.680832,50.77813],[-3.680836,50.778301]],[[-3.636263,50.780731],[-3.633924,50.781152]],[[-3.625518,50.780171],[-3.62286,50.780332],[-3.622394,50.780412],[-3.621875,50.780531]],[[-3.621875,50.780531],[-3.618093,50.780609]],[[-3.657811,50.779547],[-3.656086,50.779659],[-3.655894,50.77975],[-3.654503,50.779691],[-3.653573,50.779351],[-3.652339,50.77951],[-3.652179,50.779465]],[[-3.70047,50.789944],[-3.700213,50.789765]],[[-3.709654,50.774847],[-3.708618,50.775211],[-3.708562,50.775724],[-3.708474,50.776063],[-3.707601,50.776323],[-3.70683,50.776162],[-3.706418,50.77611],[-3.706627,50.776588],[-3.706013,50.776655],[-3.705792,50.776923],[-3.705239,50.776928],[-3.704504,50.776893],[-3.703911,50.776882]],[[-3.670897,50.778249],[-3.669923,50.778155],[-3.668814,50.778311],[-3.666544,50.778505]],[[-3.64169,50.780147],[-3.641386,50.780697],[-3.639897,50.780719],[-3.639157,50.78035],[-3.638694,50.779579],[-3.637626,50.779959],[-3.636263,50.780731]],[[-3.675503,50.778939],[-3.674856,50.77889]],[[-3.702792,50.77694],[-3.701872,50.776159],[-3.701437,50.775997],[-3.700762,50.775123]],[[-3.700962,50.790364],[-3.70047,50.789944]],[[-3.699837,50.789736],[-3.699723,50.789736]],[[-3.652179,50.779465],[-3.651269,50.780025],[-3.650691,50.779498],[-3.650035,50.7795],[-3.647553,50.779569],[-3.647106,50.779325],[-3.646448,50.779122],[-3.645822,50.779236],[-3.645585,50.779251]]]},"properties":{"WB_CAT":"River","RBD_ID":"8","MNCAT_NAME":"Devon East","RBD_NAME":"South West","OPCAT_ID":"3114","hydromorph":"not designated artificial or heavily modified","MANCAT_ID":"3033","url":"/catchment-planning/WaterBody/GB108045009280","OPCAT_NAME":"Creedy and West Exe","WB_ID":"GB108045009280","version":"2","WB_NAME":"Lower Yeo (Creedy)"}},{"type":"Feature","geometry":{"type":"MultiLineString","coordinates":[[[-3.756075,50.803974],[-3.755559,50.803839],[-3.75406,50.803551],[-3.75365,50.803654],[-3.753264,50.803759],[-3.752057,50.803916],[-3.74825,50.804071]],[[-3.739841,50.789781],[-3.739121,50.789157],[-3.738576,50.788956],[-3.737927,50.788485],[-3.737169,50.788188],[-3.736607,50.787447],[-3.736197,50.787321],[-3.736098,50.786865],[-3.736209,50.786764]],[[-3.733783,50.783022],[-3.732913,50.782258],[-3.732775,50.781984],[-3.732512,50.781922],[-3.731082,50.78056],[-3.730575,50.78029],[-3.730574,50.780115],[-3.730468,50.77999],[-3.730194,50.7796],[-3.729915,50.779472]],[[-3.734207,50.783487],[-3.733783,50.783022]],[[-3.725659,50.777587],[-3.725487,50.777264],[-3.72434,50.776828]],[[-3.739982,50.799929],[-3.739996,50.799755],[-3.74006,50.79938]],[[-3.74006,50.79938],[-3.740619,50.798804],[-3.74188,50.798141],[-3.742001,50.797837],[-3.742078,50.797785]],[[-3.7421,50.797249],[-3.742096,50.795605]],[[-3.736209,50.786764],[-3.736098,50.786367]],[[-3.740542,50.790241],[-3.740073,50.789985],[-3.739841,50.789781]],[[-3.747205,50.804368],[-3.74697,50.804191],[-3.746755,50.804194],[-3.745467,50.804004],[-3.745112,50.803935],[-3.743592,50.803692],[-3.74312,50.803591],[-3.742129,50.80327]],[[-3.736098,50.786367],[-3.734858,50.785137],[-3.734279,50.784857],[-3.734103,50.784378],[-3.734308,50.784022]],[[-3.742078,50.797785],[-3.7421,50.797249]],[[-3.74251,50.793867],[-3.742323,50.793101]],[[-3.734308,50.784022],[-3.734207,50.783487]],[[-3.766279,50.806205],[-3.765804,50.805902],[-3.764337,50.805238],[-3.762836,50.804263],[-3.762178,50.803749],[-3.762004,50.80363],[-3.761311,50.803396],[-3.760417,50.803286],[-3.759648,50.803184],[-3.759296,50.803146]],[[-3.729915,50.779472],[-3.729004,50.779552],[-3.72859,50.778793],[-3.728461,50.778553],[-3.727419,50.77863],[-3.727132,50.778014],[-3.72587,50.777703],[-3.725659,50.777587]],[[-3.74825,50.804071],[-3.747205,50.804368]],[[-3.742129,50.80327],[-3.740928,50.802781]],[[-3.742096,50.795605],[-3.742417,50.793974],[-3.74251,50.793867]],[[-3.740928,50.802781],[-3.740313,50.80237],[-3.740264,50.802224],[-3.740224,50.802074],[-3.740192,50.801942],[-3.740151,50.80179],[-3.740116,50.801644],[-3.740073,50.801484],[-3.740044,50.80132],[-3.739981,50.800975],[-3.739972,50.80083],[-3.739964,50.800618],[-3.739982,50.799929]],[[-3.759296,50.803146],[-3.758429,50.803621],[-3.756583,50.804078],[-3.756075,50.803974]],[[-3.742323,50.793101],[-3.742217,50.792525],[-3.741894,50.792094],[-3.74154,50.79171],[-3.740771,50.790774],[-3.740623,50.790489],[-3.740542,50.790241]],[[-3.72434,50.776828],[-3.724016,50.776496]]]},"properties":{"WB_CAT":"River","RBD_ID":"8","MNCAT_NAME":"Devon East","RBD_NAME":"South West","OPCAT_ID":"3114","hydromorph":"not designated artificial or heavily modified","MANCAT_ID":"3033","url":"/catchment-planning/WaterBody/GB108045009290","OPCAT_NAME":"Creedy and West Exe","WB_ID":"GB108045009290","version":"2","WB_NAME":"Colebrook"}},{"type":"Feature","geometry":{"type":"MultiLineString","coordinates":[[[-3.625638,50.840284],[-3.626074,50.840083],[-3.626434,50.839693]],[[-3.625548,50.847129],[-3.625835,50.845969],[-3.62555,50.845066],[-3.625296,50.844712],[-3.625587,50.844102],[-3.624965,50.843694],[-3.624924,50.843411],[-3.624645,50.843276]],[[-3.626602,50.835951],[-3.626212,50.835276],[-3.625961,50.834825],[-3.627572,50.834361],[-3.629198,50.833889],[-3.629491,50.833731],[-3.630147,50.833742]],[[-3.606958,50.870856],[-3.607262,50.870451]],[[-3.612682,50.863737],[-3.612224,50.863217],[-3.611897,50.862828]],[[-3.607068,50.873717],[-3.606864,50.87369]],[[-3.630705,50.833361],[-3.630944,50.833261],[-3.631194,50.83296],[-3.632597,50.832147],[-3.63291,50.831931],[-3.633239,50.831851],[-3.633471,50.831694],[-3.633611,50.831444]],[[-3.611897,50.862828],[-3.611482,50.861944],[-3.611669,50.861747],[-3.611874,50.861378],[-3.613058,50.86062],[-3.614435,50.859638],[-3.615049,50.859164],[-3.615081,50.85827],[-3.614581,50.857879],[-3.614456,50.857261],[-3.614815,50.856489],[-3.615041,50.855964],[-3.615267,50.855188],[-3.615689,50.854926],[-3.615525,50.854834]],[[-3.615333,50.853455],[-3.61615,50.853116],[-3.617511,50.853075],[-3.618966,50.852793],[-3.62002,50.852449],[-3.620373,50.852517]],[[-3.615525,50.854834],[-3.615988,50.854493],[-3.615945,50.854335],[-3.615577,50.853603],[-3.615529,50.853493],[-3.615333,50.853455]],[[-3.622193,50.851539],[-3.622191,50.851295],[-3.622482,50.850682],[-3.622437,50.850328],[-3.622741,50.850017]],[[-3.624645,50.843276],[-3.624827,50.843006],[-3.624521,50.842691],[-3.624989,50.842547],[-3.62537,50.842505],[-3.624986,50.842225],[-3.625216,50.841933],[-3.624854,50.84193],[-3.624986,50.84167],[-3.625043,50.841561],[-3.624593,50.841288],[-3.624977,50.840788],[-3.625146,50.840447],[-3.6255,50.840317]],[[-3.611714,50.86557],[-3.61217,50.865052],[-3.612796,50.863945],[-3.612682,50.863737]],[[-3.60746,50.868497],[-3.6083,50.86822],[-3.609875,50.867814],[-3.610558,50.867596],[-3.610672,50.867277],[-3.610957,50.866618],[-3.611423,50.865528],[-3.611714,50.86557]],[[-3.607262,50.870451],[-3.607198,50.868956],[-3.607469,50.868567],[-3.60746,50.868497]],[[-3.607232,50.874204],[-3.607068,50.873717]],[[-3.64359,50.828258],[-3.643991,50.828578],[-3.644605,50.828481],[-3.644719,50.82847]],[[-3.592024,50.886899],[-3.594045,50.886711]],[[-3.599853,50.885941],[-3.6008,50.885633],[-3.602101,50.884827],[-3.602929,50.883902],[-3.602285,50.883207],[-3.602001,50.882748],[-3.601772,50.88188],[-3.602361,50.880638]],[[-3.6255,50.840317],[-3.625638,50.840284]],[[-3.587197,50.88699],[-3.590346,50.886821],[-3.592024,50.886899]],[[-3.645084,50.828148],[-3.645881,50.827959],[-3.645937,50.827094],[-3.6459,50.826931],[-3.646309,50.826815],[-3.646612,50.82616],[-3.647357,50.826137],[-3.647997,50.825829],[-3.648363,50.825848],[-3.648591,50.825285],[-3.648907,50.825293],[-3.649038,50.824812],[-3.649645,50.824903],[-3.650269,50.82481],[-3.65061,50.824609],[-3.650906,50.824523],[-3.651327,50.823894],[-3.651747,50.823685],[-3.65225,50.823352],[-3.652676,50.823351],[-3.652586,50.822993],[-3.654413,50.822743],[-3.654745,50.822858],[-3.655166,50.822767],[-3.655747,50.822879]],[[-3.626434,50.839693],[-3.626927,50.83907]],[[-3.60335,50.879223],[-3.605102,50.878373],[-3.607484,50.877093],[-3.607647,50.876918],[-3.607589,50.876685],[-3.60868,50.876056],[-3.608666,50.875462],[-3.607758,50.874569],[-3.607232,50.874204]],[[-3.620373,50.852517],[-3.620779,50.852353],[-3.621464,50.852139],[-3.621838,50.851856],[-3.622193,50.851539]],[[-3.634053,50.8305],[-3.634671,50.830187],[-3.635146,50.830176],[-3.635616,50.829837],[-3.637217,50.828843],[-3.63802,50.828963],[-3.639559,50.828911],[-3.639799,50.828856],[-3.640525,50.828723],[-3.640889,50.828652],[-3.641637,50.82855],[-3.642341,50.828496],[-3.642835,50.828439],[-3.643432,50.828189],[-3.64359,50.828258]],[[-3.606864,50.87369],[-3.606249,50.872602],[-3.60652,50.87172],[-3.606707,50.871128],[-3.606958,50.870856]],[[-3.602361,50.880638],[-3.60253,50.879968],[-3.602728,50.87956],[-3.60335,50.879223]],[[-3.644719,50.82847],[-3.644958,50.828169],[-3.645084,50.828148]],[[-3.594045,50.886711],[-3.596042,50.886454],[-3.597571,50.8863],[-3.599031,50.886162],[-3.599853,50.885941]],[[-3.633611,50.831444],[-3.63376,50.830609],[-3.634053,50.8305]],[[-3.622741,50.850017],[-3.623075,50.849597],[-3.623301,50.84915],[-3.624255,50.848537],[-3.624222,50.848131],[-3.624354,50.847648],[-3.624646,50.847872],[-3.62511,50.846966],[-3.625548,50.847129]],[[-3.626927,50.83907],[-3.627227,50.838964],[-3.627095,50.838392],[-3.627024,50.838057],[-3.627267,50.837697],[-3.626586,50.836864],[-3.626413,50.836679],[-3.62665,50.836465],[-3.626452,50.836072],[-3.626602,50.835951]],[[-3.630147,50.833742],[-3.630705,50.833361]]]},"properties":{"WB_CAT":"River","RBD_ID":"8","MNCAT_NAME":"Devon East","RBD_NAME":"South West","OPCAT_ID":"3114","hydromorph":"not designated artificial or heavily modified","MANCAT_ID":"3033","url":"/catchment-planning/WaterBody/GB108045014900","OPCAT_NAME":"Creedy and West Exe","WB_ID":"GB108045014900","version":"2","WB_NAME":"Holly Water"}},{"type":"Feature","geometry":{"type":"MultiLineString","coordinates":[[[-3.668065,50.851189],[-3.667947,50.850884],[-3.668282,50.850625],[-3.667777,50.850388],[-3.66817,50.850203],[-3.668656,50.850022],[-3.668828,50.8497],[-3.668576,50.849659],[-3.668923,50.849281],[-3.66875,50.849168],[-3.66897,50.848838],[-3.669129,50.848767]],[[-3.613141,50.896424],[-3.615245,50.896523],[-3.616764,50.896179],[-3.617031,50.896157],[-3.618827,50.896072],[-3.619026,50.896052],[-3.623001,50.895629]],[[-3.668665,50.848435],[-3.668787,50.848305]],[[-3.673268,50.831191],[-3.673616,50.830831],[-3.673689,50.830746]],[[-3.658457,50.863887],[-3.658759,50.863845]],[[-3.640397,50.883033],[-3.640715,50.881477],[-3.640612,50.880893]],[[-3.671764,50.829866],[-3.671424,50.8302],[-3.670958,50.830392],[-3.670506,50.83007],[-3.67035,50.830026]],[[-3.673339,50.846283],[-3.674356,50.846235],[-3.674696,50.846365]],[[-3.628866,50.891305],[-3.630506,50.890811],[-3.632349,50.890355],[-3.632634,50.890159],[-3.633269,50.890013],[-3.634873,50.889754],[-3.63553,50.889255]],[[-3.654104,50.873665],[-3.654889,50.873292],[-3.655219,50.872585]],[[-3.715343,50.864153],[-3.712956,50.863989],[-3.712085,50.863817],[-3.711515,50.863511]],[[-3.723887,50.863962],[-3.723175,50.864192],[-3.721877,50.864117]],[[-3.656817,50.870815],[-3.657086,50.870146],[-3.657914,50.86925],[-3.658162,50.868717],[-3.658716,50.868224],[-3.65905,50.868005],[-3.659502,50.8673],[-3.659362,50.866806],[-3.659003,50.866625],[-3.658857,50.865879]],[[-3.729524,50.866756],[-3.729058,50.866485],[-3.728905,50.866407]],[[-3.674696,50.846365],[-3.675163,50.846223],[-3.675243,50.845914],[-3.675748,50.845993],[-3.676071,50.845875],[-3.676614,50.845704],[-3.676206,50.845507],[-3.676189,50.845296],[-3.677124,50.844705],[-3.676935,50.844663],[-3.676723,50.84421],[-3.676393,50.844126],[-3.676285,50.843578],[-3.676455,50.84325],[-3.676659,50.843248],[-3.676402,50.842929],[-3.676872,50.842673],[-3.677107,50.842793]],[[-3.637526,50.885703],[-3.638799,50.884821],[-3.639555,50.884493],[-3.639845,50.884279]],[[-3.667511,50.852321],[-3.667062,50.851743],[-3.667552,50.85122],[-3.668065,50.851189]],[[-3.655588,50.823543],[-3.655868,50.822964],[-3.655747,50.822879]],[[-3.667804,50.829161],[-3.667101,50.829175],[-3.666709,50.829136],[-3.666022,50.829024],[-3.665295,50.828339],[-3.664235,50.828367],[-3.663794,50.828102],[-3.663429,50.828221],[-3.663033,50.82812],[-3.662892,50.827978],[-3.661948,50.82796],[-3.661273,50.827944],[-3.661082,50.82777],[-3.660384,50.827564],[-3.659813,50.827528],[-3.659511,50.82731],[-3.659027,50.827215],[-3.658735,50.827031],[-3.658115,50.827223],[-3.657401,50.826503],[-3.657447,50.826154],[-3.657313,50.825682],[-3.657122,50.825299],[-3.656202,50.824861],[-3.656061,50.824302],[-3.655547,50.823806],[-3.655588,50.823543]],[[-3.668787,50.848305],[-3.669305,50.847994],[-3.669664,50.84745],[-3.669645,50.847187],[-3.67058,50.846831],[-3.671296,50.846524],[-3.671703,50.846638],[-3.672775,50.846648],[-3.673168,50.846476],[-3.673339,50.846283]],[[-3.693778,50.859993],[-3.693761,50.859964]],[[-3.623001,50.895629],[-3.624438,50.895308]],[[-3.662878,50.856009],[-3.663257,50.855448],[-3.663838,50.85523],[-3.664146,50.854935],[-3.664001,50.854828],[-3.664356,50.854705],[-3.664615,50.854505],[-3.664608,50.854311],[-3.664426,50.854147],[-3.665008,50.853868],[-3.665488,50.85393],[-3.665831,50.853244],[-3.665948,50.853093],[-3.665611,50.852946],[-3.666157,50.852694],[-3.666837,50.852642],[-3.667511,50.852321]],[[-3.693761,50.859964],[-3.693418,50.85958],[-3.693278,50.859349],[-3.69329,50.85911],[-3.693133,50.859105]],[[-3.669129,50.848767],[-3.668888,50.848627],[-3.668665,50.848435]],[[-3.641221,50.879814],[-3.642146,50.879174],[-3.643023,50.878032],[-3.644737,50.877517],[-3.645788,50.877701],[-3.646268,50.877767],[-3.647061,50.877603],[-3.647527,50.877528],[-3.647728,50.877412]],[[-3.674921,50.836381],[-3.674573,50.836204]],[[-3.669363,50.829601],[-3.668869,50.829329],[-3.667996,50.829197],[-3.667804,50.829161]],[[-3.662317,50.858546],[-3.663092,50.857915],[-3.663507,50.857632],[-3.663398,50.857228],[-3.663335,50.857133],[-3.663201,50.856454],[-3.662878,50.856009]],[[-3.655219,50.872585],[-3.655537,50.872181],[-3.656467,50.871296],[-3.656573,50.870985]],[[-3.709668,50.862496],[-3.709125,50.862294],[-3.708435,50.862043],[-3.707339,50.861847],[-3.70617,50.861722],[-3.704641,50.861831],[-3.704222,50.861695],[-3.702628,50.861878],[-3.702294,50.862042],[-3.701647,50.861833],[-3.700786,50.861718],[-3.699809,50.861522]],[[-3.686623,50.84933],[-3.686322,50.849281],[-3.684847,50.848858],[-3.684406,50.84858],[-3.684164,50.848633],[-3.683838,50.848495],[-3.683903,50.848043],[-3.683115,50.846853],[-3.682954,50.846606],[-3.683199,50.846461],[-3.682074,50.846154],[-3.681649,50.846316],[-3.680835,50.845573],[-3.680427,50.845343],[-3.679998,50.844927],[-3.679066,50.843606],[-3.679249,50.843512]],[[-3.648062,50.877426],[-3.648311,50.876991],[-3.649559,50.87592],[-3.649773,50.875447],[-3.651237,50.874808],[-3.652769,50.874653],[-3.654021,50.874008],[-3.654104,50.873665]],[[-3.674573,50.836204],[-3.674036,50.836222],[-3.673892,50.835676],[-3.674256,50.835158],[-3.674189,50.834946],[-3.674306,50.834743],[-3.673823,50.834751],[-3.673983,50.834167],[-3.674167,50.834011],[-3.67418,50.833842],[-3.674468,50.833741],[-3.674075,50.832797],[-3.673597,50.832672],[-3.673217,50.832128],[-3.673268,50.831191]],[[-3.63553,50.889255],[-3.636037,50.888148],[-3.635802,50.887329],[-3.636184,50.886583],[-3.637526,50.885703]],[[-3.725808,50.864795],[-3.724381,50.864406],[-3.723887,50.863962]],[[-3.693133,50.859105],[-3.692788,50.858886],[-3.692753,50.858553],[-3.693024,50.858257],[-3.69282,50.85788],[-3.692545,50.857659],[-3.693386,50.856699],[-3.693508,50.856429],[-3.693573,50.856186]],[[-3.699454,50.860942],[-3.697836,50.860549],[-3.697301,50.860643],[-3.696655,50.860488],[-3.695637,50.860331],[-3.694915,50.86024],[-3.694011,50.860107],[-3.693778,50.859993]],[[-3.658857,50.865879],[-3.658648,50.865349],[-3.658654,50.864832],[-3.658618,50.8646],[-3.658282,50.864541],[-3.658396,50.864302],[-3.658613,50.864176],[-3.658457,50.863887]],[[-3.67035,50.830026],[-3.669363,50.829601]],[[-3.693573,50.856186],[-3.693112,50.855766],[-3.692272,50.855458],[-3.692068,50.855057],[-3.691689,50.854981]],[[-3.673689,50.830746],[-3.672838,50.830503],[-3.672095,50.829874],[-3.671764,50.829866]],[[-3.639845,50.884279],[-3.640368,50.883371],[-3.640376,50.883191],[-3.640397,50.883033]],[[-3.699809,50.861522],[-3.69944,50.861099],[-3.699454,50.860942]],[[-3.624438,50.895308],[-3.625587,50.894238],[-3.625748,50.894098]],[[-3.721877,50.864117],[-3.720099,50.864032],[-3.719796,50.864071],[-3.719642,50.864213],[-3.718465,50.864227],[-3.716022,50.864127],[-3.715343,50.864153]],[[-3.728905,50.866407],[-3.728258,50.864931]],[[-3.658759,50.863845],[-3.65863,50.863453],[-3.659098,50.862946],[-3.658859,50.862499],[-3.659404,50.861934],[-3.660148,50.861156],[-3.660311,50.860832],[-3.6608,50.860039]],[[-3.679249,50.843512],[-3.67791,50.843254],[-3.677107,50.842793]],[[-3.711515,50.863511],[-3.710512,50.862796],[-3.709668,50.862496]],[[-3.688784,50.85118],[-3.687757,50.850757],[-3.68697,50.849465],[-3.686623,50.84933]],[[-3.656573,50.870985],[-3.656817,50.870815]],[[-3.677186,50.841747],[-3.677462,50.841695],[-3.677792,50.841576],[-3.677238,50.841194],[-3.677005,50.840957],[-3.677352,50.840844],[-3.676515,50.840738],[-3.676241,50.840928],[-3.676481,50.840218],[-3.677236,50.839667],[-3.677032,50.839203],[-3.677188,50.839029]],[[-3.677107,50.842793],[-3.677186,50.841747]],[[-3.625748,50.894098],[-3.6258,50.893932],[-3.626626,50.893596],[-3.627132,50.893206],[-3.627904,50.892592],[-3.628866,50.891305]],[[-3.728258,50.864931],[-3.725918,50.864811],[-3.725808,50.864795]],[[-3.647825,50.877408],[-3.648062,50.877426]],[[-3.647728,50.877412],[-3.647825,50.877408]],[[-3.677188,50.839029],[-3.677012,50.838815],[-3.676218,50.838588],[-3.676621,50.838194],[-3.67693,50.837816],[-3.676244,50.837584],[-3.675666,50.837603],[-3.675624,50.837284],[-3.675447,50.836991],[-3.675221,50.836919]],[[-3.6608,50.860039],[-3.661171,50.859803],[-3.661476,50.859467],[-3.661495,50.859344],[-3.662025,50.858954],[-3.662317,50.858546]],[[-3.691689,50.854981],[-3.691582,50.854558],[-3.691353,50.854583],[-3.691183,50.854283],[-3.691036,50.854044],[-3.691486,50.853794],[-3.691625,50.853408],[-3.69217,50.85287],[-3.69242,50.852444],[-3.69225,50.852181],[-3.692002,50.852157],[-3.692125,50.852028],[-3.691743,50.85164],[-3.691231,50.851582],[-3.691067,50.851413],[-3.690536,50.851503],[-3.690714,50.851666],[-3.689161,50.851268],[-3.688784,50.85118]],[[-3.675221,50.836919],[-3.675435,50.836686],[-3.674857,50.836535],[-3.674921,50.836381]],[[-3.640612,50.880893],[-3.641187,50.880023],[-3.641221,50.879814]]]},"properties":{"WB_CAT":"River","RBD_ID":"8","MNCAT_NAME":"Devon East","RBD_NAME":"South West","OPCAT_ID":"3114","hydromorph":"not designated artificial or heavily modified","MANCAT_ID":"3033","url":"/catchment-planning/WaterBody/GB108045014910","OPCAT_NAME":"Creedy and West Exe","WB_ID":"GB108045014910","version":"2","WB_NAME":"Upper Creedy"}}]}