{
"type": "FeatureCollection",
"name": "Exe_Bedrock",
"features": [
{ "type": "Feature", "properties": { "LEX": "PUND", "LEX_D": "PERMIAN ROCKS (UNDIFFERENTIATED)", "LEX_RCS": "PUND-MDSS", "RCS": "MDSS", "RCS_X": "MDST + SDST + SLST", "RCS_D": "MUDSTONE, SILTSTONE AND SANDSTONE", "RANK": "NOT APPLICABLE", "BED_EQ": null, "BED_EQ_D": null, "MB_EQ": null, "MB_EQ_D": null, "FM_EQ": null, "FM_EQ_D": null, "SUBGP_EQ": null, "SUBGP_EQ_D": null, "GP_EQ": null, "GP_EQ_D": null, "SUPGP_EQ": null, "SUPGP_EQ_D": null, "MAX_TIME_D": "PERMIAN", "MIN_TIME_D": "PERMIAN", "MAX_TIME_Y": 290000000, "MIN_TIME_Y": 248200000, "MAX_INDEX": 1319999, "MIN_INDEX": 1319999, "MAX_AGE": null, "MIN_AGE": null, "MAX_EPOCH": null, "MIN_EPOCH": null, "MAX_SUBPER": null, "MIN_SUBPER": null, "MAX_PERIOD": "PERMIAN", "MIN_PERIOD": "PERMIAN", "MAX_ERA": "PALAEOZOIC", "MIN_ERA": "PALAEOZOIC", "MAX_EON": "PHANEROZOIC", "MIN_EON": "PHANEROZOIC", "PREV_NAME": null, "BGSTYPE": "625k_BEDROCK", "LEX_RCS_I": "1319999_PUND-MDSS", "LEX_RCS_D": "PERMIAN ROCKS (UNDIFFERENTIATED) - MUDSTONE, SILTSTONE AND SANDSTONE", "MAP_CODE": "P3", "AGE_ONEGL": "PERMIAN", "BGSREF": 714, "BGSREF_LEX": 904, "BGSREF_FM": 904, "BGSREF_GP": 904, "BGSREF_RK": 633, "SHEET": "625k_V5_Bedrock", "VERSION": "5.17", "RELEASED": "11- 2-2008", "NOM_SCALE": "625000", "NOM_OS_YR": "2005 HC", "NOM_BGS_YR": "2007", "MSLINK": 17488 }, "geometry": { "type": "Polygon", "coordinates": [ [ [ -3.4783631, 50.7674733 ], [ -3.476771, 50.7698273 ], [ -3.4796596, 50.7702723 ], [ -3.4823533, 50.7706872 ], [ -3.4866732, 50.7707763 ], [ -3.4889504, 50.7685716 ], [ -3.4792642, 50.7675668 ], [ -3.4783631, 50.7674733 ] ] ] } },
{ "type": "Feature", "properties": { "LEX": "PUND", "LEX_D": "PERMIAN ROCKS (UNDIFFERENTIATED)", "LEX_RCS": "PUND-SCON", "RCS": "SCON", "RCS_X": "CONG + SDST", "RCS_D": "SANDSTONE AND CONGLOMERATE, INTERBEDDED", "RANK": "NOT APPLICABLE", "BED_EQ": null, "BED_EQ_D": null, "MB_EQ": null, "MB_EQ_D": null, "FM_EQ": null, "FM_EQ_D": null, "SUBGP_EQ": null, "SUBGP_EQ_D": null, "GP_EQ": null, "GP_EQ_D": null, "SUPGP_EQ": null, "SUPGP_EQ_D": null, "MAX_TIME_D": "PERMIAN", "MIN_TIME_D": "PERMIAN", "MAX_TIME_Y": 290000000, "MIN_TIME_Y": 248200000, "MAX_INDEX": 1319999, "MIN_INDEX": 1319999, "MAX_AGE": null, "MIN_AGE": null, "MAX_EPOCH": null, "MIN_EPOCH": null, "MAX_SUBPER": null, "MIN_SUBPER": null, "MAX_PERIOD": "PERMIAN", "MIN_PERIOD": "PERMIAN", "MAX_ERA": "PALAEOZOIC", "MIN_ERA": "PALAEOZOIC", "MAX_EON": "PHANEROZOIC", "MIN_EON": "PHANEROZOIC", "PREV_NAME": null, "BGSTYPE": "625k_BEDROCK", "LEX_RCS_I": "1319999_PUND-SCON", "LEX_RCS_D": "PERMIAN ROCKS (UNDIFFERENTIATED) - SANDSTONE AND CONGLOMERATE, INTERBEDDED", "MAP_CODE": "P1", "AGE_ONEGL": "PERMIAN", "BGSREF": 926, "BGSREF_LEX": 904, "BGSREF_FM": 904, "BGSREF_GP": 904, "BGSREF_RK": 430, "SHEET": "625k_V5_Bedrock", "VERSION": "5.17", "RELEASED": "11- 2-2008", "NOM_SCALE": "625000", "NOM_OS_YR": "2005 HC", "NOM_BGS_YR": "2007", "MSLINK": 17490 }, "geometry": { "type": "Polygon", "coordinates": [ [ [ -3.389888, 50.9662141 ], [ -3.3867328, 50.9676377 ], [ -3.3850596, 50.9689182 ], [ -3.3907783, 50.9693906 ], [ -3.395604, 50.9686126 ], [ -3.3992568, 50.9666785 ], [ -3.3952433, 50.9660955 ], [ -3.389888, 50.9662141 ] ] ] } },
{ "type": "Feature", "properties": { "LEX": "PUND", "LEX_D": "PERMIAN ROCKS (UNDIFFERENTIATED)", "LEX_RCS": "PUND-SCON", "RCS": "SCON", "RCS_X": "CONG + SDST", "RCS_D": "SANDSTONE AND CONGLOMERATE, INTERBEDDED", "RANK": "NOT APPLICABLE", "BED_EQ": null, "BED_EQ_D": null, "MB_EQ": null, "MB_EQ_D": null, "FM_EQ": null, "FM_EQ_D": null, "SUBGP_EQ": null, "SUBGP_EQ_D": null, "GP_EQ": null, "GP_EQ_D": null, "SUPGP_EQ": null, "SUPGP_EQ_D": null, "MAX_TIME_D": "PERMIAN", "MIN_TIME_D": "PERMIAN", "MAX_TIME_Y": 290000000, "MIN_TIME_Y": 248200000, "MAX_INDEX": 1319999, "MIN_INDEX": 1319999, "MAX_AGE": null, "MIN_AGE": null, "MAX_EPOCH": null, "MIN_EPOCH": null, "MAX_SUBPER": null, "MIN_SUBPER": null, "MAX_PERIOD": "PERMIAN", "MIN_PERIOD": "PERMIAN", "MAX_ERA": "PALAEOZOIC", "MIN_ERA": "PALAEOZOIC", "MAX_EON": "PHANEROZOIC", "MIN_EON": "PHANEROZOIC", "PREV_NAME": null, "BGSTYPE": "625k_BEDROCK", "LEX_RCS_I": "1319999_PUND-SCON", "LEX_RCS_D": "PERMIAN ROCKS (UNDIFFERENTIATED) - SANDSTONE AND CONGLOMERATE, INTERBEDDED", "MAP_CODE": "P1", "AGE_ONEGL": "PERMIAN", "BGSREF": 926, "BGSREF_LEX": 904, "BGSREF_FM": 904, "BGSREF_GP": 904, "BGSREF_RK": 430, "SHEET": "625k_V5_Bedrock", "VERSION": "5.17", "RELEASED": "11- 2-2008", "NOM_SCALE": "625000", "NOM_OS_YR": "2005 HC", "NOM_BGS_YR": "2007", "MSLINK": 17490 }, "geometry": { "type": "Polygon", "coordinates": [ [ [ -3.3751345, 50.9515656 ], [ -3.3743896, 50.9528086 ], [ -3.3736459, 50.9540495 ], [ -3.3724168, 50.9561002 ], [ -3.3749982, 50.9566101 ], [ -3.3772627, 50.9560431 ], [ -3.3830781, 50.9520294 ], [ -3.3802542, 50.951145 ], [ -3.3751345, 50.9515656 ] ] ] } },
{ "type": "Feature", "properties": { "LEX": "PUND", "LEX_D": "PERMIAN ROCKS (UNDIFFERENTIATED)", "LEX_RCS": "PUND-SCON", "RCS": "SCON", "RCS_X": "CONG + SDST", "RCS_D": "SANDSTONE AND CONGLOMERATE, INTERBEDDED", "RANK": "NOT APPLICABLE", "BED_EQ": null, "BED_EQ_D": null, "MB_EQ": null, "MB_EQ_D": null, "FM_EQ": null, "FM_EQ_D": null, "SUBGP_EQ": null, "SUBGP_EQ_D": null, "GP_EQ": null, "GP_EQ_D": null, "SUPGP_EQ": null, "SUPGP_EQ_D": null, "MAX_TIME_D": "PERMIAN", "MIN_TIME_D": "PERMIAN", "MAX_TIME_Y": 290000000, "MIN_TIME_Y": 248200000, "MAX_INDEX": 1319999, "MIN_INDEX": 1319999, "MAX_AGE": null, "MIN_AGE": null, "MAX_EPOCH": null, "MIN_EPOCH": null, "MAX_SUBPER": null, "MIN_SUBPER": null, "MAX_PERIOD": "PERMIAN", "MIN_PERIOD": "PERMIAN", "MAX_ERA": "PALAEOZOIC", "MIN_ERA": "PALAEOZOIC", "MAX_EON": "PHANEROZOIC", "MIN_EON": "PHANEROZOIC", "PREV_NAME": null, "BGSTYPE": "625k_BEDROCK", "LEX_RCS_I": "1319999_PUND-SCON", "LEX_RCS_D": "PERMIAN ROCKS (UNDIFFERENTIATED) - SANDSTONE AND CONGLOMERATE, INTERBEDDED", "MAP_CODE": "P1", "AGE_ONEGL": "PERMIAN", "BGSREF": 926, "BGSREF_LEX": 904, "BGSREF_FM": 904, "BGSREF_GP": 904, "BGSREF_RK": 430, "SHEET": "625k_V5_Bedrock", "VERSION": "5.17", "RELEASED": "11- 2-2008", "NOM_SCALE": "625000", "NOM_OS_YR": "2005 HC", "NOM_BGS_YR": "2007", "MSLINK": 17490 }, "geometry": { "type": "Polygon", "coordinates": [ [ [ -3.4104825, 50.8082575 ], [ -3.4047999, 50.8100101 ], [ -3.4036957, 50.811104 ], [ -3.4043558, 50.8141579 ], [ -3.4071976, 50.8141237 ], [ -3.4107637, 50.8109666 ], [ -3.4142881, 50.8078459 ], [ -3.4126883, 50.8075771 ], [ -3.4104825, 50.8082575 ] ] ] } },
{ "type": "Feature", "properties": { "LEX": "UEXP", "LEX_D": "UNNAMED EXTRUSIVE ROCKS, PERMIAN", "LEX_RCS": "UEXP-MFLAVA", "RCS": "MFLAVA", "RCS_X": "MFLAVA", "RCS_D": "MAFIC LAVA", "RANK": "UNCLASSIFIED", "BED_EQ": null, "BED_EQ_D": null, "MB_EQ": null, "MB_EQ_D": null, "FM_EQ": null, "FM_EQ_D": null, "SUBGP_EQ": null, "SUBGP_EQ_D": null, "GP_EQ": null, "GP_EQ_D": null, "SUPGP_EQ": null, "SUPGP_EQ_D": null, "MAX_TIME_D": "PERMIAN", "MIN_TIME_D": "PERMIAN", "MAX_TIME_Y": 290000000, "MIN_TIME_Y": 248200000, "MAX_INDEX": 1319999, "MIN_INDEX": 1319999, "MAX_AGE": null, "MIN_AGE": null, "MAX_EPOCH": null, "MIN_EPOCH": null, "MAX_SUBPER": null, "MIN_SUBPER": null, "MAX_PERIOD": "PERMIAN", "MIN_PERIOD": "PERMIAN", "MAX_ERA": "PALAEOZOIC", "MIN_ERA": "PALAEOZOIC", "MAX_EON": "PHANEROZOIC", "MIN_EON": "PHANEROZOIC", "PREV_NAME": null, "BGSTYPE": "625k_BEDROCK", "LEX_RCS_I": "1319999_UEXP-MFLAVA", "LEX_RCS_D": "UNNAMED EXTRUSIVE ROCKS, PERMIAN - MAFIC LAVA", "MAP_CODE": "Plv", "AGE_ONEGL": "PERMIAN", "BGSREF": 2, "BGSREF_LEX": 2, "BGSREF_FM": 2, "BGSREF_GP": 2, "BGSREF_RK": 2, "SHEET": "625k_V5_Bedrock", "VERSION": "5.17", "RELEASED": "11- 2-2008", "NOM_SCALE": "625000", "NOM_OS_YR": "2005 HC", "NOM_BGS_YR": "2007", "MSLINK": 19768 }, "geometry": { "type": "Polygon", "coordinates": [ [ [ -3.5465528, 50.8089049 ], [ -3.5494839, 50.8081455 ], [ -3.5549295, 50.8077848 ], [ -3.5566999, 50.8063201 ], [ -3.5514723, 50.8063898 ], [ -3.5484794, 50.8052768 ], [ -3.5464291, 50.8051599 ], [ -3.5423475, 50.8055021 ], [ -3.5382753, 50.8061323 ], [ -3.5335022, 50.8061952 ], [ -3.5319725, 50.8080886 ], [ -3.5412869, 50.8078218 ], [ -3.5465528, 50.8089049 ] ] ] } },
{ "type": "Feature", "properties": { "LEX": "PUND", "LEX_D": "PERMIAN ROCKS (UNDIFFERENTIATED)", "LEX_RCS": "PUND-SCON", "RCS": "SCON", "RCS_X": "CONG + SDST", "RCS_D": "SANDSTONE AND CONGLOMERATE, INTERBEDDED", "RANK": "NOT APPLICABLE", "BED_EQ": null, "BED_EQ_D": null, "MB_EQ": null, "MB_EQ_D": null, "FM_EQ": null, "FM_EQ_D": null, "SUBGP_EQ": null, "SUBGP_EQ_D": null, "GP_EQ": null, "GP_EQ_D": null, "SUPGP_EQ": null, "SUPGP_EQ_D": null, "MAX_TIME_D": "PERMIAN", "MIN_TIME_D": "PERMIAN", "MAX_TIME_Y": 290000000, "MIN_TIME_Y": 248200000, "MAX_INDEX": 1319999, "MIN_INDEX": 1319999, "MAX_AGE": null, "MIN_AGE": null, "MAX_EPOCH": null, "MIN_EPOCH": null, "MAX_SUBPER": null, "MIN_SUBPER": null, "MAX_PERIOD": "PERMIAN", "MIN_PERIOD": "PERMIAN", "MAX_ERA": "PALAEOZOIC", "MIN_ERA": "PALAEOZOIC", "MAX_EON": "PHANEROZOIC", "MIN_EON": "PHANEROZOIC", "PREV_NAME": null, "BGSTYPE": "625k_BEDROCK", "LEX_RCS_I": "1319999_PUND-SCON", "LEX_RCS_D": "PERMIAN ROCKS (UNDIFFERENTIATED) - SANDSTONE AND CONGLOMERATE, INTERBEDDED", "MAP_CODE": "P1", "AGE_ONEGL": "PERMIAN", "BGSREF": 926, "BGSREF_LEX": 904, "BGSREF_FM": 904, "BGSREF_GP": 904, "BGSREF_RK": 430, "SHEET": "625k_V5_Bedrock", "VERSION": "5.17", "RELEASED": "11- 2-2008", "NOM_SCALE": "625000", "NOM_OS_YR": "2005 HC", "NOM_BGS_YR": "2007", "MSLINK": 17490 }, "geometry": { "type": "Polygon", "coordinates": [ [ [ -3.3942413, 50.9421538 ], [ -3.3914454, 50.9439882 ], [ -3.3903753, 50.9463422 ], [ -3.3929941, 50.9481121 ], [ -3.3952658, 50.9477056 ], [ -3.4033819, 50.9427647 ], [ -3.4036397, 50.941861 ], [ -3.4016016, 50.9404447 ], [ -3.3942413, 50.9421538 ] ] ] } },
{ "type": "Feature", "properties": { "LEX": "UEXP", "LEX_D": "UNNAMED EXTRUSIVE ROCKS, PERMIAN", "LEX_RCS": "UEXP-MFLAVA", "RCS": "MFLAVA", "RCS_X": "MFLAVA", "RCS_D": "MAFIC LAVA", "RANK": "UNCLASSIFIED", "BED_EQ": null, "BED_EQ_D": null, "MB_EQ": null, "MB_EQ_D": null, "FM_EQ": null, "FM_EQ_D": null, "SUBGP_EQ": null, "SUBGP_EQ_D": null, "GP_EQ": null, "GP_EQ_D": null, "SUPGP_EQ": null, "SUPGP_EQ_D": null, "MAX_TIME_D": "PERMIAN", "MIN_TIME_D": "PERMIAN", "MAX_TIME_Y": 290000000, "MIN_TIME_Y": 248200000, "MAX_INDEX": 1319999, "MIN_INDEX": 1319999, "MAX_AGE": null, "MIN_AGE": null, "MAX_EPOCH": null, "MIN_EPOCH": null, "MAX_SUBPER": null, "MIN_SUBPER": null, "MAX_PERIOD": "PERMIAN", "MIN_PERIOD": "PERMIAN", "MAX_ERA": "PALAEOZOIC", "MIN_ERA": "PALAEOZOIC", "MAX_EON": "PHANEROZOIC", "MIN_EON": "PHANEROZOIC", "PREV_NAME": null, "BGSTYPE": "625k_BEDROCK", "LEX_RCS_I": "1319999_UEXP-MFLAVA", "LEX_RCS_D": "UNNAMED EXTRUSIVE ROCKS, PERMIAN - MAFIC LAVA", "MAP_CODE": "Plv", "AGE_ONEGL": "PERMIAN", "BGSREF": 2, "BGSREF_LEX": 2, "BGSREF_FM": 2, "BGSREF_GP": 2, "BGSREF_RK": 2, "SHEET": "625k_V5_Bedrock", "VERSION": "5.17", "RELEASED": "11- 2-2008", "NOM_SCALE": "625000", "NOM_OS_YR": "2005 HC", "NOM_BGS_YR": "2007", "MSLINK": 19768 }, "geometry": { "type": "Polygon", "coordinates": [ [ [ -3.4895714, 50.7904812 ], [ -3.4878315, 50.7929531 ], [ -3.484214, 50.7935756 ], [ -3.4785377, 50.7937918 ], [ -3.4772379, 50.7958257 ], [ -3.4811238, 50.7964969 ], [ -3.4834374, 50.7977644 ], [ -3.4872687, 50.7967069 ], [ -3.4912995, 50.7947821 ], [ -3.4939853, 50.7931079 ], [ -3.4953117, 50.792281 ], [ -3.4941753, 50.7919248 ], [ -3.4895714, 50.7904812 ] ] ] } },
{ "type": "Feature", "properties": { "LEX": "UEXP", "LEX_D": "UNNAMED EXTRUSIVE ROCKS, PERMIAN", "LEX_RCS": "UEXP-MFLAVA", "RCS": "MFLAVA", "RCS_X": "MFLAVA", "RCS_D": "MAFIC LAVA", "RANK": "UNCLASSIFIED", "BED_EQ": null, "BED_EQ_D": null, "MB_EQ": null, "MB_EQ_D": null, "FM_EQ": null, "FM_EQ_D": null, "SUBGP_EQ": null, "SUBGP_EQ_D": null, "GP_EQ": null, "GP_EQ_D": null, "SUPGP_EQ": null, "SUPGP_EQ_D": null, "MAX_TIME_D": "PERMIAN", "MIN_TIME_D": "PERMIAN", "MAX_TIME_Y": 290000000, "MIN_TIME_Y": 248200000, "MAX_INDEX": 1319999, "MIN_INDEX": 1319999, "MAX_AGE": null, "MIN_AGE": null, "MAX_EPOCH": null, "MIN_EPOCH": null, "MAX_SUBPER": null, "MIN_SUBPER": null, "MAX_PERIOD": "PERMIAN", "MIN_PERIOD": "PERMIAN", "MAX_ERA": "PALAEOZOIC", "MIN_ERA": "PALAEOZOIC", "MAX_EON": "PHANEROZOIC", "MIN_EON": "PHANEROZOIC", "PREV_NAME": null, "BGSTYPE": "625k_BEDROCK", "LEX_RCS_I": "1319999_UEXP-MFLAVA", "LEX_RCS_D": "UNNAMED EXTRUSIVE ROCKS, PERMIAN - MAFIC LAVA", "MAP_CODE": "Plv", "AGE_ONEGL": "PERMIAN", "BGSREF": 2, "BGSREF_LEX": 2, "BGSREF_FM": 2, "BGSREF_GP": 2, "BGSREF_RK": 2, "SHEET": "625k_V5_Bedrock", "VERSION": "5.17", "RELEASED": "11- 2-2008", "NOM_SCALE": "625000", "NOM_OS_YR": "2005 HC", "NOM_BGS_YR": "2007", "MSLINK": 19768 }, "geometry": { "type": "Polygon", "coordinates": [ [ [ -3.5519189, 50.7195847 ], [ -3.55542, 50.7194006 ], [ -3.5593109, 50.7207951 ], [ -3.5615316, 50.7206083 ], [ -3.5618669, 50.7205801 ], [ -3.5618402, 50.7197768 ], [ -3.5618399, 50.7197695 ], [ -3.5618128, 50.7189535 ], [ -3.5591557, 50.7171651 ], [ -3.5576994, 50.7153009 ], [ -3.5618514, 50.7150631 ], [ -3.5630514, 50.7120797 ], [ -3.5621445, 50.7092527 ], [ -3.5582039, 50.7068533 ], [ -3.5589117, 50.7098122 ], [ -3.5579774, 50.7122767 ], [ -3.5522838, 50.7191446 ], [ -3.5519189, 50.7195847 ] ] ] } },
{ "type": "Feature", "properties": { "LEX": "DINA", "LEX_D": "DINANTIAN ROCKS (UNDIFFERENTIATED)", "LEX_RCS": "DINA-LSSA", "RCS": "LSSA", "RCS_X": "LMST + [AROC] + [SDST]", "RCS_D": "LIMESTONE WITH SUBORDINATE SANDSTONE AND ARGILLACEOUS ROCKS", "RANK": "NOT APPLICABLE", "BED_EQ": null, "BED_EQ_D": null, "MB_EQ": null, "MB_EQ_D": null, "FM_EQ": null, "FM_EQ_D": null, "SUBGP_EQ": null, "SUBGP_EQ_D": null, "GP_EQ": null, "GP_EQ_D": null, "SUPGP_EQ": null, "SUPGP_EQ_D": null, "MAX_TIME_D": "DINANTIAN", "MIN_TIME_D": "DINANTIAN", "MAX_TIME_Y": 354000000, "MIN_TIME_Y": 327000000, "MAX_INDEX": 1322999, "MIN_INDEX": 1322999, "MAX_AGE": null, "MIN_AGE": null, "MAX_EPOCH": null, "MIN_EPOCH": null, "MAX_SUBPER": "DINANTIAN", "MIN_SUBPER": "DINANTIAN", "MAX_PERIOD": "CARBONIFEROUS", "MIN_PERIOD": "CARBONIFEROUS", "MAX_ERA": "PALAEOZOIC", "MIN_ERA": "PALAEOZOIC", "MAX_EON": "PHANEROZOIC", "MIN_EON": "PHANEROZOIC", "PREV_NAME": null, "BGSTYPE": "625k_BEDROCK", "LEX_RCS_I": "1322999_DINA-LSSA", "LEX_RCS_D": "DINANTIAN ROCKS (UNDIFFERENTIATED) - LIMESTONE WITH SUBORDINATE SANDSTONE AND ARGILLACEOUS ROCKS", "MAP_CODE": "C2 or", "AGE_ONEGL": "MISSISSIPPIAN", "BGSREF": 170, "BGSREF_LEX": 40, "BGSREF_FM": 40, "BGSREF_GP": 40, "BGSREF_RK": 150, "SHEET": "625k_V5_Bedrock", "VERSION": "5.17", "RELEASED": "11- 2-2008", "NOM_SCALE": "625000", "NOM_OS_YR": "2005 HC", "NOM_BGS_YR": "2007", "MSLINK": 17507 }, "geometry": { "type": "Polygon", "coordinates": [ [ [ -3.449771, 51.0115008 ], [ -3.4411719, 51.0116072 ], [ -3.4375368, 51.0122284 ], [ -3.4389245, 51.0127877 ], [ -3.444198, 51.0134431 ], [ -3.4491164, 51.0136432 ], [ -3.4659236, 51.0143252 ], [ -3.4707045, 51.0138328 ], [ -3.4667596, 51.0118651 ], [ -3.4528152, 51.011463 ], [ -3.449771, 51.0115008 ] ] ] } },
{ "type": "Feature", "properties": { "LEX": "UEXP", "LEX_D": "UNNAMED EXTRUSIVE ROCKS, PERMIAN", "LEX_RCS": "UEXP-MFLAVA", "RCS": "MFLAVA", "RCS_X": "MFLAVA", "RCS_D": "MAFIC LAVA", "RANK": "UNCLASSIFIED", "BED_EQ": null, "BED_EQ_D": null, "MB_EQ": null, "MB_EQ_D": null, "FM_EQ": null, "FM_EQ_D": null, "SUBGP_EQ": null, "SUBGP_EQ_D": null, "GP_EQ": null, "GP_EQ_D": null, "SUPGP_EQ": null, "SUPGP_EQ_D": null, "MAX_TIME_D": "PERMIAN", "MIN_TIME_D": "PERMIAN", "MAX_TIME_Y": 290000000, "MIN_TIME_Y": 248200000, "MAX_INDEX": 1319999, "MIN_INDEX": 1319999, "MAX_AGE": null, "MIN_AGE": null, "MAX_EPOCH": null, "MIN_EPOCH": null, "MAX_SUBPER": null, "MIN_SUBPER": null, "MAX_PERIOD": "PERMIAN", "MIN_PERIOD": "PERMIAN", "MAX_ERA": "PALAEOZOIC", "MIN_ERA": "PALAEOZOIC", "MAX_EON": "PHANEROZOIC", "MIN_EON": "PHANEROZOIC", "PREV_NAME": null, "BGSTYPE": "625k_BEDROCK", "LEX_RCS_I": "1319999_UEXP-MFLAVA", "LEX_RCS_D": "UNNAMED EXTRUSIVE ROCKS, PERMIAN - MAFIC LAVA", "MAP_CODE": "Plv", "AGE_ONEGL": "PERMIAN", "BGSREF": 2, "BGSREF_LEX": 2, "BGSREF_FM": 2, "BGSREF_GP": 2, "BGSREF_RK": 2, "SHEET": "625k_V5_Bedrock", "VERSION": "5.17", "RELEASED": "11- 2-2008", "NOM_SCALE": "625000", "NOM_OS_YR": "2005 HC", "NOM_BGS_YR": "2007", "MSLINK": 19768 }, "geometry": { "type": "Polygon", "coordinates": [ [ [ -3.5818467, 50.6822052 ], [ -3.582074, 50.6826991 ], [ -3.5839879, 50.686859 ], [ -3.5859976, 50.6882565 ], [ -3.5921179, 50.6925119 ], [ -3.5961348, 50.6938978 ], [ -3.5963757, 50.6932243 ], [ -3.5969117, 50.6917258 ], [ -3.5956681, 50.6885008 ], [ -3.5818467, 50.6822052 ] ] ] } },
{ "type": "Feature", "properties": { "LEX": "UEXP", "LEX_D": "UNNAMED EXTRUSIVE ROCKS, PERMIAN", "LEX_RCS": "UEXP-MFLAVA", "RCS": "MFLAVA", "RCS_X": "MFLAVA", "RCS_D": "MAFIC LAVA", "RANK": "UNCLASSIFIED", "BED_EQ": null, "BED_EQ_D": null, "MB_EQ": null, "MB_EQ_D": null, "FM_EQ": null, "FM_EQ_D": null, "SUBGP_EQ": null, "SUBGP_EQ_D": null, "GP_EQ": null, "GP_EQ_D": null, "SUPGP_EQ": null, "SUPGP_EQ_D": null, "MAX_TIME_D": "PERMIAN", "MIN_TIME_D": "PERMIAN", "MAX_TIME_Y": 290000000, "MIN_TIME_Y": 248200000, "MAX_INDEX": 1319999, "MIN_INDEX": 1319999, "MAX_AGE": null, "MIN_AGE": null, "MAX_EPOCH": null, "MIN_EPOCH": null, "MAX_SUBPER": null, "MIN_SUBPER": null, "MAX_PERIOD": "PERMIAN", "MIN_PERIOD": "PERMIAN", "MAX_ERA": "PALAEOZOIC", "MIN_ERA": "PALAEOZOIC", "MAX_EON": "PHANEROZOIC", "MIN_EON": "PHANEROZOIC", "PREV_NAME": null, "BGSTYPE": "625k_BEDROCK", "LEX_RCS_I": "1319999_UEXP-MFLAVA", "LEX_RCS_D": "UNNAMED EXTRUSIVE ROCKS, PERMIAN - MAFIC LAVA", "MAP_CODE": "Plv", "AGE_ONEGL": "PERMIAN", "BGSREF": 2, "BGSREF_LEX": 2, "BGSREF_FM": 2, "BGSREF_GP": 2, "BGSREF_RK": 2, "SHEET": "625k_V5_Bedrock", "VERSION": "5.17", "RELEASED": "11- 2-2008", "NOM_SCALE": "625000", "NOM_OS_YR": "2005 HC", "NOM_BGS_YR": "2007", "MSLINK": 19768 }, "geometry": { "type": "Polygon", "coordinates": [ [ [ -3.5080531, 50.9293397 ], [ -3.5064955, 50.9316827 ], [ -3.5106358, 50.9334359 ], [ -3.5154839, 50.9318245 ], [ -3.5240051, 50.9301649 ], [ -3.5202222, 50.9268589 ], [ -3.5140582, 50.9256485 ], [ -3.5080531, 50.9293397 ] ] ] } },
{ "type": "Feature", "properties": { "LEX": "UEXP", "LEX_D": "UNNAMED EXTRUSIVE ROCKS, PERMIAN", "LEX_RCS": "UEXP-MFLAVA", "RCS": "MFLAVA", "RCS_X": "MFLAVA", "RCS_D": "MAFIC LAVA", "RANK": "UNCLASSIFIED", "BED_EQ": null, "BED_EQ_D": null, "MB_EQ": null, "MB_EQ_D": null, "FM_EQ": null, "FM_EQ_D": null, "SUBGP_EQ": null, "SUBGP_EQ_D": null, "GP_EQ": null, "GP_EQ_D": null, "SUPGP_EQ": null, "SUPGP_EQ_D": null, "MAX_TIME_D": "PERMIAN", "MIN_TIME_D": "PERMIAN", "MAX_TIME_Y": 290000000, "MIN_TIME_Y": 248200000, "MAX_INDEX": 1319999, "MIN_INDEX": 1319999, "MAX_AGE": null, "MIN_AGE": null, "MAX_EPOCH": null, "MIN_EPOCH": null, "MAX_SUBPER": null, "MIN_SUBPER": null, "MAX_PERIOD": "PERMIAN", "MIN_PERIOD": "PERMIAN", "MAX_ERA": "PALAEOZOIC", "MIN_ERA": "PALAEOZOIC", "MAX_EON": "PHANEROZOIC", "MIN_EON": "PHANEROZOIC", "PREV_NAME": null, "BGSTYPE": "625k_BEDROCK", "LEX_RCS_I": "1319999_UEXP-MFLAVA", "LEX_RCS_D": "UNNAMED EXTRUSIVE ROCKS, PERMIAN - MAFIC LAVA", "MAP_CODE": "Plv", "AGE_ONEGL": "PERMIAN", "BGSREF": 2, "BGSREF_LEX": 2, "BGSREF_FM": 2, "BGSREF_GP": 2, "BGSREF_RK": 2, "SHEET": "625k_V5_Bedrock", "VERSION": "5.17", "RELEASED": "11- 2-2008", "NOM_SCALE": "625000", "NOM_OS_YR": "2005 HC", "NOM_BGS_YR": "2007", "MSLINK": 19768 }, "geometry": { "type": "Polygon", "coordinates": [ [ [ -3.5904119, 50.6756045 ], [ -3.5932939, 50.677006 ], [ -3.5975866, 50.678208 ], [ -3.6000087, 50.6785283 ], [ -3.5997478, 50.6779871 ], [ -3.5999896, 50.6772412 ], [ -3.5982176, 50.6752542 ], [ -3.5977565, 50.6751995 ], [ -3.5969213, 50.6747793 ], [ -3.5966105, 50.6733536 ], [ -3.5969509, 50.6728767 ], [ -3.5968678, 50.6724083 ], [ -3.5966612, 50.6721208 ], [ -3.5955323, 50.6713808 ], [ -3.5951955, 50.67063 ], [ -3.5940614, 50.6697372 ], [ -3.5939266, 50.6691005 ], [ -3.594538, 50.6679319 ], [ -3.5945383, 50.6679293 ], [ -3.5912711, 50.6674876 ], [ -3.5876493, 50.6693382 ], [ -3.5876979, 50.6707784 ], [ -3.5909116, 50.6736164 ], [ -3.5904119, 50.6756045 ] ] ] } },
{ "type": "Feature", "properties": { "LEX": "UEXP", "LEX_D": "UNNAMED EXTRUSIVE ROCKS, PERMIAN", "LEX_RCS": "UEXP-MFLAVA", "RCS": "MFLAVA", "RCS_X": "MFLAVA", "RCS_D": "MAFIC LAVA", "RANK": "UNCLASSIFIED", "BED_EQ": null, "BED_EQ_D": null, "MB_EQ": null, "MB_EQ_D": null, "FM_EQ": null, "FM_EQ_D": null, "SUBGP_EQ": null, "SUBGP_EQ_D": null, "GP_EQ": null, "GP_EQ_D": null, "SUPGP_EQ": null, "SUPGP_EQ_D": null, "MAX_TIME_D": "PERMIAN", "MIN_TIME_D": "PERMIAN", "MAX_TIME_Y": 290000000, "MIN_TIME_Y": 248200000, "MAX_INDEX": 1319999, "MIN_INDEX": 1319999, "MAX_AGE": null, "MIN_AGE": null, "MAX_EPOCH": null, "MIN_EPOCH": null, "MAX_SUBPER": null, "MIN_SUBPER": null, "MAX_PERIOD": "PERMIAN", "MIN_PERIOD": "PERMIAN", "MAX_ERA": "PALAEOZOIC", "MIN_ERA": "PALAEOZOIC", "MAX_EON": "PHANEROZOIC", "MIN_EON": "PHANEROZOIC", "PREV_NAME": null, "BGSTYPE": "625k_BEDROCK", "LEX_RCS_I": "1319999_UEXP-MFLAVA", "LEX_RCS_D": "UNNAMED EXTRUSIVE ROCKS, PERMIAN - MAFIC LAVA", "MAP_CODE": "Plv", "AGE_ONEGL": "PERMIAN", "BGSREF": 2, "BGSREF_LEX": 2, "BGSREF_FM": 2, "BGSREF_GP": 2, "BGSREF_RK": 2, "SHEET": "625k_V5_Bedrock", "VERSION": "5.17", "RELEASED": "11- 2-2008", "NOM_SCALE": "625000", "NOM_OS_YR": "2005 HC", "NOM_BGS_YR": "2007", "MSLINK": 19768 }, "geometry": { "type": "Polygon", "coordinates": [ [ [ -3.7110292, 50.8120432 ], [ -3.7149477, 50.8103647 ], [ -3.7157275, 50.808372 ], [ -3.7136795, 50.8067811 ], [ -3.709418, 50.8068436 ], [ -3.706531, 50.8056251 ], [ -3.6957811, 50.8070427 ], [ -3.6921857, 50.8087258 ], [ -3.6964472, 50.8097347 ], [ -3.7066688, 50.8094054 ], [ -3.7110292, 50.8120432 ] ] ] } },
{ "type": "Feature", "properties": { "LEX": "PUND", "LEX_D": "PERMIAN ROCKS (UNDIFFERENTIATED)", "LEX_RCS": "PUND-SCON", "RCS": "SCON", "RCS_X": "CONG + SDST", "RCS_D": "SANDSTONE AND CONGLOMERATE, INTERBEDDED", "RANK": "NOT APPLICABLE", "BED_EQ": null, "BED_EQ_D": null, "MB_EQ": null, "MB_EQ_D": null, "FM_EQ": null, "FM_EQ_D": null, "SUBGP_EQ": null, "SUBGP_EQ_D": null, "GP_EQ": null, "GP_EQ_D": null, "SUPGP_EQ": null, "SUPGP_EQ_D": null, "MAX_TIME_D": "PERMIAN", "MIN_TIME_D": "PERMIAN", "MAX_TIME_Y": 290000000, "MIN_TIME_Y": 248200000, "MAX_INDEX": 1319999, "MIN_INDEX": 1319999, "MAX_AGE": null, "MIN_AGE": null, "MAX_EPOCH": null, "MIN_EPOCH": null, "MAX_SUBPER": null, "MIN_SUBPER": null, "MAX_PERIOD": "PERMIAN", "MIN_PERIOD": "PERMIAN", "MAX_ERA": "PALAEOZOIC", "MIN_ERA": "PALAEOZOIC", "MAX_EON": "PHANEROZOIC", "MIN_EON": "PHANEROZOIC", "PREV_NAME": null, "BGSTYPE": "625k_BEDROCK", "LEX_RCS_I": "1319999_PUND-SCON", "LEX_RCS_D": "PERMIAN ROCKS (UNDIFFERENTIATED) - SANDSTONE AND CONGLOMERATE, INTERBEDDED", "MAP_CODE": "P1", "AGE_ONEGL": "PERMIAN", "BGSREF": 926, "BGSREF_LEX": 904, "BGSREF_FM": 904, "BGSREF_GP": 904, "BGSREF_RK": 430, "SHEET": "625k_V5_Bedrock", "VERSION": "5.17", "RELEASED": "11- 2-2008", "NOM_SCALE": "625000", "NOM_OS_YR": "2005 HC", "NOM_BGS_YR": "2007", "MSLINK": 17490 }, "geometry": { "type": "Polygon", "coordinates": [ [ [ -3.3935254, 50.7750244 ], [ -3.3945862, 50.7820359 ], [ -3.3935787, 50.7863706 ], [ -3.3964296, 50.7866967 ], [ -3.3978121, 50.7854194 ], [ -3.3988299, 50.7814448 ], [ -3.4030466, 50.7799532 ], [ -3.4037745, 50.775802 ], [ -3.4051565, 50.7745246 ], [ -3.3935254, 50.7750244 ] ] ] } },
{ "type": "Feature", "properties": { "LEX": "PUND", "LEX_D": "PERMIAN ROCKS (UNDIFFERENTIATED)", "LEX_RCS": "PUND-SCON", "RCS": "SCON", "RCS_X": "CONG + SDST", "RCS_D": "SANDSTONE AND CONGLOMERATE, INTERBEDDED", "RANK": "NOT APPLICABLE", "BED_EQ": null, "BED_EQ_D": null, "MB_EQ": null, "MB_EQ_D": null, "FM_EQ": null, "FM_EQ_D": null, "SUBGP_EQ": null, "SUBGP_EQ_D": null, "GP_EQ": null, "GP_EQ_D": null, "SUPGP_EQ": null, "SUPGP_EQ_D": null, "MAX_TIME_D": "PERMIAN", "MIN_TIME_D": "PERMIAN", "MAX_TIME_Y": 290000000, "MIN_TIME_Y": 248200000, "MAX_INDEX": 1319999, "MIN_INDEX": 1319999, "MAX_AGE": null, "MIN_AGE": null, "MAX_EPOCH": null, "MIN_EPOCH": null, "MAX_SUBPER": null, "MIN_SUBPER": null, "MAX_PERIOD": "PERMIAN", "MIN_PERIOD": "PERMIAN", "MAX_ERA": "PALAEOZOIC", "MIN_ERA": "PALAEOZOIC", "MAX_EON": "PHANEROZOIC", "MIN_EON": "PHANEROZOIC", "PREV_NAME": null, "BGSTYPE": "625k_BEDROCK", "LEX_RCS_I": "1319999_PUND-SCON", "LEX_RCS_D": "PERMIAN ROCKS (UNDIFFERENTIATED) - SANDSTONE AND CONGLOMERATE, INTERBEDDED", "MAP_CODE": "P1", "AGE_ONEGL": "PERMIAN", "BGSREF": 926, "BGSREF_LEX": 904, "BGSREF_FM": 904, "BGSREF_GP": 904, "BGSREF_RK": 430, "SHEET": "625k_V5_Bedrock", "VERSION": "5.17", "RELEASED": "11- 2-2008", "NOM_SCALE": "625000", "NOM_OS_YR": "2005 HC", "NOM_BGS_YR": "2007", "MSLINK": 17490 }, "geometry": { "type": "Polygon", "coordinates": [ [ [ -3.3118827, 50.9589266 ], [ -3.3127723, 50.9592503 ], [ -3.3144433, 50.9594293 ], [ -3.3163497, 50.9603791 ], [ -3.3166423, 50.9604218 ], [ -3.3173553, 50.9589856 ], [ -3.3209184, 50.9559193 ], [ -3.3247828, 50.9554433 ], [ -3.3309754, 50.9527978 ], [ -3.3303642, 50.951364 ], [ -3.3273674, 50.9500824 ], [ -3.3254572, 50.9492585 ], [ -3.3183488, 50.953787 ], [ -3.3125012, 50.9567347 ], [ -3.3118779, 50.9589032 ], [ -3.3118827, 50.9589266 ] ] ] } },
{ "type": "Feature", "properties": { "LEX": "BRBA", "LEX_D": "BRACKLESHAM GROUP AND BARTON GROUP (UNDIFFERENTIATED)", "LEX_RCS": "BRBA-SSCL", "RCS": "SSCL", "RCS_X": "CLAY + SANDU + SILT", "RCS_D": "SAND, SILT AND CLAY", "RANK": "UNCLASSIFIED", "BED_EQ": null, "BED_EQ_D": null, "MB_EQ": null, "MB_EQ_D": null, "FM_EQ": null, "FM_EQ_D": null, "SUBGP_EQ": null, "SUBGP_EQ_D": null, "GP_EQ": null, "GP_EQ_D": null, "SUPGP_EQ": null, "SUPGP_EQ_D": null, "MAX_TIME_D": "EOCENE", "MIN_TIME_D": "EOCENE", "MAX_TIME_Y": 54800000, "MIN_TIME_Y": 33700000, "MAX_INDEX": 1130299, "MIN_INDEX": 1130299, "MAX_AGE": null, "MIN_AGE": null, "MAX_EPOCH": "EOCENE", "MIN_EPOCH": "EOCENE", "MAX_SUBPER": null, "MIN_SUBPER": null, "MAX_PERIOD": "PALAEOGENE", "MIN_PERIOD": "PALAEOGENE", "MAX_ERA": "CAINOZOIC", "MIN_ERA": "CAINOZOIC", "MAX_EON": "PHANEROZOIC", "MIN_EON": "PHANEROZOIC", "PREV_NAME": null, "BGSTYPE": "625k_BEDROCK", "LEX_RCS_I": "1130299_BRBA-SSCL", "LEX_RCS_D": "BRACKLESHAM GROUP AND BARTON GROUP (UNDIFFERENTIATED) - SAND, SILT AND CLAY", "MAP_CODE": "G4", "AGE_ONEGL": "EOCENE", "BGSREF": 805, "BGSREF_LEX": 805, "BGSREF_FM": 805, "BGSREF_GP": 805, "BGSREF_RK": 86, "SHEET": "625k_V5_Bedrock", "VERSION": "5.17", "RELEASED": "11- 2-2008", "NOM_SCALE": "625000", "NOM_OS_YR": "2005 HC", "NOM_BGS_YR": "2007", "MSLINK": 17468 }, "geometry": { "type": "Polygon", "coordinates": [ [ [ -3.545867, 50.5995774 ], [ -3.5459064, 50.6007811 ], [ -3.5508463, 50.6041509 ], [ -3.5508958, 50.6066838 ], [ -3.5534747, 50.6089967 ], [ -3.5533863, 50.6087355 ], [ -3.5534559, 50.6082759 ], [ -3.5543535, 50.608066 ], [ -3.5546446, 50.6078913 ], [ -3.5546357, 50.6076216 ], [ -3.551956, 50.6073605 ], [ -3.5518302, 50.6069755 ], [ -3.5524638, 50.6064724 ], [ -3.5525611, 50.6059945 ], [ -3.5518684, 50.6046996 ], [ -3.551483, 50.6032928 ], [ -3.5504667, 50.6024699 ], [ -3.5503636, 50.6019137 ], [ -3.5495085, 50.6016913 ], [ -3.5482502, 50.6021037 ], [ -3.5479641, 50.6019996 ], [ -3.5473379, 50.6010006 ], [ -3.5463603, 50.600492 ], [ -3.5458783, 50.5995811 ], [ -3.545867, 50.5995774 ] ] ] } },
{ "type": "Feature", "properties": { "LEX": "PUND", "LEX_D": "PERMIAN ROCKS (UNDIFFERENTIATED)", "LEX_RCS": "PUND-MDSS", "RCS": "MDSS", "RCS_X": "MDST + SDST + SLST", "RCS_D": "MUDSTONE, SILTSTONE AND SANDSTONE", "RANK": "NOT APPLICABLE", "BED_EQ": null, "BED_EQ_D": null, "MB_EQ": null, "MB_EQ_D": null, "FM_EQ": null, "FM_EQ_D": null, "SUBGP_EQ": null, "SUBGP_EQ_D": null, "GP_EQ": null, "GP_EQ_D": null, "SUPGP_EQ": null, "SUPGP_EQ_D": null, "MAX_TIME_D": "PERMIAN", "MIN_TIME_D": "PERMIAN", "MAX_TIME_Y": 290000000, "MIN_TIME_Y": 248200000, "MAX_INDEX": 1319999, "MIN_INDEX": 1319999, "MAX_AGE": null, "MIN_AGE": null, "MAX_EPOCH": null, "MIN_EPOCH": null, "MAX_SUBPER": null, "MIN_SUBPER": null, "MAX_PERIOD": "PERMIAN", "MIN_PERIOD": "PERMIAN", "MAX_ERA": "PALAEOZOIC", "MIN_ERA": "PALAEOZOIC", "MAX_EON": "PHANEROZOIC", "MIN_EON": "PHANEROZOIC", "PREV_NAME": null, "BGSTYPE": "625k_BEDROCK", "LEX_RCS_I": "1319999_PUND-MDSS", "LEX_RCS_D": "PERMIAN ROCKS (UNDIFFERENTIATED) - MUDSTONE, SILTSTONE AND SANDSTONE", "MAP_CODE": "P3", "AGE_ONEGL": "PERMIAN", "BGSREF": 714, "BGSREF_LEX": 904, "BGSREF_FM": 904, "BGSREF_GP": 904, "BGSREF_RK": 633, "SHEET": "625k_V5_Bedrock", "VERSION": "5.17", "RELEASED": "11- 2-2008", "NOM_SCALE": "625000", "NOM_OS_YR": "2005 HC", "NOM_BGS_YR": "2007", "MSLINK": 17488 }, "geometry": { "type": "Polygon", "coordinates": [ [ [ -3.4512381, 50.7674762 ], [ -3.4445744, 50.7724219 ], [ -3.441206, 50.7737244 ], [ -3.4365666, 50.7799053 ], [ -3.4378096, 50.7814761 ], [ -3.4416892, 50.7802023 ], [ -3.4449915, 50.7767394 ], [ -3.4569664, 50.7690258 ], [ -3.4577733, 50.7675748 ], [ -3.4566266, 50.7672289 ], [ -3.4512381, 50.7674762 ] ] ] } },
{ "type": "Feature", "properties": { "LEX": "PUND", "LEX_D": "PERMIAN ROCKS (UNDIFFERENTIATED)", "LEX_RCS": "PUND-SCON", "RCS": "SCON", "RCS_X": "CONG + SDST", "RCS_D": "SANDSTONE AND CONGLOMERATE, INTERBEDDED", "RANK": "NOT APPLICABLE", "BED_EQ": null, "BED_EQ_D": null, "MB_EQ": null, "MB_EQ_D": null, "FM_EQ": null, "FM_EQ_D": null, "SUBGP_EQ": null, "SUBGP_EQ_D": null, "GP_EQ": null, "GP_EQ_D": null, "SUPGP_EQ": null, "SUPGP_EQ_D": null, "MAX_TIME_D": "PERMIAN", "MIN_TIME_D": "PERMIAN", "MAX_TIME_Y": 290000000, "MIN_TIME_Y": 248200000, "MAX_INDEX": 1319999, "MIN_INDEX": 1319999, "MAX_AGE": null, "MIN_AGE": null, "MAX_EPOCH": null, "MIN_EPOCH": null, "MAX_SUBPER": null, "MIN_SUBPER": null, "MAX_PERIOD": "PERMIAN", "MIN_PERIOD": "PERMIAN", "MAX_ERA": "PALAEOZOIC", "MIN_ERA": "PALAEOZOIC", "MAX_EON": "PHANEROZOIC", "MIN_EON": "PHANEROZOIC", "PREV_NAME": null, "BGSTYPE": "625k_BEDROCK", "LEX_RCS_I": "1319999_PUND-SCON", "LEX_RCS_D": "PERMIAN ROCKS (UNDIFFERENTIATED) - SANDSTONE AND CONGLOMERATE, INTERBEDDED", "MAP_CODE": "P1", "AGE_ONEGL": "PERMIAN", "BGSREF": 926, "BGSREF_LEX": 904, "BGSREF_FM": 904, "BGSREF_GP": 904, "BGSREF_RK": 430, "SHEET": "625k_V5_Bedrock", "VERSION": "5.17", "RELEASED": "11- 2-2008", "NOM_SCALE": "625000", "NOM_OS_YR": "2005 HC", "NOM_BGS_YR": "2007", "MSLINK": 17490 }, "geometry": { "type": "Polygon", "coordinates": [ [ [ -3.5326436, 50.9563517 ], [ -3.5358977, 50.9599111 ], [ -3.5339675, 50.9619176 ], [ -3.5368658, 50.9633203 ], [ -3.5418313, 50.9668569 ], [ -3.5429718, 50.9666291 ], [ -3.5506135, 50.9651023 ], [ -3.5490402, 50.960638 ], [ -3.5451539, 50.9600114 ], [ -3.5438793, 50.9598058 ], [ -3.5366281, 50.9561193 ], [ -3.5343301, 50.9556092 ], [ -3.5326436, 50.9563517 ] ] ] } },
{ "type": "Feature", "properties": { "LEX": "DINA", "LEX_D": "DINANTIAN ROCKS (UNDIFFERENTIATED)", "LEX_RCS": "DINA-LSSA", "RCS": "LSSA", "RCS_X": "LMST + [AROC] + [SDST]", "RCS_D": "LIMESTONE WITH SUBORDINATE SANDSTONE AND ARGILLACEOUS ROCKS", "RANK": "NOT APPLICABLE", "BED_EQ": null, "BED_EQ_D": null, "MB_EQ": null, "MB_EQ_D": null, "FM_EQ": null, "FM_EQ_D": null, "SUBGP_EQ": null, "SUBGP_EQ_D": null, "GP_EQ": null, "GP_EQ_D": null, "SUPGP_EQ": null, "SUPGP_EQ_D": null, "MAX_TIME_D": "DINANTIAN", "MIN_TIME_D": "DINANTIAN", "MAX_TIME_Y": 354000000, "MIN_TIME_Y": 327000000, "MAX_INDEX": 1322999, "MIN_INDEX": 1322999, "MAX_AGE": null, "MIN_AGE": null, "MAX_EPOCH": null, "MIN_EPOCH": null, "MAX_SUBPER": "DINANTIAN", "MIN_SUBPER": "DINANTIAN", "MAX_PERIOD": "CARBONIFEROUS", "MIN_PERIOD": "CARBONIFEROUS", "MAX_ERA": "PALAEOZOIC", "MIN_ERA": "PALAEOZOIC", "MAX_EON": "PHANEROZOIC", "MIN_EON": "PHANEROZOIC", "PREV_NAME": null, "BGSTYPE": "625k_BEDROCK", "LEX_RCS_I": "1322999_DINA-LSSA", "LEX_RCS_D": "DINANTIAN ROCKS (UNDIFFERENTIATED) - LIMESTONE WITH SUBORDINATE SANDSTONE AND ARGILLACEOUS ROCKS", "MAP_CODE": "C2 or", "AGE_ONEGL": "MISSISSIPPIAN", "BGSREF": 170, "BGSREF_LEX": 40, "BGSREF_FM": 40, "BGSREF_GP": 40, "BGSREF_RK": 150, "SHEET": "625k_V5_Bedrock", "VERSION": "5.17", "RELEASED": "11- 2-2008", "NOM_SCALE": "625000", "NOM_OS_YR": "2005 HC", "NOM_BGS_YR": "2007", "MSLINK": 17507 }, "geometry": { "type": "Polygon", "coordinates": [ [ [ -3.3254572, 50.9492585 ], [ -3.3273674, 50.9500824 ], [ -3.3303642, 50.951364 ], [ -3.3385421, 50.9482087 ], [ -3.3436567, 50.9476097 ], [ -3.3484013, 50.9439335 ], [ -3.3553639, 50.9402504 ], [ -3.3537473, 50.9395487 ], [ -3.3471795, 50.9412655 ], [ -3.3443662, 50.9425587 ], [ -3.3383785, 50.944337 ], [ -3.3340592, 50.9448187 ], [ -3.3293704, 50.9465125 ], [ -3.3254572, 50.9492585 ] ] ] } },
{ "type": "Feature", "properties": { "LEX": "PUND", "LEX_D": "PERMIAN ROCKS (UNDIFFERENTIATED)", "LEX_RCS": "PUND-MDSS", "RCS": "MDSS", "RCS_X": "MDST + SDST + SLST", "RCS_D": "MUDSTONE, SILTSTONE AND SANDSTONE", "RANK": "NOT APPLICABLE", "BED_EQ": null, "BED_EQ_D": null, "MB_EQ": null, "MB_EQ_D": null, "FM_EQ": null, "FM_EQ_D": null, "SUBGP_EQ": null, "SUBGP_EQ_D": null, "GP_EQ": null, "GP_EQ_D": null, "SUPGP_EQ": null, "SUPGP_EQ_D": null, "MAX_TIME_D": "PERMIAN", "MIN_TIME_D": "PERMIAN", "MAX_TIME_Y": 290000000, "MIN_TIME_Y": 248200000, "MAX_INDEX": 1319999, "MIN_INDEX": 1319999, "MAX_AGE": null, "MIN_AGE": null, "MAX_EPOCH": null, "MIN_EPOCH": null, "MAX_SUBPER": null, "MIN_SUBPER": null, "MAX_PERIOD": "PERMIAN", "MIN_PERIOD": "PERMIAN", "MAX_ERA": "PALAEOZOIC", "MIN_ERA": "PALAEOZOIC", "MAX_EON": "PHANEROZOIC", "MIN_EON": "PHANEROZOIC", "PREV_NAME": null, "BGSTYPE": "625k_BEDROCK", "LEX_RCS_I": "1319999_PUND-MDSS", "LEX_RCS_D": "PERMIAN ROCKS (UNDIFFERENTIATED) - MUDSTONE, SILTSTONE AND SANDSTONE", "MAP_CODE": "P3", "AGE_ONEGL": "PERMIAN", "BGSREF": 714, "BGSREF_LEX": 904, "BGSREF_FM": 904, "BGSREF_GP": 904, "BGSREF_RK": 633, "SHEET": "625k_V5_Bedrock", "VERSION": "5.17", "RELEASED": "11- 2-2008", "NOM_SCALE": "625000", "NOM_OS_YR": "2005 HC", "NOM_BGS_YR": "2007", "MSLINK": 17488 }, "geometry": { "type": "Polygon", "coordinates": [ [ [ -3.479437, 50.7572751 ], [ -3.4746323, 50.756375 ], [ -3.4632796, 50.756518 ], [ -3.4656761, 50.7605228 ], [ -3.4655031, 50.7622541 ], [ -3.46419, 50.7638557 ], [ -3.4630299, 50.7655531 ], [ -3.468609, 50.7663636 ], [ -3.4810626, 50.7585991 ], [ -3.4810353, 50.7577348 ], [ -3.479437, 50.7572751 ] ] ] } },
{ "type": "Feature", "properties": { "LEX": "UEXP", "LEX_D": "UNNAMED EXTRUSIVE ROCKS, PERMIAN", "LEX_RCS": "UEXP-MFLAVA", "RCS": "MFLAVA", "RCS_X": "MFLAVA", "RCS_D": "MAFIC LAVA", "RANK": "UNCLASSIFIED", "BED_EQ": null, "BED_EQ_D": null, "MB_EQ": null, "MB_EQ_D": null, "FM_EQ": null, "FM_EQ_D": null, "SUBGP_EQ": null, "SUBGP_EQ_D": null, "GP_EQ": null, "GP_EQ_D": null, "SUPGP_EQ": null, "SUPGP_EQ_D": null, "MAX_TIME_D": "PERMIAN", "MIN_TIME_D": "PERMIAN", "MAX_TIME_Y": 290000000, "MIN_TIME_Y": 248200000, "MAX_INDEX": 1319999, "MIN_INDEX": 1319999, "MAX_AGE": null, "MIN_AGE": null, "MAX_EPOCH": null, "MIN_EPOCH": null, "MAX_SUBPER": null, "MIN_SUBPER": null, "MAX_PERIOD": "PERMIAN", "MIN_PERIOD": "PERMIAN", "MAX_ERA": "PALAEOZOIC", "MIN_ERA": "PALAEOZOIC", "MAX_EON": "PHANEROZOIC", "MIN_EON": "PHANEROZOIC", "PREV_NAME": null, "BGSTYPE": "625k_BEDROCK", "LEX_RCS_I": "1319999_UEXP-MFLAVA", "LEX_RCS_D": "UNNAMED EXTRUSIVE ROCKS, PERMIAN - MAFIC LAVA", "MAP_CODE": "Plv", "AGE_ONEGL": "PERMIAN", "BGSREF": 2, "BGSREF_LEX": 2, "BGSREF_FM": 2, "BGSREF_GP": 2, "BGSREF_RK": 2, "SHEET": "625k_V5_Bedrock", "VERSION": "5.17", "RELEASED": "11- 2-2008", "NOM_SCALE": "625000", "NOM_OS_YR": "2005 HC", "NOM_BGS_YR": "2007", "MSLINK": 19768 }, "geometry": { "type": "Polygon", "coordinates": [ [ [ -3.4469798, 50.7898601 ], [ -3.4454047, 50.7928393 ], [ -3.4512335, 50.792982 ], [ -3.4520096, 50.7937226 ], [ -3.4528733, 50.7945467 ], [ -3.4558946, 50.7966705 ], [ -3.4575526, 50.7988113 ], [ -3.4598342, 50.7990709 ], [ -3.4622981, 50.7978873 ], [ -3.4673716, 50.7929241 ], [ -3.4703256, 50.7928869 ], [ -3.4725526, 50.7914178 ], [ -3.4709133, 50.7910259 ], [ -3.4691171, 50.7905965 ], [ -3.4622915, 50.7903941 ], [ -3.4534299, 50.7905049 ], [ -3.4469798, 50.7898601 ] ] ] } },
{ "type": "Feature", "properties": { "LEX": "HOWY", "LEX_D": "HOLSWORTHY GROUP", "LEX_RCS": "HOWY-MDSS", "RCS": "MDSS", "RCS_X": "MDST + SDST + SLST", "RCS_D": "MUDSTONE, SILTSTONE AND SANDSTONE", "RANK": "GROUP", "BED_EQ": "NotAp", "BED_EQ_D": "Not Applicable", "MB_EQ": "NotAp", "MB_EQ_D": "Not Applicable", "FM_EQ": "NotAp", "FM_EQ_D": "Not Applicable", "SUBGP_EQ": "NotAp", "SUBGP_EQ_D": "Not Applicable", "GP_EQ": "HOWY", "GP_EQ_D": "HOLSWORTHY GROUP", "SUPGP_EQ": "CU", "SUPGP_EQ_D": "CULM SUPERGROUP", "MAX_TIME_D": "NAMURIAN", "MIN_TIME_D": "BOLSOVIAN (WESTPHALIAN C)", "MAX_TIME_Y": 327000000, "MIN_TIME_Y": 308500000, "MAX_INDEX": 1321399, "MIN_INDEX": 1321229, "MAX_AGE": null, "MIN_AGE": "BOLSOVIAN (WESTPHALIAN C)", "MAX_EPOCH": "NAMURIAN", "MIN_EPOCH": "WESTPHALIAN", "MAX_SUBPER": "SILESIAN", "MIN_SUBPER": "SILESIAN", "MAX_PERIOD": "CARBONIFEROUS", "MIN_PERIOD": "CARBONIFEROUS", "MAX_ERA": "PALAEOZOIC", "MIN_ERA": "PALAEOZOIC", "MAX_EON": "PHANEROZOIC", "MIN_EON": "PHANEROZOIC", "PREV_NAME": "UPPER CULM", "BGSTYPE": "625k_BEDROCK", "LEX_RCS_I": "1321399_HOWY-MDSS", "LEX_RCS_D": "HOLSWORTHY GROUP - MUDSTONE, SILTSTONE AND SANDSTONE", "MAP_CODE": "C5-7", "AGE_ONEGL": "CARBONIFEROUS", "BGSREF": 422, "BGSREF_LEX": 422, "BGSREF_FM": 422, "BGSREF_GP": 422, "BGSREF_RK": 633, "SHEET": "625k_V5_Bedrock", "VERSION": "5.17", "RELEASED": "11- 2-2008", "NOM_SCALE": "625000", "NOM_OS_YR": "2005 HC", "NOM_BGS_YR": "2007", "MSLINK": 17499 }, "geometry": { "type": "Polygon", "coordinates": [ [ [ -3.3684917, 50.9234382 ], [ -3.3539271, 50.9282201 ], [ -3.3499335, 50.9280862 ], [ -3.3459503, 50.9283123 ], [ -3.3468413, 50.9295627 ], [ -3.3517315, 50.9311271 ], [ -3.3606055, 50.9324649 ], [ -3.3640719, 50.9340453 ], [ -3.3706091, 50.9334285 ], [ -3.3728832, 50.9332216 ], [ -3.3742759, 50.9321246 ], [ -3.3682558, 50.9309346 ], [ -3.3664409, 50.9273538 ], [ -3.3689467, 50.9253433 ], [ -3.3684917, 50.9234382 ] ] ] } },
{ "type": "Feature", "properties": { "LEX": "BRBA", "LEX_D": "BRACKLESHAM GROUP AND BARTON GROUP (UNDIFFERENTIATED)", "LEX_RCS": "BRBA-SSCL", "RCS": "SSCL", "RCS_X": "CLAY + SANDU + SILT", "RCS_D": "SAND, SILT AND CLAY", "RANK": "UNCLASSIFIED", "BED_EQ": null, "BED_EQ_D": null, "MB_EQ": null, "MB_EQ_D": null, "FM_EQ": null, "FM_EQ_D": null, "SUBGP_EQ": null, "SUBGP_EQ_D": null, "GP_EQ": null, "GP_EQ_D": null, "SUPGP_EQ": null, "SUPGP_EQ_D": null, "MAX_TIME_D": "EOCENE", "MIN_TIME_D": "EOCENE", "MAX_TIME_Y": 54800000, "MIN_TIME_Y": 33700000, "MAX_INDEX": 1130299, "MIN_INDEX": 1130299, "MAX_AGE": null, "MIN_AGE": null, "MAX_EPOCH": "EOCENE", "MIN_EPOCH": "EOCENE", "MAX_SUBPER": null, "MIN_SUBPER": null, "MAX_PERIOD": "PALAEOGENE", "MIN_PERIOD": "PALAEOGENE", "MAX_ERA": "CAINOZOIC", "MIN_ERA": "CAINOZOIC", "MAX_EON": "PHANEROZOIC", "MIN_EON": "PHANEROZOIC", "PREV_NAME": null, "BGSTYPE": "625k_BEDROCK", "LEX_RCS_I": "1130299_BRBA-SSCL", "LEX_RCS_D": "BRACKLESHAM GROUP AND BARTON GROUP (UNDIFFERENTIATED) - SAND, SILT AND CLAY", "MAP_CODE": "G4", "AGE_ONEGL": "EOCENE", "BGSREF": 805, "BGSREF_LEX": 805, "BGSREF_FM": 805, "BGSREF_GP": 805, "BGSREF_RK": 86, "SHEET": "625k_V5_Bedrock", "VERSION": "5.17", "RELEASED": "11- 2-2008", "NOM_SCALE": "625000", "NOM_OS_YR": "2005 HC", "NOM_BGS_YR": "2007", "MSLINK": 17468 }, "geometry": { "type": "Polygon", "coordinates": [ [ [ -3.526397, 50.5673176 ], [ -3.5267396, 50.5702954 ], [ -3.5270877, 50.5722798 ], [ -3.5260546, 50.5757881 ], [ -3.5266626, 50.5797051 ], [ -3.5244387, 50.5811807 ], [ -3.5173666, 50.5821806 ], [ -3.5158058, 50.5836341 ], [ -3.5175506, 50.5846999 ], [ -3.5198214, 50.5846703 ], [ -3.5228803, 50.5836783 ], [ -3.5287342, 50.5825817 ], [ -3.5289549, 50.5823931 ], [ -3.5287849, 50.5805337 ], [ -3.5294055, 50.5787628 ], [ -3.5301635, 50.5777456 ], [ -3.5297862, 50.5774357 ], [ -3.5293403, 50.5758767 ], [ -3.5292651, 50.5735574 ], [ -3.5295737, 50.572618 ], [ -3.5295046, 50.5704875 ], [ -3.5289764, 50.5690015 ], [ -3.5289546, 50.5683272 ], [ -3.5290582, 50.5680381 ], [ -3.5295841, 50.5677074 ], [ -3.5297671, 50.5672553 ], [ -3.530141, 50.5670256 ], [ -3.5290118, 50.5670404 ], [ -3.528862, 50.5672133 ], [ -3.5281586, 50.5672944 ], [ -3.526397, 50.5673176 ] ] ] } },
{ "type": "Feature", "properties": { "LEX": "TRIA", "LEX_D": "TRIASSIC ROCKS (UNDIFFERENTIATED)", "LEX_RCS": "TRIA-MDSS", "RCS": "MDSS", "RCS_X": "MDST + SDST + SLST", "RCS_D": "MUDSTONE, SILTSTONE AND SANDSTONE", "RANK": "NOT APPLICABLE", "BED_EQ": null, "BED_EQ_D": null, "MB_EQ": null, "MB_EQ_D": null, "FM_EQ": null, "FM_EQ_D": null, "SUBGP_EQ": null, "SUBGP_EQ_D": null, "GP_EQ": null, "GP_EQ_D": null, "SUPGP_EQ": null, "SUPGP_EQ_D": null, "MAX_TIME_D": "TRIASSIC", "MIN_TIME_D": "TRIASSIC", "MAX_TIME_Y": 248200000, "MIN_TIME_Y": 205700000, "MAX_INDEX": 1239999, "MIN_INDEX": 1239999, "MAX_AGE": null, "MIN_AGE": null, "MAX_EPOCH": null, "MIN_EPOCH": null, "MAX_SUBPER": null, "MIN_SUBPER": null, "MAX_PERIOD": "TRIASSIC", "MIN_PERIOD": "TRIASSIC", "MAX_ERA": "MESOZOIC", "MIN_ERA": "MESOZOIC", "MAX_EON": "PHANEROZOIC", "MIN_EON": "PHANEROZOIC", "PREV_NAME": null, "BGSTYPE": "625k_BEDROCK", "LEX_RCS_I": "1239999_TRIA-MDSS", "LEX_RCS_D": "TRIASSIC ROCKS (UNDIFFERENTIATED) - MUDSTONE, SILTSTONE AND SANDSTONE", "MAP_CODE": "T2", "AGE_ONEGL": "TRIASSIC", "BGSREF": 505, "BGSREF_LEX": 404, "BGSREF_FM": 404, "BGSREF_GP": 404, "BGSREF_RK": 633, "SHEET": "625k_V5_Bedrock", "VERSION": "5.17", "RELEASED": "11- 2-2008", "NOM_SCALE": "625000", "NOM_OS_YR": "2005 HC", "NOM_BGS_YR": "2007", "MSLINK": 17486 }, "geometry": { "type": "Polygon", "coordinates": [ [ [ -3.2999259, 50.8889433 ], [ -3.2975812, 50.8901379 ], [ -3.2966375, 50.8912779 ], [ -3.2967501, 50.891312 ], [ -3.298892, 50.8919599 ], [ -3.3229617, 50.8914739 ], [ -3.3228953, 50.8891333 ], [ -3.3214466, 50.8882492 ], [ -3.3171871, 50.8886576 ], [ -3.3140255, 50.8876126 ], [ -3.3133854, 50.8850983 ], [ -3.3104582, 50.8822496 ], [ -3.3081625, 50.8829514 ], [ -3.3031186, 50.884493 ], [ -3.3003626, 50.8877656 ], [ -3.2999259, 50.8889433 ] ] ] } },
{ "type": "Feature", "properties": { "LEX": "PUND", "LEX_D": "PERMIAN ROCKS (UNDIFFERENTIATED)", "LEX_RCS": "PUND-SCON", "RCS": "SCON", "RCS_X": "CONG + SDST", "RCS_D": "SANDSTONE AND CONGLOMERATE, INTERBEDDED", "RANK": "NOT APPLICABLE", "BED_EQ": null, "BED_EQ_D": null, "MB_EQ": null, "MB_EQ_D": null, "FM_EQ": null, "FM_EQ_D": null, "SUBGP_EQ": null, "SUBGP_EQ_D": null, "GP_EQ": null, "GP_EQ_D": null, "SUPGP_EQ": null, "SUPGP_EQ_D": null, "MAX_TIME_D": "PERMIAN", "MIN_TIME_D": "PERMIAN", "MAX_TIME_Y": 290000000, "MIN_TIME_Y": 248200000, "MAX_INDEX": 1319999, "MIN_INDEX": 1319999, "MAX_AGE": null, "MIN_AGE": null, "MAX_EPOCH": null, "MIN_EPOCH": null, "MAX_SUBPER": null, "MIN_SUBPER": null, "MAX_PERIOD": "PERMIAN", "MIN_PERIOD": "PERMIAN", "MAX_ERA": "PALAEOZOIC", "MIN_ERA": "PALAEOZOIC", "MAX_EON": "PHANEROZOIC", "MIN_EON": "PHANEROZOIC", "PREV_NAME": null, "BGSTYPE": "625k_BEDROCK", "LEX_RCS_I": "1319999_PUND-SCON", "LEX_RCS_D": "PERMIAN ROCKS (UNDIFFERENTIATED) - SANDSTONE AND CONGLOMERATE, INTERBEDDED", "MAP_CODE": "P1", "AGE_ONEGL": "PERMIAN", "BGSREF": 926, "BGSREF_LEX": 904, "BGSREF_FM": 904, "BGSREF_GP": 904, "BGSREF_RK": 430, "SHEET": "625k_V5_Bedrock", "VERSION": "5.17", "RELEASED": "11- 2-2008", "NOM_SCALE": "625000", "NOM_OS_YR": "2005 HC", "NOM_BGS_YR": "2007", "MSLINK": 17490 }, "geometry": { "type": "Polygon", "coordinates": [ [ [ -3.43919, 50.9628662 ], [ -3.4440867, 50.9644266 ], [ -3.4535173, 50.9650301 ], [ -3.4568719, 50.9674049 ], [ -3.4570174, 50.9675079 ], [ -3.4646928, 50.9666914 ], [ -3.4680918, 50.9659109 ], [ -3.4692231, 50.9656085 ], [ -3.4668561, 50.9629004 ], [ -3.4679551, 50.9616076 ], [ -3.4713874, 50.9619246 ], [ -3.4722199, 50.9611937 ], [ -3.4718893, 50.959757 ], [ -3.4698541, 50.9585219 ], [ -3.4626937, 50.9575312 ], [ -3.4622944, 50.957634 ], [ -3.4590162, 50.9584777 ], [ -3.4558131, 50.9563565 ], [ -3.4500785, 50.9553472 ], [ -3.4475467, 50.9564593 ], [ -3.44734, 50.9589833 ], [ -3.4408393, 50.9608647 ], [ -3.43919, 50.9628662 ] ] ] } },
{ "type": "Feature", "properties": { "LEX": "PUND", "LEX_D": "PERMIAN ROCKS (UNDIFFERENTIATED)", "LEX_RCS": "PUND-SCON", "RCS": "SCON", "RCS_X": "CONG + SDST", "RCS_D": "SANDSTONE AND CONGLOMERATE, INTERBEDDED", "RANK": "NOT APPLICABLE", "BED_EQ": null, "BED_EQ_D": null, "MB_EQ": null, "MB_EQ_D": null, "FM_EQ": null, "FM_EQ_D": null, "SUBGP_EQ": null, "SUBGP_EQ_D": null, "GP_EQ": null, "GP_EQ_D": null, "SUPGP_EQ": null, "SUPGP_EQ_D": null, "MAX_TIME_D": "PERMIAN", "MIN_TIME_D": "PERMIAN", "MAX_TIME_Y": 290000000, "MIN_TIME_Y": 248200000, "MAX_INDEX": 1319999, "MIN_INDEX": 1319999, "MAX_AGE": null, "MIN_AGE": null, "MAX_EPOCH": null, "MIN_EPOCH": null, "MAX_SUBPER": null, "MIN_SUBPER": null, "MAX_PERIOD": "PERMIAN", "MIN_PERIOD": "PERMIAN", "MAX_ERA": "PALAEOZOIC", "MIN_ERA": "PALAEOZOIC", "MAX_EON": "PHANEROZOIC", "MIN_EON": "PHANEROZOIC", "PREV_NAME": null, "BGSTYPE": "625k_BEDROCK", "LEX_RCS_I": "1319999_PUND-SCON", "LEX_RCS_D": "PERMIAN ROCKS (UNDIFFERENTIATED) - SANDSTONE AND CONGLOMERATE, INTERBEDDED", "MAP_CODE": "P1", "AGE_ONEGL": "PERMIAN", "BGSREF": 926, "BGSREF_LEX": 904, "BGSREF_FM": 904, "BGSREF_GP": 904, "BGSREF_RK": 430, "SHEET": "625k_V5_Bedrock", "VERSION": "5.17", "RELEASED": "11- 2-2008", "NOM_SCALE": "625000", "NOM_OS_YR": "2005 HC", "NOM_BGS_YR": "2007", "MSLINK": 17490 }, "geometry": { "type": "Polygon", "coordinates": [ [ [ -3.5887892, 50.9663054 ], [ -3.5954943, 50.9656203 ], [ -3.5943554, 50.9622672 ], [ -3.6002365, 50.959125 ], [ -3.6007571, 50.957677 ], [ -3.5909245, 50.9536689 ], [ -3.5851813, 50.9524863 ], [ -3.582368, 50.9536051 ], [ -3.5796339, 50.9570642 ], [ -3.5762135, 50.9571104 ], [ -3.5717015, 50.958612 ], [ -3.5700277, 50.9597152 ], [ -3.5706342, 50.9607877 ], [ -3.5747163, 50.9634343 ], [ -3.58268, 50.9627863 ], [ -3.5887892, 50.9663054 ] ] ] } },
{ "type": "Feature", "properties": { "LEX": "BRBA", "LEX_D": "BRACKLESHAM GROUP AND BARTON GROUP (UNDIFFERENTIATED)", "LEX_RCS": "BRBA-SSCL", "RCS": "SSCL", "RCS_X": "CLAY + SANDU + SILT", "RCS_D": "SAND, SILT AND CLAY", "RANK": "UNCLASSIFIED", "BED_EQ": null, "BED_EQ_D": null, "MB_EQ": null, "MB_EQ_D": null, "FM_EQ": null, "FM_EQ_D": null, "SUBGP_EQ": null, "SUBGP_EQ_D": null, "GP_EQ": null, "GP_EQ_D": null, "SUPGP_EQ": null, "SUPGP_EQ_D": null, "MAX_TIME_D": "EOCENE", "MIN_TIME_D": "EOCENE", "MAX_TIME_Y": 54800000, "MIN_TIME_Y": 33700000, "MAX_INDEX": 1130299, "MIN_INDEX": 1130299, "MAX_AGE": null, "MIN_AGE": null, "MAX_EPOCH": "EOCENE", "MIN_EPOCH": "EOCENE", "MAX_SUBPER": null, "MIN_SUBPER": null, "MAX_PERIOD": "PALAEOGENE", "MIN_PERIOD": "PALAEOGENE", "MAX_ERA": "CAINOZOIC", "MIN_ERA": "CAINOZOIC", "MAX_EON": "PHANEROZOIC", "MIN_EON": "PHANEROZOIC", "PREV_NAME": null, "BGSTYPE": "625k_BEDROCK", "LEX_RCS_I": "1130299_BRBA-SSCL", "LEX_RCS_D": "BRACKLESHAM GROUP AND BARTON GROUP (UNDIFFERENTIATED) - SAND, SILT AND CLAY", "MAP_CODE": "G4", "AGE_ONEGL": "EOCENE", "BGSREF": 805, "BGSREF_LEX": 805, "BGSREF_FM": 805, "BGSREF_GP": 805, "BGSREF_RK": 86, "SHEET": "625k_V5_Bedrock", "VERSION": "5.17", "RELEASED": "11- 2-2008", "NOM_SCALE": "625000", "NOM_OS_YR": "2005 HC", "NOM_BGS_YR": "2007", "MSLINK": 17468 }, "geometry": { "type": "MultiPolygon", "coordinates": [ [ [ [ -3.5488199, 50.6246158 ], [ -3.5493596, 50.625432 ], [ -3.5524356, 50.6242438 ], [ -3.5530491, 50.6237149 ], [ -3.5533524, 50.6231525 ], [ -3.5537739, 50.6230901 ], [ -3.5544019, 50.6225487 ], [ -3.5526415, 50.6218996 ], [ -3.5466983, 50.6219786 ], [ -3.5443753, 50.6202083 ], [ -3.541793, 50.6191618 ], [ -3.5392931, 50.6206358 ], [ -3.5367285, 50.6201293 ], [ -3.5352452, 50.6190057 ], [ -3.53458, 50.616031 ], [ -3.5328622, 50.6144166 ], [ -3.5286411, 50.6151926 ], [ -3.5233461, 50.6177835 ], [ -3.5231497, 50.6184827 ], [ -3.5228383, 50.6195913 ], [ -3.5248717, 50.6211858 ], [ -3.5325772, 50.6230659 ], [ -3.5367026, 50.6237078 ], [ -3.5368459, 50.6237301 ], [ -3.5389528, 50.6241462 ], [ -3.5411206, 50.6245742 ], [ -3.541554, 50.6253474 ], [ -3.5417457, 50.6253212 ], [ -3.5421903, 50.6250815 ], [ -3.5430141, 50.6251965 ], [ -3.5441706, 50.6251092 ], [ -3.5452817, 50.6245009 ], [ -3.546137, 50.6242827 ], [ -3.5461399, 50.6243726 ], [ -3.5478701, 50.6241068 ], [ -3.5488199, 50.6246158 ] ] ], [ [ [ -3.5380651, 50.6350612 ], [ -3.5397681, 50.6373678 ], [ -3.5400503, 50.6366034 ], [ -3.5409991, 50.6362131 ], [ -3.541243, 50.6358862 ], [ -3.5407489, 50.635479 ], [ -3.5406844, 50.6348053 ], [ -3.5400652, 50.6335994 ], [ -3.5383466, 50.633802 ], [ -3.5382124, 50.6337309 ], [ -3.5380651, 50.6350612 ] ] ], [ [ [ -3.5431711, 50.641093 ], [ -3.5437732, 50.6406012 ], [ -3.5434304, 50.6404978 ], [ -3.5432461, 50.6400506 ], [ -3.5426635, 50.6395367 ], [ -3.5416281, 50.6390108 ], [ -3.5410529, 50.6389085 ], [ -3.5431711, 50.641093 ] ] ], [ [ [ -3.5664137, 50.6444096 ], [ -3.5682024, 50.6470873 ], [ -3.5756608, 50.6498685 ], [ -3.5780649, 50.6539786 ], [ -3.5795144, 50.6552999 ], [ -3.5811163, 50.6550332 ], [ -3.5809946, 50.6548512 ], [ -3.5814525, 50.6541615 ], [ -3.5814371, 50.653703 ], [ -3.5813146, 50.6534259 ], [ -3.5808094, 50.653127 ], [ -3.5812947, 50.6528326 ], [ -3.5816734, 50.6523148 ], [ -3.5813692, 50.6517492 ], [ -3.5779291, 50.6494876 ], [ -3.5769671, 50.6494917 ], [ -3.5755442, 50.6492412 ], [ -3.5751071, 50.6488604 ], [ -3.5747735, 50.6481904 ], [ -3.5739949, 50.6477512 ], [ -3.572995, 50.647459 ], [ -3.5730128, 50.647144 ], [ -3.5724602, 50.6466928 ], [ -3.571858, 50.6464491 ], [ -3.570952, 50.6464253 ], [ -3.5700911, 50.6460592 ], [ -3.569838, 50.6444078 ], [ -3.5691592, 50.6435626 ], [ -3.5690674, 50.6425026 ], [ -3.5671796, 50.6410261 ], [ -3.5657888, 50.6408829 ], [ -3.5652172, 50.6415561 ], [ -3.5645253, 50.6420151 ], [ -3.5635805, 50.6420997 ], [ -3.5628403, 50.6419568 ], [ -3.5617094, 50.6419719 ], [ -3.5617915, 50.6418899 ], [ -3.5612029, 50.641628 ], [ -3.5607482, 50.6415621 ], [ -3.5600154, 50.6416439 ], [ -3.5587699, 50.64247 ], [ -3.5586127, 50.6428498 ], [ -3.5580856, 50.6431626 ], [ -3.5579374, 50.6437512 ], [ -3.5624139, 50.6433827 ], [ -3.5664137, 50.6444096 ] ] ] ] } },
{ "type": "Feature", "properties": { "LEX": "DINA", "LEX_D": "DINANTIAN ROCKS (UNDIFFERENTIATED)", "LEX_RCS": "DINA-LSSA", "RCS": "LSSA", "RCS_X": "LMST + [AROC] + [SDST]", "RCS_D": "LIMESTONE WITH SUBORDINATE SANDSTONE AND ARGILLACEOUS ROCKS", "RANK": "NOT APPLICABLE", "BED_EQ": null, "BED_EQ_D": null, "MB_EQ": null, "MB_EQ_D": null, "FM_EQ": null, "FM_EQ_D": null, "SUBGP_EQ": null, "SUBGP_EQ_D": null, "GP_EQ": null, "GP_EQ_D": null, "SUPGP_EQ": null, "SUPGP_EQ_D": null, "MAX_TIME_D": "DINANTIAN", "MIN_TIME_D": "DINANTIAN", "MAX_TIME_Y": 354000000, "MIN_TIME_Y": 327000000, "MAX_INDEX": 1322999, "MIN_INDEX": 1322999, "MAX_AGE": null, "MIN_AGE": null, "MAX_EPOCH": null, "MIN_EPOCH": null, "MAX_SUBPER": "DINANTIAN", "MIN_SUBPER": "DINANTIAN", "MAX_PERIOD": "CARBONIFEROUS", "MIN_PERIOD": "CARBONIFEROUS", "MAX_ERA": "PALAEOZOIC", "MIN_ERA": "PALAEOZOIC", "MAX_EON": "PHANEROZOIC", "MIN_EON": "PHANEROZOIC", "PREV_NAME": null, "BGSTYPE": "625k_BEDROCK", "LEX_RCS_I": "1322999_DINA-LSSA", "LEX_RCS_D": "DINANTIAN ROCKS (UNDIFFERENTIATED) - LIMESTONE WITH SUBORDINATE SANDSTONE AND ARGILLACEOUS ROCKS", "MAP_CODE": "C2 or", "AGE_ONEGL": "MISSISSIPPIAN", "BGSREF": 170, "BGSREF_LEX": 40, "BGSREF_FM": 40, "BGSREF_GP": 40, "BGSREF_RK": 150, "SHEET": "625k_V5_Bedrock", "VERSION": "5.17", "RELEASED": "11- 2-2008", "NOM_SCALE": "625000", "NOM_OS_YR": "2005 HC", "NOM_BGS_YR": "2007", "MSLINK": 17507 }, "geometry": { "type": "Polygon", "coordinates": [ [ [ -3.3462583, 50.9684024 ], [ -3.3475411, 50.9684945 ], [ -3.3483587, 50.9691865 ], [ -3.3504276, 50.96981 ], [ -3.3506037, 50.9699879 ], [ -3.350543, 50.9718231 ], [ -3.3502166, 50.9722548 ], [ -3.3532592, 50.9719568 ], [ -3.3563031, 50.9706966 ], [ -3.3557013, 50.969623 ], [ -3.3541866, 50.9665788 ], [ -3.3583951, 50.9641886 ], [ -3.3658342, 50.9650024 ], [ -3.3715258, 50.9645754 ], [ -3.3788852, 50.9626877 ], [ -3.3789727, 50.9625972 ], [ -3.3808221, 50.9606837 ], [ -3.377477, 50.961226 ], [ -3.3700367, 50.9624317 ], [ -3.3634216, 50.960528 ], [ -3.3583268, 50.9618481 ], [ -3.3526564, 50.9629945 ], [ -3.3492143, 50.962314 ], [ -3.3456943, 50.9589326 ], [ -3.3419573, 50.957895 ], [ -3.3381065, 50.9528964 ], [ -3.3329913, 50.9534952 ], [ -3.3309754, 50.9527978 ], [ -3.3247828, 50.9554433 ], [ -3.3209184, 50.9559193 ], [ -3.3173553, 50.9589856 ], [ -3.3166423, 50.9604218 ], [ -3.3168073, 50.9604458 ], [ -3.318428, 50.9603556 ], [ -3.3187884, 50.9600098 ], [ -3.3192277, 50.9599329 ], [ -3.3208952, 50.959986 ], [ -3.3217417, 50.9602102 ], [ -3.3232065, 50.959699 ], [ -3.3245303, 50.959684 ], [ -3.3250481, 50.959813 ], [ -3.3263414, 50.9597264 ], [ -3.3275152, 50.9594433 ], [ -3.3286555, 50.9584861 ], [ -3.3301038, 50.9593419 ], [ -3.3305453, 50.9598405 ], [ -3.3308169, 50.9603769 ], [ -3.3302065, 50.9609414 ], [ -3.3312022, 50.9619013 ], [ -3.3329969, 50.9619168 ], [ -3.3334053, 50.9622539 ], [ -3.3343479, 50.962351 ], [ -3.3353619, 50.9629509 ], [ -3.3361907, 50.9630494 ], [ -3.3376445, 50.9635903 ], [ -3.3389342, 50.9643669 ], [ -3.3395497, 50.9649713 ], [ -3.3405276, 50.9653018 ], [ -3.3407137, 50.9658303 ], [ -3.3414491, 50.9666402 ], [ -3.3421638, 50.9670753 ], [ -3.3444535, 50.9673034 ], [ -3.3462583, 50.9684024 ] ] ] } },
{ "type": "Feature", "properties": { "LEX": "GUGS", "LEX_D": "GAULT FORMATION AND UPPER GREENSAND FORMATION (UNDIFFERENTIATED)", "LEX_RCS": "GUGS-MDSL", "RCS": "MDSL", "RCS_X": "LMST + MDST + SDST", "RCS_D": "MUDSTONE, SANDSTONE AND LIMESTONE", "RANK": "UNCLASSIFIED", "BED_EQ": null, "BED_EQ_D": null, "MB_EQ": null, "MB_EQ_D": null, "FM_EQ": null, "FM_EQ_D": null, "SUBGP_EQ": null, "SUBGP_EQ_D": null, "GP_EQ": null, "GP_EQ_D": null, "SUPGP_EQ": null, "SUPGP_EQ_D": null, "MAX_TIME_D": "ALBIAN", "MIN_TIME_D": "CENOMANIAN", "MAX_TIME_Y": 112200000, "MIN_TIME_Y": 93500000, "MAX_INDEX": 1210219, "MIN_INDEX": 1210169, "MAX_AGE": "ALBIAN", "MIN_AGE": "CENOMANIAN", "MAX_EPOCH": "EARLY CRETACEOUS", "MIN_EPOCH": "LATE CRETACEOUS", "MAX_SUBPER": null, "MIN_SUBPER": null, "MAX_PERIOD": "CRETACEOUS", "MIN_PERIOD": "CRETACEOUS", "MAX_ERA": "MESOZOIC", "MIN_ERA": "MESOZOIC", "MAX_EON": "PHANEROZOIC", "MIN_EON": "PHANEROZOIC", "PREV_NAME": null, "BGSTYPE": "625k_BEDROCK", "LEX_RCS_I": "1210219_GUGS-MDSL", "LEX_RCS_D": "GAULT FORMATION AND UPPER GREENSAND FORMATION (UNDIFFERENTIATED) - MUDSTONE, SANDSTONE AND LIMESTONE", "MAP_CODE": "K4", "AGE_ONEGL": "CRETACEOUS", "BGSREF": 490, "BGSREF_LEX": 480, "BGSREF_FM": 480, "BGSREF_GP": 480, "BGSREF_RK": 803, "SHEET": "625k_V5_Bedrock", "VERSION": "5.17", "RELEASED": "11- 2-2008", "NOM_SCALE": "625000", "NOM_OS_YR": "2005 HC", "NOM_BGS_YR": "2007", "MSLINK": 17474 }, "geometry": { "type": "Polygon", "coordinates": [ [ [ -3.5190665, 50.5685785 ], [ -3.5229566, 50.5702061 ], [ -3.5227661, 50.5731017 ], [ -3.5206307, 50.5745341 ], [ -3.5218183, 50.5761459 ], [ -3.5212956, 50.5787101 ], [ -3.5173222, 50.5787619 ], [ -3.5145439, 50.5794954 ], [ -3.5124123, 50.5838627 ], [ -3.5137093, 50.5850946 ], [ -3.5142314, 50.5874553 ], [ -3.5130906, 50.5891976 ], [ -3.5126161, 50.5911147 ], [ -3.5138086, 50.5919812 ], [ -3.5160565, 50.5912287 ], [ -3.5200234, 50.588145 ], [ -3.5267983, 50.5855312 ], [ -3.5304553, 50.5856418 ], [ -3.5302714, 50.5845612 ], [ -3.5293686, 50.5828553 ], [ -3.5289599, 50.582447 ], [ -3.5289549, 50.5823931 ], [ -3.5287342, 50.5825817 ], [ -3.5228803, 50.5836783 ], [ -3.5198214, 50.5846703 ], [ -3.5175506, 50.5846999 ], [ -3.5158058, 50.5836341 ], [ -3.5173666, 50.5821806 ], [ -3.5244387, 50.5811807 ], [ -3.5266626, 50.5797051 ], [ -3.5260546, 50.5757881 ], [ -3.5270877, 50.5722798 ], [ -3.5267396, 50.5702954 ], [ -3.526397, 50.5673176 ], [ -3.5263519, 50.5673181 ], [ -3.5245889, 50.5669455 ], [ -3.523597, 50.567714 ], [ -3.5230082, 50.5678476 ], [ -3.5220511, 50.5683817 ], [ -3.5190665, 50.5685785 ] ] ] } },
{ "type": "Feature", "properties": { "LEX": "TEVY", "LEX_D": "TEIGN VALLEY GROUP", "LEX_RCS": "TEVY-MDSS", "RCS": "MDSS", "RCS_X": "MDST + SDST + SLST", "RCS_D": "MUDSTONE, SILTSTONE AND SANDSTONE", "RANK": "GROUP", "BED_EQ": "NotAp", "BED_EQ_D": "Not Applicable", "MB_EQ": "NotAp", "MB_EQ_D": "Not Applicable", "FM_EQ": "NotAp", "FM_EQ_D": "Not Applicable", "SUBGP_EQ": "NotAp", "SUBGP_EQ_D": "Not Applicable", "GP_EQ": "TEVY", "GP_EQ_D": "TEIGN VALLEY GROUP", "SUPGP_EQ": "CU", "SUPGP_EQ_D": "CULM SUPERGROUP", "MAX_TIME_D": "FAMENNIAN", "MIN_TIME_D": "MARSDENIAN", "MAX_TIME_Y": 364000000, "MIN_TIME_Y": 317570000, "MAX_INDEX": 1330119, "MIN_INDEX": 1321329, "MAX_AGE": "FAMENNIAN", "MIN_AGE": "MARSDENIAN", "MAX_EPOCH": "LATE DEVONIAN", "MIN_EPOCH": "NAMURIAN", "MAX_SUBPER": null, "MIN_SUBPER": "SILESIAN", "MAX_PERIOD": "DEVONIAN", "MIN_PERIOD": "CARBONIFEROUS", "MAX_ERA": "PALAEOZOIC", "MIN_ERA": "PALAEOZOIC", "MAX_EON": "PHANEROZOIC", "MIN_EON": "PHANEROZOIC", "PREV_NAME": "LOWER CULM MEASURES", "BGSTYPE": "625k_BEDROCK", "LEX_RCS_I": "1330119_TEVY-MDSS", "LEX_RCS_D": "TEIGN VALLEY GROUP - MUDSTONE, SILTSTONE AND SANDSTONE", "MAP_CODE": "C1-4", "AGE_ONEGL": "PALEOZOIC", "BGSREF": 443, "BGSREF_LEX": 556, "BGSREF_FM": 556, "BGSREF_GP": 556, "BGSREF_RK": 633, "SHEET": "625k_V5_Bedrock", "VERSION": "5.17", "RELEASED": "11- 2-2008", "NOM_SCALE": "625000", "NOM_OS_YR": "2005 HC", "NOM_BGS_YR": "2007", "MSLINK": 18360 }, "geometry": { "type": "Polygon", "coordinates": [ [ [ -3.8572844, 50.71711 ], [ -3.8623655, 50.718623 ], [ -3.8584882, 50.7213972 ], [ -3.8690841, 50.7228551 ], [ -3.8759751, 50.7230015 ], [ -3.8760816, 50.722314 ], [ -3.8770302, 50.7215882 ], [ -3.8759894, 50.7207146 ], [ -3.8742237, 50.7204912 ], [ -3.8732907, 50.7205422 ], [ -3.8728, 50.7203163 ], [ -3.8700383, 50.7199829 ], [ -3.8682545, 50.7185905 ], [ -3.8668549, 50.7183071 ], [ -3.8664449, 50.7179719 ], [ -3.8661946, 50.7172852 ], [ -3.8643625, 50.7161886 ], [ -3.8633157, 50.715153 ], [ -3.8625615, 50.7154259 ], [ -3.861504, 50.7155507 ], [ -3.8610468, 50.7158099 ], [ -3.8596669, 50.7160208 ], [ -3.8589871, 50.7163824 ], [ -3.8581702, 50.7165033 ], [ -3.8572844, 50.71711 ] ] ] } },
{ "type": "Feature", "properties": { "LEX": "TEVY", "LEX_D": "TEIGN VALLEY GROUP", "LEX_RCS": "TEVY-MDSS", "RCS": "MDSS", "RCS_X": "MDST + SDST + SLST", "RCS_D": "MUDSTONE, SILTSTONE AND SANDSTONE", "RANK": "GROUP", "BED_EQ": "NotAp", "BED_EQ_D": "Not Applicable", "MB_EQ": "NotAp", "MB_EQ_D": "Not Applicable", "FM_EQ": "NotAp", "FM_EQ_D": "Not Applicable", "SUBGP_EQ": "NotAp", "SUBGP_EQ_D": "Not Applicable", "GP_EQ": "TEVY", "GP_EQ_D": "TEIGN VALLEY GROUP", "SUPGP_EQ": "CU", "SUPGP_EQ_D": "CULM SUPERGROUP", "MAX_TIME_D": "FAMENNIAN", "MIN_TIME_D": "MARSDENIAN", "MAX_TIME_Y": 364000000, "MIN_TIME_Y": 317570000, "MAX_INDEX": 1330119, "MIN_INDEX": 1321329, "MAX_AGE": "FAMENNIAN", "MIN_AGE": "MARSDENIAN", "MAX_EPOCH": "LATE DEVONIAN", "MIN_EPOCH": "NAMURIAN", "MAX_SUBPER": null, "MIN_SUBPER": "SILESIAN", "MAX_PERIOD": "DEVONIAN", "MIN_PERIOD": "CARBONIFEROUS", "MAX_ERA": "PALAEOZOIC", "MIN_ERA": "PALAEOZOIC", "MAX_EON": "PHANEROZOIC", "MIN_EON": "PHANEROZOIC", "PREV_NAME": "LOWER CULM MEASURES", "BGSTYPE": "625k_BEDROCK", "LEX_RCS_I": "1330119_TEVY-MDSS", "LEX_RCS_D": "TEIGN VALLEY GROUP - MUDSTONE, SILTSTONE AND SANDSTONE", "MAP_CODE": "C1-4", "AGE_ONEGL": "PALEOZOIC", "BGSREF": 443, "BGSREF_LEX": 556, "BGSREF_FM": 556, "BGSREF_GP": 556, "BGSREF_RK": 633, "SHEET": "625k_V5_Bedrock", "VERSION": "5.17", "RELEASED": "11- 2-2008", "NOM_SCALE": "625000", "NOM_OS_YR": "2005 HC", "NOM_BGS_YR": "2007", "MSLINK": 18360 }, "geometry": { "type": "Polygon", "coordinates": [ [ [ -3.4032081, 50.9888641 ], [ -3.4096738, 50.9896569 ], [ -3.4169717, 50.9894245 ], [ -3.4220096, 50.9899396 ], [ -3.4281842, 50.9902966 ], [ -3.4311729, 50.9909805 ], [ -3.4323627, 50.9925509 ], [ -3.4271669, 50.9943437 ], [ -3.4221858, 50.9957013 ], [ -3.4277207, 50.997507 ], [ -3.4352968, 50.9988551 ], [ -3.4435492, 50.9999062 ], [ -3.4547827, 51.0013518 ], [ -3.4590174, 51.0016324 ], [ -3.4621048, 51.0018368 ], [ -3.4666834, 51.0022117 ], [ -3.4681166, 51.004211 ], [ -3.4696355, 51.0046913 ], [ -3.4724992, 51.0055968 ], [ -3.4779433, 51.0064483 ], [ -3.4784663, 51.0065301 ], [ -3.4869446, 51.0074311 ], [ -3.4908392, 51.0078138 ], [ -3.4947801, 51.0096366 ], [ -3.4993876, 51.0108744 ], [ -3.5025293, 51.0110087 ], [ -3.5071636, 51.0112067 ], [ -3.5176791, 51.0115028 ], [ -3.5173944, 51.0097773 ], [ -3.5149644, 51.0084194 ], [ -3.5143704, 51.0080874 ], [ -3.5108515, 51.008022 ], [ -3.5098001, 51.0080025 ], [ -3.5049442, 51.0081788 ], [ -3.5036413, 51.008226 ], [ -3.4995183, 51.0078468 ], [ -3.494436, 51.0060386 ], [ -3.4916645, 51.0050654 ], [ -3.4863959, 51.0045562 ], [ -3.4799862, 51.0040612 ], [ -3.4756081, 51.0028197 ], [ -3.4709655, 51.0004287 ], [ -3.4688841, 50.9995903 ], [ -3.4626989, 50.9989474 ], [ -3.4580661, 50.9990054 ], [ -3.4540259, 50.9990557 ], [ -3.4459972, 50.9978585 ], [ -3.439316, 50.9959237 ], [ -3.4479616, 50.9949523 ], [ -3.4512906, 50.9945595 ], [ -3.4534208, 50.9943081 ], [ -3.4572508, 50.9926753 ], [ -3.4517424, 50.9917353 ], [ -3.4469837, 50.9916831 ], [ -3.4455764, 50.9916676 ], [ -3.442829, 50.9914134 ], [ -3.4428913, 50.991378 ], [ -3.4461939, 50.9894986 ], [ -3.4364488, 50.9896188 ], [ -3.4361533, 50.9896225 ], [ -3.4344095, 50.9890729 ], [ -3.4313125, 50.9880968 ], [ -3.4293915, 50.9875655 ], [ -3.4253266, 50.9864409 ], [ -3.4242534, 50.986376 ], [ -3.4219565, 50.986237 ], [ -3.4217915, 50.986227 ], [ -3.4204949, 50.9861485 ], [ -3.4193808, 50.986081 ], [ -3.4109469, 50.9864714 ], [ -3.405966, 50.9878284 ], [ -3.403406, 50.9883357 ], [ -3.4033253, 50.9887547 ], [ -3.4032081, 50.9888641 ] ] ] } },
{ "type": "Feature", "properties": { "LEX": "UDEV", "LEX_D": "UPPER DEVONIAN ROCKS (UNDIFFERENTIATED)", "LEX_RCS": "UDEV-MDSS", "RCS": "MDSS", "RCS_X": "MDST + SDST + SLST", "RCS_D": "MUDSTONE, SILTSTONE AND SANDSTONE", "RANK": null, "BED_EQ": null, "BED_EQ_D": null, "MB_EQ": null, "MB_EQ_D": null, "FM_EQ": null, "FM_EQ_D": null, "SUBGP_EQ": null, "SUBGP_EQ_D": null, "GP_EQ": null, "GP_EQ_D": null, "SUPGP_EQ": null, "SUPGP_EQ_D": null, "MAX_TIME_D": "LATE DEVONIAN", "MIN_TIME_D": "LATE DEVONIAN", "MAX_TIME_Y": 370000000, "MIN_TIME_Y": 354000000, "MAX_INDEX": 1330199, "MIN_INDEX": 1330199, "MAX_AGE": null, "MIN_AGE": null, "MAX_EPOCH": "LATE DEVONIAN", "MIN_EPOCH": "LATE DEVONIAN", "MAX_SUBPER": null, "MIN_SUBPER": null, "MAX_PERIOD": "DEVONIAN", "MIN_PERIOD": "DEVONIAN", "MAX_ERA": "PALAEOZOIC", "MIN_ERA": "PALAEOZOIC", "MAX_EON": "PHANEROZOIC", "MIN_EON": "PHANEROZOIC", "PREV_NAME": null, "BGSTYPE": "625k_BEDROCK", "LEX_RCS_I": "1330199_UDEV-MDSS", "LEX_RCS_D": "UPPER DEVONIAN ROCKS (UNDIFFERENTIATED) - MUDSTONE, SILTSTONE AND SANDSTONE", "MAP_CODE": "D3", "AGE_ONEGL": "UPPER DEVONIAN", "BGSREF": 414, "BGSREF_LEX": 415, "BGSREF_FM": 415, "BGSREF_GP": 415, "BGSREF_RK": 633, "SHEET": "625k_V5_Bedrock", "VERSION": "5.17", "RELEASED": "11- 2-2008", "NOM_SCALE": "625000", "NOM_OS_YR": "2005 HC", "NOM_BGS_YR": "2007", "MSLINK": 17514 }, "geometry": { "type": "Polygon", "coordinates": [ [ [ -3.5955963, 51.0364442 ], [ -3.5927479, 51.0366909 ], [ -3.5864418, 51.0360563 ], [ -3.5759388, 51.0379995 ], [ -3.5676645, 51.0382909 ], [ -3.5639086, 51.0382167 ], [ -3.5611682, 51.0381625 ], [ -3.5592979, 51.0381254 ], [ -3.5459398, 51.03786 ], [ -3.5304616, 51.0362628 ], [ -3.5300475, 51.0362682 ], [ -3.5213248, 51.0363821 ], [ -3.5139363, 51.0375587 ], [ -3.5124129, 51.0377304 ], [ -3.5091572, 51.0380974 ], [ -3.510873, 51.0391359 ], [ -3.5116434, 51.0390973 ], [ -3.520389, 51.0386589 ], [ -3.5322936, 51.0398408 ], [ -3.5325056, 51.0398408 ], [ -3.5460058, 51.0398402 ], [ -3.556042, 51.0409677 ], [ -3.5684232, 51.0403678 ], [ -3.5714434, 51.0402213 ], [ -3.5967126, 51.0392767 ], [ -3.5963704, 51.0379848 ], [ -3.5959582, 51.0376127 ], [ -3.5955963, 51.0364442 ] ] ] } },
{ "type": "Feature", "properties": { "LEX": "TEVY", "LEX_D": "TEIGN VALLEY GROUP", "LEX_RCS": "TEVY-MDSS", "RCS": "MDSS", "RCS_X": "MDST + SDST + SLST", "RCS_D": "MUDSTONE, SILTSTONE AND SANDSTONE", "RANK": "GROUP", "BED_EQ": "NotAp", "BED_EQ_D": "Not Applicable", "MB_EQ": "NotAp", "MB_EQ_D": "Not Applicable", "FM_EQ": "NotAp", "FM_EQ_D": "Not Applicable", "SUBGP_EQ": "NotAp", "SUBGP_EQ_D": "Not Applicable", "GP_EQ": "TEVY", "GP_EQ_D": "TEIGN VALLEY GROUP", "SUPGP_EQ": "CU", "SUPGP_EQ_D": "CULM SUPERGROUP", "MAX_TIME_D": "FAMENNIAN", "MIN_TIME_D": "MARSDENIAN", "MAX_TIME_Y": 364000000, "MIN_TIME_Y": 317570000, "MAX_INDEX": 1330119, "MIN_INDEX": 1321329, "MAX_AGE": "FAMENNIAN", "MIN_AGE": "MARSDENIAN", "MAX_EPOCH": "LATE DEVONIAN", "MIN_EPOCH": "NAMURIAN", "MAX_SUBPER": null, "MIN_SUBPER": "SILESIAN", "MAX_PERIOD": "DEVONIAN", "MIN_PERIOD": "CARBONIFEROUS", "MAX_ERA": "PALAEOZOIC", "MIN_ERA": "PALAEOZOIC", "MAX_EON": "PHANEROZOIC", "MIN_EON": "PHANEROZOIC", "PREV_NAME": "LOWER CULM MEASURES", "BGSTYPE": "625k_BEDROCK", "LEX_RCS_I": "1330119_TEVY-MDSS", "LEX_RCS_D": "TEIGN VALLEY GROUP - MUDSTONE, SILTSTONE AND SANDSTONE", "MAP_CODE": "C1-4", "AGE_ONEGL": "PALEOZOIC", "BGSREF": 443, "BGSREF_LEX": 556, "BGSREF_FM": 556, "BGSREF_GP": 556, "BGSREF_RK": 633, "SHEET": "625k_V5_Bedrock", "VERSION": "5.17", "RELEASED": "11- 2-2008", "NOM_SCALE": "625000", "NOM_OS_YR": "2005 HC", "NOM_BGS_YR": "2007", "MSLINK": 18360 }, "geometry": { "type": "MultiPolygon", "coordinates": [ [ [ [ -3.3440874, 50.9682465 ], [ -3.3462583, 50.9684024 ], [ -3.3444535, 50.9673034 ], [ -3.3421638, 50.9670753 ], [ -3.3440874, 50.9682465 ] ] ], [ [ [ -3.3536433, 50.9746019 ], [ -3.3546349, 50.9753908 ], [ -3.3548167, 50.9757664 ], [ -3.3556523, 50.9760894 ], [ -3.3566456, 50.975961 ], [ -3.3569505, 50.9756697 ], [ -3.3578566, 50.9754793 ], [ -3.3602683, 50.9751455 ], [ -3.3607973, 50.9747256 ], [ -3.3615061, 50.9746095 ], [ -3.3621516, 50.9742782 ], [ -3.3626073, 50.9742729 ], [ -3.3633429, 50.974588 ], [ -3.3639573, 50.9746528 ], [ -3.3646489, 50.9741997 ], [ -3.3653958, 50.9734006 ], [ -3.3563031, 50.9706966 ], [ -3.3532592, 50.9719568 ], [ -3.3502166, 50.9722548 ], [ -3.3501041, 50.9724037 ], [ -3.3492845, 50.972629 ], [ -3.3493197, 50.9728624 ], [ -3.3498691, 50.9731438 ], [ -3.3504896, 50.97391 ], [ -3.3509727, 50.9738685 ], [ -3.3516202, 50.9740948 ], [ -3.3528352, 50.9742426 ], [ -3.3535461, 50.9741984 ], [ -3.3536433, 50.9746019 ] ] ], [ [ [ -3.381107, 50.977208 ], [ -3.3812515, 50.9771047 ], [ -3.3811153, 50.9770962 ], [ -3.381107, 50.977208 ] ] ], [ [ [ -3.3797515, 50.9832262 ], [ -3.3805143, 50.983487 ], [ -3.3821694, 50.9845286 ], [ -3.3829465, 50.9847892 ], [ -3.3846308, 50.9850183 ], [ -3.3844444, 50.9847039 ], [ -3.3818617, 50.9822849 ], [ -3.3766705, 50.9829336 ], [ -3.3762719, 50.983591 ], [ -3.3766992, 50.983586 ], [ -3.3772593, 50.9832557 ], [ -3.3777698, 50.9831777 ], [ -3.3797515, 50.9832262 ] ] ] ] } },
{ "type": "Feature", "properties": { "LEX": "UDEV", "LEX_D": "UPPER DEVONIAN ROCKS (UNDIFFERENTIATED)", "LEX_RCS": "UDEV-MDSS", "RCS": "MDSS", "RCS_X": "MDST + SDST + SLST", "RCS_D": "MUDSTONE, SILTSTONE AND SANDSTONE", "RANK": null, "BED_EQ": null, "BED_EQ_D": null, "MB_EQ": null, "MB_EQ_D": null, "FM_EQ": null, "FM_EQ_D": null, "SUBGP_EQ": null, "SUBGP_EQ_D": null, "GP_EQ": null, "GP_EQ_D": null, "SUPGP_EQ": null, "SUPGP_EQ_D": null, "MAX_TIME_D": "LATE DEVONIAN", "MIN_TIME_D": "LATE DEVONIAN", "MAX_TIME_Y": 370000000, "MIN_TIME_Y": 354000000, "MAX_INDEX": 1330199, "MIN_INDEX": 1330199, "MAX_AGE": null, "MIN_AGE": null, "MAX_EPOCH": "LATE DEVONIAN", "MIN_EPOCH": "LATE DEVONIAN", "MAX_SUBPER": null, "MIN_SUBPER": null, "MAX_PERIOD": "DEVONIAN", "MIN_PERIOD": "DEVONIAN", "MAX_ERA": "PALAEOZOIC", "MIN_ERA": "PALAEOZOIC", "MAX_EON": "PHANEROZOIC", "MIN_EON": "PHANEROZOIC", "PREV_NAME": null, "BGSTYPE": "625k_BEDROCK", "LEX_RCS_I": "1330199_UDEV-MDSS", "LEX_RCS_D": "UPPER DEVONIAN ROCKS (UNDIFFERENTIATED) - MUDSTONE, SILTSTONE AND SANDSTONE", "MAP_CODE": "D3", "AGE_ONEGL": "UPPER DEVONIAN", "BGSREF": 414, "BGSREF_LEX": 415, "BGSREF_FM": 415, "BGSREF_GP": 415, "BGSREF_RK": 633, "SHEET": "625k_V5_Bedrock", "VERSION": "5.17", "RELEASED": "11- 2-2008", "NOM_SCALE": "625000", "NOM_OS_YR": "2005 HC", "NOM_BGS_YR": "2007", "MSLINK": 17514 }, "geometry": { "type": "Polygon", "coordinates": [ [ [ -3.5578002, 51.093354 ], [ -3.5712483, 51.0935342 ], [ -3.6044214, 51.096298 ], [ -3.6177159, 51.0974028 ], [ -3.6694349, 51.0959551 ], [ -3.6824818, 51.0945128 ], [ -3.6825393, 51.0945065 ], [ -3.6923757, 51.09315 ], [ -3.6844357, 51.0915975 ], [ -3.6787424, 51.0910976 ], [ -3.6597625, 51.0894291 ], [ -3.6488944, 51.0894028 ], [ -3.6412341, 51.0911316 ], [ -3.6329509, 51.0914277 ], [ -3.6037066, 51.0893112 ], [ -3.5854126, 51.0895608 ], [ -3.5825969, 51.0893887 ], [ -3.5795653, 51.0892034 ], [ -3.5713694, 51.0887019 ], [ -3.5584025, 51.0879072 ], [ -3.5564693, 51.0877886 ], [ -3.5426166, 51.0883287 ], [ -3.5531176, 51.0901745 ], [ -3.5549922, 51.0907865 ], [ -3.5562983, 51.0912128 ], [ -3.5557628, 51.0923006 ], [ -3.5578002, 51.093354 ] ] ] } },
{ "type": "Feature", "properties": { "LEX": "PUND", "LEX_D": "PERMIAN ROCKS (UNDIFFERENTIATED)", "LEX_RCS": "PUND-MDSS", "RCS": "MDSS", "RCS_X": "MDST + SDST + SLST", "RCS_D": "MUDSTONE, SILTSTONE AND SANDSTONE", "RANK": "NOT APPLICABLE", "BED_EQ": null, "BED_EQ_D": null, "MB_EQ": null, "MB_EQ_D": null, "FM_EQ": null, "FM_EQ_D": null, "SUBGP_EQ": null, "SUBGP_EQ_D": null, "GP_EQ": null, "GP_EQ_D": null, "SUPGP_EQ": null, "SUPGP_EQ_D": null, "MAX_TIME_D": "PERMIAN", "MIN_TIME_D": "PERMIAN", "MAX_TIME_Y": 290000000, "MIN_TIME_Y": 248200000, "MAX_INDEX": 1319999, "MIN_INDEX": 1319999, "MAX_AGE": null, "MIN_AGE": null, "MAX_EPOCH": null, "MIN_EPOCH": null, "MAX_SUBPER": null, "MIN_SUBPER": null, "MAX_PERIOD": "PERMIAN", "MIN_PERIOD": "PERMIAN", "MAX_ERA": "PALAEOZOIC", "MIN_ERA": "PALAEOZOIC", "MAX_EON": "PHANEROZOIC", "MIN_EON": "PHANEROZOIC", "PREV_NAME": null, "BGSTYPE": "625k_BEDROCK", "LEX_RCS_I": "1319999_PUND-MDSS", "LEX_RCS_D": "PERMIAN ROCKS (UNDIFFERENTIATED) - MUDSTONE, SILTSTONE AND SANDSTONE", "MAP_CODE": "P3", "AGE_ONEGL": "PERMIAN", "BGSREF": 714, "BGSREF_LEX": 904, "BGSREF_FM": 904, "BGSREF_GP": 904, "BGSREF_RK": 633, "SHEET": "625k_V5_Bedrock", "VERSION": "5.17", "RELEASED": "11- 2-2008", "NOM_SCALE": "625000", "NOM_OS_YR": "2005 HC", "NOM_BGS_YR": "2007", "MSLINK": 17488 }, "geometry": { "type": "Polygon", "coordinates": [ [ [ -3.4834374, 50.7977644 ], [ -3.4805104, 50.7986662 ], [ -3.4761925, 50.7987209 ], [ -3.4744243, 50.8003284 ], [ -3.4744923, 50.8024891 ], [ -3.4684009, 50.8040069 ], [ -3.4661145, 50.8036034 ], [ -3.4635694, 50.8021943 ], [ -3.4610424, 50.8013614 ], [ -3.4583106, 50.8012515 ], [ -3.4519782, 50.8023392 ], [ -3.4442818, 50.8034435 ], [ -3.4505657, 50.8081208 ], [ -3.4506148, 50.8097053 ], [ -3.4536504, 50.8122613 ], [ -3.4561062, 50.8107897 ], [ -3.4585977, 50.8104703 ], [ -3.4608484, 50.8097217 ], [ -3.4628988, 50.8098401 ], [ -3.4651944, 50.8105317 ], [ -3.4686042, 50.8104889 ], [ -3.4737826, 50.8088384 ], [ -3.4794426, 50.8080463 ], [ -3.4796244, 50.806603 ], [ -3.4811744, 50.8052864 ], [ -3.4850064, 50.804229 ], [ -3.4904016, 50.8022868 ], [ -3.4930753, 50.8011323 ], [ -3.49556, 50.8000593 ], [ -3.499405, 50.7994335 ], [ -3.5110092, 50.799716 ], [ -3.5167233, 50.8006506 ], [ -3.5201557, 50.8013264 ], [ -3.5239958, 50.8005557 ], [ -3.5269127, 50.7993648 ], [ -3.5344027, 50.7989783 ], [ -3.5389383, 50.7986303 ], [ -3.5381744, 50.7963152 ], [ -3.5374235, 50.794039 ], [ -3.5360052, 50.7940977 ], [ -3.5272075, 50.7944615 ], [ -3.5244994, 50.7950733 ], [ -3.5208496, 50.7946887 ], [ -3.5191702, 50.7919726 ], [ -3.5139301, 50.7916085 ], [ -3.5098262, 50.7912294 ], [ -3.5068492, 50.7905474 ], [ -3.5115231, 50.7874608 ], [ -3.5132152, 50.7835481 ], [ -3.5131082, 50.7802351 ], [ -3.5113973, 50.7765107 ], [ -3.5079286, 50.773146 ], [ -3.5078788, 50.7730978 ], [ -3.5020593, 50.7710873 ], [ -3.5014453, 50.7708752 ], [ -3.5000999, 50.7727565 ], [ -3.4990529, 50.7742203 ], [ -3.500448, 50.7752111 ], [ -3.503484, 50.7777658 ], [ -3.50341, 50.7793492 ], [ -3.5033493, 50.7806496 ], [ -3.5009334, 50.7832745 ], [ -3.4971404, 50.7854848 ], [ -3.4960895, 50.7856658 ], [ -3.4935236, 50.7861076 ], [ -3.4986907, 50.777107 ], [ -3.4963594, 50.7752636 ], [ -3.4962803, 50.7751227 ], [ -3.4949139, 50.7726884 ], [ -3.4930739, 50.7719914 ], [ -3.4910297, 50.7720176 ], [ -3.4889947, 50.7723318 ], [ -3.4865465, 50.7739481 ], [ -3.4861758, 50.7743166 ], [ -3.4839029, 50.7765756 ], [ -3.4821313, 50.7780392 ], [ -3.4794145, 50.7783619 ], [ -3.4773973, 50.7792521 ], [ -3.4744532, 50.7795775 ], [ -3.4706275, 50.7807787 ], [ -3.4679465, 50.7822534 ], [ -3.4672671, 50.78231 ], [ -3.4618261, 50.7827626 ], [ -3.4548013, 50.7834269 ], [ -3.4470991, 50.7842432 ], [ -3.4421363, 50.7854575 ], [ -3.4372042, 50.7876799 ], [ -3.4469798, 50.7898601 ], [ -3.4534299, 50.7905049 ], [ -3.4622915, 50.7903941 ], [ -3.4691171, 50.7905965 ], [ -3.4709133, 50.7910259 ], [ -3.4725526, 50.7914178 ], [ -3.4787058, 50.7919164 ], [ -3.4834685, 50.7915677 ], [ -3.4870949, 50.7912333 ], [ -3.4901844, 50.7883118 ], [ -3.4895714, 50.7904812 ], [ -3.4941753, 50.7919248 ], [ -3.4953117, 50.792281 ], [ -3.4939853, 50.7931079 ], [ -3.4912995, 50.7947821 ], [ -3.4872687, 50.7967069 ], [ -3.4834374, 50.7977644 ] ] ] } },
{ "type": "Feature", "properties": { "LEX": "HOWY", "LEX_D": "HOLSWORTHY GROUP", "LEX_RCS": "HOWY-MDSS", "RCS": "MDSS", "RCS_X": "MDST + SDST + SLST", "RCS_D": "MUDSTONE, SILTSTONE AND SANDSTONE", "RANK": "GROUP", "BED_EQ": "NotAp", "BED_EQ_D": "Not Applicable", "MB_EQ": "NotAp", "MB_EQ_D": "Not Applicable", "FM_EQ": "NotAp", "FM_EQ_D": "Not Applicable", "SUBGP_EQ": "NotAp", "SUBGP_EQ_D": "Not Applicable", "GP_EQ": "HOWY", "GP_EQ_D": "HOLSWORTHY GROUP", "SUPGP_EQ": "CU", "SUPGP_EQ_D": "CULM SUPERGROUP", "MAX_TIME_D": "NAMURIAN", "MIN_TIME_D": "BOLSOVIAN (WESTPHALIAN C)", "MAX_TIME_Y": 327000000, "MIN_TIME_Y": 308500000, "MAX_INDEX": 1321399, "MIN_INDEX": 1321229, "MAX_AGE": null, "MIN_AGE": "BOLSOVIAN (WESTPHALIAN C)", "MAX_EPOCH": "NAMURIAN", "MIN_EPOCH": "WESTPHALIAN", "MAX_SUBPER": "SILESIAN", "MIN_SUBPER": "SILESIAN", "MAX_PERIOD": "CARBONIFEROUS", "MIN_PERIOD": "CARBONIFEROUS", "MAX_ERA": "PALAEOZOIC", "MIN_ERA": "PALAEOZOIC", "MAX_EON": "PHANEROZOIC", "MIN_EON": "PHANEROZOIC", "PREV_NAME": "UPPER CULM", "BGSTYPE": "625k_BEDROCK", "LEX_RCS_I": "1321399_HOWY-MDSS", "LEX_RCS_D": "HOLSWORTHY GROUP - MUDSTONE, SILTSTONE AND SANDSTONE", "MAP_CODE": "C5-7", "AGE_ONEGL": "CARBONIFEROUS", "BGSREF": 422, "BGSREF_LEX": 422, "BGSREF_FM": 422, "BGSREF_GP": 422, "BGSREF_RK": 633, "SHEET": "625k_V5_Bedrock", "VERSION": "5.17", "RELEASED": "11- 2-2008", "NOM_SCALE": "625000", "NOM_OS_YR": "2005 HC", "NOM_BGS_YR": "2007", "MSLINK": 17499 }, "geometry": { "type": "Polygon", "coordinates": [ [ [ -3.390418, 50.7756018 ], [ -3.387481, 50.7819406 ], [ -3.3798981, 50.7849123 ], [ -3.3799352, 50.7861726 ], [ -3.3831497, 50.7891963 ], [ -3.3826507, 50.7915436 ], [ -3.3739349, 50.7947085 ], [ -3.3717678, 50.7983361 ], [ -3.3747567, 50.8033439 ], [ -3.373542, 50.8103824 ], [ -3.381804, 50.8110052 ], [ -3.3832515, 50.8118886 ], [ -3.39178, 50.8123377 ], [ -3.3972028, 50.8126229 ], [ -3.3975353, 50.8142398 ], [ -3.3913977, 50.818064 ], [ -3.4081002, 50.8181307 ], [ -3.4183182, 50.8158933 ], [ -3.4197128, 50.8154574 ], [ -3.4246516, 50.8139133 ], [ -3.4385144, 50.8037035 ], [ -3.4360652, 50.8006239 ], [ -3.4334753, 50.7995752 ], [ -3.4238927, 50.8022141 ], [ -3.4173527, 50.8021136 ], [ -3.4114298, 50.8036263 ], [ -3.4110262, 50.803892 ], [ -3.4086427, 50.8054611 ], [ -3.4012391, 50.8050099 ], [ -3.396736, 50.8065048 ], [ -3.3953421, 50.807422 ], [ -3.3930529, 50.8069091 ], [ -3.3952616, 50.8047214 ], [ -3.3974971, 50.8034339 ], [ -3.3974004, 50.8001931 ], [ -3.3948381, 50.8000437 ], [ -3.3841327, 50.803233 ], [ -3.3810073, 50.8032701 ], [ -3.3789655, 50.8014932 ], [ -3.3788807, 50.7986125 ], [ -3.380264, 50.7973354 ], [ -3.3839518, 50.7971115 ], [ -3.38906, 50.7968707 ], [ -3.3986273, 50.7936945 ], [ -3.4218941, 50.7929252 ], [ -3.4301224, 50.792652 ], [ -3.4329764, 50.7925571 ], [ -3.4352212, 50.7916289 ], [ -3.43652, 50.7876505 ], [ -3.4355378, 50.7815041 ], [ -3.4339833, 50.7790366 ], [ -3.4314166, 50.7787079 ], [ -3.4296689, 50.7772885 ], [ -3.4262559, 50.7771502 ], [ -3.4247978, 50.7759072 ], [ -3.4174096, 50.7758172 ], [ -3.417093, 50.7747404 ], [ -3.4102513, 50.7739228 ], [ -3.4051565, 50.7745246 ], [ -3.4037745, 50.775802 ], [ -3.4030466, 50.7799532 ], [ -3.3988299, 50.7814448 ], [ -3.3978121, 50.7854194 ], [ -3.3964296, 50.7866967 ], [ -3.3935787, 50.7863706 ], [ -3.3945862, 50.7820359 ], [ -3.3935254, 50.7750244 ], [ -3.3920896, 50.7745012 ], [ -3.390418, 50.7756018 ] ], [ [ -3.4104825, 50.8082575 ], [ -3.4126883, 50.8075771 ], [ -3.4142881, 50.8078459 ], [ -3.4107637, 50.8109666 ], [ -3.4071976, 50.8141237 ], [ -3.4043558, 50.8141579 ], [ -3.4036957, 50.811104 ], [ -3.4047999, 50.8100101 ], [ -3.4104825, 50.8082575 ] ] ] } },
{ "type": "Feature", "properties": { "LEX": "GUGS", "LEX_D": "GAULT FORMATION AND UPPER GREENSAND FORMATION (UNDIFFERENTIATED)", "LEX_RCS": "GUGS-MDSL", "RCS": "MDSL", "RCS_X": "LMST + MDST + SDST", "RCS_D": "MUDSTONE, SANDSTONE AND LIMESTONE", "RANK": "UNCLASSIFIED", "BED_EQ": null, "BED_EQ_D": null, "MB_EQ": null, "MB_EQ_D": null, "FM_EQ": null, "FM_EQ_D": null, "SUBGP_EQ": null, "SUBGP_EQ_D": null, "GP_EQ": null, "GP_EQ_D": null, "SUPGP_EQ": null, "SUPGP_EQ_D": null, "MAX_TIME_D": "ALBIAN", "MIN_TIME_D": "CENOMANIAN", "MAX_TIME_Y": 112200000, "MIN_TIME_Y": 93500000, "MAX_INDEX": 1210219, "MIN_INDEX": 1210169, "MAX_AGE": "ALBIAN", "MIN_AGE": "CENOMANIAN", "MAX_EPOCH": "EARLY CRETACEOUS", "MIN_EPOCH": "LATE CRETACEOUS", "MAX_SUBPER": null, "MIN_SUBPER": null, "MAX_PERIOD": "CRETACEOUS", "MIN_PERIOD": "CRETACEOUS", "MAX_ERA": "MESOZOIC", "MIN_ERA": "MESOZOIC", "MAX_EON": "PHANEROZOIC", "MIN_EON": "PHANEROZOIC", "PREV_NAME": null, "BGSTYPE": "625k_BEDROCK", "LEX_RCS_I": "1210219_GUGS-MDSL", "LEX_RCS_D": "GAULT FORMATION AND UPPER GREENSAND FORMATION (UNDIFFERENTIATED) - MUDSTONE, SANDSTONE AND LIMESTONE", "MAP_CODE": "K4", "AGE_ONEGL": "CRETACEOUS", "BGSREF": 490, "BGSREF_LEX": 480, "BGSREF_FM": 480, "BGSREF_GP": 480, "BGSREF_RK": 803, "SHEET": "625k_V5_Bedrock", "VERSION": "5.17", "RELEASED": "11- 2-2008", "NOM_SCALE": "625000", "NOM_OS_YR": "2005 HC", "NOM_BGS_YR": "2007", "MSLINK": 17474 }, "geometry": { "type": "MultiPolygon", "coordinates": [ [ [ [ -3.5524356, 50.6242438 ], [ -3.5493596, 50.625432 ], [ -3.5494448, 50.6255608 ], [ -3.5508327, 50.6256323 ], [ -3.5514838, 50.6247962 ], [ -3.5518501, 50.6247553 ], [ -3.5527662, 50.6242395 ], [ -3.5530491, 50.6237149 ], [ -3.5524356, 50.6242438 ] ] ], [ [ [ -3.5813692, 50.6517492 ], [ -3.5812509, 50.6515291 ], [ -3.5799785, 50.65071 ], [ -3.5799051, 50.6502074 ], [ -3.5789189, 50.6494833 ], [ -3.5779291, 50.6494876 ], [ -3.5813692, 50.6517492 ] ] ], [ [ [ -3.5802044, 50.6586325 ], [ -3.5898341, 50.6597568 ], [ -3.5898666, 50.6597098 ], [ -3.5897954, 50.659338 ], [ -3.5896308, 50.6592304 ], [ -3.58892, 50.6591322 ], [ -3.5881984, 50.6587103 ], [ -3.5871194, 50.6585991 ], [ -3.5864272, 50.6582128 ], [ -3.585781, 50.6583476 ], [ -3.5837468, 50.6576018 ], [ -3.5826709, 50.6575804 ], [ -3.5822959, 50.6573697 ], [ -3.5817911, 50.6575025 ], [ -3.5812139, 50.6571685 ], [ -3.5810893, 50.6568285 ], [ -3.5804918, 50.6567287 ], [ -3.5799866, 50.6564297 ], [ -3.5800094, 50.6562675 ], [ -3.5807023, 50.6562581 ], [ -3.5812309, 50.6559902 ], [ -3.5813521, 50.655386 ], [ -3.5811163, 50.6550332 ], [ -3.5795144, 50.6552999 ], [ -3.5780649, 50.6539786 ], [ -3.5756608, 50.6498685 ], [ -3.5682024, 50.6470873 ], [ -3.5664137, 50.6444096 ], [ -3.5624139, 50.6433827 ], [ -3.5579374, 50.6437512 ], [ -3.5579356, 50.6437582 ], [ -3.5576323, 50.6439961 ], [ -3.5567924, 50.6442591 ], [ -3.5541322, 50.6446544 ], [ -3.5533122, 50.6446653 ], [ -3.5523549, 50.6443723 ], [ -3.5509482, 50.6446069 ], [ -3.5492163, 50.6444141 ], [ -3.5463169, 50.6444166 ], [ -3.5447871, 50.6439153 ], [ -3.543963, 50.6438003 ], [ -3.5436354, 50.643301 ], [ -3.5428107, 50.6431681 ], [ -3.5425628, 50.6429375 ], [ -3.5425722, 50.6427935 ], [ -3.5436837, 50.6421852 ], [ -3.5431851, 50.6416432 ], [ -3.543057, 50.6411863 ], [ -3.5431711, 50.641093 ], [ -3.5410529, 50.6389085 ], [ -3.5404047, 50.6387931 ], [ -3.5395566, 50.637941 ], [ -3.5397681, 50.6373678 ], [ -3.5380651, 50.6350612 ], [ -3.5382124, 50.6337309 ], [ -3.5372531, 50.6332229 ], [ -3.5371736, 50.6325224 ], [ -3.5366537, 50.6321875 ], [ -3.5365095, 50.6312361 ], [ -3.536837, 50.6308721 ], [ -3.5371354, 50.629618 ], [ -3.5387257, 50.6272228 ], [ -3.5394092, 50.6256399 ], [ -3.541554, 50.6253474 ], [ -3.5411206, 50.6245742 ], [ -3.5389528, 50.6241462 ], [ -3.5368459, 50.6237301 ], [ -3.5367026, 50.6237078 ], [ -3.5325772, 50.6230659 ], [ -3.5248717, 50.6211858 ], [ -3.5228383, 50.6195913 ], [ -3.5231497, 50.6184827 ], [ -3.5233461, 50.6177835 ], [ -3.5286411, 50.6151926 ], [ -3.5328622, 50.6144166 ], [ -3.53458, 50.616031 ], [ -3.5352452, 50.6190057 ], [ -3.5367285, 50.6201293 ], [ -3.5392931, 50.6206358 ], [ -3.541793, 50.6191618 ], [ -3.5443753, 50.6202083 ], [ -3.5466983, 50.6219786 ], [ -3.5526415, 50.6218996 ], [ -3.5544019, 50.6225487 ], [ -3.5537739, 50.6230901 ], [ -3.5544217, 50.6229943 ], [ -3.5553848, 50.62219 ], [ -3.5560029, 50.6195017 ], [ -3.5562946, 50.6163501 ], [ -3.5556269, 50.6158194 ], [ -3.5552052, 50.6150336 ], [ -3.5550436, 50.6127065 ], [ -3.5544519, 50.6110506 ], [ -3.5540439, 50.6106783 ], [ -3.5534747, 50.6089967 ], [ -3.5508958, 50.6066838 ], [ -3.5508463, 50.6041509 ], [ -3.5459064, 50.6007811 ], [ -3.545867, 50.5995774 ], [ -3.5455069, 50.5994601 ], [ -3.5451538, 50.5990331 ], [ -3.54461, 50.5988245 ], [ -3.5438532, 50.598151 ], [ -3.5427362, 50.5976981 ], [ -3.5426515, 50.5968359 ], [ -3.5425937, 50.5968006 ], [ -3.5385939, 50.5992114 ], [ -3.5437975, 50.6025647 ], [ -3.5469979, 50.605224 ], [ -3.5476641, 50.6082771 ], [ -3.5508296, 50.609856 ], [ -3.5543435, 50.6134115 ], [ -3.5532947, 50.6159471 ], [ -3.5508131, 50.6179614 ], [ -3.5465507, 50.6174777 ], [ -3.5458902, 50.6146046 ], [ -3.5438623, 50.6131906 ], [ -3.5324329, 50.6099194 ], [ -3.5288306, 50.6123082 ], [ -3.5241409, 50.6147423 ], [ -3.5202343, 50.6158394 ], [ -3.5208809, 50.616656 ], [ -3.5215725, 50.6170607 ], [ -3.5216531, 50.6178061 ], [ -3.5219038, 50.6181266 ], [ -3.5209989, 50.6185611 ], [ -3.5210959, 50.6189376 ], [ -3.5216185, 50.6193624 ], [ -3.5216545, 50.6204771 ], [ -3.5212699, 50.6208239 ], [ -3.5200079, 50.6211747 ], [ -3.5200606, 50.6212486 ], [ -3.5272115, 50.6234966 ], [ -3.5309317, 50.6247086 ], [ -3.5360867, 50.6259146 ], [ -3.5345508, 50.6315053 ], [ -3.5338129, 50.6349372 ], [ -3.5370326, 50.6381368 ], [ -3.5394151, 50.6417076 ], [ -3.5429247, 50.6450833 ], [ -3.546647, 50.6462948 ], [ -3.5534486, 50.6463844 ], [ -3.5560445, 50.6477906 ], [ -3.5602383, 50.6461135 ], [ -3.5619551, 50.6466309 ], [ -3.5620208, 50.6486112 ], [ -3.5637676, 50.6500287 ], [ -3.5661743, 50.6481856 ], [ -3.5714132, 50.6499258 ], [ -3.5723169, 50.6515347 ], [ -3.5747268, 50.6558249 ], [ -3.5802044, 50.6586325 ] ] ] ] } },
{ "type": "Feature", "properties": { "LEX": "DINA", "LEX_D": "DINANTIAN ROCKS (UNDIFFERENTIATED)", "LEX_RCS": "DINA-LSSA", "RCS": "LSSA", "RCS_X": "LMST + [AROC] + [SDST]", "RCS_D": "LIMESTONE WITH SUBORDINATE SANDSTONE AND ARGILLACEOUS ROCKS", "RANK": "NOT APPLICABLE", "BED_EQ": null, "BED_EQ_D": null, "MB_EQ": null, "MB_EQ_D": null, "FM_EQ": null, "FM_EQ_D": null, "SUBGP_EQ": null, "SUBGP_EQ_D": null, "GP_EQ": null, "GP_EQ_D": null, "SUPGP_EQ": null, "SUPGP_EQ_D": null, "MAX_TIME_D": "DINANTIAN", "MIN_TIME_D": "DINANTIAN", "MAX_TIME_Y": 354000000, "MIN_TIME_Y": 327000000, "MAX_INDEX": 1322999, "MIN_INDEX": 1322999, "MAX_AGE": null, "MIN_AGE": null, "MAX_EPOCH": null, "MIN_EPOCH": null, "MAX_SUBPER": "DINANTIAN", "MIN_SUBPER": "DINANTIAN", "MAX_PERIOD": "CARBONIFEROUS", "MIN_PERIOD": "CARBONIFEROUS", "MAX_ERA": "PALAEOZOIC", "MIN_ERA": "PALAEOZOIC", "MAX_EON": "PHANEROZOIC", "MIN_EON": "PHANEROZOIC", "PREV_NAME": null, "BGSTYPE": "625k_BEDROCK", "LEX_RCS_I": "1322999_DINA-LSSA", "LEX_RCS_D": "DINANTIAN ROCKS (UNDIFFERENTIATED) - LIMESTONE WITH SUBORDINATE SANDSTONE AND ARGILLACEOUS ROCKS", "MAP_CODE": "C2 or", "AGE_ONEGL": "MISSISSIPPIAN", "BGSREF": 170, "BGSREF_LEX": 40, "BGSREF_FM": 40, "BGSREF_GP": 40, "BGSREF_RK": 150, "SHEET": "625k_V5_Bedrock", "VERSION": "5.17", "RELEASED": "11- 2-2008", "NOM_SCALE": "625000", "NOM_OS_YR": "2005 HC", "NOM_BGS_YR": "2007", "MSLINK": 17507 }, "geometry": { "type": "MultiPolygon", "coordinates": [ [ [ [ -3.3653958, 50.9734006 ], [ -3.3646489, 50.9741997 ], [ -3.3655785, 50.9735907 ], [ -3.3678223, 50.9733666 ], [ -3.367893, 50.9733169 ], [ -3.3653958, 50.9734006 ] ] ], [ [ [ -3.5108515, 51.008022 ], [ -3.5143704, 51.0080874 ], [ -3.5149644, 51.0084194 ], [ -3.5173944, 51.0097773 ], [ -3.5176791, 51.0115028 ], [ -3.506866, 51.0133363 ], [ -3.5041153, 51.0134839 ], [ -3.4891949, 51.0142833 ], [ -3.4860671, 51.0146834 ], [ -3.4849837, 51.0157028 ], [ -3.4841268, 51.016509 ], [ -3.486165, 51.0177438 ], [ -3.4867084, 51.0178343 ], [ -3.4921934, 51.0187476 ], [ -3.501264, 51.018545 ], [ -3.5222204, 51.0180742 ], [ -3.5224391, 51.0180693 ], [ -3.5274641, 51.0177617 ], [ -3.5328135, 51.0174339 ], [ -3.5371698, 51.0171669 ], [ -3.5463747, 51.0166021 ], [ -3.5733434, 51.0128877 ], [ -3.5767841, 51.0124133 ], [ -3.6041485, 51.0111402 ], [ -3.6089804, 51.0105689 ], [ -3.6073476, 51.0095828 ], [ -3.6012081, 51.0086591 ], [ -3.5763278, 51.0073766 ], [ -3.5551003, 51.0074234 ], [ -3.5308739, 51.0074721 ], [ -3.5280864, 51.0074774 ], [ -3.5126072, 51.0055176 ], [ -3.5094474, 51.0045377 ], [ -3.504245, 51.0029241 ], [ -3.4953826, 51.0024976 ], [ -3.4867696, 51.0019577 ], [ -3.4839007, 51.0004828 ], [ -3.4832631, 50.9994086 ], [ -3.4843767, 50.9985298 ], [ -3.4843678, 50.997235 ], [ -3.4806333, 50.9956954 ], [ -3.485417, 50.99434 ], [ -3.5061914, 50.9938966 ], [ -3.5065213, 50.9938896 ], [ -3.5155677, 50.9912511 ], [ -3.5222841, 50.9872014 ], [ -3.5219518, 50.9857649 ], [ -3.5151124, 50.986034 ], [ -3.5122826, 50.9864888 ], [ -3.4943896, 50.9893628 ], [ -3.4898257, 50.9894211 ], [ -3.4886444, 50.9881754 ], [ -3.4951202, 50.9837356 ], [ -3.4975743, 50.981975 ], [ -3.4943755, 50.9818718 ], [ -3.488923, 50.982662 ], [ -3.4809971, 50.984636 ], [ -3.471916, 50.9861918 ], [ -3.4657735, 50.9868454 ], [ -3.4593845, 50.9869254 ], [ -3.4493266, 50.9864743 ], [ -3.4401995, 50.9865872 ], [ -3.4347098, 50.9862225 ], [ -3.4312517, 50.9851122 ], [ -3.4389784, 50.9840086 ], [ -3.4407814, 50.9832658 ], [ -3.4389294, 50.9824241 ], [ -3.4313091, 50.9828627 ], [ -3.4306497, 50.9829007 ], [ -3.4254294, 50.9832008 ], [ -3.4157321, 50.9833188 ], [ -3.4148162, 50.9813488 ], [ -3.4176025, 50.9791537 ], [ -3.4247809, 50.9760727 ], [ -3.4300124, 50.9744999 ], [ -3.4367451, 50.9708152 ], [ -3.4344363, 50.969943 ], [ -3.4332958, 50.969957 ], [ -3.4228064, 50.9720665 ], [ -3.4191434, 50.9735519 ], [ -3.4140161, 50.9737942 ], [ -3.4006895, 50.9764762 ], [ -3.3975363, 50.9759737 ], [ -3.3974823, 50.9741733 ], [ -3.394297, 50.9725905 ], [ -3.386883, 50.9726787 ], [ -3.3809755, 50.9728776 ], [ -3.3810365, 50.973238 ], [ -3.3804034, 50.9754242 ], [ -3.3800593, 50.9758305 ], [ -3.3807266, 50.9762363 ], [ -3.3811408, 50.976753 ], [ -3.3811153, 50.9770962 ], [ -3.3812515, 50.9771047 ], [ -3.381107, 50.977208 ], [ -3.3810594, 50.9778511 ], [ -3.380085, 50.978618 ], [ -3.3792649, 50.9788255 ], [ -3.3775934, 50.9801042 ], [ -3.3773088, 50.9810788 ], [ -3.3769159, 50.9812813 ], [ -3.3767881, 50.9827396 ], [ -3.3766705, 50.9829336 ], [ -3.3818617, 50.9822849 ], [ -3.3844444, 50.9847039 ], [ -3.3846308, 50.9850183 ], [ -3.3858647, 50.9851862 ], [ -3.3873184, 50.9852049 ], [ -3.3880929, 50.9853756 ], [ -3.3887324, 50.9857996 ], [ -3.3901499, 50.9860346 ], [ -3.3923445, 50.9855768 ], [ -3.3931861, 50.9851351 ], [ -3.3946286, 50.9847761 ], [ -3.3960576, 50.9849209 ], [ -3.3966639, 50.9851835 ], [ -3.3973895, 50.9856244 ], [ -3.397726, 50.9863938 ], [ -3.3980732, 50.9865678 ], [ -3.400861, 50.9864102 ], [ -3.4028383, 50.9867821 ], [ -3.4046995, 50.9866069 ], [ -3.4035963, 50.9873486 ], [ -3.403406, 50.9883357 ], [ -3.405966, 50.9878284 ], [ -3.4109469, 50.9864714 ], [ -3.4193808, 50.986081 ], [ -3.4204949, 50.9861485 ], [ -3.4217915, 50.986227 ], [ -3.4219565, 50.986237 ], [ -3.4242534, 50.986376 ], [ -3.4253266, 50.9864409 ], [ -3.4293915, 50.9875655 ], [ -3.4313125, 50.9880968 ], [ -3.4344095, 50.9890729 ], [ -3.4361533, 50.9896225 ], [ -3.4364488, 50.9896188 ], [ -3.4461939, 50.9894986 ], [ -3.4428913, 50.991378 ], [ -3.442829, 50.9914134 ], [ -3.4455764, 50.9916676 ], [ -3.4469837, 50.9916831 ], [ -3.4517424, 50.9917353 ], [ -3.4572508, 50.9926753 ], [ -3.4534208, 50.9943081 ], [ -3.4512906, 50.9945595 ], [ -3.4479616, 50.9949523 ], [ -3.439316, 50.9959237 ], [ -3.4459972, 50.9978585 ], [ -3.4540259, 50.9990557 ], [ -3.4580661, 50.9990054 ], [ -3.4626989, 50.9989474 ], [ -3.4688841, 50.9995903 ], [ -3.4709655, 51.0004287 ], [ -3.4756081, 51.0028197 ], [ -3.4799862, 51.0040612 ], [ -3.4863959, 51.0045562 ], [ -3.4916645, 51.0050654 ], [ -3.494436, 51.0060386 ], [ -3.4995183, 51.0078468 ], [ -3.5036413, 51.008226 ], [ -3.5049442, 51.0081788 ], [ -3.5098001, 51.0080025 ], [ -3.5108515, 51.008022 ] ] ] ] } },
{ "type": "Feature", "properties": { "LEX": "PUND", "LEX_D": "PERMIAN ROCKS (UNDIFFERENTIATED)", "LEX_RCS": "PUND-SCON", "RCS": "SCON", "RCS_X": "CONG + SDST", "RCS_D": "SANDSTONE AND CONGLOMERATE, INTERBEDDED", "RANK": "NOT APPLICABLE", "BED_EQ": null, "BED_EQ_D": null, "MB_EQ": null, "MB_EQ_D": null, "FM_EQ": null, "FM_EQ_D": null, "SUBGP_EQ": null, "SUBGP_EQ_D": null, "GP_EQ": null, "GP_EQ_D": null, "SUPGP_EQ": null, "SUPGP_EQ_D": null, "MAX_TIME_D": "PERMIAN", "MIN_TIME_D": "PERMIAN", "MAX_TIME_Y": 290000000, "MIN_TIME_Y": 248200000, "MAX_INDEX": 1319999, "MIN_INDEX": 1319999, "MAX_AGE": null, "MIN_AGE": null, "MAX_EPOCH": null, "MIN_EPOCH": null, "MAX_SUBPER": null, "MIN_SUBPER": null, "MAX_PERIOD": "PERMIAN", "MIN_PERIOD": "PERMIAN", "MAX_ERA": "PALAEOZOIC", "MIN_ERA": "PALAEOZOIC", "MAX_EON": "PHANEROZOIC", "MIN_EON": "PHANEROZOIC", "PREV_NAME": null, "BGSTYPE": "625k_BEDROCK", "LEX_RCS_I": "1319999_PUND-SCON", "LEX_RCS_D": "PERMIAN ROCKS (UNDIFFERENTIATED) - SANDSTONE AND CONGLOMERATE, INTERBEDDED", "MAP_CODE": "P1", "AGE_ONEGL": "PERMIAN", "BGSREF": 926, "BGSREF_LEX": 904, "BGSREF_FM": 904, "BGSREF_GP": 904, "BGSREF_RK": 430, "SHEET": "625k_V5_Bedrock", "VERSION": "5.17", "RELEASED": "11- 2-2008", "NOM_SCALE": "625000", "NOM_OS_YR": "2005 HC", "NOM_BGS_YR": "2007", "MSLINK": 17490 }, "geometry": { "type": "Polygon", "coordinates": [ [ [ -3.3611008, 50.9396632 ], [ -3.3625308, 50.9398266 ], [ -3.3661877, 50.938163 ], [ -3.3724088, 50.9364691 ], [ -3.3852575, 50.9372178 ], [ -3.3908702, 50.9342694 ], [ -3.3955172, 50.9334761 ], [ -3.3999443, 50.9327201 ], [ -3.4021147, 50.9344469 ], [ -3.4036423, 50.9378505 ], [ -3.4082394, 50.9390559 ], [ -3.4137899, 50.9434914 ], [ -3.4240653, 50.9439068 ], [ -3.4390354, 50.9394007 ], [ -3.4537906, 50.9372368 ], [ -3.4636443, 50.9333315 ], [ -3.4700835, 50.9296485 ], [ -3.4743282, 50.9286944 ], [ -3.4798208, 50.9311464 ], [ -3.4820822, 50.9309222 ], [ -3.4860711, 50.9305267 ], [ -3.4923558, 50.9309868 ], [ -3.4974259, 50.9291208 ], [ -3.5018556, 50.9339267 ], [ -3.5084433, 50.9349224 ], [ -3.5172754, 50.934808 ], [ -3.5345597, 50.9317003 ], [ -3.5415085, 50.9317064 ], [ -3.5602111, 50.9317205 ], [ -3.5730002, 50.9306484 ], [ -3.5764946, 50.9298221 ], [ -3.578655, 50.9293113 ], [ -3.5796603, 50.9253353 ], [ -3.5788706, 50.9248253 ], [ -3.5752904, 50.9225127 ], [ -3.5580668, 50.9164841 ], [ -3.5555029, 50.9155863 ], [ -3.5435781, 50.9114096 ], [ -3.5378474, 50.9104046 ], [ -3.52902, 50.9105205 ], [ -3.52122, 50.9072004 ], [ -3.5115623, 50.9080464 ], [ -3.5104372, 50.907331 ], [ -3.5054549, 50.904163 ], [ -3.4978599, 50.9071424 ], [ -3.4935081, 50.9046767 ], [ -3.4886025, 50.9000997 ], [ -3.4864625, 50.8981027 ], [ -3.483866, 50.8970551 ], [ -3.4744715, 50.8971742 ], [ -3.4629189, 50.8909333 ], [ -3.4595721, 50.8891248 ], [ -3.4546483, 50.8900406 ], [ -3.4533437, 50.8902832 ], [ -3.4476509, 50.890354 ], [ -3.4398968, 50.8892621 ], [ -3.4264881, 50.8873727 ], [ -3.4170243, 50.8851466 ], [ -3.415273, 50.883727 ], [ -3.4166578, 50.8824495 ], [ -3.4209655, 50.8818212 ], [ -3.4283098, 50.8817671 ], [ -3.4466129, 50.8844234 ], [ -3.4511881, 50.8856817 ], [ -3.453505, 50.8863189 ], [ -3.4617589, 50.8862158 ], [ -3.4651065, 50.8840125 ], [ -3.470184, 50.8825078 ], [ -3.4731878, 50.8799615 ], [ -3.474066, 50.8792169 ], [ -3.4742881, 50.877233 ], [ -3.4725069, 50.8749141 ], [ -3.4721613, 50.8747955 ], [ -3.465366, 50.8724645 ], [ -3.4641828, 50.8720585 ], [ -3.4638448, 50.8719425 ], [ -3.4598462, 50.8705705 ], [ -3.4609873, 50.8615509 ], [ -3.4589174, 50.8590553 ], [ -3.4569094, 50.8585401 ], [ -3.455794, 50.8592744 ], [ -3.4555937, 50.8619785 ], [ -3.4522416, 50.8640015 ], [ -3.4502937, 50.8641921 ], [ -3.4374872, 50.8654449 ], [ -3.4363326, 50.8649188 ], [ -3.4391221, 50.8630834 ], [ -3.4424658, 50.8623072 ], [ -3.4449553, 50.8617292 ], [ -3.4473162, 50.861181 ], [ -3.4478405, 50.8597336 ], [ -3.4459217, 50.8586634 ], [ -3.4443658, 50.8577955 ], [ -3.4452682, 50.8573984 ], [ -3.451103, 50.8548302 ], [ -3.4519004, 50.8530192 ], [ -3.4492346, 50.8496303 ], [ -3.450913, 50.8487089 ], [ -3.4591378, 50.8478859 ], [ -3.4632206, 50.8510767 ], [ -3.4697788, 50.8515346 ], [ -3.4728732, 50.8504149 ], [ -3.4747958, 50.8482294 ], [ -3.4751715, 50.842101 ], [ -3.4783915, 50.8389062 ], [ -3.4790328, 50.8382698 ], [ -3.4786745, 50.835933 ], [ -3.4738072, 50.8349139 ], [ -3.4702373, 50.8331051 ], [ -3.4686049, 50.8322779 ], [ -3.4655761, 50.8324908 ], [ -3.4654834, 50.8324973 ], [ -3.4624519, 50.8355972 ], [ -3.4588064, 50.8372638 ], [ -3.4545585, 50.8378571 ], [ -3.452557, 50.8375219 ], [ -3.452228, 50.8360851 ], [ -3.4504942, 50.8352061 ], [ -3.4500251, 50.835212 ], [ -3.4450923, 50.8352732 ], [ -3.4318676, 50.8399389 ], [ -3.4225118, 50.8409539 ], [ -3.4145011, 50.8394304 ], [ -3.4027694, 50.8465962 ], [ -3.396924, 50.8470957 ], [ -3.3916657, 50.8462939 ], [ -3.3891449, 50.8572053 ], [ -3.389928, 50.8644002 ], [ -3.3885387, 50.867312 ], [ -3.3872487, 50.8700154 ], [ -3.3872553, 50.8702368 ], [ -3.3872729, 50.8708306 ], [ -3.3874359, 50.8763168 ], [ -3.3903137, 50.8773632 ], [ -3.3971541, 50.8776417 ], [ -3.3980621, 50.8799321 ], [ -3.3980779, 50.879972 ], [ -3.4050217, 50.8836708 ], [ -3.4100884, 50.8911741 ], [ -3.4143844, 50.9013881 ], [ -3.417894, 50.9044073 ], [ -3.3955358, 50.9046209 ], [ -3.3926991, 50.907624 ], [ -3.3873942, 50.9132387 ], [ -3.3814936, 50.9160102 ], [ -3.3784511, 50.919108 ], [ -3.3725704, 50.9225992 ], [ -3.3684917, 50.9234382 ], [ -3.3689467, 50.9253433 ], [ -3.3664409, 50.9273538 ], [ -3.3682558, 50.9309346 ], [ -3.3742759, 50.9321246 ], [ -3.3728832, 50.9332216 ], [ -3.3706091, 50.9334285 ], [ -3.3640719, 50.9340453 ], [ -3.3638713, 50.9369293 ], [ -3.3633066, 50.937116 ], [ -3.3621396, 50.9380101 ], [ -3.3611008, 50.9396632 ] ], [ [ -3.5080531, 50.9293397 ], [ -3.5140582, 50.9256485 ], [ -3.5202222, 50.9268589 ], [ -3.5240051, 50.9301649 ], [ -3.5154839, 50.9318245 ], [ -3.5106358, 50.9334359 ], [ -3.5064955, 50.9316827 ], [ -3.5080531, 50.9293397 ] ] ] } },
{ "type": "Feature", "properties": { "LEX": "TRIA", "LEX_D": "TRIASSIC ROCKS (UNDIFFERENTIATED)", "LEX_RCS": "TRIA-SCON", "RCS": "SCON", "RCS_X": "CONG + SDST", "RCS_D": "SANDSTONE AND CONGLOMERATE, INTERBEDDED", "RANK": "NOT APPLICABLE", "BED_EQ": null, "BED_EQ_D": null, "MB_EQ": null, "MB_EQ_D": null, "FM_EQ": null, "FM_EQ_D": null, "SUBGP_EQ": null, "SUBGP_EQ_D": null, "GP_EQ": null, "GP_EQ_D": null, "SUPGP_EQ": null, "SUPGP_EQ_D": null, "MAX_TIME_D": "TRIASSIC", "MIN_TIME_D": "TRIASSIC", "MAX_TIME_Y": 248200000, "MIN_TIME_Y": 205700000, "MAX_INDEX": 1239999, "MIN_INDEX": 1239999, "MAX_AGE": null, "MIN_AGE": null, "MAX_EPOCH": null, "MIN_EPOCH": null, "MAX_SUBPER": null, "MIN_SUBPER": null, "MAX_PERIOD": "TRIASSIC", "MIN_PERIOD": "TRIASSIC", "MAX_ERA": "MESOZOIC", "MIN_ERA": "MESOZOIC", "MAX_EON": "PHANEROZOIC", "MIN_EON": "PHANEROZOIC", "PREV_NAME": null, "BGSTYPE": "625k_BEDROCK", "LEX_RCS_I": "1239999_TRIA-SCON", "LEX_RCS_D": "TRIASSIC ROCKS (UNDIFFERENTIATED) - SANDSTONE AND CONGLOMERATE, INTERBEDDED", "MAP_CODE": "T1", "AGE_ONEGL": "TRIASSIC", "BGSREF": 304, "BGSREF_LEX": 404, "BGSREF_FM": 404, "BGSREF_GP": 404, "BGSREF_RK": 430, "SHEET": "625k_V5_Bedrock", "VERSION": "5.17", "RELEASED": "11- 2-2008", "NOM_SCALE": "625000", "NOM_OS_YR": "2005 HC", "NOM_BGS_YR": "2007", "MSLINK": 17487 }, "geometry": { "type": "MultiPolygon", "coordinates": [ [ [ [ -3.3774854, 50.6571115 ], [ -3.3772985, 50.6574914 ], [ -3.3767852, 50.6578392 ], [ -3.3768185, 50.6584953 ], [ -3.3773369, 50.658804 ], [ -3.3776659, 50.6594116 ], [ -3.3784625, 50.6600407 ], [ -3.3780084, 50.6604778 ], [ -3.3779768, 50.6613325 ], [ -3.3757856, 50.66188 ], [ -3.3749281, 50.6625556 ], [ -3.3744729, 50.6634423 ], [ -3.3732633, 50.6636904 ], [ -3.3722785, 50.6643667 ], [ -3.3716288, 50.6648968 ], [ -3.3718426, 50.6654339 ], [ -3.3714903, 50.6659686 ], [ -3.3713507, 50.6670045 ], [ -3.3709619, 50.6672609 ], [ -3.3708954, 50.6688625 ], [ -3.3717046, 50.6704088 ], [ -3.3714557, 50.6735234 ], [ -3.3718993, 50.6751459 ], [ -3.3725936, 50.6756593 ], [ -3.372722, 50.6761794 ], [ -3.371084, 50.6772779 ], [ -3.3703812, 50.6774481 ], [ -3.3703032, 50.6776828 ], [ -3.3694951, 50.678124 ], [ -3.3701255, 50.6783864 ], [ -3.3705649, 50.6788938 ], [ -3.3708474, 50.6798438 ], [ -3.370662, 50.6808581 ], [ -3.3711647, 50.6805522 ], [ -3.3750996, 50.6696992 ], [ -3.3746585, 50.664301 ], [ -3.3765783, 50.662117 ], [ -3.37993, 50.6604564 ], [ -3.3804332, 50.6582891 ], [ -3.3826638, 50.6566697 ], [ -3.3807912, 50.6566676 ], [ -3.3801871, 50.6566118 ], [ -3.3794298, 50.6568367 ], [ -3.3785351, 50.6567213 ], [ -3.3774854, 50.6571115 ] ] ], [ [ [ -3.3652665, 50.6831199 ], [ -3.3635904, 50.6834093 ], [ -3.3619986, 50.6841654 ], [ -3.3616401, 50.6844933 ], [ -3.3598588, 50.6850627 ], [ -3.3588338, 50.6853534 ], [ -3.3581932, 50.6857206 ], [ -3.3582309, 50.6870269 ], [ -3.3630353, 50.6837094 ], [ -3.3660455, 50.6830729 ], [ -3.3652665, 50.6831199 ] ] ], [ [ [ -3.3479723, 50.6986093 ], [ -3.3478545, 50.6993845 ], [ -3.3482298, 50.6996319 ], [ -3.3485116, 50.7005729 ], [ -3.3480484, 50.7012078 ], [ -3.348687, 50.701749 ], [ -3.3482206, 50.702276 ], [ -3.349172, 50.7028586 ], [ -3.349613, 50.7044093 ], [ -3.3495802, 50.705237 ], [ -3.349792, 50.7057112 ], [ -3.3493264, 50.7062652 ], [ -3.3493448, 50.7069035 ], [ -3.3507393, 50.7081194 ], [ -3.3511527, 50.7088951 ], [ -3.3512848, 50.7088815 ], [ -3.3520629, 50.706351 ], [ -3.3487166, 50.6984649 ], [ -3.3479723, 50.6986093 ] ] ], [ [ [ -3.3335353, 50.7466733 ], [ -3.3331735, 50.7469112 ], [ -3.3330142, 50.7472908 ], [ -3.3322876, 50.7476588 ], [ -3.3322325, 50.7480546 ], [ -3.3350982, 50.7481516 ], [ -3.3368871, 50.7466792 ], [ -3.3373173, 50.7463251 ], [ -3.3348883, 50.7407696 ], [ -3.3343486, 50.7317703 ], [ -3.3422258, 50.7194325 ], [ -3.339358, 50.7172394 ], [ -3.3381882, 50.7179678 ], [ -3.3392865, 50.7187286 ], [ -3.3394757, 50.7194009 ], [ -3.340177, 50.7201483 ], [ -3.3401979, 50.7218747 ], [ -3.3398119, 50.7222479 ], [ -3.3389961, 50.7224551 ], [ -3.3380226, 50.7230958 ], [ -3.3370558, 50.7239703 ], [ -3.3368966, 50.7243498 ], [ -3.3362265, 50.7246992 ], [ -3.3359915, 50.7254034 ], [ -3.3368029, 50.7270308 ], [ -3.3351967, 50.727346 ], [ -3.3344994, 50.7277407 ], [ -3.3344331, 50.728398 ], [ -3.3341866, 50.7286976 ], [ -3.3324243, 50.7295091 ], [ -3.3324993, 50.7301558 ], [ -3.3320652, 50.7318334 ], [ -3.3325825, 50.7330866 ], [ -3.3325999, 50.7336979 ], [ -3.3322423, 50.7340797 ], [ -3.3320911, 50.7347469 ], [ -3.3312914, 50.7355295 ], [ -3.3310002, 50.7362522 ], [ -3.3306395, 50.7365262 ], [ -3.330596, 50.7369943 ], [ -3.3299252, 50.7373257 ], [ -3.3296804, 50.7376882 ], [ -3.3298809, 50.7397633 ], [ -3.3305274, 50.7400707 ], [ -3.3321653, 50.7403578 ], [ -3.3323979, 50.740562 ], [ -3.3324308, 50.7417217 ], [ -3.3317893, 50.7420888 ], [ -3.3319989, 50.7424821 ], [ -3.3320966, 50.7439288 ], [ -3.3327729, 50.7447845 ], [ -3.3323602, 50.7457245 ], [ -3.3324127, 50.7460746 ], [ -3.3331458, 50.7464349 ], [ -3.3334292, 50.7464317 ], [ -3.3335353, 50.7466733 ] ] ], [ [ [ -3.3290839, 50.7536578 ], [ -3.3280106, 50.7553068 ], [ -3.3277788, 50.7556332 ], [ -3.3279598, 50.7560178 ], [ -3.3291261, 50.7561484 ], [ -3.3292716, 50.7562816 ], [ -3.329118, 50.7578662 ], [ -3.3292465, 50.7583953 ], [ -3.3294796, 50.7586175 ], [ -3.3298205, 50.7586406 ], [ -3.3298681, 50.7588199 ], [ -3.3297719, 50.7609254 ], [ -3.3300144, 50.7624784 ], [ -3.3295053, 50.7635274 ], [ -3.3288803, 50.7642131 ], [ -3.3306976, 50.7631508 ], [ -3.3322935, 50.7593504 ], [ -3.3298541, 50.7534347 ], [ -3.3291682, 50.7530823 ], [ -3.3290839, 50.7536578 ] ] ], [ [ [ -3.3279032, 50.7645479 ], [ -3.3281834, 50.7646204 ], [ -3.3287084, 50.7643135 ], [ -3.3279032, 50.7645479 ] ] ], [ [ [ -3.3196214, 50.7740807 ], [ -3.319666, 50.7741249 ], [ -3.3196066, 50.7740047 ], [ -3.3196214, 50.7740807 ] ] ], [ [ [ -3.3198687, 50.7748063 ], [ -3.3195414, 50.7752686 ], [ -3.3204241, 50.7758087 ], [ -3.3204638, 50.7757379 ], [ -3.3198606, 50.7745183 ], [ -3.3198687, 50.7748063 ] ] ], [ [ [ -3.3156204, 50.791879 ], [ -3.3156616, 50.7933461 ], [ -3.3165924, 50.7934859 ], [ -3.3174636, 50.7941955 ], [ -3.3176193, 50.7956956 ], [ -3.317195, 50.7977598 ], [ -3.31728, 50.7997733 ], [ -3.3175049, 50.8002024 ], [ -3.318241, 50.8006437 ], [ -3.3190841, 50.800815 ], [ -3.3183168, 50.7975118 ], [ -3.3187633, 50.7931842 ], [ -3.3178306, 50.7911469 ], [ -3.3164169, 50.7904558 ], [ -3.3156204, 50.791879 ] ] ], [ [ [ -3.3229137, 50.8173522 ], [ -3.326309, 50.8195154 ], [ -3.3276851, 50.8172171 ], [ -3.3268172, 50.8166867 ], [ -3.3229137, 50.8173522 ] ] ], [ [ [ -3.3244963, 50.8211129 ], [ -3.3239391, 50.8219915 ], [ -3.3228488, 50.8231011 ], [ -3.322092, 50.8247776 ], [ -3.3238844, 50.823564 ], [ -3.3245809, 50.8224011 ], [ -3.3261815, 50.8197284 ], [ -3.3244963, 50.8211129 ] ] ], [ [ [ -3.3019796, 50.9414395 ], [ -3.3006117, 50.942408 ], [ -3.2995316, 50.9434902 ], [ -3.2999129, 50.9438906 ], [ -3.3000491, 50.9446894 ], [ -3.2995427, 50.9459271 ], [ -3.2988552, 50.946798 ], [ -3.2977637, 50.9474756 ], [ -3.297243, 50.9482009 ], [ -3.2979372, 50.949614 ], [ -3.2981081, 50.9516625 ], [ -3.2980023, 50.9519514 ], [ -3.2967729, 50.9527924 ], [ -3.2966166, 50.9533157 ], [ -3.2962545, 50.9536075 ], [ -3.2972089, 50.9541365 ], [ -3.2973313, 50.9544409 ], [ -3.2961293, 50.9552456 ], [ -3.2960239, 50.9555525 ], [ -3.2962742, 50.9558465 ], [ -3.2976126, 50.9563622 ], [ -3.3005051, 50.9564379 ], [ -3.30172, 50.9566042 ], [ -3.3019792, 50.9567093 ], [ -3.302309, 50.9572991 ], [ -3.3035768, 50.9573209 ], [ -3.3039946, 50.9574961 ], [ -3.3044793, 50.9585339 ], [ -3.3050113, 50.9586076 ], [ -3.3060281, 50.9579423 ], [ -3.3095417, 50.9510591 ], [ -3.3140412, 50.9488473 ], [ -3.3105501, 50.9463651 ], [ -3.3115685, 50.9420312 ], [ -3.3126831, 50.9411182 ], [ -3.316408, 50.9417966 ], [ -3.3189422, 50.9406874 ], [ -3.3136808, 50.9360641 ], [ -3.3139049, 50.9339004 ], [ -3.3181024, 50.9311515 ], [ -3.325718, 50.9283637 ], [ -3.3268217, 50.9270905 ], [ -3.3257158, 50.9259168 ], [ -3.3256464, 50.9258431 ], [ -3.3257105, 50.925815 ], [ -3.3273351, 50.9251035 ], [ -3.3395379, 50.9233432 ], [ -3.3414801, 50.9215199 ], [ -3.3408904, 50.9195244 ], [ -3.335006, 50.9198785 ], [ -3.3393569, 50.9170417 ], [ -3.3410296, 50.9157617 ], [ -3.3401234, 50.9139711 ], [ -3.3414853, 50.9117942 ], [ -3.335997, 50.9091556 ], [ -3.3361749, 50.9077798 ], [ -3.3362302, 50.9073519 ], [ -3.3390003, 50.9046186 ], [ -3.3321151, 50.9028964 ], [ -3.3251843, 50.8995533 ], [ -3.3254281, 50.8981097 ], [ -3.3276597, 50.8964634 ], [ -3.3304861, 50.8957108 ], [ -3.3364955, 50.8967228 ], [ -3.3396168, 50.8963268 ], [ -3.3393011, 50.8952498 ], [ -3.3335251, 50.8924343 ], [ -3.3273576, 50.8858408 ], [ -3.3281073, 50.8808724 ], [ -3.3285554, 50.8779026 ], [ -3.3258664, 50.8734306 ], [ -3.3283199, 50.8696205 ], [ -3.3281612, 50.864039 ], [ -3.3271092, 50.861858 ], [ -3.3257422, 50.8590236 ], [ -3.3256673, 50.8580237 ], [ -3.3252842, 50.8529053 ], [ -3.3226377, 50.8498735 ], [ -3.3175081, 50.8495714 ], [ -3.3160607, 50.8486872 ], [ -3.3149847, 50.8407747 ], [ -3.314214, 50.8406792 ], [ -3.3121604, 50.8419182 ], [ -3.3118722, 50.8427847 ], [ -3.3113433, 50.8431684 ], [ -3.3113232, 50.8434654 ], [ -3.3104043, 50.8436915 ], [ -3.3074097, 50.8437791 ], [ -3.305714, 50.8440229 ], [ -3.3052222, 50.8437047 ], [ -3.303451, 50.8433468 ], [ -3.3020374, 50.8425712 ], [ -3.3006384, 50.842317 ], [ -3.295154, 50.8423061 ], [ -3.2943176, 50.8428189 ], [ -3.2933575, 50.8430274 ], [ -3.2928275, 50.8432761 ], [ -3.2928694, 50.8433632 ], [ -3.2912576, 50.8468031 ], [ -3.2936225, 50.8500188 ], [ -3.2970704, 50.8512412 ], [ -3.2973948, 50.8526784 ], [ -3.2950352, 50.8547819 ], [ -3.2935074, 50.8561436 ], [ -3.2941461, 50.8586579 ], [ -3.2901475, 50.8684278 ], [ -3.2950493, 50.8707149 ], [ -3.2962824, 50.8741232 ], [ -3.3020941, 50.8783809 ], [ -3.3024188, 50.8798181 ], [ -3.3021921, 50.8800502 ], [ -3.2999276, 50.8823674 ], [ -3.2942853, 50.8842311 ], [ -3.2937709, 50.886218 ], [ -3.2903851, 50.8873361 ], [ -3.289121, 50.8931133 ], [ -3.2862395, 50.8918844 ], [ -3.2848508, 50.8931604 ], [ -3.2851801, 50.8947777 ], [ -3.2889308, 50.8965374 ], [ -3.290409, 50.8985022 ], [ -3.2899043, 50.9008491 ], [ -3.2864826, 50.9007068 ], [ -3.2848089, 50.9019859 ], [ -3.2848139, 50.902166 ], [ -3.2902587, 50.9033666 ], [ -3.2903433, 50.9064274 ], [ -3.2904605, 50.9066036 ], [ -3.2927212, 50.9100032 ], [ -3.2904977, 50.9120089 ], [ -3.2862258, 50.9120561 ], [ -3.2794302, 50.9135716 ], [ -3.2760815, 50.9161296 ], [ -3.2792491, 50.9173557 ], [ -3.2816312, 50.9172716 ], [ -3.2866496, 50.9170942 ], [ -3.2889581, 50.9181494 ], [ -3.2898166, 50.9285858 ], [ -3.2876418, 50.932392 ], [ -3.2884203, 50.9381547 ], [ -3.2889644, 50.9381487 ], [ -3.2908021, 50.9387219 ], [ -3.2944967, 50.9390227 ], [ -3.295629, 50.9387943 ], [ -3.2960736, 50.9389153 ], [ -3.2966632, 50.938621 ], [ -3.2970411, 50.9389045 ], [ -3.299212, 50.9386646 ], [ -3.2999138, 50.9388186 ], [ -3.3008674, 50.9393296 ], [ -3.3015793, 50.9393396 ], [ -3.3020087, 50.9394248 ], [ -3.3019398, 50.9395065 ], [ -3.3029358, 50.9394954 ], [ -3.3027007, 50.9397408 ], [ -3.3026684, 50.9406225 ], [ -3.302277, 50.9408786 ], [ -3.3019796, 50.9414395 ] ], [ [ -3.3228953, 50.8891333 ], [ -3.3229617, 50.8914739 ], [ -3.298892, 50.8919599 ], [ -3.2967501, 50.891312 ], [ -3.2966375, 50.8912779 ], [ -3.2975812, 50.8901379 ], [ -3.2999259, 50.8889433 ], [ -3.3003626, 50.8877656 ], [ -3.3031186, 50.884493 ], [ -3.3081625, 50.8829514 ], [ -3.3104582, 50.8822496 ], [ -3.3133854, 50.8850983 ], [ -3.3140255, 50.8876126 ], [ -3.3171871, 50.8886576 ], [ -3.3214466, 50.8882492 ], [ -3.3228953, 50.8891333 ] ] ] ] } },
{ "type": "Feature", "properties": { "LEX": "MDEV", "LEX_D": "MIDDLE DEVONIAN (UNDIFFERENTIATED)", "LEX_RCS": "MDEV-MDSS", "RCS": "MDSS", "RCS_X": "MDST + SDST + SLST", "RCS_D": "MUDSTONE, SILTSTONE AND SANDSTONE", "RANK": null, "BED_EQ": null, "BED_EQ_D": null, "MB_EQ": null, "MB_EQ_D": null, "FM_EQ": null, "FM_EQ_D": null, "SUBGP_EQ": null, "SUBGP_EQ_D": null, "GP_EQ": null, "GP_EQ_D": null, "SUPGP_EQ": null, "SUPGP_EQ_D": null, "MAX_TIME_D": "MID DEVONIAN", "MIN_TIME_D": "MID DEVONIAN", "MAX_TIME_Y": 391000000, "MIN_TIME_Y": 370000000, "MAX_INDEX": 1330299, "MIN_INDEX": 1330299, "MAX_AGE": null, "MIN_AGE": null, "MAX_EPOCH": "MID DEVONIAN", "MIN_EPOCH": "MID DEVONIAN", "MAX_SUBPER": null, "MIN_SUBPER": null, "MAX_PERIOD": "DEVONIAN", "MIN_PERIOD": "DEVONIAN", "MAX_ERA": "PALAEOZOIC", "MIN_ERA": "PALAEOZOIC", "MAX_EON": "PHANEROZOIC", "MIN_EON": "PHANEROZOIC", "PREV_NAME": null, "BGSTYPE": "625k_BEDROCK", "LEX_RCS_I": "1330299_MDEV-MDSS", "LEX_RCS_D": "MIDDLE DEVONIAN (UNDIFFERENTIATED) - MUDSTONE, SILTSTONE AND SANDSTONE", "MAP_CODE": "D2", "AGE_ONEGL": "MIDDLE DEVONIAN", "BGSREF": 703, "BGSREF_LEX": 703, "BGSREF_FM": 703, "BGSREF_GP": 703, "BGSREF_RK": 633, "SHEET": "625k_V5_Bedrock", "VERSION": "5.17", "RELEASED": "11- 2-2008", "NOM_SCALE": "625000", "NOM_OS_YR": "2005 HC", "NOM_BGS_YR": "2007", "MSLINK": 17517 }, "geometry": { "type": "Polygon", "coordinates": [ [ [ -3.7873987, 51.1618068 ], [ -3.7919115, 51.158749 ], [ -3.7927405, 51.1583676 ], [ -3.7964004, 51.1583384 ], [ -3.7988577, 51.1586424 ], [ -3.8006294, 51.1593345 ], [ -3.8023392, 51.1606391 ], [ -3.8051509, 51.1612253 ], [ -3.8062815, 51.1612438 ], [ -3.8070803, 51.1615552 ], [ -3.8089961, 51.1619033 ], [ -3.8098495, 51.1623297 ], [ -3.8111397, 51.1625895 ], [ -3.8131254, 51.1639886 ], [ -3.8143663, 51.1639874 ], [ -3.8149767, 51.1641488 ], [ -3.8156046, 51.1648405 ], [ -3.8205815, 51.1677307 ], [ -3.8245275, 51.1680469 ], [ -3.8262099, 51.1686322 ], [ -3.8274329, 51.1688109 ], [ -3.8282325, 51.1694999 ], [ -3.8289615, 51.1698482 ], [ -3.830459, 51.1700946 ], [ -3.8328524, 51.1703179 ], [ -3.8348113, 51.1701882 ], [ -3.8356373, 51.1693749 ], [ -3.8360487, 51.1682083 ], [ -3.8369855, 51.1669436 ], [ -3.8365566, 51.1669503 ], [ -3.8359837, 51.1665726 ], [ -3.8357066, 51.1628359 ], [ -3.8361841, 51.160814 ], [ -3.8367101, 51.1603741 ], [ -3.8372532, 51.1589267 ], [ -3.8377767, 51.1584238 ], [ -3.8378435, 51.1572267 ], [ -3.8375648, 51.1566915 ], [ -3.8358385, 51.1557114 ], [ -3.8354712, 51.1551057 ], [ -3.8348024, 51.1548284 ], [ -3.8344112, 51.1543399 ], [ -3.8341236, 51.1542995 ], [ -3.832999, 51.1533459 ], [ -3.8326518, 51.1532434 ], [ -3.8330827, 51.1525711 ], [ -3.8327703, 51.1511821 ], [ -3.8325303, 51.1508981 ], [ -3.8326065, 51.1499347 ], [ -3.8337362, 51.1488558 ], [ -3.8338994, 51.1488201 ], [ -3.8199075, 51.1446888 ], [ -3.8099667, 51.1422622 ], [ -3.7950873, 51.1393944 ], [ -3.7794296, 51.137569 ], [ -3.7576912, 51.133254 ], [ -3.7378024, 51.1278732 ], [ -3.7254295, 51.1259917 ], [ -3.7037308, 51.1244936 ], [ -3.7007624, 51.1242884 ], [ -3.6728742, 51.1241746 ], [ -3.6501248, 51.1240641 ], [ -3.6458058, 51.1240426 ], [ -3.6031985, 51.1251509 ], [ -3.5706873, 51.1264642 ], [ -3.5647052, 51.1267049 ], [ -3.5306257, 51.1275393 ], [ -3.5307797, 51.1277203 ], [ -3.5309916, 51.1298039 ], [ -3.5314924, 51.1302559 ], [ -3.5314859, 51.1309215 ], [ -3.530509, 51.1316357 ], [ -3.5306286, 51.1326593 ], [ -3.5313432, 51.1335223 ], [ -3.531712, 51.1351631 ], [ -3.5327032, 51.1357436 ], [ -3.5334717, 51.1365069 ], [ -3.5348213, 51.136687 ], [ -3.5352202, 51.1375091 ], [ -3.5358626, 51.1379144 ], [ -3.5366681, 51.1380656 ], [ -3.537404, 51.1378402 ], [ -3.538494, 51.1379517 ], [ -3.5390042, 51.1378191 ], [ -3.5398124, 51.1380513 ], [ -3.541185, 51.1380602 ], [ -3.5415615, 51.1382081 ], [ -3.5414375, 51.1387762 ], [ -3.5425446, 51.1399127 ], [ -3.5425911, 51.1405686 ], [ -3.5434461, 51.1407102 ], [ -3.5450819, 51.1417497 ], [ -3.5463549, 51.1422005 ], [ -3.5467117, 51.1426094 ], [ -3.5476722, 51.1431183 ], [ -3.548278, 51.1437038 ], [ -3.5483323, 51.1440448 ], [ -3.5487408, 51.1442912 ], [ -3.5500186, 51.1444541 ], [ -3.5511224, 51.1441157 ], [ -3.5524489, 51.1440262 ], [ -3.5550417, 51.1446032 ], [ -3.5566651, 51.1452651 ], [ -3.5576827, 51.1453415 ], [ -3.5605752, 51.1450511 ], [ -3.5625046, 51.1446116 ], [ -3.5659166, 51.1448897 ], [ -3.5680035, 51.1448798 ], [ -3.5689938, 51.1449924 ], [ -3.5690714, 51.1451712 ], [ -3.5704889, 51.1456557 ], [ -3.5721671, 51.1466584 ], [ -3.5727744, 51.1466186 ], [ -3.5734317, 51.1468483 ], [ -3.5742161, 51.1467927 ], [ -3.574651, 51.1469667 ], [ -3.5751601, 51.1476432 ], [ -3.5779026, 51.1492429 ], [ -3.5789739, 51.1504695 ], [ -3.5795274, 51.1507678 ], [ -3.5798652, 51.1514466 ], [ -3.5808561, 51.1519908 ], [ -3.5809453, 51.1521723 ], [ -3.5895875, 51.1528997 ], [ -3.6319053, 51.1510561 ], [ -3.6342837, 51.1511317 ], [ -3.6751954, 51.152425 ], [ -3.7222554, 51.1549831 ], [ -3.7411668, 51.1552433 ], [ -3.7557302, 51.154125 ], [ -3.7634993, 51.1550887 ], [ -3.7684477, 51.1571752 ], [ -3.7828635, 51.1596579 ], [ -3.7863472, 51.1608654 ], [ -3.7873987, 51.1618068 ] ] ] } },
{ "type": "Feature", "properties": { "LEX": "PUND", "LEX_D": "PERMIAN ROCKS (UNDIFFERENTIATED)", "LEX_RCS": "PUND-MDSS", "RCS": "MDSS", "RCS_X": "MDST + SDST + SLST", "RCS_D": "MUDSTONE, SILTSTONE AND SANDSTONE", "RANK": "NOT APPLICABLE", "BED_EQ": null, "BED_EQ_D": null, "MB_EQ": null, "MB_EQ_D": null, "FM_EQ": null, "FM_EQ_D": null, "SUBGP_EQ": null, "SUBGP_EQ_D": null, "GP_EQ": null, "GP_EQ_D": null, "SUPGP_EQ": null, "SUPGP_EQ_D": null, "MAX_TIME_D": "PERMIAN", "MIN_TIME_D": "PERMIAN", "MAX_TIME_Y": 290000000, "MIN_TIME_Y": 248200000, "MAX_INDEX": 1319999, "MIN_INDEX": 1319999, "MAX_AGE": null, "MIN_AGE": null, "MAX_EPOCH": null, "MIN_EPOCH": null, "MAX_SUBPER": null, "MIN_SUBPER": null, "MAX_PERIOD": "PERMIAN", "MIN_PERIOD": "PERMIAN", "MAX_ERA": "PALAEOZOIC", "MIN_ERA": "PALAEOZOIC", "MAX_EON": "PHANEROZOIC", "MIN_EON": "PHANEROZOIC", "PREV_NAME": null, "BGSTYPE": "625k_BEDROCK", "LEX_RCS_I": "1319999_PUND-MDSS", "LEX_RCS_D": "PERMIAN ROCKS (UNDIFFERENTIATED) - MUDSTONE, SILTSTONE AND SANDSTONE", "MAP_CODE": "P3", "AGE_ONEGL": "PERMIAN", "BGSREF": 714, "BGSREF_LEX": 904, "BGSREF_FM": 904, "BGSREF_GP": 904, "BGSREF_RK": 633, "SHEET": "625k_V5_Bedrock", "VERSION": "5.17", "RELEASED": "11- 2-2008", "NOM_SCALE": "625000", "NOM_OS_YR": "2005 HC", "NOM_BGS_YR": "2007", "MSLINK": 17488 }, "geometry": { "type": "Polygon", "coordinates": [ [ [ -3.3309754, 50.9527978 ], [ -3.3329913, 50.9534952 ], [ -3.3381065, 50.9528964 ], [ -3.3419573, 50.957895 ], [ -3.3456943, 50.9589326 ], [ -3.3509959, 50.9549092 ], [ -3.3514719, 50.9516618 ], [ -3.3564661, 50.9469213 ], [ -3.3611008, 50.9396632 ], [ -3.3621396, 50.9380101 ], [ -3.3633066, 50.937116 ], [ -3.3638713, 50.9369293 ], [ -3.3640719, 50.9340453 ], [ -3.3606055, 50.9324649 ], [ -3.3517315, 50.9311271 ], [ -3.3468413, 50.9295627 ], [ -3.3459503, 50.9283123 ], [ -3.3499335, 50.9280862 ], [ -3.3539271, 50.9282201 ], [ -3.3684917, 50.9234382 ], [ -3.3725704, 50.9225992 ], [ -3.3784511, 50.919108 ], [ -3.3814936, 50.9160102 ], [ -3.3873942, 50.9132387 ], [ -3.3926991, 50.907624 ], [ -3.3955358, 50.9046209 ], [ -3.417894, 50.9044073 ], [ -3.4143844, 50.9013881 ], [ -3.4100884, 50.8911741 ], [ -3.4050217, 50.8836708 ], [ -3.3980779, 50.879972 ], [ -3.3980621, 50.8799321 ], [ -3.3971541, 50.8776417 ], [ -3.3903137, 50.8773632 ], [ -3.3874359, 50.8763168 ], [ -3.3872729, 50.8708306 ], [ -3.3872553, 50.8702368 ], [ -3.3872487, 50.8700154 ], [ -3.3885387, 50.867312 ], [ -3.389928, 50.8644002 ], [ -3.3891449, 50.8572053 ], [ -3.3916657, 50.8462939 ], [ -3.3883045, 50.8480631 ], [ -3.3744897, 50.8523359 ], [ -3.3724988, 50.8523594 ], [ -3.3710239, 50.8505757 ], [ -3.3757741, 50.8476381 ], [ -3.3857507, 50.8386948 ], [ -3.3851168, 50.8382293 ], [ -3.3836357, 50.8371416 ], [ -3.3775021, 50.8364399 ], [ -3.3745444, 50.8328613 ], [ -3.3772439, 50.8276674 ], [ -3.3754326, 50.8214943 ], [ -3.3733183, 50.8193266 ], [ -3.368713, 50.8146045 ], [ -3.3657272, 50.8099937 ], [ -3.3667377, 50.8027549 ], [ -3.3645745, 50.7983925 ], [ -3.3725038, 50.7910725 ], [ -3.3752087, 50.7861366 ], [ -3.3807462, 50.780651 ], [ -3.3855145, 50.7767229 ], [ -3.390418, 50.7756018 ], [ -3.3920896, 50.7745012 ], [ -3.3935254, 50.7750244 ], [ -3.4051565, 50.7745246 ], [ -3.4102513, 50.7739228 ], [ -3.417093, 50.7747404 ], [ -3.424399, 50.7721298 ], [ -3.4271168, 50.7696159 ], [ -3.4271615, 50.7695745 ], [ -3.4247863, 50.7661815 ], [ -3.426653, 50.7621963 ], [ -3.4253917, 50.7580692 ], [ -3.4218874, 50.75487 ], [ -3.4161348, 50.7524185 ], [ -3.4157043, 50.7475608 ], [ -3.4139582, 50.7461411 ], [ -3.4141932, 50.7445173 ], [ -3.4152444, 50.7437664 ], [ -3.4175276, 50.7421354 ], [ -3.4174569, 50.7397948 ], [ -3.4156893, 50.737655 ], [ -3.4160776, 50.7317067 ], [ -3.4170467, 50.7299088 ], [ -3.4171525, 50.7297124 ], [ -3.4235624, 50.725852 ], [ -3.4252533, 50.7254711 ], [ -3.4309866, 50.7273821 ], [ -3.4335395, 50.7273507 ], [ -3.4360483, 50.7258789 ], [ -3.4348477, 50.7237324 ], [ -3.4316674, 50.7217903 ], [ -3.4325225, 50.721226 ], [ -3.4347267, 50.7197715 ], [ -3.4345893, 50.7152704 ], [ -3.4379922, 50.7152285 ], [ -3.4385374, 50.7145013 ], [ -3.4369818, 50.7100177 ], [ -3.4372205, 50.709792 ], [ -3.4408411, 50.7063679 ], [ -3.4398857, 50.7029576 ], [ -3.4445615, 50.6982168 ], [ -3.4436425, 50.6890279 ], [ -3.4429247, 50.681847 ], [ -3.4474144, 50.6803504 ], [ -3.4474722, 50.6801611 ], [ -3.447078, 50.6801361 ], [ -3.4461678, 50.6795359 ], [ -3.4444288, 50.678775 ], [ -3.443527, 50.6788132 ], [ -3.4425833, 50.6785011 ], [ -3.4415188, 50.6784063 ], [ -3.4403449, 50.6779712 ], [ -3.4388437, 50.6770185 ], [ -3.4382462, 50.6769179 ], [ -3.4383145, 50.6768361 ], [ -3.4370412, 50.6768518 ], [ -3.4367289, 50.6763611 ], [ -3.4359185, 50.6757775 ], [ -3.4357397, 50.6745566 ], [ -3.4366614, 50.6741496 ], [ -3.4392128, 50.6724273 ], [ -3.4414985, 50.6717367 ], [ -3.4419673, 50.6708734 ], [ -3.4425807, 50.670569 ], [ -3.4427866, 50.669901 ], [ -3.4433076, 50.6693549 ], [ -3.4433979, 50.6686074 ], [ -3.4432174, 50.6682589 ], [ -3.4433638, 50.6681267 ], [ -3.4431835, 50.6677642 ], [ -3.4424002, 50.66725 ], [ -3.4420806, 50.6672421 ], [ -3.4423304, 50.6671637 ], [ -3.4410778, 50.6658571 ], [ -3.4393884, 50.6652125 ], [ -3.4380486, 50.6642578 ], [ -3.4372603, 50.6641056 ], [ -3.4356164, 50.6644856 ], [ -3.4349751, 50.6647993 ], [ -3.4340851, 50.6648462 ], [ -3.4331244, 50.6653617 ], [ -3.4327131, 50.6653308 ], [ -3.4317872, 50.665594 ], [ -3.4313189, 50.6660134 ], [ -3.4302433, 50.6660086 ], [ -3.429757, 50.6663024 ], [ -3.4270977, 50.666335 ], [ -3.4260471, 50.666222 ], [ -3.4240195, 50.6665525 ], [ -3.4231142, 50.6665636 ], [ -3.4219907, 50.6663795 ], [ -3.4215572, 50.666079 ], [ -3.4210191, 50.6660675 ], [ -3.420147, 50.6657724 ], [ -3.4192591, 50.6658911 ], [ -3.4179372, 50.6652238 ], [ -3.4163079, 50.664686 ], [ -3.4148691, 50.6638941 ], [ -3.4144014, 50.6633961 ], [ -3.4122665, 50.6620371 ], [ -3.41151, 50.6613447 ], [ -3.4087748, 50.659777 ], [ -3.4072049, 50.659796 ], [ -3.4060994, 50.6602051 ], [ -3.4051648, 50.6601804 ], [ -3.4042792, 50.6608476 ], [ -3.4037431, 50.660899 ], [ -3.4029949, 50.6614296 ], [ -3.4020211, 50.6615133 ], [ -3.3905969, 50.6613085 ], [ -3.3898785, 50.6609393 ], [ -3.3893925, 50.659812 ], [ -3.3888492, 50.6596206 ], [ -3.388091, 50.6588562 ], [ -3.3871977, 50.6583093 ], [ -3.3861736, 50.6581236 ], [ -3.3852221, 50.6575234 ], [ -3.3841132, 50.6573387 ], [ -3.3828768, 50.6566699 ], [ -3.3826638, 50.6566697 ], [ -3.3804332, 50.6582891 ], [ -3.37993, 50.6604564 ], [ -3.3765783, 50.662117 ], [ -3.3746585, 50.664301 ], [ -3.3750996, 50.6696992 ], [ -3.3711647, 50.6805522 ], [ -3.370662, 50.6808581 ], [ -3.3706399, 50.6809794 ], [ -3.370653, 50.6814289 ], [ -3.370279, 50.6817121 ], [ -3.3703524, 50.6822868 ], [ -3.369899, 50.6822741 ], [ -3.367485, 50.682986 ], [ -3.3660455, 50.6830729 ], [ -3.3630353, 50.6837094 ], [ -3.3582309, 50.6870269 ], [ -3.3583173, 50.690018 ], [ -3.3591522, 50.6904939 ], [ -3.359187, 50.6916985 ], [ -3.3566939, 50.6936162 ], [ -3.3553492, 50.6941174 ], [ -3.3546025, 50.6947377 ], [ -3.3533755, 50.6953994 ], [ -3.3523957, 50.6967778 ], [ -3.3514245, 50.6974725 ], [ -3.3501892, 50.6978466 ], [ -3.3485792, 50.6979911 ], [ -3.3479736, 50.6986007 ], [ -3.3479723, 50.6986093 ], [ -3.3487166, 50.6984649 ], [ -3.3520629, 50.706351 ], [ -3.3512848, 50.7088815 ], [ -3.3511527, 50.7088951 ], [ -3.3511585, 50.708906 ], [ -3.3510723, 50.7093566 ], [ -3.350816, 50.7098002 ], [ -3.3498825, 50.709847 ], [ -3.348885, 50.7101284 ], [ -3.3473994, 50.7111708 ], [ -3.3466158, 50.7115036 ], [ -3.3457652, 50.7124667 ], [ -3.3446947, 50.7126769 ], [ -3.3437221, 50.7133356 ], [ -3.3434437, 50.7140043 ], [ -3.3439929, 50.7143847 ], [ -3.3440186, 50.7152837 ], [ -3.3438896, 50.7152313 ], [ -3.3438672, 50.7154384 ], [ -3.3433116, 50.7158225 ], [ -3.3402482, 50.7166851 ], [ -3.339358, 50.7172394 ], [ -3.3422258, 50.7194325 ], [ -3.3343486, 50.7317703 ], [ -3.3348883, 50.7407696 ], [ -3.3373173, 50.7463251 ], [ -3.3368871, 50.7466792 ], [ -3.3350982, 50.7481516 ], [ -3.3322325, 50.7480546 ], [ -3.3321698, 50.7485055 ], [ -3.3316066, 50.7486378 ], [ -3.3314092, 50.7506725 ], [ -3.3297665, 50.7517345 ], [ -3.3292264, 50.7526849 ], [ -3.3291682, 50.7530823 ], [ -3.3298541, 50.7534347 ], [ -3.3322935, 50.7593504 ], [ -3.3306976, 50.7631508 ], [ -3.3288803, 50.7642131 ], [ -3.3288177, 50.7642817 ], [ -3.3287084, 50.7643135 ], [ -3.3281834, 50.7646204 ], [ -3.3279032, 50.7645479 ], [ -3.3274676, 50.7646748 ], [ -3.3261894, 50.7656066 ], [ -3.3260834, 50.7658686 ], [ -3.3264485, 50.7667458 ], [ -3.3262081, 50.7672701 ], [ -3.3248212, 50.768374 ], [ -3.3240096, 50.768761 ], [ -3.3232968, 50.7696324 ], [ -3.322628, 50.7700537 ], [ -3.3223204, 50.7712173 ], [ -3.3217202, 50.7715568 ], [ -3.320549, 50.7717679 ], [ -3.3190593, 50.772756 ], [ -3.3194224, 50.7730577 ], [ -3.3196066, 50.7740047 ], [ -3.319666, 50.7741249 ], [ -3.3198548, 50.7743118 ], [ -3.3198606, 50.7745183 ], [ -3.3204638, 50.7757379 ], [ -3.3204241, 50.7758087 ], [ -3.3215618, 50.7765048 ], [ -3.3225929, 50.7768528 ], [ -3.3233165, 50.7768626 ], [ -3.3248438, 50.777205 ], [ -3.3260471, 50.777623 ], [ -3.3273678, 50.7776799 ], [ -3.3287538, 50.7775382 ], [ -3.3304931, 50.7778511 ], [ -3.330267, 50.7803807 ], [ -3.329571, 50.7818455 ], [ -3.3289194, 50.7828782 ], [ -3.3283866, 50.7831001 ], [ -3.3280585, 50.7835355 ], [ -3.3269023, 50.7837825 ], [ -3.3269076, 50.7839713 ], [ -3.3272918, 50.7840119 ], [ -3.3280556, 50.7844348 ], [ -3.3290104, 50.7845858 ], [ -3.330102, 50.7855626 ], [ -3.3299995, 50.7859505 ], [ -3.3293328, 50.7864527 ], [ -3.3282087, 50.7878325 ], [ -3.3270894, 50.7883848 ], [ -3.325782, 50.7883097 ], [ -3.3255206, 50.7880969 ], [ -3.3241343, 50.7882385 ], [ -3.3230711, 50.787765 ], [ -3.3189369, 50.7880636 ], [ -3.3174001, 50.7889083 ], [ -3.3171954, 50.789702 ], [ -3.3158359, 50.7892857 ], [ -3.3154388, 50.7892902 ], [ -3.3151197, 50.7895456 ], [ -3.3146172, 50.7918625 ], [ -3.314905, 50.7930193 ], [ -3.315367, 50.7933019 ], [ -3.3156616, 50.7933461 ], [ -3.3156204, 50.791879 ], [ -3.3164169, 50.7904558 ], [ -3.3178306, 50.7911469 ], [ -3.3187633, 50.7931842 ], [ -3.3183168, 50.7975118 ], [ -3.3190841, 50.800815 ], [ -3.3195826, 50.8009163 ], [ -3.3200483, 50.8013247 ], [ -3.3197379, 50.8023984 ], [ -3.3201045, 50.8033206 ], [ -3.3188302, 50.8054393 ], [ -3.3191494, 50.807702 ], [ -3.3197037, 50.8082353 ], [ -3.3202052, 50.8099113 ], [ -3.3205868, 50.8103566 ], [ -3.319963, 50.8113889 ], [ -3.3197557, 50.8130999 ], [ -3.3202537, 50.8156573 ], [ -3.3229137, 50.8173522 ], [ -3.3268172, 50.8166867 ], [ -3.3276851, 50.8172171 ], [ -3.326309, 50.8195154 ], [ -3.3263831, 50.8195626 ], [ -3.3261815, 50.8197284 ], [ -3.3245809, 50.8224011 ], [ -3.3238844, 50.823564 ], [ -3.322092, 50.8247776 ], [ -3.3220204, 50.824936 ], [ -3.3210855, 50.8260168 ], [ -3.3201959, 50.8287068 ], [ -3.3207665, 50.8298064 ], [ -3.3220938, 50.8305468 ], [ -3.3229823, 50.8308335 ], [ -3.3239274, 50.8321178 ], [ -3.3240583, 50.8327278 ], [ -3.3231856, 50.8340057 ], [ -3.3233248, 50.8349124 ], [ -3.3238504, 50.8354191 ], [ -3.3233825, 50.835946 ], [ -3.323416, 50.8371327 ], [ -3.3238451, 50.8382429 ], [ -3.3246636, 50.839061 ], [ -3.3244385, 50.8391355 ], [ -3.3242356, 50.8389939 ], [ -3.3233107, 50.8389325 ], [ -3.320317, 50.8390383 ], [ -3.3198125, 50.8392778 ], [ -3.3193997, 50.8397502 ], [ -3.3168496, 50.8399768 ], [ -3.3164308, 50.8402333 ], [ -3.3145906, 50.8404519 ], [ -3.314214, 50.8406792 ], [ -3.3149847, 50.8407747 ], [ -3.3160607, 50.8486872 ], [ -3.3175081, 50.8495714 ], [ -3.3226377, 50.8498735 ], [ -3.3252842, 50.8529053 ], [ -3.3256673, 50.8580237 ], [ -3.3257422, 50.8590236 ], [ -3.3271092, 50.861858 ], [ -3.3281612, 50.864039 ], [ -3.3283199, 50.8696205 ], [ -3.3258664, 50.8734306 ], [ -3.3285554, 50.8779026 ], [ -3.3281073, 50.8808724 ], [ -3.3273576, 50.8858408 ], [ -3.3335251, 50.8924343 ], [ -3.3393011, 50.8952498 ], [ -3.3396168, 50.8963268 ], [ -3.3364955, 50.8967228 ], [ -3.3304861, 50.8957108 ], [ -3.3276597, 50.8964634 ], [ -3.3254281, 50.8981097 ], [ -3.3251843, 50.8995533 ], [ -3.3321151, 50.9028964 ], [ -3.3390003, 50.9046186 ], [ -3.3362302, 50.9073519 ], [ -3.3361749, 50.9077798 ], [ -3.335997, 50.9091556 ], [ -3.3414853, 50.9117942 ], [ -3.3401234, 50.9139711 ], [ -3.3410296, 50.9157617 ], [ -3.3393569, 50.9170417 ], [ -3.335006, 50.9198785 ], [ -3.3408904, 50.9195244 ], [ -3.3414801, 50.9215199 ], [ -3.3395379, 50.9233432 ], [ -3.3273351, 50.9251035 ], [ -3.3257105, 50.925815 ], [ -3.3256464, 50.9258431 ], [ -3.3257158, 50.9259168 ], [ -3.3268217, 50.9270905 ], [ -3.325718, 50.9283637 ], [ -3.3181024, 50.9311515 ], [ -3.3139049, 50.9339004 ], [ -3.3136808, 50.9360641 ], [ -3.3189422, 50.9406874 ], [ -3.316408, 50.9417966 ], [ -3.3126831, 50.9411182 ], [ -3.3115685, 50.9420312 ], [ -3.3105501, 50.9463651 ], [ -3.3140412, 50.9488473 ], [ -3.3095417, 50.9510591 ], [ -3.3060281, 50.9579423 ], [ -3.3050113, 50.9586076 ], [ -3.30568, 50.9587003 ], [ -3.3090399, 50.9586807 ], [ -3.3116214, 50.9588316 ], [ -3.3118827, 50.9589266 ], [ -3.3118779, 50.9589032 ], [ -3.3125012, 50.9567347 ], [ -3.3183488, 50.953787 ], [ -3.3254572, 50.9492585 ], [ -3.3293704, 50.9465125 ], [ -3.3340592, 50.9448187 ], [ -3.3383785, 50.944337 ], [ -3.3443662, 50.9425587 ], [ -3.3471795, 50.9412655 ], [ -3.3537473, 50.9395487 ], [ -3.3553639, 50.9402504 ], [ -3.3484013, 50.9439335 ], [ -3.3436567, 50.9476097 ], [ -3.3385421, 50.9482087 ], [ -3.3303642, 50.951364 ], [ -3.3309754, 50.9527978 ] ] ] } },
{ "type": "Feature", "properties": { "LEX": "MDEV", "LEX_D": "MIDDLE DEVONIAN (UNDIFFERENTIATED)", "LEX_RCS": "MDEV-SCON", "RCS": "SCON", "RCS_X": "CONG + SDST", "RCS_D": "SANDSTONE AND CONGLOMERATE, INTERBEDDED", "RANK": null, "BED_EQ": null, "BED_EQ_D": null, "MB_EQ": null, "MB_EQ_D": null, "FM_EQ": null, "FM_EQ_D": null, "SUBGP_EQ": null, "SUBGP_EQ_D": null, "GP_EQ": null, "GP_EQ_D": null, "SUPGP_EQ": null, "SUPGP_EQ_D": null, "MAX_TIME_D": "MID DEVONIAN", "MIN_TIME_D": "MID DEVONIAN", "MAX_TIME_Y": 391000000, "MIN_TIME_Y": 370000000, "MAX_INDEX": 1330299, "MIN_INDEX": 1330299, "MAX_AGE": null, "MIN_AGE": null, "MAX_EPOCH": "MID DEVONIAN", "MIN_EPOCH": "MID DEVONIAN", "MAX_SUBPER": null, "MIN_SUBPER": null, "MAX_PERIOD": "DEVONIAN", "MIN_PERIOD": "DEVONIAN", "MAX_ERA": "PALAEOZOIC", "MIN_ERA": "PALAEOZOIC", "MAX_EON": "PHANEROZOIC", "MIN_EON": "PHANEROZOIC", "PREV_NAME": null, "BGSTYPE": "625k_BEDROCK", "LEX_RCS_I": "1330299_MDEV-SCON", "LEX_RCS_D": "MIDDLE DEVONIAN (UNDIFFERENTIATED) - SANDSTONE AND CONGLOMERATE, INTERBEDDED", "MAP_CODE": "D2", "AGE_ONEGL": "MIDDLE DEVONIAN", "BGSREF": 516, "BGSREF_LEX": 703, "BGSREF_FM": 703, "BGSREF_GP": 703, "BGSREF_RK": 430, "SHEET": "625k_V5_Bedrock", "VERSION": "5.17", "RELEASED": "11- 2-2008", "NOM_SCALE": "625000", "NOM_OS_YR": "2005 HC", "NOM_BGS_YR": "2007", "MSLINK": 17515 }, "geometry": { "type": "Polygon", "coordinates": [ [ [ -3.5809453, 51.1521723 ], [ -3.5810405, 51.152366 ], [ -3.582099, 51.153215 ], [ -3.5885364, 51.1549622 ], [ -3.5891378, 51.1558173 ], [ -3.5894322, 51.1606372 ], [ -3.5893324, 51.1614801 ], [ -3.5880883, 51.1623154 ], [ -3.5895088, 51.1620353 ], [ -3.5923212, 51.1618891 ], [ -3.59468, 51.1614433 ], [ -3.5970253, 51.1614023 ], [ -3.6013723, 51.1618808 ], [ -3.6028182, 51.1622853 ], [ -3.6061312, 51.1625006 ], [ -3.6073043, 51.1621517 ], [ -3.6087444, 51.162024 ], [ -3.6101048, 51.1616636 ], [ -3.6122024, 51.1615268 ], [ -3.6126542, 51.1613587 ], [ -3.6202092, 51.1610564 ], [ -3.6215466, 51.1608541 ], [ -3.6247495, 51.1592128 ], [ -3.6318609, 51.1589159 ], [ -3.6329409, 51.158721 ], [ -3.6334881, 51.1584681 ], [ -3.6349865, 51.1583327 ], [ -3.6359146, 51.1578881 ], [ -3.6385458, 51.1574825 ], [ -3.6403995, 51.1577353 ], [ -3.6420642, 51.1586753 ], [ -3.6430248, 51.1587866 ], [ -3.6437064, 51.1590378 ], [ -3.6477119, 51.1614814 ], [ -3.6545107, 51.1620329 ], [ -3.6576381, 51.1638951 ], [ -3.6584349, 51.1653766 ], [ -3.6601386, 51.16582 ], [ -3.6624777, 51.1672257 ], [ -3.6628243, 51.1677159 ], [ -3.6636849, 51.1681797 ], [ -3.6655424, 51.168522 ], [ -3.6715336, 51.1680678 ], [ -3.6720993, 51.1678888 ], [ -3.673654, 51.1669763 ], [ -3.6755403, 51.1661399 ], [ -3.6769848, 51.1657415 ], [ -3.6775442, 51.1653918 ], [ -3.6789633, 51.1650836 ], [ -3.68251, 51.1627125 ], [ -3.6846658, 51.1626095 ], [ -3.6887444, 51.1626766 ], [ -3.6902159, 51.1622417 ], [ -3.6935932, 51.161905 ], [ -3.695904, 51.16135 ], [ -3.6980981, 51.1611203 ], [ -3.6992317, 51.160834 ], [ -3.6999019, 51.1603926 ], [ -3.7011272, 51.1602669 ], [ -3.7024098, 51.1593669 ], [ -3.7041238, 51.1585326 ], [ -3.7056997, 51.1582219 ], [ -3.7064447, 51.1578693 ], [ -3.7072697, 51.1577493 ], [ -3.7082004, 51.157394 ], [ -3.7087429, 51.1573681 ], [ -3.7094449, 51.1570161 ], [ -3.7154604, 51.1564963 ], [ -3.7176927, 51.1565355 ], [ -3.7187791, 51.1572929 ], [ -3.7196067, 51.1572448 ], [ -3.7202293, 51.1574515 ], [ -3.7236882, 51.1574005 ], [ -3.7254109, 51.1571953 ], [ -3.7255163, 51.1573376 ], [ -3.7277839, 51.1575559 ], [ -3.7284651, 51.1577976 ], [ -3.7305769, 51.1580542 ], [ -3.7316896, 51.1583614 ], [ -3.7337811, 51.1584563 ], [ -3.7356981, 51.1592373 ], [ -3.736356, 51.1600009 ], [ -3.737283, 51.1603109 ], [ -3.7382234, 51.1609803 ], [ -3.74008, 51.1612889 ], [ -3.7425993, 51.1613469 ], [ -3.7442492, 51.1611064 ], [ -3.7453546, 51.1612158 ], [ -3.7473382, 51.1611012 ], [ -3.749201, 51.1608166 ], [ -3.7495358, 51.1605958 ], [ -3.7519664, 51.1605774 ], [ -3.7524776, 51.1604798 ], [ -3.7527267, 51.1602602 ], [ -3.7546005, 51.1602681 ], [ -3.755064, 51.1600453 ], [ -3.7564103, 51.160097 ], [ -3.7580821, 51.161187 ], [ -3.7595921, 51.1629089 ], [ -3.7596459, 51.1631959 ], [ -3.7614206, 51.1636008 ], [ -3.7649874, 51.1637449 ], [ -3.7654423, 51.1644215 ], [ -3.7649499, 51.1646358 ], [ -3.7649568, 51.1648155 ], [ -3.7655494, 51.1649774 ], [ -3.7686575, 51.1650923 ], [ -3.7698106, 51.164949 ], [ -3.7702218, 51.1652305 ], [ -3.7705938, 51.1652339 ], [ -3.7730854, 51.1649354 ], [ -3.7738701, 51.1645098 ], [ -3.7750517, 51.164366 ], [ -3.7756682, 51.1640328 ], [ -3.7764088, 51.1639497 ], [ -3.7796125, 51.1646923 ], [ -3.7805795, 51.1652891 ], [ -3.7821093, 51.1656435 ], [ -3.7828111, 51.1660375 ], [ -3.7828882, 51.1658115 ], [ -3.7835632, 51.1655134 ], [ -3.7844224, 51.1647989 ], [ -3.7852819, 51.164462 ], [ -3.7859517, 51.1643978 ], [ -3.7866158, 51.1623373 ], [ -3.7873987, 51.1618068 ], [ -3.7863472, 51.1608654 ], [ -3.7828635, 51.1596579 ], [ -3.7684477, 51.1571752 ], [ -3.7634993, 51.1550887 ], [ -3.7557302, 51.154125 ], [ -3.7411668, 51.1552433 ], [ -3.7222554, 51.1549831 ], [ -3.6751954, 51.152425 ], [ -3.6342837, 51.1511317 ], [ -3.6319053, 51.1510561 ], [ -3.5895875, 51.1528997 ], [ -3.5809453, 51.1521723 ] ] ] } },
{ "type": "Feature", "properties": { "LEX": "GUGS", "LEX_D": "GAULT FORMATION AND UPPER GREENSAND FORMATION (UNDIFFERENTIATED)", "LEX_RCS": "GUGS-MDSL", "RCS": "MDSL", "RCS_X": "LMST + MDST + SDST", "RCS_D": "MUDSTONE, SANDSTONE AND LIMESTONE", "RANK": "UNCLASSIFIED", "BED_EQ": null, "BED_EQ_D": null, "MB_EQ": null, "MB_EQ_D": null, "FM_EQ": null, "FM_EQ_D": null, "SUBGP_EQ": null, "SUBGP_EQ_D": null, "GP_EQ": null, "GP_EQ_D": null, "SUPGP_EQ": null, "SUPGP_EQ_D": null, "MAX_TIME_D": "ALBIAN", "MIN_TIME_D": "CENOMANIAN", "MAX_TIME_Y": 112200000, "MIN_TIME_Y": 93500000, "MAX_INDEX": 1210219, "MIN_INDEX": 1210169, "MAX_AGE": "ALBIAN", "MIN_AGE": "CENOMANIAN", "MAX_EPOCH": "EARLY CRETACEOUS", "MIN_EPOCH": "LATE CRETACEOUS", "MAX_SUBPER": null, "MIN_SUBPER": null, "MAX_PERIOD": "CRETACEOUS", "MIN_PERIOD": "CRETACEOUS", "MAX_ERA": "MESOZOIC", "MIN_ERA": "MESOZOIC", "MAX_EON": "PHANEROZOIC", "MIN_EON": "PHANEROZOIC", "PREV_NAME": null, "BGSTYPE": "625k_BEDROCK", "LEX_RCS_I": "1210219_GUGS-MDSL", "LEX_RCS_D": "GAULT FORMATION AND UPPER GREENSAND FORMATION (UNDIFFERENTIATED) - MUDSTONE, SANDSTONE AND LIMESTONE", "MAP_CODE": "K4", "AGE_ONEGL": "CRETACEOUS", "BGSREF": 490, "BGSREF_LEX": 480, "BGSREF_FM": 480, "BGSREF_GP": 480, "BGSREF_RK": 803, "SHEET": "625k_V5_Bedrock", "VERSION": "5.17", "RELEASED": "11- 2-2008", "NOM_SCALE": "625000", "NOM_OS_YR": "2005 HC", "NOM_BGS_YR": "2007", "MSLINK": 17474 }, "geometry": { "type": "Polygon", "coordinates": [ [ [ -3.1735903, 50.9504091 ], [ -3.1741514, 50.9500432 ], [ -3.1748011, 50.9498388 ], [ -3.1765084, 50.9486706 ], [ -3.1782447, 50.9486531 ], [ -3.1789672, 50.9490774 ], [ -3.17994, 50.9492654 ], [ -3.1810634, 50.9497756 ], [ -3.1829232, 50.9501345 ], [ -3.1838496, 50.9507366 ], [ -3.184737, 50.9509255 ], [ -3.185113, 50.9511555 ], [ -3.1864826, 50.9512674 ], [ -3.187402, 50.9521484 ], [ -3.188539, 50.9521188 ], [ -3.1889299, 50.9519938 ], [ -3.1891355, 50.9517823 ], [ -3.1893778, 50.9509143 ], [ -3.1897187, 50.9507467 ], [ -3.1898062, 50.9504761 ], [ -3.1912913, 50.9495641 ], [ -3.1916371, 50.9492083 ], [ -3.1918813, 50.9486046 ], [ -3.1933003, 50.9478707 ], [ -3.1986711, 50.9474739 ], [ -3.1997595, 50.947727 ], [ -3.2000193, 50.947977 ], [ -3.2039607, 50.947693 ], [ -3.205829, 50.9471248 ], [ -3.2067302, 50.9464479 ], [ -3.206725, 50.9462501 ], [ -3.2058002, 50.9462674 ], [ -3.2053264, 50.9461104 ], [ -3.2050778, 50.9453037 ], [ -3.2054509, 50.9448682 ], [ -3.2066327, 50.9443344 ], [ -3.208256, 50.9443536 ], [ -3.2096445, 50.9441054 ], [ -3.2137694, 50.9439906 ], [ -3.213879, 50.9440389 ], [ -3.2149685, 50.9434367 ], [ -3.2184665, 50.9434852 ], [ -3.2184817, 50.9434739 ], [ -3.2192767, 50.9433937 ], [ -3.2200744, 50.9435075 ], [ -3.2223831, 50.9435394 ], [ -3.224917, 50.9448178 ], [ -3.2290282, 50.9468915 ], [ -3.2342096, 50.944801 ], [ -3.2342869, 50.9447467 ], [ -3.2344734, 50.9446946 ], [ -3.2363621, 50.9439325 ], [ -3.2383109, 50.9441058 ], [ -3.2395895, 50.9439531 ], [ -3.2400975, 50.9437859 ], [ -3.2431582, 50.9437623 ], [ -3.2433006, 50.943821 ], [ -3.2454022, 50.9429936 ], [ -3.2459575, 50.9425544 ], [ -3.2467394, 50.9424671 ], [ -3.2474334, 50.9421938 ], [ -3.2480927, 50.942233 ], [ -3.2491773, 50.9416028 ], [ -3.2496966, 50.9407968 ], [ -3.2497422, 50.9403737 ], [ -3.2503364, 50.9402414 ], [ -3.2506128, 50.9399327 ], [ -3.2516527, 50.939436 ], [ -3.2525424, 50.9391746 ], [ -3.2531552, 50.939204 ], [ -3.2547372, 50.9387554 ], [ -3.2566147, 50.937656 ], [ -3.2580026, 50.9363461 ], [ -3.2583813, 50.9356136 ], [ -3.2580511, 50.9349787 ], [ -3.2593416, 50.9342813 ], [ -3.2595325, 50.9339735 ], [ -3.260347, 50.9335691 ], [ -3.2608176, 50.9330784 ], [ -3.2630232, 50.9330725 ], [ -3.263715, 50.9328672 ], [ -3.2637455, 50.9324172 ], [ -3.263925, 50.9322174 ], [ -3.2642959, 50.9322494 ], [ -3.264576, 50.9320845 ], [ -3.2650128, 50.9313963 ], [ -3.2653802, 50.9313024 ], [ -3.2655693, 50.9314532 ], [ -3.2661425, 50.9314473 ], [ -3.266296, 50.931618 ], [ -3.2684346, 50.9282798 ], [ -3.2684846, 50.9276399 ], [ -3.268646, 50.925576 ], [ -3.2674869, 50.9248682 ], [ -3.2657923, 50.9254269 ], [ -3.2602602, 50.9316102 ], [ -3.25801, 50.9327151 ], [ -3.2504861, 50.9284735 ], [ -3.2465216, 50.9294164 ], [ -3.2418172, 50.9346894 ], [ -3.2413385, 50.9381165 ], [ -3.2388121, 50.9395841 ], [ -3.2314267, 50.9405627 ], [ -3.2283255, 50.9310501 ], [ -3.2278604, 50.9242111 ], [ -3.2261133, 50.9227887 ], [ -3.2238296, 50.9226325 ], [ -3.2234498, 50.9228807 ], [ -3.2215884, 50.9240968 ], [ -3.216182, 50.9353195 ], [ -3.2127908, 50.9364354 ], [ -3.2084745, 50.9348593 ], [ -3.2045551, 50.9376013 ], [ -3.2022058, 50.934924 ], [ -3.2056865, 50.9262433 ], [ -3.2056167, 50.9235425 ], [ -3.1962297, 50.9241793 ], [ -3.1954997, 50.9290495 ], [ -3.1935653, 50.9314106 ], [ -3.1927243, 50.9319595 ], [ -3.189319, 50.9325346 ], [ -3.1878714, 50.9316488 ], [ -3.1863185, 50.9266218 ], [ -3.1834284, 50.9250302 ], [ -3.179775, 50.9270483 ], [ -3.1754118, 50.9348366 ], [ -3.17178, 50.9377547 ], [ -3.1700747, 50.937952 ], [ -3.1683243, 50.9363486 ], [ -3.1698668, 50.9296694 ], [ -3.1664298, 50.9289834 ], [ -3.1564803, 50.9299829 ], [ -3.1484039, 50.9376268 ], [ -3.1433143, 50.9392977 ], [ -3.1401619, 50.9386081 ], [ -3.1429719, 50.9369597 ], [ -3.1465701, 50.9326021 ], [ -3.1472831, 50.9268319 ], [ -3.1540984, 50.9258642 ], [ -3.1566044, 50.9234981 ], [ -3.1594308, 50.9225695 ], [ -3.1693787, 50.9215698 ], [ -3.172476, 50.9200979 ], [ -3.1701565, 50.9185003 ], [ -3.1592696, 50.9160875 ], [ -3.1560829, 50.9139579 ], [ -3.1603283, 50.9128352 ], [ -3.1734206, 50.9123441 ], [ -3.1845921, 50.9147527 ], [ -3.1914324, 50.9148632 ], [ -3.203932, 50.9134742 ], [ -3.2064324, 50.9123057 ], [ -3.2078728, 50.9116325 ], [ -3.2072426, 50.9092977 ], [ -3.2071834, 50.9092705 ], [ -3.2049364, 50.9082409 ], [ -3.1937654, 50.9058343 ], [ -3.1820581, 50.9046927 ], [ -3.15517, 50.9000992 ], [ -3.1531412, 50.8986785 ], [ -3.1533726, 50.896515 ], [ -3.1547739, 50.8956006 ], [ -3.1622301, 50.8976878 ], [ -3.1747668, 50.8979225 ], [ -3.1764569, 50.8971851 ], [ -3.1775413, 50.8950129 ], [ -3.1855724, 50.8972729 ], [ -3.1926166, 50.8943195 ], [ -3.2004053, 50.8982019 ], [ -3.2038359, 50.8987069 ], [ -3.2039866, 50.8987053 ], [ -3.2086761, 50.8986568 ], [ -3.2106552, 50.898096 ], [ -3.2097123, 50.8946839 ], [ -3.2102444, 50.8822513 ], [ -3.2064931, 50.880309 ], [ -3.2004839, 50.8791103 ], [ -3.1993177, 50.8780417 ], [ -3.2023602, 50.8745884 ], [ -3.2022027, 50.8684666 ], [ -3.203313, 50.8673745 ], [ -3.2070305, 50.8680565 ], [ -3.2100391, 50.874329 ], [ -3.2189924, 50.8792786 ], [ -3.2219232, 50.8824898 ], [ -3.2239391, 50.8833692 ], [ -3.2244895, 50.882643 ], [ -3.2252489, 50.879033 ], [ -3.228076, 50.8782829 ], [ -3.2295226, 50.8791682 ], [ -3.2292236, 50.8894371 ], [ -3.2239707, 50.8954357 ], [ -3.2235146, 50.899763 ], [ -3.2213122, 50.9026676 ], [ -3.2214651, 50.9037011 ], [ -3.221505, 50.9039702 ], [ -3.2216582, 50.9050053 ], [ -3.222157, 50.9050395 ], [ -3.223941, 50.9051615 ], [ -3.2261954, 50.9042374 ], [ -3.2320421, 50.8991329 ], [ -3.2337457, 50.8989348 ], [ -3.2392462, 50.9022985 ], [ -3.2434933, 50.9013528 ], [ -3.2474892, 50.9016704 ], [ -3.2475181, 50.9027507 ], [ -3.2438596, 50.9044106 ], [ -3.2439028, 50.9060311 ], [ -3.2518858, 50.9063059 ], [ -3.2600758, 50.9036964 ], [ -3.2697572, 50.9035915 ], [ -3.2709184, 50.9030642 ], [ -3.2734147, 50.9019307 ], [ -3.2713479, 50.8992517 ], [ -3.248016, 50.8894178 ], [ -3.2422174, 50.8855174 ], [ -3.2395553, 50.8817636 ], [ -3.2387998, 50.8747476 ], [ -3.2439286, 50.864247 ], [ -3.246668, 50.8602555 ], [ -3.2491899, 50.8587877 ], [ -3.2503229, 50.8585955 ], [ -3.2528735, 50.8582079 ], [ -3.2532159, 50.8603655 ], [ -3.249469, 50.8692307 ], [ -3.2505781, 50.8787643 ], [ -3.2593714, 50.8775891 ], [ -3.2638322, 50.8741189 ], [ -3.2756168, 50.8678672 ], [ -3.2774913, 50.8739702 ], [ -3.2781294, 50.8764846 ], [ -3.279577, 50.8773693 ], [ -3.2844199, 50.8774962 ], [ -3.2855384, 50.8767635 ], [ -3.2852013, 50.8747232 ], [ -3.2834895, 50.8643589 ], [ -3.2878729, 50.858187 ], [ -3.2872844, 50.8534188 ], [ -3.2871404, 50.8522517 ], [ -3.2838638, 50.848877 ], [ -3.2820076, 50.8497176 ], [ -3.2811453, 50.8503925 ], [ -3.2808985, 50.850719 ], [ -3.2811045, 50.8509775 ], [ -3.2806367, 50.8515312 ], [ -3.28065, 50.8520167 ], [ -3.2816058, 50.8526806 ], [ -3.282099, 50.8540871 ], [ -3.2832045, 50.8550282 ], [ -3.2829592, 50.8554086 ], [ -3.2828302, 50.8553651 ], [ -3.2828475, 50.8559944 ], [ -3.2807235, 50.8557389 ], [ -3.2796778, 50.8549051 ], [ -3.2790014, 50.8551103 ], [ -3.2776497, 50.8550352 ], [ -3.2772026, 50.8553099 ], [ -3.2754791, 50.8551489 ], [ -3.2751872, 50.8548643 ], [ -3.2751774, 50.8545047 ], [ -3.274501, 50.8547099 ], [ -3.2740147, 50.8545893 ], [ -3.2732463, 50.8535006 ], [ -3.2666411, 50.8535365 ], [ -3.2652331, 50.8534799 ], [ -3.2626934, 50.8530757 ], [ -3.2606467, 50.8530439 ], [ -3.259997, 50.8526552 ], [ -3.2578304, 50.8523875 ], [ -3.2567537, 50.8519708 ], [ -3.2550181, 50.8518815 ], [ -3.2528596, 50.8513831 ], [ -3.251678, 50.8512879 ], [ -3.2508451, 50.8509551 ], [ -3.2484539, 50.8507829 ], [ -3.2480351, 50.8505266 ], [ -3.2477511, 50.8505296 ], [ -3.2477415, 50.85017 ], [ -3.24721, 50.8499509 ], [ -3.2465893, 50.8490492 ], [ -3.246514, 50.8483576 ], [ -3.246166, 50.8480915 ], [ -3.2461948, 50.847039 ], [ -3.2457441, 50.8461176 ], [ -3.2451196, 50.8456026 ], [ -3.2461774, 50.8453216 ], [ -3.246539, 50.8450299 ], [ -3.2464916, 50.84432 ], [ -3.2467168, 50.8437061 ], [ -3.2452968, 50.8437212 ], [ -3.244241, 50.8435436 ], [ -3.2428194, 50.8429653 ], [ -3.2414298, 50.843052 ], [ -3.2409019, 50.8434983 ], [ -3.2402284, 50.842741 ], [ -3.2395558, 50.8425503 ], [ -3.2391743, 50.8426263 ], [ -3.2379741, 50.8434305 ], [ -3.2357467, 50.843526 ], [ -3.2349609, 50.8433545 ], [ -3.2347716, 50.8437162 ], [ -3.2338842, 50.8439954 ], [ -3.2333853, 50.8439287 ], [ -3.2329219, 50.8435919 ], [ -3.2313873, 50.8435721 ], [ -3.2309244, 50.8432532 ], [ -3.2298836, 50.8431024 ], [ -3.2274067, 50.8434342 ], [ -3.2257434, 50.8433797 ], [ -3.2237248, 50.8427714 ], [ -3.2227745, 50.8422778 ], [ -3.2222382, 50.8424093 ], [ -3.2190676, 50.841741 ], [ -3.2165884, 50.840346 ], [ -3.215647, 50.840194 ], [ -3.214101, 50.840273 ], [ -3.2137528, 50.8405375 ], [ -3.2129912, 50.8407432 ], [ -3.2116601, 50.8419805 ], [ -3.2107589, 50.8422952 ], [ -3.2099055, 50.8433472 ], [ -3.2083938, 50.8442082 ], [ -3.2079596, 50.8449951 ], [ -3.2071436, 50.8453003 ], [ -3.2068523, 50.8461217 ], [ -3.206325, 50.8466038 ], [ -3.2056455, 50.8477978 ], [ -3.2053716, 50.8492935 ], [ -3.2045907, 50.8498591 ], [ -3.2046627, 50.8504519 ], [ -3.2041617, 50.8508528 ], [ -3.2040047, 50.851376 ], [ -3.2026378, 50.8523613 ], [ -3.2017868, 50.8535211 ], [ -3.1980438, 50.8560327 ], [ -3.1981809, 50.8580547 ], [ -3.197689, 50.8599302 ], [ -3.196338, 50.8609941 ], [ -3.1956208, 50.8623975 ], [ -3.1948066, 50.8627835 ], [ -3.1945051, 50.8632183 ], [ -3.1939731, 50.8635295 ], [ -3.1932857, 50.8644358 ], [ -3.1930067, 50.8657516 ], [ -3.192421, 50.8661892 ], [ -3.1910693, 50.8666797 ], [ -3.1907817, 50.8676628 ], [ -3.1898362, 50.8684818 ], [ -3.18969, 50.8694366 ], [ -3.1884571, 50.8701326 ], [ -3.1881646, 50.8709269 ], [ -3.1873533, 50.8714388 ], [ -3.1872166, 50.8738862 ], [ -3.187025, 50.8741759 ], [ -3.1875186, 50.8745846 ], [ -3.1873407, 50.8754137 ], [ -3.1879117, 50.876631 ], [ -3.1884345, 50.8770663 ], [ -3.1883201, 50.8781556 ], [ -3.1875224, 50.8792069 ], [ -3.1868517, 50.8796633 ], [ -3.1866944, 50.8801865 ], [ -3.186197, 50.8807491 ], [ -3.1861249, 50.8812714 ], [ -3.1850526, 50.8815881 ], [ -3.1847509, 50.8820228 ], [ -3.1840639, 50.8823985 ], [ -3.1832742, 50.8826493 ], [ -3.1821487, 50.8825528 ], [ -3.1816728, 50.8828454 ], [ -3.1804758, 50.8821681 ], [ -3.1793326, 50.8819338 ], [ -3.1766333, 50.881997 ], [ -3.1750761, 50.881689 ], [ -3.1710217, 50.8815679 ], [ -3.1698137, 50.88158 ], [ -3.1687128, 50.8818968 ], [ -3.1685505, 50.8816556 ], [ -3.1682662, 50.8816584 ], [ -3.1677852, 50.8823197 ], [ -3.1667691, 50.8826176 ], [ -3.1667251, 50.8837005 ], [ -3.1661562, 50.8842605 ], [ -3.1644246, 50.8843677 ], [ -3.1636824, 50.8842492 ], [ -3.1629333, 50.8849941 ], [ -3.1624407, 50.8851968 ], [ -3.1616701, 50.8850786 ], [ -3.1592144, 50.8852289 ], [ -3.1577727, 50.8849914 ], [ -3.1565552, 50.8846227 ], [ -3.1559392, 50.8838585 ], [ -3.1538473, 50.8837713 ], [ -3.1522333, 50.8834635 ], [ -3.1514374, 50.8834714 ], [ -3.150936, 50.88389 ], [ -3.1504692, 50.8839845 ], [ -3.1482142, 50.8842046 ], [ -3.1454125, 50.8847357 ], [ -3.1443022, 50.8846746 ], [ -3.1432851, 50.8843609 ], [ -3.1416844, 50.8845924 ], [ -3.1411062, 50.8842023 ], [ -3.1406252, 50.884297 ], [ -3.1381085, 50.8860302 ], [ -3.1374281, 50.8866926 ], [ -3.1373778, 50.8869629 ], [ -3.1362998, 50.8876485 ], [ -3.1359976, 50.8880831 ], [ -3.134598, 50.888996 ], [ -3.1334941, 50.8892046 ], [ -3.1332028, 50.8900887 ], [ -3.1321032, 50.8904771 ], [ -3.1316657, 50.8909399 ], [ -3.1309133, 50.8910774 ], [ -3.1302671, 50.8909805 ], [ -3.1301571, 50.8911344 ], [ -3.1306585, 50.8918759 ], [ -3.1306096, 50.8922092 ], [ -3.1311775, 50.8933457 ], [ -3.1318434, 50.8938339 ], [ -3.1319954, 50.8942371 ], [ -3.1319121, 50.8954969 ], [ -3.1312367, 50.8957912 ], [ -3.1311296, 50.896062 ], [ -3.1313526, 50.897049 ], [ -3.1311707, 50.8977612 ], [ -3.131843, 50.8985101 ], [ -3.1321454, 50.9004226 ], [ -3.1318715, 50.9008569 ], [ -3.1311166, 50.9013948 ], [ -3.131238, 50.9017084 ], [ -3.1320814, 50.9018891 ], [ -3.1320902, 50.9022487 ], [ -3.1313127, 50.9024451 ], [ -3.1306958, 50.9028108 ], [ -3.1304024, 50.9039107 ], [ -3.129906, 50.9042573 ], [ -3.1301759, 50.9048302 ], [ -3.1305517, 50.9050783 ], [ -3.1304889, 50.9056995 ], [ -3.1307329, 50.9060742 ], [ -3.1307954, 50.9088799 ], [ -3.1306041, 50.9097271 ], [ -3.1308889, 50.9107765 ], [ -3.1320322, 50.9115837 ], [ -3.1322848, 50.9126154 ], [ -3.1319126, 50.9131047 ], [ -3.1312956, 50.9134703 ], [ -3.1303036, 50.9136958 ], [ -3.1298283, 50.9139702 ], [ -3.1293954, 50.9148916 ], [ -3.1284594, 50.9150086 ], [ -3.1276271, 50.9158889 ], [ -3.1279965, 50.9170454 ], [ -3.127962, 50.917972 ], [ -3.1290426, 50.9191216 ], [ -3.128442, 50.9201706 ], [ -3.1293921, 50.920629 ], [ -3.1295152, 50.9210145 ], [ -3.1286178, 50.9239098 ], [ -3.1265536, 50.9256294 ], [ -3.1262917, 50.9277452 ], [ -3.1253378, 50.928312 ], [ -3.1250352, 50.9287465 ], [ -3.1243906, 50.9291574 ], [ -3.1240654, 50.929835 ], [ -3.1228332, 50.9306652 ], [ -3.1228732, 50.9323285 ], [ -3.1232777, 50.9325764 ], [ -3.1237563, 50.933543 ], [ -3.1242789, 50.9339696 ], [ -3.1228877, 50.9341089 ], [ -3.122153, 50.9343318 ], [ -3.1206875, 50.9343458 ], [ -3.1189608, 50.9341466 ], [ -3.1182873, 50.9345487 ], [ -3.1169753, 50.9344354 ], [ -3.116038, 50.9345163 ], [ -3.1147415, 50.9350502 ], [ -3.1099987, 50.9354911 ], [ -3.1091, 50.9360032 ], [ -3.1081958, 50.9362816 ], [ -3.1065746, 50.936333 ], [ -3.1048978, 50.9370413 ], [ -3.1070322, 50.937021 ], [ -3.1068491, 50.9371037 ], [ -3.1071625, 50.9371187 ], [ -3.1090442, 50.9384408 ], [ -3.1091161, 50.9402656 ], [ -3.1112219, 50.9414326 ], [ -3.1111154, 50.9417394 ], [ -3.110583, 50.9420952 ], [ -3.1105418, 50.942265 ], [ -3.1110517, 50.9428943 ], [ -3.1139695, 50.9426474 ], [ -3.1154931, 50.9426689 ], [ -3.1158299, 50.9424678 ], [ -3.1165569, 50.9425148 ], [ -3.1175496, 50.9429549 ], [ -3.1178726, 50.9433655 ], [ -3.1188127, 50.9433925 ], [ -3.11803, 50.9439935 ], [ -3.1177995, 50.9450658 ], [ -3.1182327, 50.9453225 ], [ -3.1198952, 50.9451986 ], [ -3.1207422, 50.9454962 ], [ -3.1215671, 50.9454703 ], [ -3.1218594, 50.9457823 ], [ -3.1217552, 50.9461879 ], [ -3.1224418, 50.9463252 ], [ -3.1228922, 50.9466196 ], [ -3.1241713, 50.9469062 ], [ -3.126115, 50.9469373 ], [ -3.1266161, 50.9470584 ], [ -3.1270521, 50.9468384 ], [ -3.1284886, 50.9467885 ], [ -3.1289699, 50.9466759 ], [ -3.1293321, 50.9463487 ], [ -3.130722, 50.9461374 ], [ -3.1311674, 50.9457194 ], [ -3.1319897, 50.9455856 ], [ -3.1326317, 50.9450578 ], [ -3.1336923, 50.9447687 ], [ -3.1362494, 50.9439795 ], [ -3.1379158, 50.9440172 ], [ -3.1386508, 50.9443877 ], [ -3.1388308, 50.9447636 ], [ -3.1397009, 50.9454206 ], [ -3.1415558, 50.9456003 ], [ -3.1425301, 50.9458606 ], [ -3.1429659, 50.946216 ], [ -3.1433052, 50.9472828 ], [ -3.1437772, 50.9479527 ], [ -3.1440949, 50.9479763 ], [ -3.1453346, 50.9480243 ], [ -3.1459983, 50.9479668 ], [ -3.1466139, 50.9475292 ], [ -3.1475608, 50.9472501 ], [ -3.1501198, 50.947117 ], [ -3.1509822, 50.9468747 ], [ -3.151523, 50.9468693 ], [ -3.1521418, 50.947142 ], [ -3.1532277, 50.9467266 ], [ -3.1542027, 50.9458627 ], [ -3.1550631, 50.946115 ], [ -3.1553909, 50.9467052 ], [ -3.1562559, 50.9471463 ], [ -3.1576, 50.9473848 ], [ -3.1580972, 50.9473439 ], [ -3.15872, 50.947513 ], [ -3.159764, 50.94742 ], [ -3.1735903, 50.9504091 ] ] ] } },
{ "type": "Feature", "properties": { "LEX": "UDEV", "LEX_D": "UPPER DEVONIAN ROCKS (UNDIFFERENTIATED)", "LEX_RCS": "UDEV-SCON", "RCS": "SCON", "RCS_X": "CONG + SDST", "RCS_D": "SANDSTONE AND CONGLOMERATE, INTERBEDDED", "RANK": null, "BED_EQ": null, "BED_EQ_D": null, "MB_EQ": null, "MB_EQ_D": null, "FM_EQ": null, "FM_EQ_D": null, "SUBGP_EQ": null, "SUBGP_EQ_D": null, "GP_EQ": null, "GP_EQ_D": null, "SUPGP_EQ": null, "SUPGP_EQ_D": null, "MAX_TIME_D": "LATE DEVONIAN", "MIN_TIME_D": "LATE DEVONIAN", "MAX_TIME_Y": 370000000, "MIN_TIME_Y": 354000000, "MAX_INDEX": 1330199, "MIN_INDEX": 1330199, "MAX_AGE": null, "MIN_AGE": null, "MAX_EPOCH": "LATE DEVONIAN", "MIN_EPOCH": "LATE DEVONIAN", "MAX_SUBPER": null, "MIN_SUBPER": null, "MAX_PERIOD": "DEVONIAN", "MIN_PERIOD": "DEVONIAN", "MAX_ERA": "PALAEOZOIC", "MIN_ERA": "PALAEOZOIC", "MAX_EON": "PHANEROZOIC", "MIN_EON": "PHANEROZOIC", "PREV_NAME": null, "BGSTYPE": "625k_BEDROCK", "LEX_RCS_I": "1330199_UDEV-SCON", "LEX_RCS_D": "UPPER DEVONIAN ROCKS (UNDIFFERENTIATED) - SANDSTONE AND CONGLOMERATE, INTERBEDDED", "MAP_CODE": "D3", "AGE_ONEGL": "UPPER DEVONIAN", "BGSREF": 213, "BGSREF_LEX": 415, "BGSREF_FM": 415, "BGSREF_GP": 415, "BGSREF_RK": 430, "SHEET": "625k_V5_Bedrock", "VERSION": "5.17", "RELEASED": "11- 2-2008", "NOM_SCALE": "625000", "NOM_OS_YR": "2005 HC", "NOM_BGS_YR": "2007", "MSLINK": 17512 }, "geometry": { "type": "Polygon", "coordinates": [ [ [ -3.3920857, 51.0488648 ], [ -3.4149504, 51.0514065 ], [ -3.4178245, 51.0513717 ], [ -3.4266613, 51.0512641 ], [ -3.4377674, 51.0500474 ], [ -3.4441569, 51.05772 ], [ -3.455512, 51.0600934 ], [ -3.4651967, 51.0590719 ], [ -3.4843013, 51.0588307 ], [ -3.4843368, 51.0588303 ], [ -3.4921193, 51.0608924 ], [ -3.4998676, 51.0618738 ], [ -3.5043097, 51.0620074 ], [ -3.5124554, 51.0622518 ], [ -3.515818, 51.0621199 ], [ -3.5193059, 51.0619829 ], [ -3.5317928, 51.0592984 ], [ -3.5517754, 51.0588947 ], [ -3.5574965, 51.0587785 ], [ -3.5911329, 51.060933 ], [ -3.5993139, 51.0614555 ], [ -3.6214047, 51.0638526 ], [ -3.6279698, 51.0654283 ], [ -3.6063445, 51.0664019 ], [ -3.5917143, 51.0660603 ], [ -3.5868921, 51.0659473 ], [ -3.5694826, 51.0667227 ], [ -3.5655252, 51.0680365 ], [ -3.5565876, 51.0742794 ], [ -3.5552263, 51.0747648 ], [ -3.552915, 51.075589 ], [ -3.5392042, 51.0759505 ], [ -3.5192475, 51.0776525 ], [ -3.5141387, 51.0787994 ], [ -3.5081346, 51.0793285 ], [ -3.5021646, 51.0798544 ], [ -3.4896068, 51.0805554 ], [ -3.4836165, 51.0809918 ], [ -3.4793006, 51.0801461 ], [ -3.4737496, 51.0804005 ], [ -3.4684515, 51.0806431 ], [ -3.4622205, 51.0825222 ], [ -3.4588813, 51.0854455 ], [ -3.4601381, 51.0890318 ], [ -3.4633337, 51.0906128 ], [ -3.469923, 51.091322 ], [ -3.4768211, 51.092064 ], [ -3.482836, 51.0923481 ], [ -3.4820589, 51.0948793 ], [ -3.485273, 51.0969997 ], [ -3.4964581, 51.0979377 ], [ -3.5124748, 51.0979116 ], [ -3.5176978, 51.1001852 ], [ -3.5225369, 51.1000018 ], [ -3.52493, 51.0999111 ], [ -3.5429383, 51.0992266 ], [ -3.5611206, 51.0985327 ], [ -3.5737615, 51.1001642 ], [ -3.6018242, 51.1010437 ], [ -3.6271303, 51.1044499 ], [ -3.6345895, 51.1054528 ], [ -3.6815868, 51.1076677 ], [ -3.7035719, 51.1075995 ], [ -3.7226149, 51.1075371 ], [ -3.7290727, 51.1075152 ], [ -3.7332301, 51.107905 ], [ -3.7440023, 51.1089144 ], [ -3.7548749, 51.1089317 ], [ -3.7721276, 51.1111929 ], [ -3.7852127, 51.1109938 ], [ -3.7852058, 51.1109911 ], [ -3.7832699, 51.1096897 ], [ -3.7826055, 51.109502 ], [ -3.7817859, 51.1089929 ], [ -3.7800024, 51.1086783 ], [ -3.7758288, 51.1089936 ], [ -3.7745489, 51.1095167 ], [ -3.7740158, 51.1093988 ], [ -3.7736208, 51.1095307 ], [ -3.7712807, 51.1096022 ], [ -3.7700196, 51.1098731 ], [ -3.7673096, 51.1099861 ], [ -3.7651834, 51.1096765 ], [ -3.7641308, 51.1090449 ], [ -3.7637424, 51.1070992 ], [ -3.7628307, 51.1056651 ], [ -3.7620902, 51.1049748 ], [ -3.7600438, 51.1037467 ], [ -3.7589988, 51.1033127 ], [ -3.7569003, 51.1029666 ], [ -3.7539397, 51.1009787 ], [ -3.7532796, 51.1008986 ], [ -3.7530607, 51.1003983 ], [ -3.7520553, 51.0994961 ], [ -3.7508237, 51.0978958 ], [ -3.749397, 51.0969492 ], [ -3.7490389, 51.096016 ], [ -3.746509, 51.0951452 ], [ -3.745879, 51.095119 ], [ -3.7454564, 51.0949365 ], [ -3.7446591, 51.0927271 ], [ -3.7444185, 51.0908872 ], [ -3.7435169, 51.0896956 ], [ -3.7406018, 51.0881203 ], [ -3.7392862, 51.0876902 ], [ -3.7343222, 51.0870625 ], [ -3.7328808, 51.0870839 ], [ -3.7304662, 51.0874255 ], [ -3.730008, 51.0870096 ], [ -3.7297398, 51.0867099 ], [ -3.7294051, 51.0853947 ], [ -3.7294275, 51.0825487 ], [ -3.7295594, 51.0822589 ], [ -3.7321923, 51.0805023 ], [ -3.7278198, 51.0800184 ], [ -3.7266588, 51.079514 ], [ -3.7245012, 51.0790782 ], [ -3.7228378, 51.0781135 ], [ -3.7211904, 51.0768069 ], [ -3.7200263, 51.0762125 ], [ -3.7165895, 51.0766947 ], [ -3.7159282, 51.0769562 ], [ -3.7144911, 51.0770852 ], [ -3.7136294, 51.0773317 ], [ -3.7100056, 51.0773943 ], [ -3.708653, 51.0773203 ], [ -3.7067771, 51.0769463 ], [ -3.7055799, 51.0769998 ], [ -3.7045433, 51.0767631 ], [ -3.7038711, 51.0763412 ], [ -3.7025655, 51.0761624 ], [ -3.7013654, 51.0757482 ], [ -3.7005658, 51.0757419 ], [ -3.6998336, 51.0755097 ], [ -3.6988906, 51.0754875 ], [ -3.6971756, 51.0751617 ], [ -3.6952469, 51.0739486 ], [ -3.6936682, 51.073324 ], [ -3.6934319, 51.0731082 ], [ -3.6933649, 51.0716647 ], [ -3.694272, 51.0707073 ], [ -3.6944952, 51.068222 ], [ -3.6952936, 51.0677518 ], [ -3.6986204, 51.0678384 ], [ -3.7004371, 51.0675602 ], [ -3.701262, 51.0667028 ], [ -3.7020685, 51.0653421 ], [ -3.7020805, 51.0648923 ], [ -3.7028828, 51.0641972 ], [ -3.7028722, 51.0639095 ], [ -3.7002509, 51.0640376 ], [ -3.6922264, 51.0635426 ], [ -3.6907441, 51.0632044 ], [ -3.6891384, 51.0622204 ], [ -3.6883692, 51.0614761 ], [ -3.6875341, 51.0612723 ], [ -3.6864356, 51.0604968 ], [ -3.6841982, 51.0601873 ], [ -3.6820313, 51.0602635 ], [ -3.6797383, 51.0599817 ], [ -3.677169, 51.0599647 ], [ -3.6701815, 51.0589137 ], [ -3.6691643, 51.0584066 ], [ -3.668105, 51.0583138 ], [ -3.6673193, 51.0578934 ], [ -3.6657116, 51.0576286 ], [ -3.6653843, 51.0572555 ], [ -3.6649824, 51.0571893 ], [ -3.662607, 51.0557146 ], [ -3.6611895, 51.0552738 ], [ -3.660618, 51.055255 ], [ -3.6594455, 51.054786 ], [ -3.6550609, 51.0542727 ], [ -3.6546241, 51.054027 ], [ -3.6519231, 51.0535077 ], [ -3.6514578, 51.0532625 ], [ -3.6505127, 51.0531679 ], [ -3.6494674, 51.0526611 ], [ -3.647917, 51.0523952 ], [ -3.6456468, 51.0515459 ], [ -3.6441709, 51.0513688 ], [ -3.6437057, 51.0511236 ], [ -3.6407347, 51.0506258 ], [ -3.6390909, 51.0505409 ], [ -3.6370935, 51.0501373 ], [ -3.6323886, 51.0498254 ], [ -3.6304809, 51.0491326 ], [ -3.6296863, 51.0484422 ], [ -3.6279467, 51.0476571 ], [ -3.626884, 51.0474561 ], [ -3.6264448, 51.0471385 ], [ -3.6246951, 51.046875 ], [ -3.6241444, 51.0466309 ], [ -3.6218418, 51.046465 ], [ -3.6200189, 51.0461486 ], [ -3.6168893, 51.0459941 ], [ -3.6134322, 51.0454484 ], [ -3.6098674, 51.0454975 ], [ -3.6083501, 51.0457612 ], [ -3.6060268, 51.0462339 ], [ -3.6029493, 51.0463481 ], [ -3.6022766, 51.0462853 ], [ -3.6010292, 51.0456909 ], [ -3.5980464, 51.0448235 ], [ -3.5979055, 51.0411473 ], [ -3.5970588, 51.0405833 ], [ -3.5967126, 51.0392767 ], [ -3.5714434, 51.0402213 ], [ -3.5684232, 51.0403678 ], [ -3.556042, 51.0409677 ], [ -3.5460058, 51.0398402 ], [ -3.5325056, 51.0398408 ], [ -3.5322936, 51.0398408 ], [ -3.520389, 51.0386589 ], [ -3.5116434, 51.0390973 ], [ -3.510873, 51.0391359 ], [ -3.5091572, 51.0380974 ], [ -3.5124129, 51.0377304 ], [ -3.5139363, 51.0375587 ], [ -3.5213248, 51.0363821 ], [ -3.5300475, 51.0362682 ], [ -3.5304616, 51.0362628 ], [ -3.5459398, 51.03786 ], [ -3.5592979, 51.0381254 ], [ -3.5611682, 51.0381625 ], [ -3.5639086, 51.0382167 ], [ -3.5676645, 51.0382909 ], [ -3.5759388, 51.0379995 ], [ -3.5864418, 51.0360563 ], [ -3.5927479, 51.0366909 ], [ -3.5955963, 51.0364442 ], [ -3.595509, 51.036162 ], [ -3.5969924, 51.034505 ], [ -3.5983105, 51.0337046 ], [ -3.5997773, 51.0333698 ], [ -3.5999403, 51.0331338 ], [ -3.6018784, 51.0322619 ], [ -3.6032989, 51.0312711 ], [ -3.6044492, 51.0307158 ], [ -3.6081888, 51.0295711 ], [ -3.6096765, 51.0285656 ], [ -3.6096974, 51.0284007 ], [ -3.6067622, 51.0289346 ], [ -3.599278, 51.0272363 ], [ -3.5924454, 51.0278699 ], [ -3.5895538, 51.0268287 ], [ -3.5851429, 51.0231064 ], [ -3.5719884, 51.0225638 ], [ -3.5690976, 51.021522 ], [ -3.5505986, 51.02339 ], [ -3.5486245, 51.0241366 ], [ -3.5498083, 51.0253816 ], [ -3.5489879, 51.0264731 ], [ -3.5452125, 51.0273227 ], [ -3.5404837, 51.0283866 ], [ -3.5387709, 51.0284092 ], [ -3.535244, 51.0253938 ], [ -3.5254667, 51.0253716 ], [ -3.5235343, 51.0253671 ], [ -3.5158906, 51.026273 ], [ -3.5149998, 51.0263786 ], [ -3.5053839, 51.0292239 ], [ -3.5039729, 51.0296413 ], [ -3.4971778, 51.0316512 ], [ -3.4881571, 51.0353685 ], [ -3.4787806, 51.0369284 ], [ -3.4710596, 51.0366656 ], [ -3.4710455, 51.0366626 ], [ -3.4598445, 51.0342849 ], [ -3.4446893, 51.0337529 ], [ -3.4360801, 51.032444 ], [ -3.4205842, 51.0300863 ], [ -3.408293, 51.0298334 ], [ -3.4047999, 51.0275757 ], [ -3.3970484, 51.0262278 ], [ -3.3759588, 51.0259857 ], [ -3.3759589, 51.0259866 ], [ -3.3762256, 51.0263252 ], [ -3.3765567, 51.0288393 ], [ -3.3762878, 51.0290133 ], [ -3.3758904, 51.028973 ], [ -3.3750853, 51.0292343 ], [ -3.3737051, 51.0303027 ], [ -3.3750196, 51.0327962 ], [ -3.3758609, 51.0332719 ], [ -3.3763498, 51.0411078 ], [ -3.3757443, 51.0418523 ], [ -3.376494, 51.0440467 ], [ -3.376788, 51.04434 ], [ -3.377434, 51.0444763 ], [ -3.3795932, 51.0446486 ], [ -3.3800882, 51.0449845 ], [ -3.381349, 51.0451675 ], [ -3.381844, 51.0455033 ], [ -3.3833405, 51.0459352 ], [ -3.3852046, 51.0462549 ], [ -3.3867886, 51.0462721 ], [ -3.3883538, 51.0466132 ], [ -3.3899698, 51.0472235 ], [ -3.3917135, 51.0482824 ], [ -3.3920988, 51.0487628 ], [ -3.3920857, 51.0488648 ] ], [ [ -3.5578002, 51.093354 ], [ -3.5557628, 51.0923006 ], [ -3.5562983, 51.0912128 ], [ -3.5549922, 51.0907865 ], [ -3.5531176, 51.0901745 ], [ -3.5426166, 51.0883287 ], [ -3.5564693, 51.0877886 ], [ -3.5584025, 51.0879072 ], [ -3.5713694, 51.0887019 ], [ -3.5795653, 51.0892034 ], [ -3.5825969, 51.0893887 ], [ -3.5854126, 51.0895608 ], [ -3.6037066, 51.0893112 ], [ -3.6329509, 51.0914277 ], [ -3.6412341, 51.0911316 ], [ -3.6488944, 51.0894028 ], [ -3.6597625, 51.0894291 ], [ -3.6787424, 51.0910976 ], [ -3.6844357, 51.0915975 ], [ -3.6923757, 51.09315 ], [ -3.6825393, 51.0945065 ], [ -3.6824818, 51.0945128 ], [ -3.6694349, 51.0959551 ], [ -3.6177159, 51.0974028 ], [ -3.6044214, 51.096298 ], [ -3.5712483, 51.0935342 ], [ -3.5578002, 51.093354 ] ] ] } },
{ "type": "Feature", "properties": { "LEX": "UDEV", "LEX_D": "UPPER DEVONIAN ROCKS (UNDIFFERENTIATED)", "LEX_RCS": "UDEV-MDSS", "RCS": "MDSS", "RCS_X": "MDST + SDST + SLST", "RCS_D": "MUDSTONE, SILTSTONE AND SANDSTONE", "RANK": null, "BED_EQ": null, "BED_EQ_D": null, "MB_EQ": null, "MB_EQ_D": null, "FM_EQ": null, "FM_EQ_D": null, "SUBGP_EQ": null, "SUBGP_EQ_D": null, "GP_EQ": null, "GP_EQ_D": null, "SUPGP_EQ": null, "SUPGP_EQ_D": null, "MAX_TIME_D": "LATE DEVONIAN", "MIN_TIME_D": "LATE DEVONIAN", "MAX_TIME_Y": 370000000, "MIN_TIME_Y": 354000000, "MAX_INDEX": 1330199, "MIN_INDEX": 1330199, "MAX_AGE": null, "MIN_AGE": null, "MAX_EPOCH": "LATE DEVONIAN", "MIN_EPOCH": "LATE DEVONIAN", "MAX_SUBPER": null, "MIN_SUBPER": null, "MAX_PERIOD": "DEVONIAN", "MIN_PERIOD": "DEVONIAN", "MAX_ERA": "PALAEOZOIC", "MIN_ERA": "PALAEOZOIC", "MAX_EON": "PHANEROZOIC", "MIN_EON": "PHANEROZOIC", "PREV_NAME": null, "BGSTYPE": "625k_BEDROCK", "LEX_RCS_I": "1330199_UDEV-MDSS", "LEX_RCS_D": "UPPER DEVONIAN ROCKS (UNDIFFERENTIATED) - MUDSTONE, SILTSTONE AND SANDSTONE", "MAP_CODE": "D3", "AGE_ONEGL": "UPPER DEVONIAN", "BGSREF": 414, "BGSREF_LEX": 415, "BGSREF_FM": 415, "BGSREF_GP": 415, "BGSREF_RK": 633, "SHEET": "625k_V5_Bedrock", "VERSION": "5.17", "RELEASED": "11- 2-2008", "NOM_SCALE": "625000", "NOM_OS_YR": "2005 HC", "NOM_BGS_YR": "2007", "MSLINK": 17514 }, "geometry": { "type": "Polygon", "coordinates": [ [ [ -3.3759588, 51.0259857 ], [ -3.3970484, 51.0262278 ], [ -3.4047999, 51.0275757 ], [ -3.408293, 51.0298334 ], [ -3.4205842, 51.0300863 ], [ -3.4360801, 51.032444 ], [ -3.4446893, 51.0337529 ], [ -3.4598445, 51.0342849 ], [ -3.4710455, 51.0366626 ], [ -3.4710596, 51.0366656 ], [ -3.4787806, 51.0369284 ], [ -3.4881571, 51.0353685 ], [ -3.4971778, 51.0316512 ], [ -3.5039729, 51.0296413 ], [ -3.5053839, 51.0292239 ], [ -3.5149998, 51.0263786 ], [ -3.5158906, 51.026273 ], [ -3.5235343, 51.0253671 ], [ -3.5254667, 51.0253716 ], [ -3.535244, 51.0253938 ], [ -3.5387709, 51.0284092 ], [ -3.5404837, 51.0283866 ], [ -3.5452125, 51.0273227 ], [ -3.5489879, 51.0264731 ], [ -3.5498083, 51.0253816 ], [ -3.5486245, 51.0241366 ], [ -3.5505986, 51.02339 ], [ -3.5690976, 51.021522 ], [ -3.5719884, 51.0225638 ], [ -3.5851429, 51.0231064 ], [ -3.5895538, 51.0268287 ], [ -3.5924454, 51.0278699 ], [ -3.599278, 51.0272363 ], [ -3.6067622, 51.0289346 ], [ -3.6096974, 51.0284007 ], [ -3.6098584, 51.0271341 ], [ -3.6108083, 51.0265635 ], [ -3.6109284, 51.0259143 ], [ -3.6109552, 51.0233959 ], [ -3.6107505, 51.0224275 ], [ -3.6101072, 51.0219687 ], [ -3.6099826, 51.0216647 ], [ -3.6103416, 51.021327 ], [ -3.6106287, 51.0205586 ], [ -3.6114363, 51.0199989 ], [ -3.6119852, 51.0185615 ], [ -3.6124115, 51.0182609 ], [ -3.5856554, 51.0173688 ], [ -3.5531533, 51.0178055 ], [ -3.537644, 51.0179397 ], [ -3.5314062, 51.0179931 ], [ -3.5276717, 51.0180249 ], [ -3.5224391, 51.0180693 ], [ -3.5222204, 51.0180742 ], [ -3.501264, 51.018545 ], [ -3.4921934, 51.0187476 ], [ -3.4867084, 51.0178343 ], [ -3.486165, 51.0177438 ], [ -3.4841268, 51.016509 ], [ -3.4849837, 51.0157028 ], [ -3.4860671, 51.0146834 ], [ -3.4891949, 51.0142833 ], [ -3.5041153, 51.0134839 ], [ -3.506866, 51.0133363 ], [ -3.5176791, 51.0115028 ], [ -3.5071636, 51.0112067 ], [ -3.5025293, 51.0110087 ], [ -3.4993876, 51.0108744 ], [ -3.4947801, 51.0096366 ], [ -3.4908392, 51.0078138 ], [ -3.4869446, 51.0074311 ], [ -3.4784663, 51.0065301 ], [ -3.4779433, 51.0064483 ], [ -3.4724992, 51.0055968 ], [ -3.4696355, 51.0046913 ], [ -3.4681166, 51.004211 ], [ -3.4666834, 51.0022117 ], [ -3.4621048, 51.0018368 ], [ -3.4590174, 51.0016324 ], [ -3.4547827, 51.0013518 ], [ -3.4435492, 50.9999062 ], [ -3.4352968, 50.9988551 ], [ -3.4277207, 50.997507 ], [ -3.4221858, 50.9957013 ], [ -3.4271669, 50.9943437 ], [ -3.4323627, 50.9925509 ], [ -3.4311729, 50.9909805 ], [ -3.4281842, 50.9902966 ], [ -3.4220096, 50.9899396 ], [ -3.4169717, 50.9894245 ], [ -3.4096738, 50.9896569 ], [ -3.4032081, 50.9888641 ], [ -3.4021057, 50.9898934 ], [ -3.4018295, 50.9911288 ], [ -3.3996242, 50.9917128 ], [ -3.3980588, 50.9927246 ], [ -3.3970606, 50.9936499 ], [ -3.3938698, 50.9936881 ], [ -3.3929109, 50.9940233 ], [ -3.389555, 50.9942611 ], [ -3.3884374, 50.9950118 ], [ -3.3877305, 50.9961533 ], [ -3.3865279, 50.9969229 ], [ -3.3870744, 50.9990028 ], [ -3.3866352, 51.0024342 ], [ -3.384653, 51.0038337 ], [ -3.3815987, 51.0051288 ], [ -3.3801824, 51.0054333 ], [ -3.3799809, 51.0058494 ], [ -3.3802006, 51.0074876 ], [ -3.3799936, 51.0086591 ], [ -3.3784741, 51.0088707 ], [ -3.3760709, 51.0105088 ], [ -3.376013, 51.0124069 ], [ -3.3761425, 51.012927 ], [ -3.3771285, 51.0134909 ], [ -3.3773224, 51.0157029 ], [ -3.3767825, 51.0162468 ], [ -3.3758299, 51.0168155 ], [ -3.3756825, 51.0180962 ], [ -3.3753088, 51.0184764 ], [ -3.3750335, 51.0197745 ], [ -3.3732927, 51.0209371 ], [ -3.3728667, 51.0209961 ], [ -3.3722571, 51.0213539 ], [ -3.3721036, 51.0219493 ], [ -3.3717173, 51.0223855 ], [ -3.3716483, 51.023915 ], [ -3.3717717, 51.0242283 ], [ -3.3721753, 51.0243765 ], [ -3.3737088, 51.0244933 ], [ -3.3743249, 51.0248134 ], [ -3.375471, 51.0249132 ], [ -3.3759138, 51.0254296 ], [ -3.3759588, 51.0259857 ] ], [ [ -3.449771, 51.0115008 ], [ -3.4528152, 51.011463 ], [ -3.4667596, 51.0118651 ], [ -3.4707045, 51.0138328 ], [ -3.4659236, 51.0143252 ], [ -3.4491164, 51.0136432 ], [ -3.444198, 51.0134431 ], [ -3.4389245, 51.0127877 ], [ -3.4375368, 51.0122284 ], [ -3.4411719, 51.0116072 ], [ -3.449771, 51.0115008 ] ] ] } },
{ "type": "Feature", "properties": { "LEX": "UDEV", "LEX_D": "UPPER DEVONIAN ROCKS (UNDIFFERENTIATED)", "LEX_RCS": "UDEV-MDSS", "RCS": "MDSS", "RCS_X": "MDST + SDST + SLST", "RCS_D": "MUDSTONE, SILTSTONE AND SANDSTONE", "RANK": null, "BED_EQ": null, "BED_EQ_D": null, "MB_EQ": null, "MB_EQ_D": null, "FM_EQ": null, "FM_EQ_D": null, "SUBGP_EQ": null, "SUBGP_EQ_D": null, "GP_EQ": null, "GP_EQ_D": null, "SUPGP_EQ": null, "SUPGP_EQ_D": null, "MAX_TIME_D": "LATE DEVONIAN", "MIN_TIME_D": "LATE DEVONIAN", "MAX_TIME_Y": 370000000, "MIN_TIME_Y": 354000000, "MAX_INDEX": 1330199, "MIN_INDEX": 1330199, "MAX_AGE": null, "MIN_AGE": null, "MAX_EPOCH": "LATE DEVONIAN", "MIN_EPOCH": "LATE DEVONIAN", "MAX_SUBPER": null, "MIN_SUBPER": null, "MAX_PERIOD": "DEVONIAN", "MIN_PERIOD": "DEVONIAN", "MAX_ERA": "PALAEOZOIC", "MIN_ERA": "PALAEOZOIC", "MAX_EON": "PHANEROZOIC", "MIN_EON": "PHANEROZOIC", "PREV_NAME": null, "BGSTYPE": "625k_BEDROCK", "LEX_RCS_I": "1330199_UDEV-MDSS", "LEX_RCS_D": "UPPER DEVONIAN ROCKS (UNDIFFERENTIATED) - MUDSTONE, SILTSTONE AND SANDSTONE", "MAP_CODE": "D3", "AGE_ONEGL": "UPPER DEVONIAN", "BGSREF": 414, "BGSREF_LEX": 415, "BGSREF_FM": 415, "BGSREF_GP": 415, "BGSREF_RK": 633, "SHEET": "625k_V5_Bedrock", "VERSION": "5.17", "RELEASED": "11- 2-2008", "NOM_SCALE": "625000", "NOM_OS_YR": "2005 HC", "NOM_BGS_YR": "2007", "MSLINK": 17514 }, "geometry": { "type": "Polygon", "coordinates": [ [ [ -3.5306257, 51.1275393 ], [ -3.5647052, 51.1267049 ], [ -3.5706873, 51.1264642 ], [ -3.6031985, 51.1251509 ], [ -3.6458058, 51.1240426 ], [ -3.6501248, 51.1240641 ], [ -3.6728742, 51.1241746 ], [ -3.7007624, 51.1242884 ], [ -3.7037308, 51.1244936 ], [ -3.7254295, 51.1259917 ], [ -3.7378024, 51.1278732 ], [ -3.7576912, 51.133254 ], [ -3.7794296, 51.137569 ], [ -3.7950873, 51.1393944 ], [ -3.8099667, 51.1422622 ], [ -3.8199075, 51.1446888 ], [ -3.8338994, 51.1488201 ], [ -3.8344449, 51.1487008 ], [ -3.8348057, 51.1484253 ], [ -3.8359053, 51.1473109 ], [ -3.8366041, 51.1461848 ], [ -3.8403258, 51.1434194 ], [ -3.8406918, 51.1425593 ], [ -3.8406039, 51.1417873 ], [ -3.8412168, 51.1399431 ], [ -3.8422475, 51.1392613 ], [ -3.8430718, 51.1391404 ], [ -3.8437293, 51.1387793 ], [ -3.8427293, 51.1387951 ], [ -3.8398145, 51.1370334 ], [ -3.8387159, 51.1360075 ], [ -3.8375795, 51.1354678 ], [ -3.8367053, 51.1354096 ], [ -3.8351153, 51.1356864 ], [ -3.8339182, 51.1361368 ], [ -3.8309183, 51.1361839 ], [ -3.8298913, 51.1355153 ], [ -3.8293983, 51.1346159 ], [ -3.8282125, 51.1335463 ], [ -3.8271306, 51.1329337 ], [ -3.8254588, 51.1325821 ], [ -3.8243233, 51.1320603 ], [ -3.8239092, 51.131707 ], [ -3.8240918, 51.1312635 ], [ -3.8239397, 51.1303036 ], [ -3.8225172, 51.1297502 ], [ -3.8223897, 51.1279626 ], [ -3.8215488, 51.1269325 ], [ -3.8207167, 51.1246703 ], [ -3.8198244, 51.1237849 ], [ -3.8183994, 51.1231596 ], [ -3.8156013, 51.1210447 ], [ -3.8149656, 51.1176424 ], [ -3.8145436, 51.117392 ], [ -3.8125694, 51.116964 ], [ -3.8124231, 51.1168763 ], [ -3.8110814, 51.1165464 ], [ -3.8093351, 51.1164655 ], [ -3.8085506, 51.1161359 ], [ -3.8053811, 51.1154655 ], [ -3.8030031, 51.1153044 ], [ -3.8026827, 51.1151474 ], [ -3.8008152, 51.1148884 ], [ -3.7993921, 51.1142988 ], [ -3.7964005, 51.1137873 ], [ -3.7952979, 51.1133546 ], [ -3.793223, 51.1121634 ], [ -3.7916653, 51.1121513 ], [ -3.7910708, 51.1119266 ], [ -3.7907003, 51.1119502 ], [ -3.7904064, 51.1117389 ], [ -3.7878607, 51.11167 ], [ -3.785873, 51.1112507 ], [ -3.7852127, 51.1109938 ], [ -3.7721276, 51.1111929 ], [ -3.7548749, 51.1089317 ], [ -3.7440023, 51.1089144 ], [ -3.7332301, 51.107905 ], [ -3.7290727, 51.1075152 ], [ -3.7226149, 51.1075371 ], [ -3.7035719, 51.1075995 ], [ -3.6815868, 51.1076677 ], [ -3.6345895, 51.1054528 ], [ -3.6271303, 51.1044499 ], [ -3.6018242, 51.1010437 ], [ -3.5737615, 51.1001642 ], [ -3.5611206, 51.0985327 ], [ -3.5429383, 51.0992266 ], [ -3.52493, 51.0999111 ], [ -3.5225369, 51.1000018 ], [ -3.5176978, 51.1001852 ], [ -3.5124748, 51.0979116 ], [ -3.4964581, 51.0979377 ], [ -3.485273, 51.0969997 ], [ -3.4820589, 51.0948793 ], [ -3.482836, 51.0923481 ], [ -3.4768211, 51.092064 ], [ -3.469923, 51.091322 ], [ -3.4633337, 51.0906128 ], [ -3.4601381, 51.0890318 ], [ -3.4588813, 51.0854455 ], [ -3.4622205, 51.0825222 ], [ -3.4684515, 51.0806431 ], [ -3.4737496, 51.0804005 ], [ -3.4793006, 51.0801461 ], [ -3.4836165, 51.0809918 ], [ -3.4896068, 51.0805554 ], [ -3.5021646, 51.0798544 ], [ -3.5081346, 51.0793285 ], [ -3.5141387, 51.0787994 ], [ -3.5192475, 51.0776525 ], [ -3.5392042, 51.0759505 ], [ -3.552915, 51.075589 ], [ -3.5552263, 51.0747648 ], [ -3.5565876, 51.0742794 ], [ -3.5655252, 51.0680365 ], [ -3.5694826, 51.0667227 ], [ -3.5868921, 51.0659473 ], [ -3.5917143, 51.0660603 ], [ -3.6063445, 51.0664019 ], [ -3.6279698, 51.0654283 ], [ -3.6214047, 51.0638526 ], [ -3.5993139, 51.0614555 ], [ -3.5911329, 51.060933 ], [ -3.5574965, 51.0587785 ], [ -3.5517754, 51.0588947 ], [ -3.5317928, 51.0592984 ], [ -3.5193059, 51.0619829 ], [ -3.515818, 51.0621199 ], [ -3.5124554, 51.0622518 ], [ -3.5043097, 51.0620074 ], [ -3.4998676, 51.0618738 ], [ -3.4921193, 51.0608924 ], [ -3.4843368, 51.0588303 ], [ -3.4843013, 51.0588307 ], [ -3.4651967, 51.0590719 ], [ -3.455512, 51.0600934 ], [ -3.4441569, 51.05772 ], [ -3.4377674, 51.0500474 ], [ -3.4266613, 51.0512641 ], [ -3.4178245, 51.0513717 ], [ -3.4149504, 51.0514065 ], [ -3.3920857, 51.0488648 ], [ -3.3920757, 51.048943 ], [ -3.3914574, 51.0492561 ], [ -3.3904962, 51.0495553 ], [ -3.3901117, 51.0500545 ], [ -3.3903073, 51.0508705 ], [ -3.3909101, 51.0509892 ], [ -3.3919286, 51.0516515 ], [ -3.3918283, 51.0521114 ], [ -3.3914376, 51.0524038 ], [ -3.3914058, 51.0532495 ], [ -3.3910858, 51.0535207 ], [ -3.3909946, 51.0540425 ], [ -3.3899179, 51.055012 ], [ -3.388339, 51.05566 ], [ -3.3885821, 51.0569431 ], [ -3.3890974, 51.0571618 ], [ -3.3898415, 51.0581871 ], [ -3.3898919, 51.0617746 ], [ -3.390076, 51.062204 ], [ -3.3905743, 51.0621621 ], [ -3.3913976, 51.0624941 ], [ -3.3923034, 51.0631937 ], [ -3.3926882, 51.064601 ], [ -3.393766, 51.0653255 ], [ -3.3935825, 51.0658673 ], [ -3.3940412, 51.0659337 ], [ -3.3948405, 51.0654611 ], [ -3.3964158, 51.0656423 ], [ -3.3971082, 51.0654115 ], [ -3.399118, 51.0658011 ], [ -3.4006478, 51.0658907 ], [ -3.4017566, 51.0662191 ], [ -3.4039285, 51.066301 ], [ -3.4047848, 51.0672439 ], [ -3.4055332, 51.0674507 ], [ -3.4073038, 51.0684186 ], [ -3.4076417, 51.0692059 ], [ -3.408472, 51.0697575 ], [ -3.4083071, 51.0704389 ], [ -3.4089446, 51.0702783 ], [ -3.4098007, 51.070268 ], [ -3.4109551, 51.0711533 ], [ -3.4115299, 51.0722165 ], [ -3.4115024, 51.0731881 ], [ -3.4117754, 51.0737153 ], [ -3.4123321, 51.0741852 ], [ -3.4126679, 51.0749006 ], [ -3.4137987, 51.0753815 ], [ -3.4139919, 51.0761885 ], [ -3.4145485, 51.077119 ], [ -3.4146755, 51.0794106 ], [ -3.4148247, 51.0800902 ], [ -3.4152303, 51.0802832 ], [ -3.4153829, 51.0806051 ], [ -3.4157638, 51.0827947 ], [ -3.4176264, 51.0839411 ], [ -3.4181937, 51.0847526 ], [ -3.418109, 51.0857158 ], [ -3.4174393, 51.0862275 ], [ -3.4167251, 51.0871535 ], [ -3.4157424, 51.0877049 ], [ -3.4129739, 51.088224 ], [ -3.4111233, 51.0888759 ], [ -3.4080146, 51.0908918 ], [ -3.4077164, 51.0914169 ], [ -3.4069026, 51.0918943 ], [ -3.4063507, 51.0925305 ], [ -3.4063627, 51.092926 ], [ -3.4067929, 51.0929838 ], [ -3.4070572, 51.0932234 ], [ -3.4073292, 51.0938226 ], [ -3.4083751, 51.0940805 ], [ -3.4085026, 51.0947354 ], [ -3.4102694, 51.0955408 ], [ -3.4102622, 51.0962423 ], [ -3.4107223, 51.0963446 ], [ -3.4114553, 51.0969653 ], [ -3.4119051, 51.0986055 ], [ -3.4119962, 51.1001871 ], [ -3.4122817, 51.1001836 ], [ -3.4124148, 51.1003349 ], [ -3.412814, 51.1012474 ], [ -3.4131009, 51.1012888 ], [ -3.4139524, 51.1020429 ], [ -3.4151945, 51.1024955 ], [ -3.4163895, 51.1032724 ], [ -3.4208428, 51.1050349 ], [ -3.4213211, 51.1061891 ], [ -3.4231568, 51.1066074 ], [ -3.4257408, 51.1068457 ], [ -3.4303203, 51.1069561 ], [ -3.4331532, 51.1063414 ], [ -3.4350951, 51.1063176 ], [ -3.4363189, 51.1066263 ], [ -3.4379643, 51.1067139 ], [ -3.4396215, 51.1071791 ], [ -3.4400655, 51.1076773 ], [ -3.4401047, 51.1080185 ], [ -3.4405442, 51.1083728 ], [ -3.4412616, 51.1084719 ], [ -3.4423894, 51.1089076 ], [ -3.4436158, 51.1097557 ], [ -3.444682, 51.1100483 ], [ -3.445932, 51.1107343 ], [ -3.4467196, 51.1107965 ], [ -3.4484904, 51.1107746 ], [ -3.4501533, 51.1105022 ], [ -3.4516136, 51.1096927 ], [ -3.4538378, 51.1092244 ], [ -3.4563239, 51.1091125 ], [ -3.4580276, 51.1096848 ], [ -3.459235, 51.1099215 ], [ -3.4617546, 51.1096382 ], [ -3.4631141, 51.1092615 ], [ -3.4666303, 51.1070682 ], [ -3.4676298, 51.1070556 ], [ -3.4683438, 51.1070467 ], [ -3.469026, 51.1073888 ], [ -3.4697434, 51.1074877 ], [ -3.4711678, 51.1082612 ], [ -3.4722022, 51.108446 ], [ -3.4732841, 51.1092237 ], [ -3.4741186, 51.109411 ], [ -3.4749919, 51.1099216 ], [ -3.4778662, 51.1100112 ], [ -3.4786568, 51.110163 ], [ -3.479092, 51.1103734 ], [ -3.4793418, 51.1110357 ], [ -3.480482, 51.1118486 ], [ -3.4808244, 51.1127255 ], [ -3.4815813, 51.1131655 ], [ -3.4838573, 51.1137482 ], [ -3.4868237, 51.1135846 ], [ -3.4876857, 51.1137355 ], [ -3.4883052, 51.1143391 ], [ -3.4898369, 51.1148771 ], [ -3.49071, 51.1153696 ], [ -3.4910701, 51.1159046 ], [ -3.4916535, 51.1162748 ], [ -3.4920729, 51.1164313 ], [ -3.4930738, 51.1164545 ], [ -3.4939309, 51.1168932 ], [ -3.4942649, 51.1178264 ], [ -3.4948742, 51.1181787 ], [ -3.4957402, 51.1180571 ], [ -3.4964082, 51.1183903 ], [ -3.4973017, 51.1195119 ], [ -3.4974923, 51.120103 ], [ -3.4979015, 51.1203855 ], [ -3.4985695, 51.1224813 ], [ -3.4999698, 51.1233626 ], [ -3.5020244, 51.1237049 ], [ -3.5078726, 51.1238185 ], [ -3.5092839, 51.1240433 ], [ -3.5119345, 51.1240088 ], [ -3.5136141, 51.1237263 ], [ -3.5144338, 51.1234459 ], [ -3.5147252, 51.1231813 ], [ -3.5150109, 51.1231776 ], [ -3.5173739, 51.1233358 ], [ -3.5195627, 51.1238469 ], [ -3.5204969, 51.1244463 ], [ -3.5213319, 51.1246333 ], [ -3.5225292, 51.125409 ], [ -3.5231928, 51.1255982 ], [ -3.5238641, 51.1260211 ], [ -3.5257621, 51.1263741 ], [ -3.5270107, 51.1269693 ], [ -3.5289055, 51.1272233 ], [ -3.5303634, 51.1272312 ], [ -3.5306257, 51.1275393 ] ] ] } },
{ "type": "Feature", "properties": { "LEX": "PUND", "LEX_D": "PERMIAN ROCKS (UNDIFFERENTIATED)", "LEX_RCS": "PUND-SCON", "RCS": "SCON", "RCS_X": "CONG + SDST", "RCS_D": "SANDSTONE AND CONGLOMERATE, INTERBEDDED", "RANK": "NOT APPLICABLE", "BED_EQ": null, "BED_EQ_D": null, "MB_EQ": null, "MB_EQ_D": null, "FM_EQ": null, "FM_EQ_D": null, "SUBGP_EQ": null, "SUBGP_EQ_D": null, "GP_EQ": null, "GP_EQ_D": null, "SUPGP_EQ": null, "SUPGP_EQ_D": null, "MAX_TIME_D": "PERMIAN", "MIN_TIME_D": "PERMIAN", "MAX_TIME_Y": 290000000, "MIN_TIME_Y": 248200000, "MAX_INDEX": 1319999, "MIN_INDEX": 1319999, "MAX_AGE": null, "MIN_AGE": null, "MAX_EPOCH": null, "MIN_EPOCH": null, "MAX_SUBPER": null, "MIN_SUBPER": null, "MAX_PERIOD": "PERMIAN", "MIN_PERIOD": "PERMIAN", "MAX_ERA": "PALAEOZOIC", "MIN_ERA": "PALAEOZOIC", "MAX_EON": "PHANEROZOIC", "MIN_EON": "PHANEROZOIC", "PREV_NAME": null, "BGSTYPE": "625k_BEDROCK", "LEX_RCS_I": "1319999_PUND-SCON", "LEX_RCS_D": "PERMIAN ROCKS (UNDIFFERENTIATED) - SANDSTONE AND CONGLOMERATE, INTERBEDDED", "MAP_CODE": "P1", "AGE_ONEGL": "PERMIAN", "BGSREF": 926, "BGSREF_LEX": 904, "BGSREF_FM": 904, "BGSREF_GP": 904, "BGSREF_RK": 430, "SHEET": "625k_V5_Bedrock", "VERSION": "5.17", "RELEASED": "11- 2-2008", "NOM_SCALE": "625000", "NOM_OS_YR": "2005 HC", "NOM_BGS_YR": "2007", "MSLINK": 17490 }, "geometry": { "type": "MultiPolygon", "coordinates": [ [ [ [ -3.5438623, 50.6131906 ], [ -3.5458902, 50.6146046 ], [ -3.5465507, 50.6174777 ], [ -3.5508131, 50.6179614 ], [ -3.5532947, 50.6159471 ], [ -3.5543435, 50.6134115 ], [ -3.5508296, 50.609856 ], [ -3.5476641, 50.6082771 ], [ -3.5469979, 50.605224 ], [ -3.5437975, 50.6025647 ], [ -3.5385939, 50.5992114 ], [ -3.5425937, 50.5968006 ], [ -3.5419883, 50.596431 ], [ -3.5415087, 50.5955919 ], [ -3.5399476, 50.5949471 ], [ -3.5397275, 50.5946982 ], [ -3.5396082, 50.5936385 ], [ -3.5387727, 50.5931459 ], [ -3.5375419, 50.5917952 ], [ -3.5344336, 50.5900554 ], [ -3.5332277, 50.5885964 ], [ -3.5326806, 50.5882798 ], [ -3.5320601, 50.5874426 ], [ -3.5313689, 50.587038 ], [ -3.5305158, 50.585997 ], [ -3.5304553, 50.5856418 ], [ -3.5267983, 50.5855312 ], [ -3.5200234, 50.588145 ], [ -3.5160565, 50.5912287 ], [ -3.5138086, 50.5919812 ], [ -3.5126161, 50.5911147 ], [ -3.5130906, 50.5891976 ], [ -3.5142314, 50.5874553 ], [ -3.5137093, 50.5850946 ], [ -3.5124123, 50.5838627 ], [ -3.5145439, 50.5794954 ], [ -3.5173222, 50.5787619 ], [ -3.5212956, 50.5787101 ], [ -3.5218183, 50.5761459 ], [ -3.5206307, 50.5745341 ], [ -3.5227661, 50.5731017 ], [ -3.5229566, 50.5702061 ], [ -3.5190665, 50.5685785 ], [ -3.5172882, 50.5686957 ], [ -3.5145893, 50.5686409 ], [ -3.5125942, 50.5680733 ], [ -3.5097196, 50.5678228 ], [ -3.5049774, 50.5665711 ], [ -3.5045845, 50.5666482 ], [ -3.5042964, 50.5669127 ], [ -3.5038792, 50.5669181 ], [ -3.5027438, 50.5669328 ], [ -3.5028317, 50.5670126 ], [ -3.5022022, 50.5672185 ], [ -3.5017842, 50.5682852 ], [ -3.500736, 50.5690721 ], [ -3.4991789, 50.569398 ], [ -3.4972462, 50.5694588 ], [ -3.4965455, 50.5696297 ], [ -3.495404, 50.570148 ], [ -3.4951619, 50.5705288 ], [ -3.4944595, 50.5706458 ], [ -3.4930531, 50.5712754 ], [ -3.489711, 50.5718758 ], [ -3.4890831, 50.5721177 ], [ -3.483288, 50.5724054 ], [ -3.482749, 50.5727831 ], [ -3.4820536, 50.574024 ], [ -3.480608, 50.5747619 ], [ -3.4785265, 50.5750402 ], [ -3.4773406, 50.5750552 ], [ -3.4763316, 50.5748522 ], [ -3.4753089, 50.575117 ], [ -3.4746306, 50.5755572 ], [ -3.473413, 50.5759144 ], [ -3.4721989, 50.5759298 ], [ -3.4708708, 50.5754609 ], [ -3.470266, 50.5755405 ], [ -3.4692956, 50.5761283 ], [ -3.4691209, 50.576868 ], [ -3.468197, 50.5771314 ], [ -3.4662542, 50.5791525 ], [ -3.4657641, 50.5791856 ], [ -3.4637779, 50.5808263 ], [ -3.4640493, 50.580925 ], [ -3.4641739, 50.5813011 ], [ -3.463681, 50.5818019 ], [ -3.4635844, 50.5823338 ], [ -3.4638447, 50.5825284 ], [ -3.4650652, 50.5827109 ], [ -3.4656383, 50.5829735 ], [ -3.4661369, 50.5835607 ], [ -3.4676206, 50.583578 ], [ -3.4711543, 50.5845587 ], [ -3.4721868, 50.5845996 ], [ -3.4731181, 50.5850195 ], [ -3.4757924, 50.5856152 ], [ -3.4786244, 50.5858311 ], [ -3.4800009, 50.5855798 ], [ -3.4816931, 50.5854863 ], [ -3.4823308, 50.5855501 ], [ -3.4832769, 50.5859877 ], [ -3.4836291, 50.5873053 ], [ -3.4847857, 50.5890443 ], [ -3.4848608, 50.5896369 ], [ -3.4857799, 50.5901108 ], [ -3.485857, 50.5907664 ], [ -3.4874927, 50.5933536 ], [ -3.4898052, 50.5958961 ], [ -3.490578, 50.5971004 ], [ -3.4915601, 50.5977713 ], [ -3.4920331, 50.5984307 ], [ -3.4930095, 50.5989219 ], [ -3.4940047, 50.6000063 ], [ -3.4939741, 50.6008251 ], [ -3.4943904, 50.6014763 ], [ -3.4956488, 50.6019458 ], [ -3.4959749, 50.6024272 ], [ -3.4968684, 50.6029733 ], [ -3.4994316, 50.6035879 ], [ -3.5020674, 50.6047051 ], [ -3.5035682, 50.6047936 ], [ -3.5043249, 50.6050357 ], [ -3.5058851, 50.6052134 ], [ -3.5077073, 50.6060712 ], [ -3.5090375, 50.6061259 ], [ -3.5111242, 50.6059729 ], [ -3.5120364, 50.6062129 ], [ -3.5130875, 50.6072605 ], [ -3.5149223, 50.608064 ], [ -3.5166523, 50.6091207 ], [ -3.5169764, 50.6095302 ], [ -3.5178131, 50.6100589 ], [ -3.5194399, 50.612295 ], [ -3.5195894, 50.6134263 ], [ -3.5193534, 50.6139959 ], [ -3.518858, 50.6144161 ], [ -3.5189925, 50.6150799 ], [ -3.5202325, 50.6158371 ], [ -3.5202343, 50.6158394 ], [ -3.5241409, 50.6147423 ], [ -3.5288306, 50.6123082 ], [ -3.5324329, 50.6099194 ], [ -3.5438623, 50.6131906 ] ] ], [ [ [ -3.5898666, 50.6597098 ], [ -3.5900215, 50.6594859 ], [ -3.5897954, 50.659338 ], [ -3.5898666, 50.6597098 ] ] ], [ [ [ -3.4433638, 50.6681267 ], [ -3.4435203, 50.6679853 ], [ -3.4431835, 50.6677642 ], [ -3.4433638, 50.6681267 ] ] ], [ [ [ -3.4546043, 50.6835803 ], [ -3.4546306, 50.6835276 ], [ -3.4540091, 50.6835354 ], [ -3.4526935, 50.6831913 ], [ -3.4522987, 50.6830104 ], [ -3.4520221, 50.6827492 ], [ -3.4517726, 50.6815867 ], [ -3.4516059, 50.682118 ], [ -3.4517252, 50.6826472 ], [ -3.4522395, 50.6831414 ], [ -3.4531346, 50.6835386 ], [ -3.4546043, 50.6835803 ] ] ], [ [ [ -3.3911584, 50.8388105 ], [ -3.3920865, 50.841321 ], [ -3.3943827, 50.842014 ], [ -3.3992114, 50.841776 ], [ -3.4087221, 50.8364385 ], [ -3.4143867, 50.8356495 ], [ -3.4184053, 50.8368615 ], [ -3.4260655, 50.8362278 ], [ -3.4319204, 50.8323738 ], [ -3.4429411, 50.8300767 ], [ -3.4492795, 50.8301096 ], [ -3.4531807, 50.8301297 ], [ -3.4545127, 50.8291973 ], [ -3.4576337, 50.8270123 ], [ -3.464968, 50.8251193 ], [ -3.4684072, 50.8259766 ], [ -3.474314, 50.8239209 ], [ -3.4778215, 50.8269384 ], [ -3.4834456, 50.8274353 ], [ -3.4849506, 50.8275683 ], [ -3.4888672, 50.8255372 ], [ -3.4911813, 50.8267684 ], [ -3.4942098, 50.8255342 ], [ -3.4965046, 50.8233911 ], [ -3.4986166, 50.8198853 ], [ -3.5108211, 50.8190233 ], [ -3.5133126, 50.8229981 ], [ -3.5154426, 50.8243796 ], [ -3.512845, 50.8257343 ], [ -3.5139503, 50.8273756 ], [ -3.5111485, 50.8286727 ], [ -3.5112183, 50.8308331 ], [ -3.5169329, 50.8316595 ], [ -3.5204963, 50.8362959 ], [ -3.5236706, 50.8376953 ], [ -3.5279353, 50.8376395 ], [ -3.5341134, 50.835217 ], [ -3.5363877, 50.8351871 ], [ -3.5421746, 50.8381726 ], [ -3.5426707, 50.8381374 ], [ -3.5577817, 50.8370647 ], [ -3.5623787, 50.8384441 ], [ -3.5642575, 50.8389547 ], [ -3.5655362, 50.8393023 ], [ -3.566475, 50.8386821 ], [ -3.5677625, 50.8378315 ], [ -3.5622825, 50.8355636 ], [ -3.5591252, 50.8347053 ], [ -3.55001, 50.8342865 ], [ -3.5430564, 50.8304163 ], [ -3.5397104, 50.8324417 ], [ -3.5339776, 50.8310763 ], [ -3.5322307, 50.8298385 ], [ -3.5288078, 50.8295232 ], [ -3.5270845, 50.8290055 ], [ -3.5270552, 50.8281053 ], [ -3.5277845, 50.8243135 ], [ -3.529431, 50.8224908 ], [ -3.5308639, 50.8228322 ], [ -3.5315679, 50.8269655 ], [ -3.534132, 50.8271119 ], [ -3.5371641, 50.8241903 ], [ -3.5351697, 50.8180459 ], [ -3.5425741, 50.8191812 ], [ -3.5651119, 50.8197616 ], [ -3.5679461, 50.8194309 ], [ -3.5798936, 50.8180359 ], [ -3.5824512, 50.8180012 ], [ -3.5881255, 50.8163251 ], [ -3.5942504, 50.8165938 ], [ -3.6049224, 50.8156988 ], [ -3.6076767, 50.8149563 ], [ -3.6136181, 50.8148725 ], [ -3.6237019, 50.8161435 ], [ -3.6301433, 50.8159035 ], [ -3.6312851, 50.8159324 ], [ -3.6362083, 50.8160567 ], [ -3.6410275, 50.8147561 ], [ -3.6625134, 50.8162552 ], [ -3.6640496, 50.8172481 ], [ -3.6680785, 50.8171905 ], [ -3.6703633, 50.8150001 ], [ -3.6792921, 50.8159287 ], [ -3.6901598, 50.8166525 ], [ -3.6980506, 50.8147545 ], [ -3.7029007, 50.8152241 ], [ -3.705716, 50.8144625 ], [ -3.7105399, 50.8142118 ], [ -3.7187801, 50.8140906 ], [ -3.7218838, 50.8123046 ], [ -3.722956, 50.8116875 ], [ -3.7300259, 50.8106823 ], [ -3.7325897, 50.8108244 ], [ -3.7366608, 50.8132854 ], [ -3.7422068, 50.8132027 ], [ -3.7437212, 50.8122604 ], [ -3.7465747, 50.8114191 ], [ -3.7473009, 50.8114802 ], [ -3.7488484, 50.8122484 ], [ -3.7494022, 50.8122663 ], [ -3.7512498, 50.8118756 ], [ -3.7520359, 50.8113192 ], [ -3.7524865, 50.8112225 ], [ -3.7537622, 50.8111585 ], [ -3.7634567, 50.80766 ], [ -3.7674544, 50.8081398 ], [ -3.7689568, 50.8107283 ], [ -3.7693663, 50.810536 ], [ -3.7714828, 50.8105758 ], [ -3.7751099, 50.8111502 ], [ -3.7762362, 50.8116546 ], [ -3.7769892, 50.8118344 ], [ -3.7817239, 50.8123596 ], [ -3.7836635, 50.8121169 ], [ -3.7851272, 50.8121574 ], [ -3.7854138, 50.8117112 ], [ -3.7866853, 50.8108925 ], [ -3.7883924, 50.8103176 ], [ -3.7899739, 50.8100956 ], [ -3.790246, 50.8097856 ], [ -3.7897942, 50.8068787 ], [ -3.7903639, 50.8047025 ], [ -3.790333, 50.8009258 ], [ -3.7901704, 50.7996422 ], [ -3.7897591, 50.7985333 ], [ -3.7905313, 50.7979459 ], [ -3.7906368, 50.7973659 ], [ -3.790564, 50.7954604 ], [ -3.7903632, 50.7950346 ], [ -3.7901052, 50.7949666 ], [ -3.790058, 50.7944727 ], [ -3.7904235, 50.7921558 ], [ -3.7932266, 50.7912494 ], [ -3.793724, 50.7909 ], [ -3.7955905, 50.7903946 ], [ -3.7962136, 50.7899623 ], [ -3.7977374, 50.7897409 ], [ -3.798012, 50.7895029 ], [ -3.7985626, 50.7879537 ], [ -3.7985684, 50.7879499 ], [ -3.7910879, 50.786886 ], [ -3.7685729, 50.7850683 ], [ -3.7619267, 50.782107 ], [ -3.7566855, 50.7818609 ], [ -3.747412, 50.7814248 ], [ -3.7388805, 50.7811921 ], [ -3.7339203, 50.7776637 ], [ -3.7320131, 50.7771928 ], [ -3.73048, 50.7768143 ], [ -3.7299301, 50.7768141 ], [ -3.7281907, 50.7768137 ], [ -3.7255352, 50.7768129 ], [ -3.718549, 50.7768106 ], [ -3.7110791, 50.7756646 ], [ -3.7099789, 50.7754957 ], [ -3.6997451, 50.7752852 ], [ -3.6881695, 50.7772545 ], [ -3.6716056, 50.7747914 ], [ -3.6775033, 50.7729056 ], [ -3.6859088, 50.7711705 ], [ -3.6834206, 50.7675729 ], [ -3.681808, 50.7652409 ], [ -3.6576427, 50.7650586 ], [ -3.6393121, 50.7649655 ], [ -3.6360919, 50.7651472 ], [ -3.6309978, 50.7654344 ], [ -3.616022, 50.7659952 ], [ -3.5974015, 50.7655473 ], [ -3.5814918, 50.7655903 ], [ -3.5674126, 50.7680703 ], [ -3.5659595, 50.7682188 ], [ -3.5555118, 50.7692865 ], [ -3.5447816, 50.7697212 ], [ -3.5360979, 50.7700723 ], [ -3.5199631, 50.7692269 ], [ -3.5126899, 50.7687799 ], [ -3.5062012, 50.7683806 ], [ -3.5010418, 50.7680629 ], [ -3.4889504, 50.7685716 ], [ -3.4866732, 50.7707763 ], [ -3.4823533, 50.7706872 ], [ -3.4796596, 50.7702723 ], [ -3.476771, 50.7698273 ], [ -3.4783631, 50.7674733 ], [ -3.468609, 50.7663636 ], [ -3.4630299, 50.7655531 ], [ -3.46419, 50.7638557 ], [ -3.4655031, 50.7622541 ], [ -3.4656761, 50.7605228 ], [ -3.4632796, 50.756518 ], [ -3.4746323, 50.756375 ], [ -3.479437, 50.7572751 ], [ -3.4795421, 50.7554134 ], [ -3.4749557, 50.7540306 ], [ -3.4687119, 50.7541094 ], [ -3.4612248, 50.7536174 ], [ -3.4584498, 50.7527974 ], [ -3.4492345, 50.7485897 ], [ -3.4486224, 50.7471564 ], [ -3.449461, 50.7464415 ], [ -3.4513432, 50.7474125 ], [ -3.4534522, 50.7472764 ], [ -3.4539904, 50.745481 ], [ -3.4527843, 50.7440428 ], [ -3.4524504, 50.7424259 ], [ -3.4541194, 50.7413245 ], [ -3.4567065, 50.7423728 ], [ -3.4579198, 50.7448792 ], [ -3.4582092, 50.7450557 ], [ -3.4610916, 50.7464605 ], [ -3.4627886, 50.7462591 ], [ -3.4644406, 50.7446173 ], [ -3.4628647, 50.7395941 ], [ -3.4713257, 50.7378666 ], [ -3.4735784, 50.7372978 ], [ -3.4847639, 50.7374288 ], [ -3.4957249, 50.7375561 ], [ -3.4988726, 50.7366857 ], [ -3.5015316, 50.735205 ], [ -3.5034077, 50.7355865 ], [ -3.5079758, 50.7364281 ], [ -3.5160312, 50.733829 ], [ -3.524246, 50.7311777 ], [ -3.5330815, 50.7255436 ], [ -3.5336664, 50.7247516 ], [ -3.5310688, 50.7237009 ], [ -3.5309787, 50.721969 ], [ -3.5343935, 50.7208546 ], [ -3.5351093, 50.7181323 ], [ -3.5387218, 50.7181529 ], [ -3.542686, 50.7179204 ], [ -3.5430137, 50.7178786 ], [ -3.546435, 50.7174423 ], [ -3.5509537, 50.7192077 ], [ -3.5519189, 50.7195847 ], [ -3.5522838, 50.7191446 ], [ -3.5579774, 50.7122767 ], [ -3.5589117, 50.7098122 ], [ -3.5582039, 50.7068533 ], [ -3.5589137, 50.7037465 ], [ -3.5625179, 50.7021496 ], [ -3.5724952, 50.7027897 ], [ -3.5808088, 50.70229 ], [ -3.5961348, 50.6938978 ], [ -3.5921179, 50.6925119 ], [ -3.5859976, 50.6882565 ], [ -3.5839879, 50.686859 ], [ -3.582074, 50.6826991 ], [ -3.5818467, 50.6822052 ], [ -3.581159, 50.6786122 ], [ -3.5904119, 50.6756045 ], [ -3.5909116, 50.6736164 ], [ -3.5876979, 50.6707784 ], [ -3.5876493, 50.6693382 ], [ -3.5912711, 50.6674876 ], [ -3.5945383, 50.6679293 ], [ -3.5946277, 50.6672382 ], [ -3.5939511, 50.666483 ], [ -3.5931222, 50.6645698 ], [ -3.5923007, 50.6637087 ], [ -3.5921036, 50.6629019 ], [ -3.591551, 50.6624598 ], [ -3.5915148, 50.6622265 ], [ -3.590967, 50.6619282 ], [ -3.5900051, 50.6602595 ], [ -3.5896572, 50.6600125 ], [ -3.5898341, 50.6597568 ], [ -3.5802044, 50.6586325 ], [ -3.5747268, 50.6558249 ], [ -3.5723169, 50.6515347 ], [ -3.5714132, 50.6499258 ], [ -3.5661743, 50.6481856 ], [ -3.5637676, 50.6500287 ], [ -3.5620208, 50.6486112 ], [ -3.5619551, 50.6466309 ], [ -3.5602383, 50.6461135 ], [ -3.5560445, 50.6477906 ], [ -3.5534486, 50.6463844 ], [ -3.546647, 50.6462948 ], [ -3.5429247, 50.6450833 ], [ -3.5394151, 50.6417076 ], [ -3.5370326, 50.6381368 ], [ -3.5338129, 50.6349372 ], [ -3.5345508, 50.6315053 ], [ -3.5360867, 50.6259146 ], [ -3.5309317, 50.6247086 ], [ -3.5272115, 50.6234966 ], [ -3.5200606, 50.6212486 ], [ -3.5200079, 50.6211747 ], [ -3.5195044, 50.6213146 ], [ -3.517795, 50.6226679 ], [ -3.5155917, 50.6227326 ], [ -3.5146492, 50.6233204 ], [ -3.5140516, 50.6232023 ], [ -3.5134604, 50.6232819 ], [ -3.5105334, 50.6250287 ], [ -3.5100583, 50.6256464 ], [ -3.5088845, 50.6260753 ], [ -3.5088117, 50.626454 ], [ -3.509129, 50.6266477 ], [ -3.5090872, 50.6271069 ], [ -3.5092936, 50.6273741 ], [ -3.5087816, 50.6281631 ], [ -3.5068732, 50.6295009 ], [ -3.5060446, 50.6310045 ], [ -3.5026036, 50.6330634 ], [ -3.5019563, 50.6358238 ], [ -3.5003168, 50.6362946 ], [ -3.4992606, 50.6364341 ], [ -3.4987337, 50.6367646 ], [ -3.4941466, 50.6374891 ], [ -3.4934493, 50.6395845 ], [ -3.4931474, 50.6398761 ], [ -3.4922212, 50.6401038 ], [ -3.4914133, 50.6404919 ], [ -3.4910588, 50.6409101 ], [ -3.4898572, 50.6413752 ], [ -3.4885589, 50.6414637 ], [ -3.4877621, 50.641312 ], [ -3.4875568, 50.6410808 ], [ -3.4871015, 50.6409967 ], [ -3.4860412, 50.6410102 ], [ -3.4850992, 50.6411841 ], [ -3.4834717, 50.6420502 ], [ -3.4816559, 50.6418755 ], [ -3.4802614, 50.6420551 ], [ -3.4791473, 50.6426089 ], [ -3.4788888, 50.6442849 ], [ -3.4770598, 50.6454952 ], [ -3.4758183, 50.6460506 ], [ -3.4750854, 50.6461318 ], [ -3.4744282, 50.6459243 ], [ -3.4736212, 50.6458985 ], [ -3.4728714, 50.6454404 ], [ -3.4723964, 50.6447269 ], [ -3.4716857, 50.6441603 ], [ -3.4703998, 50.6436279 ], [ -3.4697783, 50.6436538 ], [ -3.4684411, 50.6448847 ], [ -3.4670818, 50.6457472 ], [ -3.4667195, 50.646831 ], [ -3.4670096, 50.6470612 ], [ -3.468778, 50.6475245 ], [ -3.4692123, 50.6478428 ], [ -3.4695712, 50.6484678 ], [ -3.4708335, 50.6490275 ], [ -3.4711681, 50.6497787 ], [ -3.4716013, 50.650061 ], [ -3.4731177, 50.6501498 ], [ -3.4743958, 50.6507631 ], [ -3.4749036, 50.6516201 ], [ -3.4757724, 50.6522566 ], [ -3.4771474, 50.6523471 ], [ -3.4785948, 50.6529403 ], [ -3.4790478, 50.6529525 ], [ -3.4797351, 50.6532136 ], [ -3.4805349, 50.6543546 ], [ -3.4822284, 50.6546748 ], [ -3.4839972, 50.6546882 ], [ -3.4853876, 50.6552641 ], [ -3.4873364, 50.6555989 ], [ -3.4884779, 50.6554585 ], [ -3.4896935, 50.6558746 ], [ -3.4910762, 50.6566483 ], [ -3.4924226, 50.6571707 ], [ -3.4933611, 50.6573205 ], [ -3.4965414, 50.6572258 ], [ -3.4989454, 50.6585259 ], [ -3.5005446, 50.6585413 ], [ -3.5015285, 50.6587804 ], [ -3.5023365, 50.6592736 ], [ -3.5031811, 50.6591368 ], [ -3.5062441, 50.6597987 ], [ -3.5069498, 50.6601853 ], [ -3.5069362, 50.6606442 ], [ -3.5071544, 50.6608302 ], [ -3.5088702, 50.6618332 ], [ -3.509545, 50.6625799 ], [ -3.5100017, 50.6626999 ], [ -3.5107536, 50.6627621 ], [ -3.513433, 50.6620439 ], [ -3.5139699, 50.6620189 ], [ -3.5145529, 50.6616696 ], [ -3.5150032, 50.6615918 ], [ -3.5146026, 50.6623344 ], [ -3.5158265, 50.6625523 ], [ -3.5161452, 50.662782 ], [ -3.5171675, 50.6628946 ], [ -3.5169047, 50.6635186 ], [ -3.5171816, 50.6642075 ], [ -3.5176463, 50.6645791 ], [ -3.5191295, 50.6649375 ], [ -3.5199442, 50.6656284 ], [ -3.5212889, 50.6660785 ], [ -3.5231054, 50.667116 ], [ -3.5247784, 50.6676517 ], [ -3.5253811, 50.6683453 ], [ -3.5266588, 50.6684724 ], [ -3.5276989, 50.6691243 ], [ -3.528755, 50.6693983 ], [ -3.5301133, 50.6702618 ], [ -3.5305978, 50.6703633 ], [ -3.5307728, 50.6705229 ], [ -3.5308761, 50.6719605 ], [ -3.5311101, 50.6721912 ], [ -3.5317089, 50.6723273 ], [ -3.5320642, 50.6728082 ], [ -3.53264, 50.6731064 ], [ -3.5327346, 50.673402 ], [ -3.5331893, 50.673459 ], [ -3.5342911, 50.6742628 ], [ -3.5337968, 50.674728 ], [ -3.5337525, 50.6751063 ], [ -3.5340679, 50.6752281 ], [ -3.5344616, 50.6751509 ], [ -3.5356242, 50.6743442 ], [ -3.536216, 50.6742645 ], [ -3.540526, 50.6757904 ], [ -3.5427053, 50.6762112 ], [ -3.5452158, 50.6763758 ], [ -3.5455893, 50.6765417 ], [ -3.5460289, 50.6782896 ], [ -3.5449672, 50.6787174 ], [ -3.5446701, 50.679153 ], [ -3.5430342, 50.6801999 ], [ -3.5427112, 50.6807078 ], [ -3.5403878, 50.6806486 ], [ -3.5387608, 50.6802385 ], [ -3.5372575, 50.6801504 ], [ -3.5368814, 50.6799035 ], [ -3.5348116, 50.6798049 ], [ -3.5330066, 50.6791452 ], [ -3.5316189, 50.6791274 ], [ -3.5310128, 50.679639 ], [ -3.5310823, 50.6800338 ], [ -3.5308682, 50.6804144 ], [ -3.5292729, 50.6805432 ], [ -3.5285447, 50.6807866 ], [ -3.5274683, 50.6807648 ], [ -3.5263102, 50.6812836 ], [ -3.5234369, 50.6817259 ], [ -3.521638, 50.6803734 ], [ -3.5201432, 50.6796734 ], [ -3.5190928, 50.6795792 ], [ -3.5184173, 50.6792643 ], [ -3.5167464, 50.6796817 ], [ -3.5157565, 50.6788312 ], [ -3.5144266, 50.6788485 ], [ -3.5138, 50.6796121 ], [ -3.5131596, 50.6799442 ], [ -3.5128063, 50.6812798 ], [ -3.5134482, 50.6814333 ], [ -3.5144654, 50.6809345 ], [ -3.5149817, 50.6811436 ], [ -3.5151354, 50.6815193 ], [ -3.51468, 50.681885 ], [ -3.5148305, 50.6826025 ], [ -3.5156351, 50.6829698 ], [ -3.5157558, 50.683202 ], [ -3.5145638, 50.6839909 ], [ -3.5142751, 50.6846962 ], [ -3.5133641, 50.6854185 ], [ -3.513579, 50.6859373 ], [ -3.513488, 50.686631 ], [ -3.5131011, 50.6869238 ], [ -3.5128123, 50.687629 ], [ -3.5122861, 50.6879956 ], [ -3.5121827, 50.6883027 ], [ -3.5123131, 50.6905943 ], [ -3.5119616, 50.6919928 ], [ -3.5112225, 50.6923442 ], [ -3.5106117, 50.6922801 ], [ -3.5102362, 50.6920512 ], [ -3.5079759, 50.6922064 ], [ -3.506316, 50.6921019 ], [ -3.5057461, 50.6924331 ], [ -3.5039863, 50.6927436 ], [ -3.5030946, 50.6931957 ], [ -3.5028115, 50.6931994 ], [ -3.5016771, 50.6927014 ], [ -3.5014281, 50.6928845 ], [ -3.5015851, 50.6933681 ], [ -3.5006788, 50.6933618 ], [ -3.4999895, 50.6939462 ], [ -3.4993973, 50.6940258 ], [ -3.4974189, 50.6928102 ], [ -3.4971953, 50.6929026 ], [ -3.4970253, 50.6937537 ], [ -3.4971754, 50.6938111 ], [ -3.4982603, 50.6942266 ], [ -3.4989699, 50.6947508 ], [ -3.4995041, 50.6947079 ], [ -3.5009699, 50.6949409 ], [ -3.5028129, 50.6954567 ], [ -3.5034772, 50.6958618 ], [ -3.5047267, 50.6959716 ], [ -3.5051683, 50.6964965 ], [ -3.5053034, 50.6971783 ], [ -3.5052589, 50.6975565 ], [ -3.5050052, 50.6975958 ], [ -3.5047068, 50.6980043 ], [ -3.5054578, 50.6984623 ], [ -3.5076552, 50.6985418 ], [ -3.5086093, 50.6987093 ], [ -3.5110814, 50.6998464 ], [ -3.5125876, 50.7008881 ], [ -3.5135311, 50.7011636 ], [ -3.5140095, 50.7019488 ], [ -3.5165768, 50.7033904 ], [ -3.518084, 50.7057719 ], [ -3.5172526, 50.7060526 ], [ -3.5178703, 50.7066883 ], [ -3.517859, 50.7069776 ], [ -3.5182959, 50.7075045 ], [ -3.5173795, 50.7064611 ], [ -3.5169619, 50.7081717 ], [ -3.5167855, 50.7081913 ], [ -3.516106, 50.7078111 ], [ -3.5167159, 50.7073078 ], [ -3.5168561, 50.706484 ], [ -3.516085, 50.7048338 ], [ -3.5154365, 50.7041489 ], [ -3.513227, 50.7033115 ], [ -3.5133334, 50.7035267 ], [ -3.512566, 50.7030576 ], [ -3.5100209, 50.7007396 ], [ -3.5090116, 50.700148 ], [ -3.5074306, 50.6997742 ], [ -3.5032471, 50.6998225 ], [ -3.5025322, 50.6999358 ], [ -3.5026413, 50.7001882 ], [ -3.50227, 50.7000004 ], [ -3.5031796, 50.7012534 ], [ -3.5040872, 50.7012158 ], [ -3.5048998, 50.7007326 ], [ -3.5053912, 50.70091 ], [ -3.5059702, 50.7007909 ], [ -3.5069025, 50.7011131 ], [ -3.5059448, 50.7008558 ], [ -3.5053928, 50.7009539 ], [ -3.5048678, 50.7008039 ], [ -3.5041737, 50.7012411 ], [ -3.5033852, 50.7014016 ], [ -3.5034417, 50.7016087 ], [ -3.5045952, 50.7024613 ], [ -3.5044926, 50.7026581 ], [ -3.5038714, 50.7020052 ], [ -3.5036925, 50.7020578 ], [ -3.5017088, 50.6999576 ], [ -3.5007859, 50.7002673 ], [ -3.5004923, 50.7008286 ], [ -3.4998261, 50.7012509 ], [ -3.4995173, 50.7022261 ], [ -3.4990169, 50.7025204 ], [ -3.4988637, 50.703044 ], [ -3.498545, 50.7032639 ], [ -3.4990111, 50.7036716 ], [ -3.4985459, 50.7041812 ], [ -3.4991337, 50.7044075 ], [ -3.499054, 50.7045704 ], [ -3.4960085, 50.7058866 ], [ -3.4952947, 50.7065972 ], [ -3.4943469, 50.707077 ], [ -3.4937912, 50.7083072 ], [ -3.4928353, 50.7085353 ], [ -3.4919487, 50.7091582 ], [ -3.4907747, 50.7092092 ], [ -3.4901595, 50.7094599 ], [ -3.4894516, 50.7094689 ], [ -3.4889931, 50.7088542 ], [ -3.4884454, 50.7085555 ], [ -3.4880205, 50.7076616 ], [ -3.4881187, 50.7071837 ], [ -3.4887468, 50.7064472 ], [ -3.4887303, 50.7059258 ], [ -3.4885774, 50.705568 ], [ -3.4876566, 50.7051121 ], [ -3.486951, 50.7051931 ], [ -3.485946, 50.7056556 ], [ -3.4854319, 50.7064175 ], [ -3.484057, 50.7068308 ], [ -3.4802125, 50.7075272 ], [ -3.4794616, 50.7079684 ], [ -3.477052, 50.7088083 ], [ -3.4762456, 50.7088365 ], [ -3.4761966, 50.7081807 ], [ -3.4757303, 50.7077639 ], [ -3.4739743, 50.7077681 ], [ -3.4735626, 50.7072877 ], [ -3.4738838, 50.7066901 ], [ -3.4738319, 50.705036 ], [ -3.4736146, 50.7044272 ], [ -3.4737553, 50.7025908 ], [ -3.473552, 50.7024314 ], [ -3.4733869, 50.7007788 ], [ -3.4729244, 50.7004788 ], [ -3.4727352, 50.6989614 ], [ -3.4729767, 50.6985356 ], [ -3.4741709, 50.6977831 ], [ -3.474274, 50.697458 ], [ -3.4745279, 50.6974278 ], [ -3.4745436, 50.6970229 ], [ -3.4737968, 50.6966906 ], [ -3.4741179, 50.696093 ], [ -3.4740948, 50.6953559 ], [ -3.4738497, 50.6952151 ], [ -3.4731641, 50.6954755 ], [ -3.471912, 50.6970922 ], [ -3.4706788, 50.6975034 ], [ -3.4694751, 50.6952343 ], [ -3.4684861, 50.6953008 ], [ -3.4681133, 50.6951526 ], [ -3.4672806, 50.693877 ], [ -3.4666368, 50.694119 ], [ -3.466268, 50.6940966 ], [ -3.4660499, 50.6934608 ], [ -3.466375, 50.6929891 ], [ -3.4661679, 50.6927039 ], [ -3.4668851, 50.6920923 ], [ -3.466426, 50.6909919 ], [ -3.4666628, 50.6904134 ], [ -3.4662993, 50.6905619 ], [ -3.4656183, 50.6905165 ], [ -3.4658602, 50.6900997 ], [ -3.4656483, 50.6896617 ], [ -3.4652171, 50.6894513 ], [ -3.4652683, 50.6892798 ], [ -3.4635295, 50.6889059 ], [ -3.4630774, 50.6884799 ], [ -3.4632349, 50.6880823 ], [ -3.4628327, 50.6874398 ], [ -3.4619225, 50.6873073 ], [ -3.461748, 50.6871566 ], [ -3.4620789, 50.6868737 ], [ -3.4617253, 50.6864284 ], [ -3.4617716, 50.6860951 ], [ -3.461249, 50.685679 ], [ -3.4608305, 50.6849648 ], [ -3.4607504, 50.6842103 ], [ -3.4599984, 50.6836981 ], [ -3.4599612, 50.6834108 ], [ -3.4605443, 50.6830438 ], [ -3.459592, 50.6824622 ], [ -3.4593389, 50.6820606 ], [ -3.4595034, 50.6818877 ], [ -3.4591682, 50.6815771 ], [ -3.4592128, 50.6811899 ], [ -3.4580781, 50.6811141 ], [ -3.4567661, 50.6812565 ], [ -3.455049, 50.681116 ], [ -3.4538721, 50.6805911 ], [ -3.4532457, 50.6800414 ], [ -3.4532235, 50.6802572 ], [ -3.4534541, 50.6808936 ], [ -3.4555784, 50.6816568 ], [ -3.4562427, 50.6820856 ], [ -3.4567437, 50.6820692 ], [ -3.4577487, 50.6837407 ], [ -3.4587976, 50.6843252 ], [ -3.4594577, 50.6849421 ], [ -3.4587022, 50.6849243 ], [ -3.4582117, 50.6844358 ], [ -3.4573309, 50.6840059 ], [ -3.4567383, 50.6831725 ], [ -3.456684, 50.6829328 ], [ -3.4558804, 50.6833256 ], [ -3.4553853, 50.6834318 ], [ -3.4553552, 50.6835019 ], [ -3.4548308, 50.6838746 ], [ -3.4538335, 50.6840205 ], [ -3.451943, 50.6837621 ], [ -3.4503946, 50.6842494 ], [ -3.4501504, 50.6844138 ], [ -3.4502741, 50.684612 ], [ -3.4500341, 50.6845108 ], [ -3.4500847, 50.6843081 ], [ -3.4517, 50.6835365 ], [ -3.4507256, 50.6820512 ], [ -3.4511936, 50.679735 ], [ -3.4501469, 50.6795943 ], [ -3.4480282, 50.6801962 ], [ -3.4474722, 50.6801611 ], [ -3.4474144, 50.6803504 ], [ -3.4429247, 50.681847 ], [ -3.4436425, 50.6890279 ], [ -3.4445615, 50.6982168 ], [ -3.4398857, 50.7029576 ], [ -3.4408411, 50.7063679 ], [ -3.4372205, 50.709792 ], [ -3.4369818, 50.7100177 ], [ -3.4385374, 50.7145013 ], [ -3.4379922, 50.7152285 ], [ -3.4345893, 50.7152704 ], [ -3.4347267, 50.7197715 ], [ -3.4325225, 50.721226 ], [ -3.4316674, 50.7217903 ], [ -3.4348477, 50.7237324 ], [ -3.4360483, 50.7258789 ], [ -3.4335395, 50.7273507 ], [ -3.4309866, 50.7273821 ], [ -3.4252533, 50.7254711 ], [ -3.4235624, 50.725852 ], [ -3.4171525, 50.7297124 ], [ -3.4170467, 50.7299088 ], [ -3.4160776, 50.7317067 ], [ -3.4156893, 50.737655 ], [ -3.4174569, 50.7397948 ], [ -3.4175276, 50.7421354 ], [ -3.4152444, 50.7437664 ], [ -3.4141932, 50.7445173 ], [ -3.4139582, 50.7461411 ], [ -3.4157043, 50.7475608 ], [ -3.4161348, 50.7524185 ], [ -3.4218874, 50.75487 ], [ -3.4253917, 50.7580692 ], [ -3.426653, 50.7621963 ], [ -3.4247863, 50.7661815 ], [ -3.4271615, 50.7695745 ], [ -3.4271168, 50.7696159 ], [ -3.424399, 50.7721298 ], [ -3.417093, 50.7747404 ], [ -3.4174096, 50.7758172 ], [ -3.4247978, 50.7759072 ], [ -3.4262559, 50.7771502 ], [ -3.4296689, 50.7772885 ], [ -3.4314166, 50.7787079 ], [ -3.4339833, 50.7790366 ], [ -3.4355378, 50.7815041 ], [ -3.43652, 50.7876505 ], [ -3.4352212, 50.7916289 ], [ -3.4329764, 50.7925571 ], [ -3.4301224, 50.792652 ], [ -3.4218941, 50.7929252 ], [ -3.3986273, 50.7936945 ], [ -3.38906, 50.7968707 ], [ -3.3839518, 50.7971115 ], [ -3.380264, 50.7973354 ], [ -3.3788807, 50.7986125 ], [ -3.3789655, 50.8014932 ], [ -3.3810073, 50.8032701 ], [ -3.3841327, 50.803233 ], [ -3.3948381, 50.8000437 ], [ -3.3974004, 50.8001931 ], [ -3.3974971, 50.8034339 ], [ -3.3952616, 50.8047214 ], [ -3.3930529, 50.8069091 ], [ -3.3953421, 50.807422 ], [ -3.396736, 50.8065048 ], [ -3.4012391, 50.8050099 ], [ -3.4086427, 50.8054611 ], [ -3.4110262, 50.803892 ], [ -3.4114298, 50.8036263 ], [ -3.4173527, 50.8021136 ], [ -3.4238927, 50.8022141 ], [ -3.4334753, 50.7995752 ], [ -3.4360652, 50.8006239 ], [ -3.4385144, 50.8037035 ], [ -3.4246516, 50.8139133 ], [ -3.4197128, 50.8154574 ], [ -3.4183182, 50.8158933 ], [ -3.4081002, 50.8181307 ], [ -3.3913977, 50.818064 ], [ -3.3975353, 50.8142398 ], [ -3.3972028, 50.8126229 ], [ -3.39178, 50.8123377 ], [ -3.3832515, 50.8118886 ], [ -3.381804, 50.8110052 ], [ -3.373542, 50.8103824 ], [ -3.3747567, 50.8033439 ], [ -3.3717678, 50.7983361 ], [ -3.3739349, 50.7947085 ], [ -3.3826507, 50.7915436 ], [ -3.3831497, 50.7891963 ], [ -3.3799352, 50.7861726 ], [ -3.3798981, 50.7849123 ], [ -3.387481, 50.7819406 ], [ -3.390418, 50.7756018 ], [ -3.3855145, 50.7767229 ], [ -3.3807462, 50.780651 ], [ -3.3752087, 50.7861366 ], [ -3.3725038, 50.7910725 ], [ -3.3645745, 50.7983925 ], [ -3.3667377, 50.8027549 ], [ -3.3657272, 50.8099937 ], [ -3.368713, 50.8146045 ], [ -3.3733183, 50.8193266 ], [ -3.3754326, 50.8214943 ], [ -3.3772439, 50.8276674 ], [ -3.3745444, 50.8328613 ], [ -3.3775021, 50.8364399 ], [ -3.3836357, 50.8371416 ], [ -3.3851168, 50.8382293 ], [ -3.3857507, 50.8386948 ], [ -3.3862464, 50.8382701 ], [ -3.388335, 50.8364804 ], [ -3.3912838, 50.8339534 ], [ -3.3969867, 50.8338852 ], [ -3.3911584, 50.8388105 ] ], [ [ -3.7110292, 50.8120432 ], [ -3.7066688, 50.8094054 ], [ -3.6964472, 50.8097347 ], [ -3.6921857, 50.8087258 ], [ -3.6957811, 50.8070427 ], [ -3.706531, 50.8056251 ], [ -3.709418, 50.8068436 ], [ -3.7136795, 50.8067811 ], [ -3.7157275, 50.808372 ], [ -3.7149477, 50.8103647 ], [ -3.7110292, 50.8120432 ] ], [ [ -3.4561062, 50.8107897 ], [ -3.4536504, 50.8122613 ], [ -3.4506148, 50.8097053 ], [ -3.4505657, 50.8081208 ], [ -3.4442818, 50.8034435 ], [ -3.4519782, 50.8023392 ], [ -3.4583106, 50.8012515 ], [ -3.4610424, 50.8013614 ], [ -3.4635694, 50.8021943 ], [ -3.4661145, 50.8036034 ], [ -3.4684009, 50.8040069 ], [ -3.4744923, 50.8024891 ], [ -3.4744243, 50.8003284 ], [ -3.4761925, 50.7987209 ], [ -3.4805104, 50.7986662 ], [ -3.4834374, 50.7977644 ], [ -3.4811238, 50.7964969 ], [ -3.4772379, 50.7958257 ], [ -3.4785377, 50.7937918 ], [ -3.484214, 50.7935756 ], [ -3.4878315, 50.7929531 ], [ -3.4895714, 50.7904812 ], [ -3.4901844, 50.7883118 ], [ -3.4870949, 50.7912333 ], [ -3.4834685, 50.7915677 ], [ -3.4787058, 50.7919164 ], [ -3.4725526, 50.7914178 ], [ -3.4703256, 50.7928869 ], [ -3.4673716, 50.7929241 ], [ -3.4622981, 50.7978873 ], [ -3.4598342, 50.7990709 ], [ -3.4575526, 50.7988113 ], [ -3.4558946, 50.7966705 ], [ -3.4528733, 50.7945467 ], [ -3.4520096, 50.7937226 ], [ -3.4512335, 50.792982 ], [ -3.4454047, 50.7928393 ], [ -3.4469798, 50.7898601 ], [ -3.4372042, 50.7876799 ], [ -3.4421363, 50.7854575 ], [ -3.4470991, 50.7842432 ], [ -3.4548013, 50.7834269 ], [ -3.4618261, 50.7827626 ], [ -3.4672671, 50.78231 ], [ -3.4679465, 50.7822534 ], [ -3.4706275, 50.7807787 ], [ -3.4744532, 50.7795775 ], [ -3.4773973, 50.7792521 ], [ -3.4794145, 50.7783619 ], [ -3.4821313, 50.7780392 ], [ -3.4839029, 50.7765756 ], [ -3.4861758, 50.7743166 ], [ -3.4865465, 50.7739481 ], [ -3.4889947, 50.7723318 ], [ -3.4910297, 50.7720176 ], [ -3.4930739, 50.7719914 ], [ -3.4949139, 50.7726884 ], [ -3.4962803, 50.7751227 ], [ -3.4963594, 50.7752636 ], [ -3.4986907, 50.777107 ], [ -3.4935236, 50.7861076 ], [ -3.4960895, 50.7856658 ], [ -3.4971404, 50.7854848 ], [ -3.5009334, 50.7832745 ], [ -3.5033493, 50.7806496 ], [ -3.50341, 50.7793492 ], [ -3.503484, 50.7777658 ], [ -3.500448, 50.7752111 ], [ -3.4990529, 50.7742203 ], [ -3.5000999, 50.7727565 ], [ -3.5014453, 50.7708752 ], [ -3.5020593, 50.7710873 ], [ -3.5078788, 50.7730978 ], [ -3.5079286, 50.773146 ], [ -3.5113973, 50.7765107 ], [ -3.5131082, 50.7802351 ], [ -3.5132152, 50.7835481 ], [ -3.5115231, 50.7874608 ], [ -3.5068492, 50.7905474 ], [ -3.5098262, 50.7912294 ], [ -3.5139301, 50.7916085 ], [ -3.5191702, 50.7919726 ], [ -3.5208496, 50.7946887 ], [ -3.5244994, 50.7950733 ], [ -3.5272075, 50.7944615 ], [ -3.5360052, 50.7940977 ], [ -3.5374235, 50.794039 ], [ -3.5381744, 50.7963152 ], [ -3.5389383, 50.7986303 ], [ -3.5344027, 50.7989783 ], [ -3.5269127, 50.7993648 ], [ -3.5239958, 50.8005557 ], [ -3.5201557, 50.8013264 ], [ -3.5167233, 50.8006506 ], [ -3.5110092, 50.799716 ], [ -3.499405, 50.7994335 ], [ -3.49556, 50.8000593 ], [ -3.4930753, 50.8011323 ], [ -3.4904016, 50.8022868 ], [ -3.4850064, 50.804229 ], [ -3.4811744, 50.8052864 ], [ -3.4796244, 50.806603 ], [ -3.4794426, 50.8080463 ], [ -3.4737826, 50.8088384 ], [ -3.4686042, 50.8104889 ], [ -3.4651944, 50.8105317 ], [ -3.4628988, 50.8098401 ], [ -3.4608484, 50.8097217 ], [ -3.4585977, 50.8104703 ], [ -3.4561062, 50.8107897 ] ], [ [ -3.4449915, 50.7767394 ], [ -3.4416892, 50.7802023 ], [ -3.4378096, 50.7814761 ], [ -3.4365666, 50.7799053 ], [ -3.441206, 50.7737244 ], [ -3.4445744, 50.7724219 ], [ -3.4512381, 50.7674762 ], [ -3.4566266, 50.7672289 ], [ -3.4577733, 50.7675748 ], [ -3.4569664, 50.7690258 ], [ -3.4449915, 50.7767394 ] ], [ [ -3.5335022, 50.8061952 ], [ -3.5382753, 50.8061323 ], [ -3.5423475, 50.8055021 ], [ -3.5464291, 50.8051599 ], [ -3.5484794, 50.8052768 ], [ -3.5514723, 50.8063898 ], [ -3.5566999, 50.8063201 ], [ -3.5549295, 50.8077848 ], [ -3.5494839, 50.8081455 ], [ -3.5465528, 50.8089049 ], [ -3.5412869, 50.8078218 ], [ -3.5319725, 50.8080886 ], [ -3.5335022, 50.8061952 ] ] ] ] } },
{ "type": "Feature", "properties": { "LEX": "TRIA", "LEX_D": "TRIASSIC ROCKS (UNDIFFERENTIATED)", "LEX_RCS": "TRIA-MDSS", "RCS": "MDSS", "RCS_X": "MDST + SDST + SLST", "RCS_D": "MUDSTONE, SILTSTONE AND SANDSTONE", "RANK": "NOT APPLICABLE", "BED_EQ": null, "BED_EQ_D": null, "MB_EQ": null, "MB_EQ_D": null, "FM_EQ": null, "FM_EQ_D": null, "SUBGP_EQ": null, "SUBGP_EQ_D": null, "GP_EQ": null, "GP_EQ_D": null, "SUPGP_EQ": null, "SUPGP_EQ_D": null, "MAX_TIME_D": "TRIASSIC", "MIN_TIME_D": "TRIASSIC", "MAX_TIME_Y": 248200000, "MIN_TIME_Y": 205700000, "MAX_INDEX": 1239999, "MIN_INDEX": 1239999, "MAX_AGE": null, "MIN_AGE": null, "MAX_EPOCH": null, "MIN_EPOCH": null, "MAX_SUBPER": null, "MIN_SUBPER": null, "MAX_PERIOD": "TRIASSIC", "MIN_PERIOD": "TRIASSIC", "MAX_ERA": "MESOZOIC", "MIN_ERA": "MESOZOIC", "MAX_EON": "PHANEROZOIC", "MIN_EON": "PHANEROZOIC", "PREV_NAME": null, "BGSTYPE": "625k_BEDROCK", "LEX_RCS_I": "1239999_TRIA-MDSS", "LEX_RCS_D": "TRIASSIC ROCKS (UNDIFFERENTIATED) - MUDSTONE, SILTSTONE AND SANDSTONE", "MAP_CODE": "T2", "AGE_ONEGL": "TRIASSIC", "BGSREF": 505, "BGSREF_LEX": 404, "BGSREF_FM": 404, "BGSREF_GP": 404, "BGSREF_RK": 633, "SHEET": "625k_V5_Bedrock", "VERSION": "5.17", "RELEASED": "11- 2-2008", "NOM_SCALE": "625000", "NOM_OS_YR": "2005 HC", "NOM_BGS_YR": "2007", "MSLINK": 17486 }, "geometry": { "type": "MultiPolygon", "coordinates": [ [ [ [ -3.2283255, 50.9310501 ], [ -3.2314267, 50.9405627 ], [ -3.2388121, 50.9395841 ], [ -3.2413385, 50.9381165 ], [ -3.2418172, 50.9346894 ], [ -3.2465216, 50.9294164 ], [ -3.2504861, 50.9284735 ], [ -3.25801, 50.9327151 ], [ -3.2602602, 50.9316102 ], [ -3.2657923, 50.9254269 ], [ -3.2674869, 50.9248682 ], [ -3.268646, 50.925576 ], [ -3.2684846, 50.9276399 ], [ -3.2684346, 50.9282798 ], [ -3.266296, 50.931618 ], [ -3.2663583, 50.9316875 ], [ -3.2670988, 50.9318143 ], [ -3.2675945, 50.9321417 ], [ -3.2725605, 50.9321236 ], [ -3.2733258, 50.9325289 ], [ -3.2751336, 50.9330668 ], [ -3.2771025, 50.9342862 ], [ -3.2784188, 50.9345416 ], [ -3.2802997, 50.9346289 ], [ -3.2825013, 50.9360256 ], [ -3.2837687, 50.9365692 ], [ -3.2842763, 50.937427 ], [ -3.2848728, 50.9373844 ], [ -3.2850755, 50.9375081 ], [ -3.2851713, 50.9378847 ], [ -3.2848635, 50.938077 ], [ -3.2850953, 50.9382273 ], [ -3.2863994, 50.9383119 ], [ -3.2869013, 50.9381714 ], [ -3.2884203, 50.9381547 ], [ -3.2876418, 50.932392 ], [ -3.2898166, 50.9285858 ], [ -3.2889581, 50.9181494 ], [ -3.2866496, 50.9170942 ], [ -3.2816312, 50.9172716 ], [ -3.2792491, 50.9173557 ], [ -3.2760815, 50.9161296 ], [ -3.2794302, 50.9135716 ], [ -3.2862258, 50.9120561 ], [ -3.2904977, 50.9120089 ], [ -3.2927212, 50.9100032 ], [ -3.2904605, 50.9066036 ], [ -3.2903433, 50.9064274 ], [ -3.2902587, 50.9033666 ], [ -3.2848139, 50.902166 ], [ -3.2848089, 50.9019859 ], [ -3.2864826, 50.9007068 ], [ -3.2899043, 50.9008491 ], [ -3.290409, 50.8985022 ], [ -3.2889308, 50.8965374 ], [ -3.2851801, 50.8947777 ], [ -3.2848508, 50.8931604 ], [ -3.2862395, 50.8918844 ], [ -3.289121, 50.8931133 ], [ -3.2903851, 50.8873361 ], [ -3.2937709, 50.886218 ], [ -3.2942853, 50.8842311 ], [ -3.2999276, 50.8823674 ], [ -3.3021921, 50.8800502 ], [ -3.3024188, 50.8798181 ], [ -3.3020941, 50.8783809 ], [ -3.2962824, 50.8741232 ], [ -3.2950493, 50.8707149 ], [ -3.2901475, 50.8684278 ], [ -3.2941461, 50.8586579 ], [ -3.2935074, 50.8561436 ], [ -3.2950352, 50.8547819 ], [ -3.2973948, 50.8526784 ], [ -3.2970704, 50.8512412 ], [ -3.2936225, 50.8500188 ], [ -3.2912576, 50.8468031 ], [ -3.2928694, 50.8433632 ], [ -3.2928275, 50.8432761 ], [ -3.2921797, 50.8435801 ], [ -3.284898, 50.8484088 ], [ -3.2838638, 50.848877 ], [ -3.2871404, 50.8522517 ], [ -3.2872844, 50.8534188 ], [ -3.2878729, 50.858187 ], [ -3.2834895, 50.8643589 ], [ -3.2852013, 50.8747232 ], [ -3.2855384, 50.8767635 ], [ -3.2844199, 50.8774962 ], [ -3.279577, 50.8773693 ], [ -3.2781294, 50.8764846 ], [ -3.2774913, 50.8739702 ], [ -3.2756168, 50.8678672 ], [ -3.2638322, 50.8741189 ], [ -3.2593714, 50.8775891 ], [ -3.2505781, 50.8787643 ], [ -3.249469, 50.8692307 ], [ -3.2532159, 50.8603655 ], [ -3.2528735, 50.8582079 ], [ -3.2503229, 50.8585955 ], [ -3.2491899, 50.8587877 ], [ -3.246668, 50.8602555 ], [ -3.2439286, 50.864247 ], [ -3.2387998, 50.8747476 ], [ -3.2395553, 50.8817636 ], [ -3.2422174, 50.8855174 ], [ -3.248016, 50.8894178 ], [ -3.2713479, 50.8992517 ], [ -3.2734147, 50.9019307 ], [ -3.2709184, 50.9030642 ], [ -3.2697572, 50.9035915 ], [ -3.2600758, 50.9036964 ], [ -3.2518858, 50.9063059 ], [ -3.2439028, 50.9060311 ], [ -3.2438596, 50.9044106 ], [ -3.2475181, 50.9027507 ], [ -3.2474892, 50.9016704 ], [ -3.2434933, 50.9013528 ], [ -3.2392462, 50.9022985 ], [ -3.2337457, 50.8989348 ], [ -3.2320421, 50.8991329 ], [ -3.2261954, 50.9042374 ], [ -3.223941, 50.9051615 ], [ -3.222157, 50.9050395 ], [ -3.2216582, 50.9050053 ], [ -3.221505, 50.9039702 ], [ -3.2214651, 50.9037011 ], [ -3.2213122, 50.9026676 ], [ -3.2235146, 50.899763 ], [ -3.2239707, 50.8954357 ], [ -3.2292236, 50.8894371 ], [ -3.2295226, 50.8791682 ], [ -3.228076, 50.8782829 ], [ -3.2252489, 50.879033 ], [ -3.2244895, 50.882643 ], [ -3.2239391, 50.8833692 ], [ -3.2219232, 50.8824898 ], [ -3.2189924, 50.8792786 ], [ -3.2100391, 50.874329 ], [ -3.2070305, 50.8680565 ], [ -3.203313, 50.8673745 ], [ -3.2022027, 50.8684666 ], [ -3.2023602, 50.8745884 ], [ -3.1993177, 50.8780417 ], [ -3.2004839, 50.8791103 ], [ -3.2064931, 50.880309 ], [ -3.2102444, 50.8822513 ], [ -3.2097123, 50.8946839 ], [ -3.2106552, 50.898096 ], [ -3.2086761, 50.8986568 ], [ -3.2039866, 50.8987053 ], [ -3.2038359, 50.8987069 ], [ -3.2004053, 50.8982019 ], [ -3.1926166, 50.8943195 ], [ -3.1855724, 50.8972729 ], [ -3.1775413, 50.8950129 ], [ -3.1764569, 50.8971851 ], [ -3.1747668, 50.8979225 ], [ -3.1622301, 50.8976878 ], [ -3.1547739, 50.8956006 ], [ -3.1533726, 50.896515 ], [ -3.1531412, 50.8986785 ], [ -3.15517, 50.9000992 ], [ -3.1820581, 50.9046927 ], [ -3.1937654, 50.9058343 ], [ -3.2049364, 50.9082409 ], [ -3.2071834, 50.9092705 ], [ -3.2072426, 50.9092977 ], [ -3.2078728, 50.9116325 ], [ -3.2064324, 50.9123057 ], [ -3.203932, 50.9134742 ], [ -3.1914324, 50.9148632 ], [ -3.1845921, 50.9147527 ], [ -3.1734206, 50.9123441 ], [ -3.1603283, 50.9128352 ], [ -3.1560829, 50.9139579 ], [ -3.1592696, 50.9160875 ], [ -3.1701565, 50.9185003 ], [ -3.172476, 50.9200979 ], [ -3.1693787, 50.9215698 ], [ -3.1594308, 50.9225695 ], [ -3.1566044, 50.9234981 ], [ -3.1540984, 50.9258642 ], [ -3.1472831, 50.9268319 ], [ -3.1465701, 50.9326021 ], [ -3.1429719, 50.9369597 ], [ -3.1401619, 50.9386081 ], [ -3.1433143, 50.9392977 ], [ -3.1484039, 50.9376268 ], [ -3.1564803, 50.9299829 ], [ -3.1664298, 50.9289834 ], [ -3.1698668, 50.9296694 ], [ -3.1683243, 50.9363486 ], [ -3.1700747, 50.937952 ], [ -3.17178, 50.9377547 ], [ -3.1754118, 50.9348366 ], [ -3.179775, 50.9270483 ], [ -3.1834284, 50.9250302 ], [ -3.1863185, 50.9266218 ], [ -3.1878714, 50.9316488 ], [ -3.189319, 50.9325346 ], [ -3.1927243, 50.9319595 ], [ -3.1935653, 50.9314106 ], [ -3.1954997, 50.9290495 ], [ -3.1962297, 50.9241793 ], [ -3.2056167, 50.9235425 ], [ -3.2056865, 50.9262433 ], [ -3.2022058, 50.934924 ], [ -3.2045551, 50.9376013 ], [ -3.2084745, 50.9348593 ], [ -3.2127908, 50.9364354 ], [ -3.216182, 50.9353195 ], [ -3.2215884, 50.9240968 ], [ -3.2234498, 50.9228807 ], [ -3.2238296, 50.9226325 ], [ -3.2261133, 50.9227887 ], [ -3.2278604, 50.9242111 ], [ -3.2283255, 50.9310501 ] ] ], [ [ [ -3.2467394, 50.9424671 ], [ -3.2479159, 50.9423357 ], [ -3.2480927, 50.942233 ], [ -3.2474334, 50.9421938 ], [ -3.2467394, 50.9424671 ] ] ], [ [ [ -3.2433006, 50.943821 ], [ -3.2436897, 50.9439815 ], [ -3.2441649, 50.9436527 ], [ -3.2447587, 50.9435025 ], [ -3.2454022, 50.9429936 ], [ -3.2433006, 50.943821 ] ] ], [ [ [ -3.213879, 50.9440389 ], [ -3.2142878, 50.944219 ], [ -3.2155847, 50.9442775 ], [ -3.2170088, 50.9437591 ], [ -3.2180628, 50.943784 ], [ -3.2184665, 50.9434852 ], [ -3.2149685, 50.9434367 ], [ -3.213879, 50.9440389 ] ] ], [ [ [ -3.2344734, 50.9446946 ], [ -3.2352901, 50.9444663 ], [ -3.2383109, 50.9441058 ], [ -3.2363621, 50.9439325 ], [ -3.2344734, 50.9446946 ] ] ], [ [ [ -3.1233096, 50.9468924 ], [ -3.1241713, 50.9469062 ], [ -3.1228922, 50.9466196 ], [ -3.1233096, 50.9468924 ] ] ], [ [ [ -3.1450607, 50.948048 ], [ -3.1453346, 50.9480243 ], [ -3.1440949, 50.9479763 ], [ -3.1450607, 50.948048 ] ] ], [ [ [ -3.2039607, 50.947693 ], [ -3.2000193, 50.947977 ], [ -3.2001536, 50.9481062 ], [ -3.2027797, 50.9483669 ], [ -3.2041982, 50.9481724 ], [ -3.2045244, 50.9475755 ], [ -3.205627, 50.9472764 ], [ -3.205829, 50.9471248 ], [ -3.2039607, 50.947693 ] ] ], [ [ [ -3.2284402, 50.9481267 ], [ -3.229541, 50.9477644 ], [ -3.2296762, 50.9474932 ], [ -3.2309115, 50.9473723 ], [ -3.231863, 50.9467507 ], [ -3.2333592, 50.9462673 ], [ -3.2341681, 50.9456383 ], [ -3.2339375, 50.9449923 ], [ -3.2342096, 50.944801 ], [ -3.2290282, 50.9468915 ], [ -3.224917, 50.9448178 ], [ -3.2223831, 50.9435394 ], [ -3.2200744, 50.9435075 ], [ -3.220334, 50.9435445 ], [ -3.2215524, 50.944413 ], [ -3.2229047, 50.9449564 ], [ -3.2233117, 50.9452759 ], [ -3.2240574, 50.9454839 ], [ -3.2245362, 50.9458296 ], [ -3.2248209, 50.9458266 ], [ -3.2251284, 50.9461561 ], [ -3.2265406, 50.9468068 ], [ -3.2284402, 50.9481267 ] ] ], [ [ [ -3.1912913, 50.9495641 ], [ -3.1915599, 50.9493992 ], [ -3.1916371, 50.9492083 ], [ -3.1912913, 50.9495641 ] ] ], [ [ [ -3.1636226, 50.9491414 ], [ -3.1648983, 50.9494884 ], [ -3.1670831, 50.9497544 ], [ -3.168619, 50.9502606 ], [ -3.1707056, 50.9505814 ], [ -3.1733951, 50.9505364 ], [ -3.1735903, 50.9504091 ], [ -3.159764, 50.94742 ], [ -3.15872, 50.947513 ], [ -3.1596307, 50.9477603 ], [ -3.1600928, 50.9480255 ], [ -3.160189, 50.9484562 ], [ -3.1604616, 50.9485434 ], [ -3.1618649, 50.9488712 ], [ -3.1630453, 50.9488234 ], [ -3.1636226, 50.9491414 ] ] ], [ [ [ -3.1889299, 50.9519938 ], [ -3.1890908, 50.9519423 ], [ -3.1891355, 50.9517823 ], [ -3.1889299, 50.9519938 ] ] ] ] } },
{ "type": "Feature", "properties": { "LEX": "LI", "LEX_D": "LIAS GROUP", "LEX_RCS": "LI-MSLS", "RCS": "MSLS", "RCS_X": "LMST + MDST + SDST + SLST", "RCS_D": "MUDSTONE, SILTSTONE, LIMESTONE AND SANDSTONE", "RANK": "GROUP", "BED_EQ": "NotAp", "BED_EQ_D": "Not Applicable", "MB_EQ": "NotAp", "MB_EQ_D": "Not Applicable", "FM_EQ": "NotAp", "FM_EQ_D": "Not Applicable", "SUBGP_EQ": "NotAp", "SUBGP_EQ_D": "Not Applicable", "GP_EQ": "LI", "GP_EQ_D": "LIAS GROUP", "SUPGP_EQ": "NoPar", "SUPGP_EQ_D": "No Parent", "MAX_TIME_D": "RHAETIAN", "MIN_TIME_D": "AALENIAN", "MAX_TIME_Y": 209600000, "MIN_TIME_Y": 176500000, "MAX_INDEX": 1230119, "MIN_INDEX": 1220249, "MAX_AGE": "RHAETIAN", "MIN_AGE": "AALENIAN", "MAX_EPOCH": "LATE TRIASSIC", "MIN_EPOCH": "MID JURASSIC", "MAX_SUBPER": null, "MIN_SUBPER": null, "MAX_PERIOD": "TRIASSIC", "MIN_PERIOD": "JURASSIC", "MAX_ERA": "MESOZOIC", "MIN_ERA": "MESOZOIC", "MAX_EON": "PHANEROZOIC", "MIN_EON": "PHANEROZOIC", "PREV_NAME": "LIAS    LIAS GROUP (FORMERLY LIAS)    LYAS", "BGSTYPE": "625k_BEDROCK", "LEX_RCS_I": "1230119_LI-MSLS", "LEX_RCS_D": "LIAS GROUP - MUDSTONE, SILTSTONE, LIMESTONE AND SANDSTONE", "MAP_CODE": "J1", "AGE_ONEGL": "MESOZOIC", "BGSREF": 545, "BGSREF_LEX": 397, "BGSREF_FM": 397, "BGSREF_GP": 397, "BGSREF_RK": 376, "SHEET": "625k_V5_Bedrock", "VERSION": "5.17", "RELEASED": "11- 2-2008", "NOM_SCALE": "625000", "NOM_OS_YR": "2005 HC", "NOM_BGS_YR": "2007", "MSLINK": 17485 }, "geometry": { "type": "Polygon", "coordinates": [ [ [ -3.1105418, 50.942265 ], [ -3.1103756, 50.9429514 ], [ -3.1110517, 50.9428943 ], [ -3.1105418, 50.942265 ] ] ] } },
{ "type": "Feature", "properties": { "LEX": "HOWY", "LEX_D": "HOLSWORTHY GROUP", "LEX_RCS": "HOWY-MDSS", "RCS": "MDSS", "RCS_X": "MDST + SDST + SLST", "RCS_D": "MUDSTONE, SILTSTONE AND SANDSTONE", "RANK": "GROUP", "BED_EQ": "NotAp", "BED_EQ_D": "Not Applicable", "MB_EQ": "NotAp", "MB_EQ_D": "Not Applicable", "FM_EQ": "NotAp", "FM_EQ_D": "Not Applicable", "SUBGP_EQ": "NotAp", "SUBGP_EQ_D": "Not Applicable", "GP_EQ": "HOWY", "GP_EQ_D": "HOLSWORTHY GROUP", "SUPGP_EQ": "CU", "SUPGP_EQ_D": "CULM SUPERGROUP", "MAX_TIME_D": "NAMURIAN", "MIN_TIME_D": "BOLSOVIAN (WESTPHALIAN C)", "MAX_TIME_Y": 327000000, "MIN_TIME_Y": 308500000, "MAX_INDEX": 1321399, "MIN_INDEX": 1321229, "MAX_AGE": null, "MIN_AGE": "BOLSOVIAN (WESTPHALIAN C)", "MAX_EPOCH": "NAMURIAN", "MIN_EPOCH": "WESTPHALIAN", "MAX_SUBPER": "SILESIAN", "MIN_SUBPER": "SILESIAN", "MAX_PERIOD": "CARBONIFEROUS", "MIN_PERIOD": "CARBONIFEROUS", "MAX_ERA": "PALAEOZOIC", "MIN_ERA": "PALAEOZOIC", "MAX_EON": "PHANEROZOIC", "MIN_EON": "PHANEROZOIC", "PREV_NAME": "UPPER CULM", "BGSTYPE": "625k_BEDROCK", "LEX_RCS_I": "1321399_HOWY-MDSS", "LEX_RCS_D": "HOLSWORTHY GROUP - MUDSTONE, SILTSTONE AND SANDSTONE", "MAP_CODE": "C5-7", "AGE_ONEGL": "CARBONIFEROUS", "BGSREF": 422, "BGSREF_LEX": 422, "BGSREF_FM": 422, "BGSREF_GP": 422, "BGSREF_RK": 633, "SHEET": "625k_V5_Bedrock", "VERSION": "5.17", "RELEASED": "11- 2-2008", "NOM_SCALE": "625000", "NOM_OS_YR": "2005 HC", "NOM_BGS_YR": "2007", "MSLINK": 17499 }, "geometry": { "type": "MultiPolygon", "coordinates": [ [ [ [ -3.5969509, 50.6728767 ], [ -3.5970772, 50.6726997 ], [ -3.5968678, 50.6724083 ], [ -3.5969509, 50.6728767 ] ] ], [ [ [ -3.5999896, 50.6772412 ], [ -3.6000552, 50.6770386 ], [ -3.5994767, 50.6758414 ], [ -3.5987086, 50.6753124 ], [ -3.5982176, 50.6752542 ], [ -3.5999896, 50.6772412 ] ] ], [ [ [ -3.7388805, 50.7811921 ], [ -3.747412, 50.7814248 ], [ -3.7566855, 50.7818609 ], [ -3.7619267, 50.782107 ], [ -3.7685729, 50.7850683 ], [ -3.7910879, 50.786886 ], [ -3.7985684, 50.7879499 ], [ -3.8000983, 50.7869345 ], [ -3.8020052, 50.7863475 ], [ -3.8024666, 50.7843258 ], [ -3.8024389, 50.7836068 ], [ -3.8017349, 50.7822686 ], [ -3.8016578, 50.7810017 ], [ -3.8018632, 50.780441 ], [ -3.8028967, 50.780389 ], [ -3.8045074, 50.7798515 ], [ -3.8070246, 50.7796506 ], [ -3.8090364, 50.7797453 ], [ -3.8108792, 50.7795548 ], [ -3.8127476, 50.7787164 ], [ -3.813813, 50.7776566 ], [ -3.8145701, 50.777429 ], [ -3.815229, 50.7768611 ], [ -3.8152562, 50.776465 ], [ -3.8157131, 50.7759073 ], [ -3.8177428, 50.7751132 ], [ -3.8179826, 50.7747137 ], [ -3.8177418, 50.7743577 ], [ -3.8176825, 50.7735582 ], [ -3.8173652, 50.7726908 ], [ -3.8168232, 50.7722028 ], [ -3.8168034, 50.7715124 ], [ -3.8184231, 50.7707137 ], [ -3.8185181, 50.7702374 ], [ -3.8182471, 50.7694664 ], [ -3.8190504, 50.7691121 ], [ -3.8217375, 50.7688903 ], [ -3.8244122, 50.7697266 ], [ -3.8267477, 50.769972 ], [ -3.8276602, 50.7704614 ], [ -3.8292004, 50.7699516 ], [ -3.8311861, 50.7699564 ], [ -3.8319147, 50.7697291 ], [ -3.8323696, 50.7697579 ], [ -3.8326196, 50.7681711 ], [ -3.8322325, 50.7677006 ], [ -3.8320865, 50.7668665 ], [ -3.8329913, 50.7660698 ], [ -3.8332584, 50.7649234 ], [ -3.8345023, 50.7640944 ], [ -3.8358494, 50.7637315 ], [ -3.8383491, 50.7641957 ], [ -3.8401092, 50.7642399 ], [ -3.8424508, 50.7638522 ], [ -3.8432165, 50.7635613 ], [ -3.84366, 50.7604155 ], [ -3.8435019, 50.7578369 ], [ -3.8435941, 50.7572958 ], [ -3.844117, 50.7568918 ], [ -3.8443353, 50.755953 ], [ -3.8435978, 50.7552272 ], [ -3.8420563, 50.7549638 ], [ -3.8412364, 50.7545361 ], [ -3.8397434, 50.7541909 ], [ -3.8404108, 50.7534969 ], [ -3.8401289, 50.7513698 ], [ -3.840423, 50.7501691 ], [ -3.8400021, 50.7495821 ], [ -3.8394192, 50.7491776 ], [ -3.8377327, 50.7488265 ], [ -3.8372625, 50.7484022 ], [ -3.835994, 50.7478646 ], [ -3.8354314, 50.7472529 ], [ -3.8356511, 50.7459845 ], [ -3.8362494, 50.7449737 ], [ -3.8360015, 50.7437095 ], [ -3.836147, 50.7423581 ], [ -3.8356279, 50.7417682 ], [ -3.8355636, 50.7404877 ], [ -3.8365812, 50.7396892 ], [ -3.8383759, 50.7391933 ], [ -3.8403244, 50.7382811 ], [ -3.8418994, 50.7379685 ], [ -3.8416921, 50.7370184 ], [ -3.8420401, 50.7350523 ], [ -3.8426123, 50.7348274 ], [ -3.8448919, 50.7344136 ], [ -3.8456014, 50.7340786 ], [ -3.8467714, 50.7342792 ], [ -3.8472123, 50.733959 ], [ -3.8490273, 50.7339884 ], [ -3.8492607, 50.7312776 ], [ -3.8496724, 50.7309383 ], [ -3.8507381, 50.7306516 ], [ -3.8522647, 50.7305554 ], [ -3.8531462, 50.7306313 ], [ -3.8536787, 50.7308387 ], [ -3.8544576, 50.7308263 ], [ -3.8571029, 50.7303525 ], [ -3.8575709, 50.7300033 ], [ -3.8581614, 50.7298859 ], [ -3.8587426, 50.7295349 ], [ -3.8604532, 50.7290759 ], [ -3.8614275, 50.7293482 ], [ -3.8616379, 50.7296506 ], [ -3.862509, 50.7301763 ], [ -3.8636455, 50.7306078 ], [ -3.8657387, 50.7308621 ], [ -3.8676563, 50.731335 ], [ -3.8682653, 50.7313253 ], [ -3.8702662, 50.7310414 ], [ -3.8708906, 50.7307076 ], [ -3.8733901, 50.7308473 ], [ -3.8739774, 50.7299385 ], [ -3.8749209, 50.7294377 ], [ -3.8747903, 50.7293588 ], [ -3.876348, 50.7293337 ], [ -3.8753482, 50.7287832 ], [ -3.8751575, 50.7282647 ], [ -3.874605, 50.7278958 ], [ -3.8744357, 50.7264956 ], [ -3.8745282, 50.7259904 ], [ -3.8754617, 50.7252379 ], [ -3.8757212, 50.7246402 ], [ -3.8759751, 50.7230015 ], [ -3.8690841, 50.7228551 ], [ -3.8584882, 50.7213972 ], [ -3.8623655, 50.718623 ], [ -3.8572844, 50.71711 ], [ -3.8560461, 50.7179581 ], [ -3.8550125, 50.7183165 ], [ -3.8530603, 50.7184014 ], [ -3.8519688, 50.7187425 ], [ -3.8496441, 50.7190672 ], [ -3.8482771, 50.7196105 ], [ -3.8470956, 50.7198271 ], [ -3.8460825, 50.7203648 ], [ -3.8453788, 50.7204839 ], [ -3.8449909, 50.7207059 ], [ -3.8428441, 50.720515 ], [ -3.8403342, 50.720096 ], [ -3.8394537, 50.7196782 ], [ -3.8386297, 50.7196192 ], [ -3.8381284, 50.719843 ], [ -3.8375479, 50.7198521 ], [ -3.8353719, 50.7196346 ], [ -3.8346613, 50.7192141 ], [ -3.8333482, 50.718965 ], [ -3.824486, 50.7176651 ], [ -3.8213763, 50.7174799 ], [ -3.8207467, 50.7180473 ], [ -3.819922, 50.7179703 ], [ -3.8191842, 50.7172083 ], [ -3.8177076, 50.7171235 ], [ -3.8169761, 50.7165233 ], [ -3.8149173, 50.7160337 ], [ -3.8113897, 50.7163944 ], [ -3.8096625, 50.7164212 ], [ -3.8083058, 50.7161365 ], [ -3.8074846, 50.7161493 ], [ -3.8070202, 50.7162284 ], [ -3.8063607, 50.7167603 ], [ -3.8009206, 50.717492 ], [ -3.800509, 50.7182059 ], [ -3.8001084, 50.7184758 ], [ -3.7986975, 50.7189383 ], [ -3.7960165, 50.7192764 ], [ -3.7951624, 50.7195414 ], [ -3.7940014, 50.7195593 ], [ -3.7933199, 50.7187784 ], [ -3.7928217, 50.7187141 ], [ -3.7914013, 50.7189877 ], [ -3.7902885, 50.7195265 ], [ -3.789472, 50.7196649 ], [ -3.7892537, 50.7198841 ], [ -3.7886011, 50.7198581 ], [ -3.7868688, 50.7201275 ], [ -3.786553, 50.7203932 ], [ -3.7854879, 50.7206973 ], [ -3.7842409, 50.7214359 ], [ -3.784245, 50.7230367 ], [ -3.7815011, 50.7239061 ], [ -3.7790967, 50.7256998 ], [ -3.7782342, 50.7259345 ], [ -3.7764584, 50.7269329 ], [ -3.774041, 50.7274554 ], [ -3.7733875, 50.7283297 ], [ -3.7714545, 50.7287538 ], [ -3.7709252, 50.7289957 ], [ -3.765852, 50.7293604 ], [ -3.7639382, 50.7300909 ], [ -3.7627937, 50.7301802 ], [ -3.759053, 50.729805 ], [ -3.7574237, 50.7286784 ], [ -3.7552355, 50.7285135 ], [ -3.7549469, 50.728374 ], [ -3.7530279, 50.7283129 ], [ -3.7514395, 50.7285527 ], [ -3.7501461, 50.7284462 ], [ -3.7493564, 50.728548 ], [ -3.7489406, 50.728797 ], [ -3.7477265, 50.7285364 ], [ -3.7467866, 50.7279666 ], [ -3.7456604, 50.7278479 ], [ -3.7430416, 50.7260075 ], [ -3.742966, 50.725496 ], [ -3.7425258, 50.7250889 ], [ -3.7415852, 50.724941 ], [ -3.7402431, 50.7238999 ], [ -3.736759, 50.7239338 ], [ -3.7352544, 50.7227062 ], [ -3.735396, 50.722704 ], [ -3.7352106, 50.7219064 ], [ -3.734611, 50.721016 ], [ -3.732384, 50.71979 ], [ -3.7314018, 50.7196607 ], [ -3.7307588, 50.7198951 ], [ -3.7306113, 50.7201221 ], [ -3.7300159, 50.720113 ], [ -3.7288141, 50.7205625 ], [ -3.7282478, 50.7213443 ], [ -3.7269756, 50.7221906 ], [ -3.7260825, 50.7225636 ], [ -3.7243892, 50.7226696 ], [ -3.7219837, 50.7224443 ], [ -3.7211963, 50.7222221 ], [ -3.7199226, 50.7222589 ], [ -3.7193483, 50.7220515 ], [ -3.7174687, 50.7217915 ], [ -3.7168898, 50.7214582 ], [ -3.7164199, 50.7213932 ], [ -3.7147253, 50.7215441 ], [ -3.7119648, 50.7214016 ], [ -3.7113485, 50.7210181 ], [ -3.7096727, 50.7210046 ], [ -3.7083632, 50.7207381 ], [ -3.7078042, 50.7201708 ], [ -3.7061464, 50.7203365 ], [ -3.705829, 50.7201907 ], [ -3.7045376, 50.7201286 ], [ -3.6977477, 50.7202277 ], [ -3.6970518, 50.7197889 ], [ -3.6966343, 50.7200236 ], [ -3.6950284, 50.7202493 ], [ -3.6934904, 50.7212544 ], [ -3.6933285, 50.7233948 ], [ -3.6929202, 50.7238594 ], [ -3.6919992, 50.7242505 ], [ -3.6918199, 50.7255661 ], [ -3.6879526, 50.7255862 ], [ -3.6865423, 50.7257685 ], [ -3.6842971, 50.7267723 ], [ -3.6810695, 50.7276463 ], [ -3.6800724, 50.7282902 ], [ -3.6797833, 50.7289239 ], [ -3.6787122, 50.7286875 ], [ -3.6743972, 50.7288755 ], [ -3.6729153, 50.7286449 ], [ -3.6717606, 50.72805 ], [ -3.6701281, 50.7279654 ], [ -3.6684237, 50.7274502 ], [ -3.666686, 50.7263959 ], [ -3.6664402, 50.724662 ], [ -3.6659977, 50.7237707 ], [ -3.6655471, 50.7230486 ], [ -3.6645631, 50.7224691 ], [ -3.6642185, 50.7215387 ], [ -3.6636519, 50.7211421 ], [ -3.6632217, 50.7209954 ], [ -3.6622052, 50.7214955 ], [ -3.6609295, 50.7214777 ], [ -3.6601757, 50.7217942 ], [ -3.6574395, 50.7217433 ], [ -3.6554573, 50.7213757 ], [ -3.6538257, 50.7213089 ], [ -3.6518458, 50.721409 ], [ -3.6485217, 50.7219597 ], [ -3.6466557, 50.722076 ], [ -3.6417533, 50.7216595 ], [ -3.6401523, 50.721655 ], [ -3.6399973, 50.7204637 ], [ -3.6397742, 50.7201585 ], [ -3.6384104, 50.7200517 ], [ -3.6377724, 50.719629 ], [ -3.6372743, 50.7195641 ], [ -3.6358749, 50.7196557 ], [ -3.6352915, 50.7199876 ], [ -3.6342456, 50.7192435 ], [ -3.6325028, 50.7192353 ], [ -3.6316328, 50.7190676 ], [ -3.6304755, 50.7179686 ], [ -3.6293986, 50.717552 ], [ -3.6292545, 50.7166637 ], [ -3.6296257, 50.71593 ], [ -3.6302825, 50.7152643 ], [ -3.6305068, 50.7143798 ], [ -3.6303826, 50.7140668 ], [ -3.6279972, 50.7139023 ], [ -3.627504, 50.7135674 ], [ -3.6270343, 50.713502 ], [ -3.6257484, 50.7135919 ], [ -3.6253053, 50.7138859 ], [ -3.625153, 50.7146195 ], [ -3.6247498, 50.7150268 ], [ -3.6236685, 50.7151588 ], [ -3.6213089, 50.7158841 ], [ -3.6202384, 50.7160609 ], [ -3.6175137, 50.7158422 ], [ -3.6167876, 50.715656 ], [ -3.6160854, 50.7151653 ], [ -3.6146344, 50.7149875 ], [ -3.6131453, 50.7145225 ], [ -3.6119605, 50.713019 ], [ -3.611935, 50.7120324 ], [ -3.6121942, 50.7115319 ], [ -3.6134164, 50.7108674 ], [ -3.6136005, 50.7088054 ], [ -3.6131065, 50.7084435 ], [ -3.6132805, 50.7080724 ], [ -3.6138808, 50.7078932 ], [ -3.6140075, 50.7074598 ], [ -3.6152889, 50.7072441 ], [ -3.614586, 50.7069841 ], [ -3.6140812, 50.7063076 ], [ -3.613017, 50.7058367 ], [ -3.6128675, 50.7056049 ], [ -3.6129529, 50.7047943 ], [ -3.6141789, 50.7042018 ], [ -3.6140872, 50.7029709 ], [ -3.612903, 50.7027175 ], [ -3.6119207, 50.7027761 ], [ -3.6116333, 50.7026542 ], [ -3.611787, 50.701357 ], [ -3.6113467, 50.6996633 ], [ -3.6117713, 50.6996574 ], [ -3.6128017, 50.699976 ], [ -3.6133038, 50.6998881 ], [ -3.614575, 50.6992499 ], [ -3.6161209, 50.6980773 ], [ -3.6169368, 50.6979221 ], [ -3.6171836, 50.6976849 ], [ -3.6163742, 50.6967952 ], [ -3.6163862, 50.6954296 ], [ -3.6157315, 50.694989 ], [ -3.6151681, 50.6942504 ], [ -3.6155406, 50.6939664 ], [ -3.6162212, 50.6939929 ], [ -3.6173473, 50.6937884 ], [ -3.6176121, 50.693506 ], [ -3.6175174, 50.692572 ], [ -3.617879, 50.6923061 ], [ -3.6182488, 50.6916085 ], [ -3.6181127, 50.6909449 ], [ -3.6157007, 50.6899711 ], [ -3.6142473, 50.6888761 ], [ -3.6136992, 50.685691 ], [ -3.613693, 50.6855112 ], [ -3.6130694, 50.6850792 ], [ -3.6117578, 50.6848095 ], [ -3.6105791, 50.6842862 ], [ -3.6102161, 50.6836077 ], [ -3.6092263, 50.682812 ], [ -3.6087366, 50.6817395 ], [ -3.6069313, 50.6806887 ], [ -3.6065529, 50.679971 ], [ -3.6059458, 50.6796016 ], [ -3.6054568, 50.6793745 ], [ -3.6050745, 50.6793708 ], [ -3.604364, 50.6795964 ], [ -3.6021166, 50.6797982 ], [ -3.6007627, 50.6795291 ], [ -3.6001742, 50.6788716 ], [ -3.6000087, 50.6785283 ], [ -3.5975866, 50.678208 ], [ -3.5932939, 50.677006 ], [ -3.5904119, 50.6756045 ], [ -3.581159, 50.6786122 ], [ -3.5818467, 50.6822052 ], [ -3.5956681, 50.6885008 ], [ -3.5969117, 50.6917258 ], [ -3.5963757, 50.6932243 ], [ -3.5961348, 50.6938978 ], [ -3.5808088, 50.70229 ], [ -3.5724952, 50.7027897 ], [ -3.5625179, 50.7021496 ], [ -3.5589137, 50.7037465 ], [ -3.5582039, 50.7068533 ], [ -3.5621445, 50.7092527 ], [ -3.5630514, 50.7120797 ], [ -3.5618514, 50.7150631 ], [ -3.5576994, 50.7153009 ], [ -3.5591557, 50.7171651 ], [ -3.5618128, 50.7189535 ], [ -3.5618399, 50.7197695 ], [ -3.5618402, 50.7197768 ], [ -3.5618669, 50.7205801 ], [ -3.5615316, 50.7206083 ], [ -3.5593109, 50.7207951 ], [ -3.55542, 50.7194006 ], [ -3.5519189, 50.7195847 ], [ -3.5509537, 50.7192077 ], [ -3.546435, 50.7174423 ], [ -3.5430137, 50.7178786 ], [ -3.542686, 50.7179204 ], [ -3.5387218, 50.7181529 ], [ -3.5351093, 50.7181323 ], [ -3.5343935, 50.7208546 ], [ -3.5309787, 50.721969 ], [ -3.5310688, 50.7237009 ], [ -3.5336664, 50.7247516 ], [ -3.5330815, 50.7255436 ], [ -3.524246, 50.7311777 ], [ -3.5160312, 50.733829 ], [ -3.5079758, 50.7364281 ], [ -3.5034077, 50.7355865 ], [ -3.5015316, 50.735205 ], [ -3.4988726, 50.7366857 ], [ -3.4957249, 50.7375561 ], [ -3.4847639, 50.7374288 ], [ -3.4735784, 50.7372978 ], [ -3.4713257, 50.7378666 ], [ -3.4628647, 50.7395941 ], [ -3.4644406, 50.7446173 ], [ -3.4627886, 50.7462591 ], [ -3.4610916, 50.7464605 ], [ -3.4582092, 50.7450557 ], [ -3.4579198, 50.7448792 ], [ -3.4567065, 50.7423728 ], [ -3.4541194, 50.7413245 ], [ -3.4524504, 50.7424259 ], [ -3.4527843, 50.7440428 ], [ -3.4539904, 50.745481 ], [ -3.4534522, 50.7472764 ], [ -3.4513432, 50.7474125 ], [ -3.449461, 50.7464415 ], [ -3.4486224, 50.7471564 ], [ -3.4492345, 50.7485897 ], [ -3.4584498, 50.7527974 ], [ -3.4612248, 50.7536174 ], [ -3.4687119, 50.7541094 ], [ -3.4749557, 50.7540306 ], [ -3.4795421, 50.7554134 ], [ -3.479437, 50.7572751 ], [ -3.4810353, 50.7577348 ], [ -3.4810626, 50.7585991 ], [ -3.468609, 50.7663636 ], [ -3.4783631, 50.7674733 ], [ -3.4792642, 50.7675668 ], [ -3.4889504, 50.7685716 ], [ -3.5010418, 50.7680629 ], [ -3.5062012, 50.7683806 ], [ -3.5126899, 50.7687799 ], [ -3.5199631, 50.7692269 ], [ -3.5360979, 50.7700723 ], [ -3.5447816, 50.7697212 ], [ -3.5555118, 50.7692865 ], [ -3.5659595, 50.7682188 ], [ -3.5674126, 50.7680703 ], [ -3.5814918, 50.7655903 ], [ -3.5974015, 50.7655473 ], [ -3.616022, 50.7659952 ], [ -3.6309978, 50.7654344 ], [ -3.6360919, 50.7651472 ], [ -3.6393121, 50.7649655 ], [ -3.6576427, 50.7650586 ], [ -3.681808, 50.7652409 ], [ -3.6834206, 50.7675729 ], [ -3.6859088, 50.7711705 ], [ -3.6775033, 50.7729056 ], [ -3.6716056, 50.7747914 ], [ -3.6881695, 50.7772545 ], [ -3.6997451, 50.7752852 ], [ -3.7099789, 50.7754957 ], [ -3.7110791, 50.7756646 ], [ -3.718549, 50.7768106 ], [ -3.7255352, 50.7768129 ], [ -3.7281907, 50.7768137 ], [ -3.7299301, 50.7768141 ], [ -3.73048, 50.7768143 ], [ -3.7320131, 50.7771928 ], [ -3.7339203, 50.7776637 ], [ -3.7388805, 50.7811921 ] ] ], [ [ [ -3.7639053, 50.8113921 ], [ -3.7658692, 50.8115243 ], [ -3.7682579, 50.8110564 ], [ -3.7689568, 50.8107283 ], [ -3.7674544, 50.8081398 ], [ -3.7634567, 50.80766 ], [ -3.7537622, 50.8111585 ], [ -3.757091, 50.8109914 ], [ -3.7595831, 50.8112056 ], [ -3.7602161, 50.8114299 ], [ -3.7628467, 50.8111743 ], [ -3.7639053, 50.8113921 ] ] ], [ [ [ -3.7494022, 50.8122663 ], [ -3.7503691, 50.8122976 ], [ -3.7507636, 50.8122197 ], [ -3.7512498, 50.8118756 ], [ -3.7494022, 50.8122663 ] ] ], [ [ [ -3.780061, 50.8125676 ], [ -3.7817239, 50.8123596 ], [ -3.7769892, 50.8118344 ], [ -3.780061, 50.8125676 ] ] ], [ [ [ -3.6124115, 51.0182609 ], [ -3.6131821, 51.0177176 ], [ -3.6132279, 51.0173932 ], [ -3.6141732, 51.0166967 ], [ -3.6147479, 51.0160053 ], [ -3.6166732, 51.0147916 ], [ -3.6171928, 51.0141549 ], [ -3.6166914, 51.0136762 ], [ -3.6165209, 51.0124629 ], [ -3.6161842, 51.0122084 ], [ -3.6149203, 51.0119381 ], [ -3.6141786, 51.0115167 ], [ -3.6122767, 51.0113451 ], [ -3.6107254, 51.0110068 ], [ -3.6099986, 51.0106031 ], [ -3.6098021, 51.0098684 ], [ -3.6095249, 51.0096834 ], [ -3.6097564, 51.007313 ], [ -3.6109505, 51.0059856 ], [ -3.6111879, 51.0054338 ], [ -3.6110727, 51.0049857 ], [ -3.6137687, 51.0050474 ], [ -3.6164218, 51.0055143 ], [ -3.6171911, 51.0055037 ], [ -3.6178297, 51.0054229 ], [ -3.6190844, 51.0046141 ], [ -3.619552, 51.0045357 ], [ -3.6220464, 51.0045371 ], [ -3.6250579, 51.0042434 ], [ -3.6255106, 51.0041472 ], [ -3.6254366, 51.0040673 ], [ -3.6264338, 51.0040534 ], [ -3.6266801, 51.0025391 ], [ -3.6288867, 51.000431 ], [ -3.6306937, 50.9999381 ], [ -3.6314364, 50.9991724 ], [ -3.6334478, 50.9988205 ], [ -3.6338378, 50.9985632 ], [ -3.6355909, 50.998161 ], [ -3.6365282, 50.9975437 ], [ -3.6378408, 50.9973021 ], [ -3.6384239, 50.9968623 ], [ -3.6385764, 50.9963385 ], [ -3.6395092, 50.9953092 ], [ -3.6400526, 50.9937458 ], [ -3.6404514, 50.9933355 ], [ -3.6378478, 50.9918343 ], [ -3.636766, 50.9902487 ], [ -3.6360527, 50.9902227 ], [ -3.634845, 50.9899159 ], [ -3.6296856, 50.9898801 ], [ -3.6286072, 50.9891936 ], [ -3.6273344, 50.9886538 ], [ -3.6262719, 50.9876075 ], [ -3.623392, 50.9859209 ], [ -3.6230063, 50.9844293 ], [ -3.6223304, 50.9836723 ], [ -3.6223909, 50.9833628 ], [ -3.6221202, 50.9829529 ], [ -3.6213787, 50.9821178 ], [ -3.6203885, 50.981502 ], [ -3.6202017, 50.981046 ], [ -3.6191059, 50.9799606 ], [ -3.6186812, 50.978918 ], [ -3.618339, 50.9786887 ], [ -3.6185467, 50.9783171 ], [ -3.6192546, 50.9779835 ], [ -3.6202092, 50.9771699 ], [ -3.6204261, 50.9760338 ], [ -3.6201035, 50.9700399 ], [ -3.619947, 50.9696374 ], [ -3.6186959, 50.9688813 ], [ -3.6191564, 50.9682005 ], [ -3.6191364, 50.9676252 ], [ -3.6187119, 50.9668847 ], [ -3.6164593, 50.9655849 ], [ -3.617059, 50.9635802 ], [ -3.6177507, 50.962995 ], [ -3.6184264, 50.9627698 ], [ -3.6190537, 50.9619697 ], [ -3.6197338, 50.9618704 ], [ -3.6199118, 50.9612564 ], [ -3.6203629, 50.9611242 ], [ -3.6209097, 50.9604691 ], [ -3.6208765, 50.9595163 ], [ -3.620031, 50.9589525 ], [ -3.6197016, 50.9584894 ], [ -3.6192535, 50.9582978 ], [ -3.6186125, 50.9582887 ], [ -3.6185339, 50.9584876 ], [ -3.6182218, 50.9585189 ], [ -3.6172665, 50.9580735 ], [ -3.6165561, 50.9581194 ], [ -3.6157764, 50.9578064 ], [ -3.6150499, 50.9577985 ], [ -3.613811, 50.9573839 ], [ -3.6121817, 50.9572086 ], [ -3.6114193, 50.9569853 ], [ -3.6077575, 50.9571167 ], [ -3.6063948, 50.9574502 ], [ -3.6029481, 50.9574257 ], [ -3.601231, 50.9571794 ], [ -3.6007669, 50.956934 ], [ -3.5998239, 50.956839 ], [ -3.5985845, 50.9564063 ], [ -3.5983031, 50.9556727 ], [ -3.5985794, 50.9521077 ], [ -3.5995242, 50.9514293 ], [ -3.6000346, 50.950538 ], [ -3.5999574, 50.9499485 ], [ -3.6004171, 50.9496544 ], [ -3.5997329, 50.9492142 ], [ -3.5983854, 50.9489448 ], [ -3.597747, 50.9485938 ], [ -3.5972565, 50.9475754 ], [ -3.595796, 50.9464982 ], [ -3.5949566, 50.946096 ], [ -3.593662, 50.9448726 ], [ -3.5941329, 50.9444885 ], [ -3.5937631, 50.9436662 ], [ -3.5941089, 50.9425373 ], [ -3.5945979, 50.9422698 ], [ -3.5952118, 50.9421805 ], [ -3.5976667, 50.942102 ], [ -3.5982816, 50.9417698 ], [ -3.5991854, 50.9415596 ], [ -3.5997385, 50.9410844 ], [ -3.600028, 50.9403969 ], [ -3.6004183, 50.9401578 ], [ -3.6008421, 50.9392347 ], [ -3.6027596, 50.9378774 ], [ -3.6041231, 50.9365025 ], [ -3.6042874, 50.9359499 ], [ -3.6049229, 50.9355724 ], [ -3.6062276, 50.9352577 ], [ -3.6084441, 50.9335005 ], [ -3.6086824, 50.9329846 ], [ -3.6083246, 50.9325129 ], [ -3.608644, 50.93187 ], [ -3.6085486, 50.9307562 ], [ -3.6094474, 50.9295837 ], [ -3.6095951, 50.9289162 ], [ -3.609984, 50.928641 ], [ -3.6102023, 50.9263088 ], [ -3.6104868, 50.9263049 ], [ -3.6107547, 50.9254109 ], [ -3.612114, 50.9243939 ], [ -3.6126556, 50.9227766 ], [ -3.6132294, 50.9224989 ], [ -3.6151931, 50.922094 ], [ -3.6165909, 50.9213732 ], [ -3.6183364, 50.9212411 ], [ -3.6202121, 50.9207654 ], [ -3.6221796, 50.9192452 ], [ -3.6226677, 50.9177366 ], [ -3.6222839, 50.9165189 ], [ -3.6222527, 50.91562 ], [ -3.6224539, 50.9148618 ], [ -3.6224792, 50.9123164 ], [ -3.6220979, 50.9111706 ], [ -3.6230079, 50.9103395 ], [ -3.6237196, 50.9070831 ], [ -3.6236833, 50.9060404 ], [ -3.6231371, 50.9050588 ], [ -3.6229352, 50.9041623 ], [ -3.6219576, 50.9032316 ], [ -3.622051, 50.9025019 ], [ -3.6225556, 50.902243 ], [ -3.620618, 50.9023149 ], [ -3.6196198, 50.902068 ], [ -3.6188772, 50.901161 ], [ -3.6186561, 50.8997072 ], [ -3.6173646, 50.8989607 ], [ -3.6173583, 50.8987809 ], [ -3.6202286, 50.8987141 ], [ -3.6211735, 50.8984851 ], [ -3.6226227, 50.8986062 ], [ -3.6248092, 50.8983446 ], [ -3.6272552, 50.8983465 ], [ -3.6277032, 50.8981424 ], [ -3.6289603, 50.8983048 ], [ -3.6291777, 50.8980139 ], [ -3.6296565, 50.8978814 ], [ -3.631243, 50.8968879 ], [ -3.6332945, 50.8965894 ], [ -3.6356359, 50.8964487 ], [ -3.6374363, 50.8958839 ], [ -3.6385513, 50.8952387 ], [ -3.6389846, 50.8946211 ], [ -3.6413714, 50.8941559 ], [ -3.6427816, 50.894226 ], [ -3.6432213, 50.8945975 ], [ -3.6435669, 50.8955279 ], [ -3.6444254, 50.8956777 ], [ -3.6504744, 50.8954304 ], [ -3.6512924, 50.895239 ], [ -3.6518772, 50.894889 ], [ -3.6545876, 50.894329 ], [ -3.6557698, 50.8943842 ], [ -3.6567477, 50.894694 ], [ -3.6581206, 50.8945127 ], [ -3.6595479, 50.8938628 ], [ -3.6615503, 50.8925933 ], [ -3.663318, 50.8919206 ], [ -3.6635546, 50.8913776 ], [ -3.6631227, 50.8904305 ], [ -3.6627158, 50.8901845 ], [ -3.6620831, 50.8891863 ], [ -3.6613837, 50.8887106 ], [ -3.6612566, 50.8883347 ], [ -3.6627271, 50.8873065 ], [ -3.6630173, 50.8866729 ], [ -3.6636508, 50.8860973 ], [ -3.6632088, 50.8856629 ], [ -3.662399, 50.8852787 ], [ -3.6611845, 50.8839111 ], [ -3.6602831, 50.8833484 ], [ -3.6671229, 50.8827203 ], [ -3.6689346, 50.8827753 ], [ -3.6703671, 50.8830785 ], [ -3.6717143, 50.8829873 ], [ -3.6722937, 50.8828891 ], [ -3.6733572, 50.8823782 ], [ -3.6752408, 50.8822173 ], [ -3.6760817, 50.8818814 ], [ -3.6768335, 50.8818347 ], [ -3.6772513, 50.8815948 ], [ -3.6791314, 50.8816937 ], [ -3.6796312, 50.8813627 ], [ -3.6811386, 50.8809813 ], [ -3.6832685, 50.8809146 ], [ -3.6836709, 50.880639 ], [ -3.6839474, 50.8788454 ], [ -3.6841885, 50.8784372 ], [ -3.6846987, 50.8783939 ], [ -3.6850312, 50.8781553 ], [ -3.6860244, 50.8781049 ], [ -3.6869111, 50.8778583 ], [ -3.6901667, 50.8775863 ], [ -3.6917382, 50.8773028 ], [ -3.6926473, 50.8765003 ], [ -3.6949811, 50.8750074 ], [ -3.6955497, 50.8742257 ], [ -3.6961268, 50.8744602 ], [ -3.6966676, 50.8744793 ], [ -3.697792, 50.8750655 ], [ -3.7019597, 50.8749957 ], [ -3.7079584, 50.8715086 ], [ -3.7088933, 50.871423 ], [ -3.7098476, 50.8716339 ], [ -3.7124783, 50.8715143 ], [ -3.713585, 50.8706887 ], [ -3.7138691, 50.8699111 ], [ -3.7150102, 50.8692468 ], [ -3.7182534, 50.8685516 ], [ -3.71943, 50.8680846 ], [ -3.719983, 50.8676628 ], [ -3.7204768, 50.8675655 ], [ -3.722792, 50.8675314 ], [ -3.7233688, 50.8677567 ], [ -3.7266321, 50.8679962 ], [ -3.7305865, 50.8698657 ], [ -3.7306276, 50.869304 ], [ -3.7325328, 50.8680706 ], [ -3.7332411, 50.8664773 ], [ -3.7339156, 50.8662694 ], [ -3.7356728, 50.8661354 ], [ -3.7365007, 50.8658532 ], [ -3.7351822, 50.8651714 ], [ -3.7335808, 50.8649074 ], [ -3.7327058, 50.8643387 ], [ -3.732569, 50.8636814 ], [ -3.7327933, 50.8627607 ], [ -3.733171, 50.8622875 ], [ -3.7333087, 50.8614041 ], [ -3.7338463, 50.8609554 ], [ -3.7344144, 50.860947 ], [ -3.733373, 50.8600721 ], [ -3.7306674, 50.8599144 ], [ -3.7282279, 50.8592671 ], [ -3.7252062, 50.8592669 ], [ -3.7246699, 50.8552638 ], [ -3.7235341, 50.8545161 ], [ -3.7230579, 50.8539296 ], [ -3.7223722, 50.8536789 ], [ -3.7227283, 50.8534668 ], [ -3.722743, 50.8523245 ], [ -3.723361, 50.8511372 ], [ -3.7232134, 50.8505998 ], [ -3.722533, 50.8497105 ], [ -3.7227419, 50.8484394 ], [ -3.7231212, 50.8479392 ], [ -3.7233961, 50.8469188 ], [ -3.7244893, 50.846516 ], [ -3.7246825, 50.8448224 ], [ -3.723195, 50.8441609 ], [ -3.719702, 50.8441944 ], [ -3.7178392, 50.8445277 ], [ -3.7155535, 50.8445613 ], [ -3.715216, 50.8442661 ], [ -3.7149939, 50.8432475 ], [ -3.7141576, 50.8436825 ], [ -3.7131044, 50.843626 ], [ -3.7116776, 50.8426757 ], [ -3.7102977, 50.8422283 ], [ -3.7099069, 50.8416404 ], [ -3.7097919, 50.8400503 ], [ -3.7094556, 50.8393987 ], [ -3.708972, 50.8393788 ], [ -3.7089235, 50.8392177 ], [ -3.7095062, 50.8376748 ], [ -3.7092271, 50.8362544 ], [ -3.710156, 50.836025 ], [ -3.7106387, 50.8356321 ], [ -3.7117215, 50.8356351 ], [ -3.7131934, 50.8352879 ], [ -3.7146428, 50.8352217 ], [ -3.714566, 50.8339008 ], [ -3.7151467, 50.8326961 ], [ -3.7151322, 50.8323006 ], [ -3.7148035, 50.8318558 ], [ -3.7176481, 50.8319758 ], [ -3.7186607, 50.8324825 ], [ -3.7211005, 50.832793 ], [ -3.7223793, 50.8324265 ], [ -3.7239425, 50.8316851 ], [ -3.7242322, 50.8310693 ], [ -3.7255088, 50.830259 ], [ -3.7262515, 50.8303739 ], [ -3.7268274, 50.8302035 ], [ -3.7275693, 50.8299227 ], [ -3.7277594, 50.8296861 ], [ -3.7291987, 50.8294309 ], [ -3.729624, 50.8290289 ], [ -3.7292236, 50.8285672 ], [ -3.728535, 50.8283795 ], [ -3.7278946, 50.8279574 ], [ -3.7247954, 50.8270859 ], [ -3.7235742, 50.8263125 ], [ -3.7215718, 50.8255327 ], [ -3.7208454, 50.8254715 ], [ -3.7201024, 50.8256983 ], [ -3.7183214, 50.8255627 ], [ -3.7165419, 50.8250493 ], [ -3.7154093, 50.8243645 ], [ -3.7138879, 50.8239192 ], [ -3.7134657, 50.8232473 ], [ -3.7135701, 50.8226073 ], [ -3.7140801, 50.8221896 ], [ -3.7143405, 50.8215473 ], [ -3.7143172, 50.8201357 ], [ -3.7131313, 50.8195415 ], [ -3.7115818, 50.8190966 ], [ -3.7113967, 50.8186947 ], [ -3.7112743, 50.8188403 ], [ -3.7112086, 50.8170426 ], [ -3.713032, 50.816827 ], [ -3.71493, 50.8159358 ], [ -3.7153385, 50.8154621 ], [ -3.7172041, 50.8152368 ], [ -3.7192848, 50.8146845 ], [ -3.7206854, 50.8145559 ], [ -3.7217508, 50.8141895 ], [ -3.7253, 50.8142 ], [ -3.7273668, 50.8140435 ], [ -3.7290278, 50.8144326 ], [ -3.7333651, 50.8143952 ], [ -3.7346737, 50.8147085 ], [ -3.7365383, 50.8148426 ], [ -3.7384977, 50.8144717 ], [ -3.7392478, 50.8140288 ], [ -3.7406167, 50.8138105 ], [ -3.7413204, 50.8133943 ], [ -3.7421428, 50.8132425 ], [ -3.7422068, 50.8132027 ], [ -3.7366608, 50.8132854 ], [ -3.7325897, 50.8108244 ], [ -3.7300259, 50.8106823 ], [ -3.722956, 50.8116875 ], [ -3.7218838, 50.8123046 ], [ -3.7187801, 50.8140906 ], [ -3.7105399, 50.8142118 ], [ -3.705716, 50.8144625 ], [ -3.7029007, 50.8152241 ], [ -3.6980506, 50.8147545 ], [ -3.6901598, 50.8166525 ], [ -3.6792921, 50.8159287 ], [ -3.6703633, 50.8150001 ], [ -3.6680785, 50.8171905 ], [ -3.6640496, 50.8172481 ], [ -3.6625134, 50.8162552 ], [ -3.6410275, 50.8147561 ], [ -3.6362083, 50.8160567 ], [ -3.6312851, 50.8159324 ], [ -3.6301433, 50.8159035 ], [ -3.6237019, 50.8161435 ], [ -3.6136181, 50.8148725 ], [ -3.6076767, 50.8149563 ], [ -3.6049224, 50.8156988 ], [ -3.5942504, 50.8165938 ], [ -3.5881255, 50.8163251 ], [ -3.5824512, 50.8180012 ], [ -3.5798936, 50.8180359 ], [ -3.5679461, 50.8194309 ], [ -3.5651119, 50.8197616 ], [ -3.5425741, 50.8191812 ], [ -3.5351697, 50.8180459 ], [ -3.5371641, 50.8241903 ], [ -3.534132, 50.8271119 ], [ -3.5315679, 50.8269655 ], [ -3.5308639, 50.8228322 ], [ -3.529431, 50.8224908 ], [ -3.5277845, 50.8243135 ], [ -3.5270552, 50.8281053 ], [ -3.5270845, 50.8290055 ], [ -3.5288078, 50.8295232 ], [ -3.5322307, 50.8298385 ], [ -3.5339776, 50.8310763 ], [ -3.5397104, 50.8324417 ], [ -3.5430564, 50.8304163 ], [ -3.55001, 50.8342865 ], [ -3.5591252, 50.8347053 ], [ -3.5622825, 50.8355636 ], [ -3.5677625, 50.8378315 ], [ -3.566475, 50.8386821 ], [ -3.5655362, 50.8393023 ], [ -3.5642575, 50.8389547 ], [ -3.5623787, 50.8384441 ], [ -3.5577817, 50.8370647 ], [ -3.5426707, 50.8381374 ], [ -3.5421746, 50.8381726 ], [ -3.5363877, 50.8351871 ], [ -3.5341134, 50.835217 ], [ -3.5279353, 50.8376395 ], [ -3.5236706, 50.8376953 ], [ -3.5204963, 50.8362959 ], [ -3.5169329, 50.8316595 ], [ -3.5112183, 50.8308331 ], [ -3.5111485, 50.8286727 ], [ -3.5139503, 50.8273756 ], [ -3.512845, 50.8257343 ], [ -3.5154426, 50.8243796 ], [ -3.5133126, 50.8229981 ], [ -3.5108211, 50.8190233 ], [ -3.4986166, 50.8198853 ], [ -3.4965046, 50.8233911 ], [ -3.4942098, 50.8255342 ], [ -3.4911813, 50.8267684 ], [ -3.4888672, 50.8255372 ], [ -3.4849506, 50.8275683 ], [ -3.4834456, 50.8274353 ], [ -3.4778215, 50.8269384 ], [ -3.474314, 50.8239209 ], [ -3.4684072, 50.8259766 ], [ -3.464968, 50.8251193 ], [ -3.4576337, 50.8270123 ], [ -3.4545127, 50.8291973 ], [ -3.4531807, 50.8301297 ], [ -3.4492795, 50.8301096 ], [ -3.4429411, 50.8300767 ], [ -3.4319204, 50.8323738 ], [ -3.4260655, 50.8362278 ], [ -3.4184053, 50.8368615 ], [ -3.4143867, 50.8356495 ], [ -3.4087221, 50.8364385 ], [ -3.3992114, 50.841776 ], [ -3.3943827, 50.842014 ], [ -3.3920865, 50.841321 ], [ -3.3911584, 50.8388105 ], [ -3.3969867, 50.8338852 ], [ -3.3912838, 50.8339534 ], [ -3.388335, 50.8364804 ], [ -3.3862464, 50.8382701 ], [ -3.3857507, 50.8386948 ], [ -3.3757741, 50.8476381 ], [ -3.3710239, 50.8505757 ], [ -3.3724988, 50.8523594 ], [ -3.3744897, 50.8523359 ], [ -3.3883045, 50.8480631 ], [ -3.3916657, 50.8462939 ], [ -3.396924, 50.8470957 ], [ -3.4027694, 50.8465962 ], [ -3.4145011, 50.8394304 ], [ -3.4225118, 50.8409539 ], [ -3.4318676, 50.8399389 ], [ -3.4450923, 50.8352732 ], [ -3.4500251, 50.835212 ], [ -3.4504942, 50.8352061 ], [ -3.452228, 50.8360851 ], [ -3.452557, 50.8375219 ], [ -3.4545585, 50.8378571 ], [ -3.4588064, 50.8372638 ], [ -3.4624519, 50.8355972 ], [ -3.4654834, 50.8324973 ], [ -3.4655761, 50.8324908 ], [ -3.4686049, 50.8322779 ], [ -3.4702373, 50.8331051 ], [ -3.4738072, 50.8349139 ], [ -3.4786745, 50.835933 ], [ -3.4790328, 50.8382698 ], [ -3.4783915, 50.8389062 ], [ -3.4751715, 50.842101 ], [ -3.4747958, 50.8482294 ], [ -3.4728732, 50.8504149 ], [ -3.4697788, 50.8515346 ], [ -3.4632206, 50.8510767 ], [ -3.4591378, 50.8478859 ], [ -3.450913, 50.8487089 ], [ -3.4492346, 50.8496303 ], [ -3.4519004, 50.8530192 ], [ -3.451103, 50.8548302 ], [ -3.4452682, 50.8573984 ], [ -3.4443658, 50.8577955 ], [ -3.4459217, 50.8586634 ], [ -3.4478405, 50.8597336 ], [ -3.4473162, 50.861181 ], [ -3.4449553, 50.8617292 ], [ -3.4424658, 50.8623072 ], [ -3.4391221, 50.8630834 ], [ -3.4363326, 50.8649188 ], [ -3.4374872, 50.8654449 ], [ -3.4502937, 50.8641921 ], [ -3.4522416, 50.8640015 ], [ -3.4555937, 50.8619785 ], [ -3.455794, 50.8592744 ], [ -3.4569094, 50.8585401 ], [ -3.4589174, 50.8590553 ], [ -3.4609873, 50.8615509 ], [ -3.4598462, 50.8705705 ], [ -3.4638448, 50.8719425 ], [ -3.4641828, 50.8720585 ], [ -3.465366, 50.8724645 ], [ -3.4721613, 50.8747955 ], [ -3.4725069, 50.8749141 ], [ -3.4742881, 50.877233 ], [ -3.474066, 50.8792169 ], [ -3.4731878, 50.8799615 ], [ -3.470184, 50.8825078 ], [ -3.4651065, 50.8840125 ], [ -3.4617589, 50.8862158 ], [ -3.453505, 50.8863189 ], [ -3.4511881, 50.8856817 ], [ -3.4466129, 50.8844234 ], [ -3.4283098, 50.8817671 ], [ -3.4209655, 50.8818212 ], [ -3.4166578, 50.8824495 ], [ -3.415273, 50.883727 ], [ -3.4170243, 50.8851466 ], [ -3.4264881, 50.8873727 ], [ -3.4398968, 50.8892621 ], [ -3.4476509, 50.890354 ], [ -3.4533437, 50.8902832 ], [ -3.4546483, 50.8900406 ], [ -3.4595721, 50.8891248 ], [ -3.4629189, 50.8909333 ], [ -3.4744715, 50.8971742 ], [ -3.483866, 50.8970551 ], [ -3.4864625, 50.8981027 ], [ -3.4886025, 50.9000997 ], [ -3.4935081, 50.9046767 ], [ -3.4978599, 50.9071424 ], [ -3.5054549, 50.904163 ], [ -3.5104372, 50.907331 ], [ -3.5115623, 50.9080464 ], [ -3.52122, 50.9072004 ], [ -3.52902, 50.9105205 ], [ -3.5378474, 50.9104046 ], [ -3.5435781, 50.9114096 ], [ -3.5555029, 50.9155863 ], [ -3.5580668, 50.9164841 ], [ -3.5752904, 50.9225127 ], [ -3.5788706, 50.9248253 ], [ -3.5796603, 50.9253353 ], [ -3.578655, 50.9293113 ], [ -3.5764946, 50.9298221 ], [ -3.5730002, 50.9306484 ], [ -3.5602111, 50.9317205 ], [ -3.5415085, 50.9317064 ], [ -3.5345597, 50.9317003 ], [ -3.5172754, 50.934808 ], [ -3.5084433, 50.9349224 ], [ -3.5018556, 50.9339267 ], [ -3.4974259, 50.9291208 ], [ -3.4923558, 50.9309868 ], [ -3.4860711, 50.9305267 ], [ -3.4820822, 50.9309222 ], [ -3.4798208, 50.9311464 ], [ -3.4743282, 50.9286944 ], [ -3.4700835, 50.9296485 ], [ -3.4636443, 50.9333315 ], [ -3.4537906, 50.9372368 ], [ -3.4390354, 50.9394007 ], [ -3.4240653, 50.9439068 ], [ -3.4137899, 50.9434914 ], [ -3.4082394, 50.9390559 ], [ -3.4036423, 50.9378505 ], [ -3.4021147, 50.9344469 ], [ -3.3999443, 50.9327201 ], [ -3.3955172, 50.9334761 ], [ -3.3908702, 50.9342694 ], [ -3.3852575, 50.9372178 ], [ -3.3724088, 50.9364691 ], [ -3.3661877, 50.938163 ], [ -3.3625308, 50.9398266 ], [ -3.3611008, 50.9396632 ], [ -3.3564661, 50.9469213 ], [ -3.3514719, 50.9516618 ], [ -3.3509959, 50.9549092 ], [ -3.3456943, 50.9589326 ], [ -3.3492143, 50.962314 ], [ -3.3526564, 50.9629945 ], [ -3.3583268, 50.9618481 ], [ -3.3634216, 50.960528 ], [ -3.3700367, 50.9624317 ], [ -3.377477, 50.961226 ], [ -3.3808221, 50.9606837 ], [ -3.3789727, 50.9625972 ], [ -3.3788852, 50.9626877 ], [ -3.3715258, 50.9645754 ], [ -3.3658342, 50.9650024 ], [ -3.3583951, 50.9641886 ], [ -3.3541866, 50.9665788 ], [ -3.3557013, 50.969623 ], [ -3.3563031, 50.9706966 ], [ -3.3653958, 50.9734006 ], [ -3.367893, 50.9733169 ], [ -3.3689666, 50.9725618 ], [ -3.3710966, 50.972339 ], [ -3.3725641, 50.9718721 ], [ -3.3728852, 50.9716532 ], [ -3.373183, 50.9706418 ], [ -3.3737698, 50.9702572 ], [ -3.3748519, 50.9702445 ], [ -3.3759131, 50.971455 ], [ -3.3762005, 50.9715415 ], [ -3.3771381, 50.9714585 ], [ -3.377726, 50.9711099 ], [ -3.3801444, 50.9705327 ], [ -3.3801897, 50.972061 ], [ -3.3803138, 50.9719246 ], [ -3.3803487, 50.97214 ], [ -3.3808983, 50.9724213 ], [ -3.3809755, 50.9728776 ], [ -3.386883, 50.9726787 ], [ -3.394297, 50.9725905 ], [ -3.3974823, 50.9741733 ], [ -3.3975363, 50.9759737 ], [ -3.4006895, 50.9764762 ], [ -3.4140161, 50.9737942 ], [ -3.4191434, 50.9735519 ], [ -3.4228064, 50.9720665 ], [ -3.4332958, 50.969957 ], [ -3.4344363, 50.969943 ], [ -3.4367451, 50.9708152 ], [ -3.4300124, 50.9744999 ], [ -3.4247809, 50.9760727 ], [ -3.4176025, 50.9791537 ], [ -3.4148162, 50.9813488 ], [ -3.4157321, 50.9833188 ], [ -3.4254294, 50.9832008 ], [ -3.4306497, 50.9829007 ], [ -3.4313091, 50.9828627 ], [ -3.4389294, 50.9824241 ], [ -3.4407814, 50.9832658 ], [ -3.4389784, 50.9840086 ], [ -3.4312517, 50.9851122 ], [ -3.4347098, 50.9862225 ], [ -3.4401995, 50.9865872 ], [ -3.4493266, 50.9864743 ], [ -3.4593845, 50.9869254 ], [ -3.4657735, 50.9868454 ], [ -3.471916, 50.9861918 ], [ -3.4809971, 50.984636 ], [ -3.488923, 50.982662 ], [ -3.4943755, 50.9818718 ], [ -3.4975743, 50.981975 ], [ -3.4951202, 50.9837356 ], [ -3.4886444, 50.9881754 ], [ -3.4898257, 50.9894211 ], [ -3.4943896, 50.9893628 ], [ -3.5122826, 50.9864888 ], [ -3.5151124, 50.986034 ], [ -3.5219518, 50.9857649 ], [ -3.5222841, 50.9872014 ], [ -3.5155677, 50.9912511 ], [ -3.5065213, 50.9938896 ], [ -3.5061914, 50.9938966 ], [ -3.485417, 50.99434 ], [ -3.4806333, 50.9956954 ], [ -3.4843678, 50.997235 ], [ -3.4843767, 50.9985298 ], [ -3.4832631, 50.9994086 ], [ -3.4839007, 51.0004828 ], [ -3.4867696, 51.0019577 ], [ -3.4953826, 51.0024976 ], [ -3.504245, 51.0029241 ], [ -3.5094474, 51.0045377 ], [ -3.5126072, 51.0055176 ], [ -3.5280864, 51.0074774 ], [ -3.5308739, 51.0074721 ], [ -3.5551003, 51.0074234 ], [ -3.5763278, 51.0073766 ], [ -3.6012081, 51.0086591 ], [ -3.6073476, 51.0095828 ], [ -3.6089804, 51.0105689 ], [ -3.6041485, 51.0111402 ], [ -3.5767841, 51.0124133 ], [ -3.5733434, 51.0128877 ], [ -3.5463747, 51.0166021 ], [ -3.5371698, 51.0171669 ], [ -3.5328135, 51.0174339 ], [ -3.5274641, 51.0177617 ], [ -3.5224391, 51.0180693 ], [ -3.5276717, 51.0180249 ], [ -3.5314062, 51.0179931 ], [ -3.537644, 51.0179397 ], [ -3.5531533, 51.0178055 ], [ -3.5856554, 51.0173688 ], [ -3.6124115, 51.0182609 ] ], [ [ -3.3907783, 50.9693906 ], [ -3.3850596, 50.9689182 ], [ -3.3867328, 50.9676377 ], [ -3.389888, 50.9662141 ], [ -3.3952433, 50.9660955 ], [ -3.3992568, 50.9666785 ], [ -3.395604, 50.9686126 ], [ -3.3907783, 50.9693906 ] ], [ [ -3.4568719, 50.9674049 ], [ -3.4535173, 50.9650301 ], [ -3.4440867, 50.9644266 ], [ -3.43919, 50.9628662 ], [ -3.4408393, 50.9608647 ], [ -3.44734, 50.9589833 ], [ -3.4475467, 50.9564593 ], [ -3.4500785, 50.9553472 ], [ -3.4558131, 50.9563565 ], [ -3.4590162, 50.9584777 ], [ -3.4622944, 50.957634 ], [ -3.4626937, 50.9575312 ], [ -3.4698541, 50.9585219 ], [ -3.4718893, 50.959757 ], [ -3.4722199, 50.9611937 ], [ -3.4713874, 50.9619246 ], [ -3.4679551, 50.9616076 ], [ -3.4668561, 50.9629004 ], [ -3.4692231, 50.9656085 ], [ -3.4680918, 50.9659109 ], [ -3.4646928, 50.9666914 ], [ -3.4570174, 50.9675079 ], [ -3.4568719, 50.9674049 ] ], [ [ -3.3749982, 50.9566101 ], [ -3.3724168, 50.9561002 ], [ -3.3736459, 50.9540495 ], [ -3.3743896, 50.9528086 ], [ -3.3751345, 50.9515656 ], [ -3.3802542, 50.951145 ], [ -3.3830781, 50.9520294 ], [ -3.3772627, 50.9560431 ], [ -3.3749982, 50.9566101 ] ], [ [ -3.582368, 50.9536051 ], [ -3.5851813, 50.9524863 ], [ -3.5909245, 50.9536689 ], [ -3.6007571, 50.957677 ], [ -3.6002365, 50.959125 ], [ -3.5943554, 50.9622672 ], [ -3.5954943, 50.9656203 ], [ -3.5887892, 50.9663054 ], [ -3.58268, 50.9627863 ], [ -3.5747163, 50.9634343 ], [ -3.5706342, 50.9607877 ], [ -3.5700277, 50.9597152 ], [ -3.5717015, 50.958612 ], [ -3.5762135, 50.9571104 ], [ -3.5796339, 50.9570642 ], [ -3.582368, 50.9536051 ] ], [ [ -3.5506135, 50.9651023 ], [ -3.5429718, 50.9666291 ], [ -3.5418313, 50.9668569 ], [ -3.5368658, 50.9633203 ], [ -3.5339675, 50.9619176 ], [ -3.5358977, 50.9599111 ], [ -3.5326436, 50.9563517 ], [ -3.5343301, 50.9556092 ], [ -3.5366281, 50.9561193 ], [ -3.5438793, 50.9598058 ], [ -3.5451539, 50.9600114 ], [ -3.5490402, 50.960638 ], [ -3.5506135, 50.9651023 ] ], [ [ -3.3952658, 50.9477056 ], [ -3.3929941, 50.9481121 ], [ -3.3903753, 50.9463422 ], [ -3.3914454, 50.9439882 ], [ -3.3942413, 50.9421538 ], [ -3.4016016, 50.9404447 ], [ -3.4036397, 50.941861 ], [ -3.4033819, 50.9427647 ], [ -3.3952658, 50.9477056 ] ] ] ] } }
]
}
