{"type":"FeatureCollection","features":[{"type":"Feature","geometry":{"bbox":[-3.762915442581758,51.14811318210291,-3.707811236248611,51.15637619183195],"type":"LineString","coordinates":[[-3.762915442581758,51.15637619183195,0],[-3.762410404095324,51.15628748792297,0],[-3.762497977108708,51.156123754190546,0],[-3.7622321067123794,51.15599916013939,0],[-3.761583854237049,51.15596485990921,0],[-3.7612089886792646,51.15568920352174,0],[-3.760626896718572,51.155848870533184,0],[-3.759803442684847,51.15569732064586,0],[-3.757865186122399,51.155761181656885,0],[-3.757196445731947,51.15591017313022,0],[-3.7569321610091237,51.155800561566515,0],[-3.7563875295604148,51.156069719356715,0],[-3.755960213353383,51.15589204844476,0],[-3.7560463048684904,51.15569623669487,0],[-3.7502516809712563,51.15554784123308,0],[-3.748294157856697,51.15559762939198,0],[-3.7467236697290383,51.15593351736752,0],[-3.745943052907329,51.15586999388138,0],[-3.7443169783172694,51.15603320399824,0],[-3.738905873430877,51.155815679321385,0],[-3.736857376084474,51.15519494055222,0],[-3.735053951630181,51.15483132725889,0],[-3.7340525285323753,51.154354354462804,0],[-3.732369085449218,51.154199536930484,0],[-3.732296184642671,51.15397111533075,0],[-3.7314050898973314,51.153479715412146,0],[-3.731030845459586,51.152775707763865,0],[-3.7303249159757703,51.152244866876316,0],[-3.72943428105036,51.151879077618965,0],[-3.72849273363529,51.15172321165571,0],[-3.728256234578241,51.15152427477683,0],[-3.72745076343316,51.151550655890404,0],[-3.7267414414249727,51.151306630727355,0],[-3.7262130150140154,51.15144231359959,0],[-3.7257304546245593,51.151216787467305,0],[-3.7248678563802358,51.15131009251489,0],[-3.724411140117517,51.151071859309866,0],[-3.7232260711451794,51.15097610815246,0],[-3.722586988762372,51.15067067966676,0],[-3.721040910042686,51.150429231705836,0],[-3.720625299895087,51.15014595343064,0],[-3.7199498266949096,51.15002243506611,0],[-3.71939859175411,51.1496213605889,0],[-3.718880414706748,51.14952106310702,0],[-3.7164957328872914,51.149489636993,0],[-3.7155325236154146,51.14920205853469,0],[-3.7115278117283914,51.148743472171915,0],[-3.707811236248611,51.14811318210291,0]]},"properties":{"FID_1":3878,"openrivers":"River Exe","CaBACatchm":"East Devon","SAP":"Yes","SAC":"No","Shape__Len":6785.58959828,"riverName":"Exe","riverType":"Principal salmon river","salmonStat":"At risk","OrgName":""}},{"type":"Feature","geometry":{"bbox":[-3.623111771975614,50.78030019565047,-3.6136760300438513,50.78156400457433],"type":"LineString","coordinates":[[-3.623111771975614,50.78036806843297,0],[-3.6194346109788973,50.780465320937324,0],[-3.618443735878754,50.78030019565047,0],[-3.6169650529061412,50.780320525798196,0],[-3.615456212872024,50.78090217573677,0],[-3.6146798408885275,50.7810338885133,0],[-3.6136760300438513,50.78156400457433,0]]},"properties":{"FID_1":4179,"openrivers":"River Yeo","CaBACatchm":"East Devon","SAP":"Yes","SAC":"No","Shape__Len":1120.20772621,"riverName":"Exe","riverType":"Principal salmon river","salmonStat":"At risk","OrgName":""}},{"type":"Feature","geometry":{"bbox":[-3.552582005418133,51.015848552957245,-3.5207736581139772,51.038265057690005],"type":"LineString","coordinates":[[-3.552582005418133,51.038265057690005,0],[-3.552448233525068,51.03724953004544,0],[-3.551904334599377,51.036723189782485,0],[-3.549028410929586,51.03518232547329,0],[-3.5441106555883137,51.03315820925443,0],[-3.54181084719794,51.03160534059868,0],[-3.54122575031411,51.03153409927158,0],[-3.5404519228262106,51.031043927504385,0],[-3.537197010716517,51.027343964968985,0],[-3.536076656283964,51.02674672096433,0],[-3.534434452451624,51.02538597689938,0],[-3.5332254718346716,51.02327940954563,0],[-3.530209778158404,51.02121674301936,0],[-3.527861768775595,51.02027793854706,0],[-3.526950423514429,51.019192295201826,0],[-3.5263632566974366,51.01909407815329,0],[-3.525251624562355,51.01791618028144,0],[-3.5247642580411744,51.017522000905956,0],[-3.5246378134347487,51.01744998840147,0],[-3.524099124457557,51.017493849116136,0],[-3.5234157811725884,51.0173554367866,0],[-3.522390981599557,51.016374342478926,0],[-3.521714199309095,51.016212813893546,0],[-3.5207736581139772,51.015848552957245,0]]},"properties":{"FID_1":3650,"openrivers":"River Barle","CaBACatchm":"East Devon","SAP":"Yes","SAC":"No","Shape__Len":5533.23468117,"riverName":"Exe","riverType":"Principal salmon river","salmonStat":"At risk","OrgName":""}},{"type":"Feature","geometry":{"bbox":[-3.5585423059328956,50.88799178812291,-3.545095334869686,50.89511324948893],"type":"LineString","coordinates":[[-3.5585423059328956,50.89511324948893,0],[-3.558317591815917,50.895090799025155,0],[-3.55821995737077,50.89478588312643,0],[-3.557579724040539,50.894754408737235,0],[-3.557167337587548,50.89448561778021,0],[-3.5564353351033726,50.89434159710586,0],[-3.555968595882418,50.894493690216706,0],[-3.5552224046680996,50.89424382098401,0],[-3.5551448924927422,50.894008691693784,0],[-3.5544240585193796,50.89399464161065,0],[-3.5534639889974278,50.89367971054955,0],[-3.5518986456726624,50.89342138442847,0],[-3.5516833571097606,50.89353666201071,0],[-3.551566336862458,50.89333155341735,0],[-3.5507016281737505,50.89326228627308,0],[-3.5507402176800897,50.892998631860074,0],[-3.5498117038750525,50.89266913279308,0],[-3.549755458146206,50.892234247876594,0],[-3.5491352057899395,50.89188248349705,0],[-3.5494053756695725,50.89139452226976,0],[-3.549214369257926,50.89093903298417,0],[-3.549407651827674,50.890422324649336,0],[-3.549115418241156,50.89034391584258,0],[-3.549427032107045,50.890016742759755,0],[-3.548615279228255,50.88996456397905,0],[-3.5482974600015194,50.88967623105125,0],[-3.5486218238397713,50.88939475639168,0],[-3.548206963503233,50.88946842902463,0],[-3.548060250323669,50.889168922253724,0],[-3.5474705321637092,50.889153270520026,0],[-3.5475070133712117,50.88895421641945,0],[-3.5471162791197908,50.88889779306684,0],[-3.5470814144992633,50.88866524078807,0],[-3.546611535557458,50.88871319699294,0],[-3.5465646222434977,50.88858035922066,0],[-3.545390986162069,50.8882857292619,0],[-3.545095334869686,50.88799178812291,0]]},"properties":{"FID_1":4010,"openrivers":"River Dart","CaBACatchm":"East Devon","SAP":"Yes","SAC":"No","Shape__Len":2535.20120439,"riverName":"Exe","riverType":"Principal salmon river","salmonStat":"At risk","OrgName":""}},{"type":"Feature","geometry":{"bbox":[-3.6820472928904855,50.77800307828045,-3.66769009455501,50.77876658567908],"type":"LineString","coordinates":[[-3.6820472928904855,50.778151858394764,0],[-3.681618527118129,50.7782472340203,0],[-3.6812024950366657,50.7781659218392,0],[-3.6803637991918405,50.77853815205226,0],[-3.6799553937815936,50.778669539618186,0],[-3.6783088592705404,50.778595016598814,0],[-3.6768131468987817,50.77876658567908,0],[-3.6761150076455444,50.77873907439103,0],[-3.6753429873502297,50.77858999039979,0],[-3.6739154959957903,50.77870293400918,0],[-3.673223703746792,50.77817469021223,0],[-3.67153726921663,50.77800307828045,0],[-3.6705603365213135,50.77800591979549,0],[-3.669721588147325,50.77822045979133,0],[-3.66769009455501,50.7783767753801,0]]},"properties":{"FID_1":4195,"openrivers":"","CaBACatchm":"East Devon","SAP":"Yes","SAC":"No","Shape__Len":1693.17626697,"riverName":"Exe","riverType":"Principal salmon river","salmonStat":"At risk","OrgName":""}},{"type":"Feature","geometry":{"bbox":[-3.5273183536519075,51.006462093592596,-3.5264729789145,51.00971405137978],"type":"LineString","coordinates":[[-3.5264729789145,51.00971405137978,0],[-3.5269557026746936,51.009424730121715,0],[-3.52726330432704,51.00807497923343,0],[-3.5273183536519075,51.00729509406371,0],[-3.5270543602398523,51.006462093592596,0]]},"properties":{"FID_1":3756,"openrivers":"River Exe","CaBACatchm":"East Devon","SAP":"Yes","SAC":"No","Shape__Len":603.8408200799016,"riverName":"Exe","riverType":"Principal salmon river","salmonStat":"At risk","OrgName":""}},{"type":"Feature","geometry":{"bbox":[-3.5492772159744073,50.74971738028447,-3.5450303791633346,50.750891531499676],"type":"LineString","coordinates":[[-3.5450303791633346,50.750891531499676,0],[-3.547437683070965,50.75050598375098,0],[-3.5474637365049095,50.750393309792756,0],[-3.5485203728884382,50.75018142444547,0],[-3.5492772159744073,50.74971738028447,0]]},"properties":{"FID_1":4062,"openrivers":"River Exe","CaBACatchm":"East Devon","SAP":"Yes","SAC":"No","Shape__Len":537.1789727504549,"riverName":"Exe","riverType":"Principal salmon river","salmonStat":"At risk","OrgName":""}},{"type":"Feature","geometry":{"bbox":[-3.50257738519696,50.95904091324734,-3.496848648782948,50.96436630653851],"type":"LineString","coordinates":[[-3.496848648782948,50.96436630653851,0],[-3.497244348136798,50.963491957631064,0],[-3.4982407628655623,50.96288077324915,0],[-3.49903641370449,50.96296130131206,0],[-3.500572800628747,50.96267743747395,0],[-3.5011889063762185,50.961362905709166,0],[-3.502511791296969,50.95970266350837,0],[-3.50257738519696,50.9593612493253,0],[-3.502172182511,50.959137768107226,0],[-3.5003579354213485,50.95919967719674,0],[-3.499730700536517,50.95904091324734,0]]},"properties":{"FID_1":3713,"openrivers":"River Exe","CaBACatchm":"East Devon","SAP":"Yes","SAC":"No","Shape__Len":1552.2714688,"riverName":"Exe","riverType":"Principal salmon river","salmonStat":"At risk","OrgName":""}},{"type":"Feature","geometry":{"bbox":[-3.5480524437742216,50.73003008827447,-3.5450772109201676,50.73529315120854],"type":"LineString","coordinates":[[-3.5480524437742216,50.73529315120854,0],[-3.5470802518621047,50.734505361361364,0],[-3.5464810283731167,50.733707580003426,0],[-3.5459739073582495,50.733717993591554,0],[-3.5458213596208354,50.73328985515798,0],[-3.545247869319469,50.73272169142111,0],[-3.5450772109201676,50.731518997845306,0],[-3.545334612279416,50.731314400307596,0],[-3.5457576827988,50.73003008827447,0]]},"properties":{"FID_1":4028,"openrivers":"River Exe","CaBACatchm":"East Devon","SAP":"Yes","SAC":"No","Shape__Len":1072.53701963,"riverName":"Exe","riverType":"Principal salmon river","salmonStat":"At risk","OrgName":""}},{"type":"Feature","geometry":{"bbox":[-3.567754996934531,50.89805153435916,-3.5676271826727897,50.898274918301915],"type":"LineString","coordinates":[[-3.567754996934531,50.898274918301915,0],[-3.5676271826727897,50.89805153435916,0]]},"properties":{"FID_1":4003,"openrivers":"River Dart","CaBACatchm":"East Devon","SAP":"Yes","SAC":"No","Shape__Len":41.91627840116794,"riverName":"Exe","riverType":"Principal salmon river","salmonStat":"At risk","OrgName":""}},{"type":"Feature","geometry":{"bbox":[-3.514702996546157,50.759532558514174,-3.5145863572398355,50.75966150986817],"type":"LineString","coordinates":[[-3.5145863572398355,50.75966150986817,0],[-3.514702996546157,50.759532558514174,0]]},"properties":{"FID_1":3972,"openrivers":"River Exe","CaBACatchm":"East Devon","SAP":"Yes","SAC":"No","Shape__Len":26.14469862502896,"riverName":"Exe","riverType":"Principal salmon river","salmonStat":"At risk","OrgName":""}},{"type":"Feature","geometry":{"bbox":[-3.509673135364115,50.823807842596224,-3.5052828223396117,50.83154153436787],"type":"LineString","coordinates":[[-3.5052828223396117,50.83154153436787,0],[-3.5060837877340445,50.830581595395714,0],[-3.5085204075308205,50.8305942632117,0],[-3.5093257483339606,50.83034021672233,0],[-3.509673135364115,50.8299149257241,0],[-3.5095584828717628,50.829407120816796,0],[-3.5084070494598367,50.82800368903063,0],[-3.5071019794124156,50.827069611443044,0],[-3.5062282119625063,50.82689051116477,0],[-3.5055688315840374,50.82610168110902,0],[-3.5052961255454926,50.8250177339474,0],[-3.505451954742638,50.824499148537576,0],[-3.5056981256411395,50.82424667698135,0],[-3.5067745744988223,50.823807842596224,0]]},"properties":{"FID_1":3932,"openrivers":"River Exe","CaBACatchm":"East Devon","SAP":"Yes","SAC":"No","Shape__Len":1976.35502736,"riverName":"Exe","riverType":"Principal salmon river","salmonStat":"At risk","OrgName":""}},{"type":"Feature","geometry":{"bbox":[-3.628526024824539,51.0665184524171,-3.6172089107865935,51.07685070336869],"type":"LineString","coordinates":[[-3.6172890196080183,51.07685070336869,0],[-3.6172089107865935,51.07603901186927,0],[-3.618376399544525,51.07469734476904,0],[-3.619198290998839,51.07456436664317,0],[-3.621077705892487,51.0745793965291,0],[-3.6218085289495296,51.07472465302202,0],[-3.6229277894171807,51.07524150142868,0],[-3.623549935394963,51.07522188368536,0],[-3.6267461686912754,51.07358850174239,0],[-3.628091205204889,51.072682855817256,0],[-3.628526024824539,51.07201615649616,0],[-3.6283188379733313,51.07111100550973,0],[-3.627797792450317,51.0706702288815,0],[-3.626113328815423,51.07001839579759,0],[-3.6246660883654593,51.06971990783266,0],[-3.6227702856928863,51.06865080563755,0],[-3.621553676798859,51.0683497941494,0],[-3.621182116919218,51.0679566448516,0],[-3.6212403663762687,51.06716425809697,0],[-3.6205949494690985,51.06687401268083,0],[-3.619049512515668,51.0665184524171,0]]},"properties":{"FID_1":3771,"openrivers":"River Barle","CaBACatchm":"East Devon","SAP":"Yes","SAC":"No","Shape__Len":3405.01459584,"riverName":"Exe","riverType":"Principal salmon river","salmonStat":"At risk","OrgName":""}},{"type":"Feature","geometry":{"bbox":[-3.4975399304291406,50.90324058995595,-3.4894865659740404,50.913907279973365],"type":"LineString","coordinates":[[-3.4946379579266096,50.913907279973365,0],[-3.4944196081454026,50.913099528931575,0],[-3.494701239365614,50.9123836627334,0],[-3.495595266535872,50.911601754757214,0],[-3.497254608034806,50.91059093905309,0],[-3.4975399304291406,50.91012925335362,0],[-3.495254135121454,50.90767766394533,0],[-3.494546006535593,50.90716046883819,0],[-3.4934985489087547,50.906866330384005,0],[-3.4910006519289847,50.90678319792212,0],[-3.4898664204703516,50.906367471119836,0],[-3.4894865659740404,50.90589236383641,0],[-3.4900745775372735,50.904641461125905,0],[-3.4901601239310978,50.90324058995595,0]]},"properties":{"FID_1":3890,"openrivers":"River Exe","CaBACatchm":"East Devon","SAP":"Yes","SAC":"No","Shape__Len":2535.93855906,"riverName":"Exe","riverType":"Principal salmon river","salmonStat":"At risk","OrgName":""}},{"type":"Feature","geometry":{"bbox":[-3.52232873592005,50.976803529190015,-3.512635550718255,50.98421727431347],"type":"LineString","coordinates":[[-3.52232873592005,50.98421727431347,0],[-3.5166128284286473,50.983559155589646,0],[-3.515187795489468,50.98283554335015,0],[-3.5137887355990762,50.98154258294349,0],[-3.512635550718255,50.97953686438066,0],[-3.5130117809380645,50.97774029162057,0],[-3.512966229851766,50.976803529190015,0]]},"properties":{"FID_1":3721,"openrivers":"River Exe","CaBACatchm":"East Devon","SAP":"Yes","SAC":"No","Shape__Len":1990.53411556,"riverName":"Exe","riverType":"Principal salmon river","salmonStat":"At risk","OrgName":""}},{"type":"Feature","geometry":{"bbox":[-3.5459563103925964,50.72201353320904,-3.5397858975090357,50.73003008827447],"type":"LineString","coordinates":[[-3.5457576827988,50.73003008827447,0],[-3.5459563103925964,50.729047786697734,0],[-3.545419303552919,50.727911826361876,0],[-3.5443353735825287,50.72725320335162,0],[-3.5440928496501125,50.72692293499192,0],[-3.543577698580358,50.72686788173677,0],[-3.543430614398316,50.726591658577924,0],[-3.54238934337318,50.725974722399755,0],[-3.5403364031907114,50.724293094570456,0],[-3.5397858975090357,50.72293397930452,0],[-3.540039912235437,50.72273915147298,0],[-3.5399046133353615,50.722553423515194,0],[-3.5402592332199294,50.72201353320904,0]]},"properties":{"FID_1":4036,"openrivers":"River Exe","CaBACatchm":"East Devon","SAP":"Yes","SAC":"No","Shape__Len":1685.82194231,"riverName":"Exe","riverType":"Principal salmon river","salmonStat":"At risk","OrgName":""}},{"type":"Feature","geometry":{"bbox":[-3.6585536467608435,51.1390736976613,-3.6554858356313646,51.14251080397927],"type":"LineString","coordinates":[[-3.6585536467608435,51.14251080397927,0],[-3.65811849440854,51.14154979350275,0],[-3.6554858356313646,51.1390736976613,0]]},"properties":{"FID_1":3845,"openrivers":"River Exe","CaBACatchm":"East Devon","SAP":"Yes","SAC":"No","Shape__Len":705.3637626780046,"riverName":"Exe","riverType":"Principal salmon river","salmonStat":"At risk","OrgName":""}},{"type":"Feature","geometry":{"bbox":[-3.6258751715592026,51.11263849841281,-3.580213361652897,51.12619911697885],"type":"LineString","coordinates":[[-3.6196068441214067,51.12619911697885,0],[-3.6196464443520284,51.12556628214547,0],[-3.621008340719679,51.12525144554498,0],[-3.6211715462271465,51.12471689504627,0],[-3.6218604624308433,51.12456911614163,0],[-3.622566236267809,51.124172536542325,0],[-3.6237884436482903,51.12228423625723,0],[-3.625714165547736,51.12114926977067,0],[-3.6258751715592026,51.12073713452742,0],[-3.6255837411280236,51.117702137572515,0],[-3.625216769651703,51.1172814301064,0],[-3.6238372785076196,51.11674467098618,0],[-3.622546635017794,51.11573723351317,0],[-3.619459438128565,51.115356322765074,0],[-3.6179225909471135,51.11490045386441,0],[-3.615709182731283,51.11363465130535,0],[-3.6157490880242915,51.113156668673625,0],[-3.615398529914408,51.11302266312371,0],[-3.6131508346655794,51.11263849841281,0],[-3.6122510498905593,51.112913321690904,0],[-3.6106969370009656,51.11291756677392,0],[-3.6099704648202486,51.11309466009409,0],[-3.606749356782781,51.11327602327921,0],[-3.6047793015655327,51.113126552251394,0],[-3.603062454628129,51.11327528538541,0],[-3.6019729300109407,51.11354363647422,0],[-3.6012841716584547,51.113986344885646,0],[-3.601079615322742,51.11429319303889,0],[-3.6009853998486268,51.11565131671232,0],[-3.6001055381194624,51.11616714022442,0],[-3.5989224245400857,51.11649124249707,0],[-3.5976631348811674,51.11649209363483,0],[-3.596025992976524,51.11551607586366,0],[-3.594298267477999,51.11519378822108,0],[-3.592738337002275,51.11365938416951,0],[-3.5915040417346042,51.11311720004125,0],[-3.588201825735119,51.113304825059984,0],[-3.586720518572062,51.11316127025141,0],[-3.5847765113104897,51.1133778383911,0],[-3.5834766578938986,51.11383213605604,0],[-3.5824052701609244,51.114446547700425,0],[-3.580213361652897,51.1148617032063,0]]},"properties":{"FID_1":3734,"openrivers":"River Exe","CaBACatchm":"East Devon","SAP":"Yes","SAC":"No","Shape__Len":7967.75798788,"riverName":"Exe","riverType":"Principal salmon river","salmonStat":"At risk","OrgName":""}},{"type":"Feature","geometry":{"bbox":[-3.524845362686637,50.868311171343926,-3.523827960582691,50.86935731005805],"type":"LineString","coordinates":[[-3.524746802513522,50.86935731005805,0],[-3.524845362686637,50.86924082719309,0],[-3.524812761256339,50.86907046332218,0],[-3.524828735457812,50.86888067725581,0],[-3.5241576825138408,50.868916695270286,0],[-3.5240211388486644,50.868665139703005,0],[-3.523827960582691,50.868311171343926,0]]},"properties":{"FID_1":4125,"openrivers":"River Dart","CaBACatchm":"East Devon","SAP":"Yes","SAC":"No","Shape__Len":274.9950828876324,"riverName":"Exe","riverType":"Principal salmon river","salmonStat":"At risk","OrgName":""}},{"type":"Feature","geometry":{"bbox":[-3.4902256663227944,50.89770457105756,-3.489460861221068,50.90324058995595],"type":"LineString","coordinates":[[-3.4901601239310978,50.90324058995595,0],[-3.4902256663227944,50.90152962181535,0],[-3.48958505437761,50.90010205878344,0],[-3.489460861221068,50.898688303818545,0],[-3.4900214770778204,50.89770457105756,0]]},"properties":{"FID_1":3904,"openrivers":"River Exe","CaBACatchm":"East Devon","SAP":"Yes","SAC":"No","Shape__Len":998.405374363049,"riverName":"Exe","riverType":"Principal salmon river","salmonStat":"At risk","OrgName":""}},{"type":"Feature","geometry":{"bbox":[-3.599828987500859,50.90855837074565,-3.5958445149068687,50.91823203010907],"type":"LineString","coordinates":[[-3.5974821040290523,50.91823203010907,0],[-3.597959852093111,50.918053543145675,0],[-3.5979018796162516,50.917748383929926,0],[-3.598459297480878,50.91733758697272,0],[-3.5989808906020064,50.91717270511086,0],[-3.598977042365607,50.91688200405577,0],[-3.5994592895528155,50.916486800236015,0],[-3.599828987500859,50.915182922543494,0],[-3.599762337341069,50.91462499081687,0],[-3.599069599264933,50.9142410196999,0],[-3.5984215699052506,50.914111123378724,0],[-3.597512383882091,50.913180254206885,0],[-3.5972197368370127,50.91266426341681,0],[-3.597352961107171,50.91229254642936,0],[-3.596991363806281,50.911785861901436,0],[-3.5972794311953287,50.91152021704524,0],[-3.597233059822182,50.911192055673055,0],[-3.5974708249297684,50.91113583304438,0],[-3.5978311975599016,50.910070051503915,0],[-3.597193174264488,50.90910048608868,0],[-3.5965211227691984,50.90894806566589,0],[-3.5963493242708564,50.90865381504523,0],[-3.5958445149068687,50.90855837074565,0]]},"properties":{"FID_1":4137,"openrivers":"River Dart","CaBACatchm":"East Devon","SAP":"Yes","SAC":"No","Shape__Len":2096.54991953,"riverName":"Exe","riverType":"Principal salmon river","salmonStat":"At risk","OrgName":""}},{"type":"Feature","geometry":{"bbox":[-3.6048424357785214,50.77507323671168,-3.5893100984266817,50.78001185650389],"type":"LineString","coordinates":[[-3.6048424357785214,50.77961623259106,0],[-3.6038953881365132,50.779407482525436,0],[-3.602545915548909,50.77874639990761,0],[-3.601321588290785,50.779135544228204,0],[-3.600766162907864,50.779062408238765,0],[-3.600319914001348,50.77863891680643,0],[-3.6004381391394555,50.77810920074858,0],[-3.599895051375654,50.77796493331119,0],[-3.599274359771,50.7781568224385,0],[-3.5989472059829253,50.778803708257776,0],[-3.5971474236531344,50.77948578858918,0],[-3.5971510968132554,50.77974339967058,0],[-3.596677951354974,50.78001185650389,0],[-3.594839542432331,50.779582124093935,0],[-3.593710902154467,50.77867878550497,0],[-3.5917013301242577,50.77868653404038,0],[-3.5908801517508064,50.77886132880884,0],[-3.590267605757827,50.77869691951514,0],[-3.5896330574120494,50.77833117464543,0],[-3.5893100984266817,50.77779651117505,0],[-3.5901453432643753,50.77706259495668,0],[-3.5897669481733288,50.77617308891883,0],[-3.590783200132479,50.77564148025185,0],[-3.590689478233473,50.77529138581127,0],[-3.590298123964737,50.77507323671168,0]]},"properties":{"FID_1":4085,"openrivers":"River Creedy","CaBACatchm":"East Devon","SAP":"Yes","SAC":"No","Shape__Len":2913.07988469,"riverName":"Exe","riverType":"Principal salmon river","salmonStat":"At risk","OrgName":""}},{"type":"Feature","geometry":{"bbox":[-3.5071859751653873,50.86010881295276,-3.501299307143421,50.86271659264974],"type":"LineString","coordinates":[[-3.501299307143421,50.86271659264974,0],[-3.502708819989588,50.861634721710644,0],[-3.5054433799037787,50.86029395436521,0],[-3.5071859751653873,50.86010881295276,0]]},"properties":{"FID_1":4089,"openrivers":"River Exe","CaBACatchm":"East Devon","SAP":"Yes","SAC":"No","Shape__Len":829.2055602541266,"riverName":"Exe","riverType":"Principal salmon river","salmonStat":"At risk","OrgName":""}},{"type":"Feature","geometry":{"bbox":[-3.5823668250139176,50.903871184703505,-3.580715768922547,50.90401618095569],"type":"LineString","coordinates":[[-3.5823668250139176,50.90401618095569,0],[-3.580715768922547,50.903871184703505,0]]},"properties":{"FID_1":4151,"openrivers":"River Dart","CaBACatchm":"East Devon","SAP":"Yes","SAC":"No","Shape__Len":185.56835620120054,"riverName":"Exe","riverType":"Principal salmon river","salmonStat":"At risk","OrgName":""}},{"type":"Feature","geometry":{"bbox":[-3.5038778229716616,50.93733618514848,-3.5022151167128412,50.94164310315589],"type":"LineString","coordinates":[[-3.5038778229716616,50.94164310315589,0],[-3.502889380498762,50.940856426666116,0],[-3.5022978362166075,50.93989843984213,0],[-3.5022151167128412,50.939354425593194,0],[-3.502854018349283,50.93827591856127,0],[-3.502835540379382,50.93733618514848,0]]},"properties":{"FID_1":3702,"openrivers":"River Exe","CaBACatchm":"East Devon","SAP":"Yes","SAC":"No","Shape__Len":824.7916222456154,"riverName":"Exe","riverType":"Principal salmon river","salmonStat":"At risk","OrgName":""}},{"type":"Feature","geometry":{"bbox":[-3.5397678149335667,51.07833998677633,-3.537548028617193,51.088114505372026],"type":"LineString","coordinates":[[-3.5388949690508213,51.088114505372026,0],[-3.538520204672197,51.087793620987654,0],[-3.538970372346635,51.08715144979889,0],[-3.5388951521350385,51.08619748001199,0],[-3.5384708600409187,51.08559271062308,0],[-3.5396875118851163,51.08429035398733,0],[-3.5397678149335667,51.08371617707028,0],[-3.539231587919339,51.08256053624808,0],[-3.537638254032364,51.08124343118696,0],[-3.537548028617193,51.08097662740081,0],[-3.537843495838633,51.08050555967566,0],[-3.538305996464572,51.080206757753686,0],[-3.5381930298201825,51.079887105151805,0],[-3.5390221362207703,51.07976028015481,0],[-3.5393757542181628,51.07947189934672,0],[-3.5395579375663146,51.07869844589324,0],[-3.5392231142228443,51.07833998677633,0]]},"properties":{"FID_1":3783,"openrivers":"River Exe","CaBACatchm":"East Devon","SAP":"Yes","SAC":"No","Shape__Len":1999.06603926,"riverName":"Exe","riverType":"Principal salmon river","salmonStat":"At risk","OrgName":""}},{"type":"Feature","geometry":{"bbox":[-3.5399283814671247,51.088114505372026,-3.5388949690508213,51.09276828977149],"type":"LineString","coordinates":[[-3.5392067211654314,51.09276828977149,0],[-3.5396146936100568,51.091589884376425,0],[-3.539567769340646,51.09059426565929,0],[-3.5399283814671247,51.08943959366754,0],[-3.5395915991708047,51.08849158543831,0],[-3.539299634228516,51.08820477613727,0],[-3.5388949690508213,51.088114505372026,0]]},"properties":{"FID_1":3791,"openrivers":"River Exe","CaBACatchm":"East Devon","SAP":"Yes","SAC":"No","Shape__Len":879.1073173960339,"riverName":"Exe","riverType":"Principal salmon river","salmonStat":"At risk","OrgName":""}},{"type":"Feature","geometry":{"bbox":[-3.5198971675573962,51.028568686555,-3.518646282760331,51.03069050756712],"type":"LineString","coordinates":[[-3.5198971675573962,51.03069050756712,0],[-3.518646282760331,51.028568686555,0]]},"properties":{"FID_1":3658,"openrivers":"River Exe","CaBACatchm":"East Devon","SAP":"Yes","SAC":"No","Shape__Len":400.548848968419,"riverName":"Exe","riverType":"Principal salmon river","salmonStat":"At risk","OrgName":""}},{"type":"Feature","geometry":{"bbox":[-3.4992887922723117,50.922026850732465,-3.4976955182832805,50.92745264203001],"type":"LineString","coordinates":[[-3.4976955182832805,50.92745264203001,0],[-3.498560385698211,50.92700473493809,0],[-3.4989929548717735,50.92616766584256,0],[-3.4984769076400157,50.924699237318684,0],[-3.498567007370246,50.92386774226874,0],[-3.4992887922723117,50.922463537467806,0],[-3.4988254273877626,50.922026850732465,0]]},"properties":{"FID_1":3680,"openrivers":"River Exe","CaBACatchm":"East Devon","SAP":"Yes","SAC":"No","Shape__Len":1046.33400798,"riverName":"Exe","riverType":"Principal salmon river","salmonStat":"At risk","OrgName":""}},{"type":"Feature","geometry":{"bbox":[-3.530550765018109,51.039813236833744,-3.520594304818319,51.06107066042277],"type":"LineString","coordinates":[[-3.5295494748459024,51.06107066042277,0],[-3.528529877084646,51.06063434269259,0],[-3.5271016752460302,51.058925173129616,0],[-3.527445056604244,51.057230165396554,0],[-3.5266144845404184,51.05571704493898,0],[-3.5269687785403647,51.05538695728614,0],[-3.529172262261602,51.055297809635185,0],[-3.5296714282281187,51.055125625823315,0],[-3.529683159333925,51.05487528421589,0],[-3.5284828355346023,51.05308382148635,0],[-3.528656514527584,51.0526946670344,0],[-3.5303662559405806,51.05113519370758,0],[-3.530550765018109,51.04999721808735,0],[-3.530407190391224,51.048960843461856,0],[-3.5293007764120623,51.04810694952347,0],[-3.5270689653355323,51.04751056705655,0],[-3.526865783337531,51.04701059636681,0],[-3.5251191740642804,51.04729401884756,0],[-3.523682519176835,51.047089096313165,0],[-3.521890095250313,51.045321379842676,0],[-3.52155605135197,51.04407748488476,0],[-3.5208605085480347,51.044244455955734,0],[-3.520594304818319,51.044143958965286,0],[-3.520745826889162,51.042950400381905,0],[-3.521469124098135,51.04241614959276,0],[-3.521965953088655,51.04156190358811,0],[-3.5224919010918287,51.041165923679436,0],[-3.5231988779323444,51.039813236833744,0]]},"properties":{"FID_1":3667,"openrivers":"River Exe","CaBACatchm":"East Devon","SAP":"Yes","SAC":"No","Shape__Len":5101.21540662,"riverName":"Exe","riverType":"Principal salmon river","salmonStat":"At risk","OrgName":""}},{"type":"Feature","geometry":{"bbox":[-3.6554858356313646,51.13461537706937,-3.6464096623703823,51.1390736976613],"type":"LineString","coordinates":[[-3.6554858356313646,51.1390736976613,0],[-3.6540418772399357,51.1376892764232,0],[-3.653158198577574,51.13758568432795,0],[-3.652915019065756,51.13712455146219,0],[-3.6519778975905526,51.13627610505148,0],[-3.65164865509111,51.13621870864919,0],[-3.65126547084404,51.136376194662,0],[-3.650032574172605,51.13567391030291,0],[-3.649496047746897,51.13569596450687,0],[-3.6484477555010657,51.13532757167007,0],[-3.647526099665481,51.13533202803625,0],[-3.647118380828935,51.13461537706937,0],[-3.6464096623703823,51.13473489943024,0]]},"properties":{"FID_1":3849,"openrivers":"River Exe","CaBACatchm":"East Devon","SAP":"Yes","SAC":"No","Shape__Len":1450.21855663,"riverName":"Exe","riverType":"Principal salmon river","salmonStat":"At risk","OrgName":""}},{"type":"Feature","geometry":{"bbox":[-3.579881999129594,50.89827042339058,-3.567754996934531,50.90409691748907],"type":"LineString","coordinates":[[-3.579881999129594,50.903777790156056,0],[-3.5798718987775686,50.90409691748907,0],[-3.5791760447921304,50.903787971681844,0],[-3.5789551904588683,50.903923159872164,0],[-3.5786226209276837,50.9036529138578,0],[-3.5784043556370007,50.90377637476287,0],[-3.5780262197612074,50.90348758756678,0],[-3.577635063860213,50.90350339657921,0],[-3.577394797206052,50.903194937456,0],[-3.576691410106912,50.903167207787945,0],[-3.5768025971945994,50.903002118844164,0],[-3.576136236837805,50.90273997141738,0],[-3.5761396192849357,50.90254540184962,0],[-3.5752694340749143,50.90255193163892,0],[-3.5749880434477403,50.902322263902235,0],[-3.575027611611138,50.90210409354471,0],[-3.5730669543187803,50.90141269067944,0],[-3.5718664215554137,50.90130970222352,0],[-3.571732689079715,50.900915710519754,0],[-3.5709886673298774,50.90075287599452,0],[-3.5701791738888247,50.90001786870066,0],[-3.570152543664006,50.89928150126801,0],[-3.5697704056311013,50.89880352434288,0],[-3.568799093820472,50.89827042339058,0],[-3.567754996934531,50.898274918301915,0]]},"properties":{"FID_1":4159,"openrivers":"River Dart","CaBACatchm":"East Devon","SAP":"Yes","SAC":"No","Shape__Len":2053.27597023,"riverName":"Exe","riverType":"Principal salmon river","salmonStat":"At risk","OrgName":""}},{"type":"Feature","geometry":{"bbox":[-3.5234183293065526,51.03069050756712,-3.5198971675573962,51.039813236833744],"type":"LineString","coordinates":[[-3.5231988779323444,51.039813236833744,0],[-3.523118516088674,51.03784453005836,0],[-3.5234183293065526,51.037200314911274,0],[-3.5224136419877152,51.0359733513593,0],[-3.5214335250091846,51.03528618431456,0],[-3.5214674988745576,51.03508663525056,0],[-3.522000944458662,51.034791010928714,0],[-3.5211680334307895,51.03415570334377,0],[-3.521022439046371,51.03341126669737,0],[-3.521201503546093,51.03301261420908,0],[-3.5204407790774224,51.03193634023418,0],[-3.5198971675573962,51.03069050756712,0]]},"properties":{"FID_1":3662,"openrivers":"River Exe","CaBACatchm":"East Devon","SAP":"Yes","SAC":"No","Shape__Len":1778.88900262,"riverName":"Exe","riverType":"Principal salmon river","salmonStat":"At risk","OrgName":""}},{"type":"Feature","geometry":{"bbox":[-3.496848648782948,50.96436630653851,-3.496840531363856,50.965234606632336],"type":"LineString","coordinates":[[-3.496840531363856,50.965234606632336,0],[-3.496848648782948,50.96436630653851,0]]},"properties":{"FID_1":3632,"openrivers":"River Exe","CaBACatchm":"East Devon","SAP":"Yes","SAC":"No","Shape__Len":153.4784869490025,"riverName":"Exe","riverType":"Principal salmon river","salmonStat":"At risk","OrgName":""}},{"type":"Feature","geometry":{"bbox":[-3.695198205718114,50.77359797446396,-3.681972582163168,50.778151858394764],"type":"LineString","coordinates":[[-3.695198205718114,50.77359797446396,0],[-3.6947492754597215,50.77377753115054,0],[-3.6939871565067586,50.773752626192234,0],[-3.693239960439959,50.77423877774066,0],[-3.6927027444503895,50.77413424542385,0],[-3.6918747500959634,50.77444942566286,0],[-3.6902635585124632,50.77454140064426,0],[-3.6892875174721054,50.77482660061962,0],[-3.6889054540836326,50.7752409746556,0],[-3.6878483998237734,50.77564820717838,0],[-3.687228618048051,50.775452751226126,0],[-3.686884797874552,50.775519598109874,0],[-3.685193007781465,50.77648341369416,0],[-3.684733666061928,50.77647385970218,0],[-3.683259984539326,50.7771740472461,0],[-3.682069783398997,50.777478464687775,0],[-3.681972582163168,50.77763545273457,0],[-3.682224064908532,50.77783669739092,0],[-3.6820472928904855,50.778151858394764,0]]},"properties":{"FID_1":4191,"openrivers":"River Yeo","CaBACatchm":"East Devon","SAP":"Yes","SAC":"No","Shape__Len":1859.18909767,"riverName":"Exe","riverType":"Principal salmon river","salmonStat":"At risk","OrgName":""}},{"type":"Feature","geometry":{"bbox":[-3.5174210821932563,50.79897013788914,-3.5051672091359816,50.81415567392537],"type":"LineString","coordinates":[[-3.5053909853900294,50.81415567392537,0],[-3.5051672091359816,50.81382275250938,0],[-3.506494956276784,50.81287642134736,0],[-3.5074180482859476,50.81273076322289,0],[-3.5096299764230325,50.812799189723385,0],[-3.5102261274267677,50.81269686179496,0],[-3.5109362516692553,50.81233035982104,0],[-3.5120408589990824,50.811221827935825,0],[-3.5125670539713147,50.80838373064847,0],[-3.51235459326119,50.8077295248729,0],[-3.512452739434064,50.80723955556308,0],[-3.511862912080673,50.807029925346654,0],[-3.5115406847811923,50.80667688805816,0],[-3.5111060517576926,50.805642084625134,0],[-3.51109145332866,50.804991787529126,0],[-3.5115499555411733,50.8045722429577,0],[-3.511974944949644,50.80359851330753,0],[-3.513351026299951,50.80213201996415,0],[-3.5141641354953927,50.80152394885793,0],[-3.516549391489976,50.80024692818193,0],[-3.517169017702091,50.79962174638741,0],[-3.5174210821932563,50.79897013788914,0]]},"properties":{"FID_1":3920,"openrivers":"River Exe","CaBACatchm":"East Devon","SAP":"Yes","SAC":"No","Shape__Len":3503.27310461,"riverName":"Exe","riverType":"Principal salmon river","salmonStat":"At risk","OrgName":""}},{"type":"Feature","geometry":{"bbox":[-3.5392231142228443,51.072925957722845,-3.5332590681708034,51.07833998677633],"type":"LineString","coordinates":[[-3.5392231142228443,51.07833998677633,0],[-3.537334192166297,51.07798910299496,0],[-3.5348398983265237,51.07789802652586,0],[-3.5344048385933866,51.0765194502444,0],[-3.5354068698743024,51.07531770220065,0],[-3.5356683684569794,51.074653105186925,0],[-3.5332590681708034,51.072925957722845,0]]},"properties":{"FID_1":3775,"openrivers":"River Exe","CaBACatchm":"East Devon","SAP":"Yes","SAC":"No","Shape__Len":1514.98834312,"riverName":"Exe","riverType":"Principal salmon river","salmonStat":"At risk","OrgName":""}},{"type":"Feature","geometry":{"bbox":[-3.630321248789406,51.089043199659805,-3.6290319531232544,51.09090765432826],"type":"LineString","coordinates":[[-3.630321248789406,51.09090765432826,0],[-3.6290319531232544,51.089043199659805,0]]},"properties":{"FID_1":3795,"openrivers":"River Barle","CaBACatchm":"East Devon","SAP":"Yes","SAC":"No","Shape__Len":360.2648361010303,"riverName":"Exe","riverType":"Principal salmon river","salmonStat":"At risk","OrgName":""}},{"type":"Feature","geometry":{"bbox":[-3.5206388726926208,51.02183784800797,-3.518646282760331,51.028568686555],"type":"LineString","coordinates":[[-3.518646282760331,51.028568686555,0],[-3.520105445442279,51.027905812423114,0],[-3.520327670547151,51.02762377802283,0],[-3.5202491046493862,51.02665166699919,0],[-3.5206388726926208,51.02469547267885,0],[-3.520410808855041,51.023874233050336,0],[-3.5193961875971933,51.022593880814355,0],[-3.5198241928290592,51.02183784800797,0]]},"properties":{"FID_1":3654,"openrivers":"River Exe","CaBACatchm":"East Devon","SAP":"Yes","SAC":"No","Shape__Len":1320.04729144,"riverName":"Exe","riverType":"Principal salmon river","salmonStat":"At risk","OrgName":""}},{"type":"Feature","geometry":{"bbox":[-3.5111345031248073,50.81415567392537,-3.5053909853900294,50.818222957301714],"type":"LineString","coordinates":[[-3.509782897085949,50.818222957301714,0],[-3.5109465350757008,50.81728013972761,0],[-3.5111345031248073,50.81627342274886,0],[-3.5109832504856806,50.816033912325985,0],[-3.509259323484829,50.814916333584726,0],[-3.5083839581992464,50.814649945346424,0],[-3.5053909853900294,50.81415567392537,0]]},"properties":{"FID_1":3924,"openrivers":"River Exe","CaBACatchm":"East Devon","SAP":"Yes","SAC":"No","Shape__Len":1162.17907838,"riverName":"Exe","riverType":"Principal salmon river","salmonStat":"At risk","OrgName":""}},{"type":"Feature","geometry":{"bbox":[-3.6464096623703823,51.13286177679646,-3.6395038115959024,51.13473489943024],"type":"LineString","coordinates":[[-3.6464096623703823,51.13473489943024,0],[-3.645992463271932,51.13444644008324,0],[-3.6455163860439965,51.13435116653574,0],[-3.644438759092571,51.134559505846006,0],[-3.6432243808086415,51.134447093567125,0],[-3.642249621211646,51.1336350712666,0],[-3.641902588978564,51.13305505052838,0],[-3.641295708216808,51.13286177679646,0],[-3.6395038115959024,51.13299997591221,0]]},"properties":{"FID_1":3852,"openrivers":"River Exe","CaBACatchm":"East Devon","SAP":"Yes","SAC":"No","Shape__Len":953.8964474369227,"riverName":"Exe","riverType":"Principal salmon river","salmonStat":"At risk","OrgName":""}},{"type":"Feature","geometry":{"bbox":[-3.590298123964737,50.77499258463772,-3.584617311391779,50.77611624007848],"type":"LineString","coordinates":[[-3.590298123964737,50.77507323671168,0],[-3.5901054690467977,50.77499258463772,0],[-3.5899317730753397,50.77509450995133,0],[-3.590091795309664,50.77544244193889,0],[-3.5893410044795475,50.775863585394546,0],[-3.588207587878534,50.775880824909,0],[-3.5873710526639764,50.77611624007848,0],[-3.5866392983702955,50.77588985097312,0],[-3.5853207824222713,50.77578133449176,0],[-3.584617311391779,50.775065306884926,0]]},"properties":{"FID_1":4081,"openrivers":"River Creedy","CaBACatchm":"East Devon","SAP":"Yes","SAC":"No","Shape__Len":842.8344767308567,"riverName":"Exe","riverType":"Principal salmon river","salmonStat":"At risk","OrgName":""}},{"type":"Feature","geometry":{"bbox":[-3.5193812976260617,50.76250106149275,-3.514926912231636,50.76549679450745],"type":"LineString","coordinates":[[-3.519347213322116,50.76549679450745,0],[-3.5193812976260617,50.76490314763749,0],[-3.5187042378869577,50.76431372979102,0],[-3.5165846446192632,50.763491535517154,0],[-3.514926912231636,50.76250106149275,0]]},"properties":{"FID_1":3979,"openrivers":"River Exe","CaBACatchm":"East Devon","SAP":"Yes","SAC":"No","Shape__Len":763.4140771540489,"riverName":"Exe","riverType":"Principal salmon river","salmonStat":"At risk","OrgName":""}},{"type":"Feature","geometry":{"bbox":[-3.5426983902420273,50.99290151497672,-3.539987107076968,50.99430128681746],"type":"LineString","coordinates":[[-3.539987107076968,50.99430128681746,0],[-3.5426983902420273,50.99290151497672,0]]},"properties":{"FID_1":3740,"openrivers":"River Exe","CaBACatchm":"East Devon","SAP":"Yes","SAC":"No","Shape__Len":390.3652883366468,"riverName":"Exe","riverType":"Principal salmon river","salmonStat":"At risk","OrgName":""}},{"type":"Feature","geometry":{"bbox":[-3.6844970558578987,51.14531654442262,-3.684169982905275,51.14546066247057],"type":"LineString","coordinates":[[-3.6844970558578987,51.14546066247057,0],[-3.684169982905275,51.14531654442262,0]]},"properties":{"FID_1":3867,"openrivers":"River Exe","CaBACatchm":"East Devon","SAP":"Yes","SAC":"No","Shape__Len":44.49312858057989,"riverName":"Exe","riverType":"Principal salmon river","salmonStat":"At risk","OrgName":""}},{"type":"Feature","geometry":{"bbox":[-3.496548403811835,50.91496174331174,-3.4963680557993273,50.915111322305094],"type":"LineString","coordinates":[[-3.496548403811835,50.915111322305094,0],[-3.4963680557993273,50.91496174331174,0]]},"properties":{"FID_1":3882,"openrivers":"River Exe","CaBACatchm":"East Devon","SAP":"Yes","SAC":"No","Shape__Len":33.174810497437775,"riverName":"Exe","riverType":"Principal salmon river","salmonStat":"At risk","OrgName":""}},{"type":"Feature","geometry":{"bbox":[-3.631127492776123,51.08117219479888,-3.626366694710202,51.089043199659805],"type":"LineString","coordinates":[[-3.6290319531232544,51.089043199659805,0],[-3.628705166107304,51.08833361197056,0],[-3.6286333994065716,51.08673293577313,0],[-3.629297056748383,51.08601268377707,0],[-3.6308953033504374,51.08525833914626,0],[-3.631127492776123,51.08470264874503,0],[-3.6295860982695283,51.083416559866095,0],[-3.6296940956070136,51.08191023020073,0],[-3.6293547097326284,51.08136917070037,0],[-3.628427915136357,51.08117219479888,0],[-3.626366694710202,51.08128544769123,0]]},"properties":{"FID_1":3787,"openrivers":"River Barle","CaBACatchm":"East Devon","SAP":"Yes","SAC":"No","Shape__Len":1881.3099303,"riverName":"Exe","riverType":"Principal salmon river","salmonStat":"At risk","OrgName":""}},{"type":"Feature","geometry":{"bbox":[-3.5052355721951103,50.94164310315589,-3.5038778229716616,50.94268194310811],"type":"LineString","coordinates":[[-3.5052355721951103,50.94268194310811,0],[-3.5047732010593227,50.94216504174711,0],[-3.5038778229716616,50.94164310315589,0]]},"properties":{"FID_1":3706,"openrivers":"River Exe","CaBACatchm":"East Devon","SAP":"Yes","SAC":"No","Shape__Len":240.6110527839225,"riverName":"Exe","riverType":"Principal salmon river","salmonStat":"At risk","OrgName":""}},{"type":"Feature","geometry":{"bbox":[-3.5390824730999544,50.98316557539181,-3.5263652210047156,50.98576331364736],"type":"LineString","coordinates":[[-3.5390824730999544,50.98576331364736,0],[-3.537178976079199,50.983301590630106,0],[-3.536553173747436,50.98316557539181,0],[-3.529144754326168,50.98401841834972,0],[-3.527921605830985,50.98436879336591,0],[-3.5263652210047156,50.985167233343944,0]]},"properties":{"FID_1":3748,"openrivers":"River Exe","CaBACatchm":"East Devon","SAP":"Yes","SAC":"No","Shape__Len":1769.30648184,"riverName":"Exe","riverType":"Principal salmon river","salmonStat":"At risk","OrgName":""}},{"type":"Feature","geometry":{"bbox":[-3.4976981355926977,50.915111322305094,-3.496548403811835,50.91822711951141],"type":"LineString","coordinates":[[-3.4972390785522682,50.91822711951141,0],[-3.4976981355926977,50.91681658408152,0],[-3.4974580676572233,50.916140956255916,0],[-3.496548403811835,50.915111322305094,0]]},"properties":{"FID_1":4018,"openrivers":"River Exe","CaBACatchm":"East Devon","SAP":"Yes","SAC":"No","Shape__Len":584.6057565384906,"riverName":"Exe","riverType":"Principal salmon river","salmonStat":"At risk","OrgName":""}},{"type":"Feature","geometry":{"bbox":[-3.521001936249944,50.76532895609506,-3.5161817642111277,50.77479494178556],"type":"LineString","coordinates":[[-3.5192580844368657,50.77479494178556,0],[-3.5188352004850394,50.77452993089195,0],[-3.518813655548569,50.77414511565568,0],[-3.520263454751841,50.77305142369122,0],[-3.5210009293420943,50.77190936057998,0],[-3.521001936249944,50.7716081595112,0],[-3.520711709762594,50.77132667555262,0],[-3.5192194460884676,50.771173636455046,0],[-3.5184490757993823,50.77088940876991,0],[-3.5169234738017026,50.769464212229316,0],[-3.5161817642111277,50.76795550861962,0],[-3.51664784053849,50.76693193679438,0],[-3.518114276653211,50.765617087836354,0],[-3.518734564640209,50.76532895609506,0],[-3.5190919420085347,50.76554868492763,0],[-3.519347213322116,50.76549679450745,0]]},"properties":{"FID_1":3983,"openrivers":"River Exe","CaBACatchm":"East Devon","SAP":"Yes","SAC":"No","Shape__Len":2204.88193348,"riverName":"Exe","riverType":"Principal salmon river","salmonStat":"At risk","OrgName":""}},{"type":"Feature","geometry":{"bbox":[-3.5115721441405037,50.85666242153961,-3.5071859751653873,50.86010881295276],"type":"LineString","coordinates":[[-3.5071859751653873,50.86010881295276,0],[-3.507840012197025,50.859980570720836,0],[-3.51028281789156,50.85887121973052,0],[-3.5113681130708434,50.85776925338561,0],[-3.5115721441405037,50.85666242153961,0]]},"properties":{"FID_1":4093,"openrivers":"River Exe","CaBACatchm":"East Devon","SAP":"Yes","SAC":"No","Shape__Len":836.562241093375,"riverName":"Exe","riverType":"Principal salmon river","salmonStat":"At risk","OrgName":""}},{"type":"Feature","geometry":{"bbox":[-3.5133724252157346,50.85445003860177,-3.5115721441405037,50.85666242153961],"type":"LineString","coordinates":[[-3.5115721441405037,50.85666242153961,0],[-3.511836159006773,50.8561275005145,0],[-3.5133724252157346,50.85445003860177,0]]},"properties":{"FID_1":3955,"openrivers":"River Exe","CaBACatchm":"East Devon","SAP":"Yes","SAC":"No","Shape__Len":440.48236042380177,"riverName":"Exe","riverType":"Principal salmon river","salmonStat":"At risk","OrgName":""}},{"type":"Feature","geometry":{"bbox":[-3.509782897085949,50.817470168275385,-3.5048310601695802,50.823807842596224],"type":"LineString","coordinates":[[-3.5067745744988223,50.823807842596224,0],[-3.5070723807569335,50.82350577752432,0],[-3.507216506439698,50.82255404429403,0],[-3.5070222903934827,50.822192865477795,0],[-3.5065594890390193,50.82195542795219,0],[-3.5059349643337643,50.821822302019285,0],[-3.505236892982489,50.82181289713516,0],[-3.5050547455382617,50.821271967637216,0],[-3.5048462145695467,50.8206638518848,0],[-3.5048310601695802,50.819589764404824,0],[-3.5052455843683,50.818316760998144,0],[-3.5055562720592435,50.81773263772885,0],[-3.506153475133021,50.817470168275385,0],[-3.5069682112817366,50.81749340705925,0],[-3.5077051602628324,50.81780923702339,0],[-3.5087382476049243,50.81814271747589,0],[-3.508988911602343,50.81825304168379,0],[-3.5095428206783073,50.818301122564904,0],[-3.509782897085949,50.818222957301714,0]]},"properties":{"FID_1":3928,"openrivers":"River Exe","CaBACatchm":"East Devon","SAP":"Yes","SAC":"No","Shape__Len":1776.17043109,"riverName":"Exe","riverType":"Principal salmon river","salmonStat":"At risk","OrgName":""}},{"type":"Feature","geometry":{"bbox":[-3.495733834507729,50.89232245996804,-3.495509116092536,50.892542619113954],"type":"LineString","coordinates":[[-3.495509116092536,50.892542619113954,0],[-3.495733834507729,50.89232245996804,0]]},"properties":{"FID_1":4026,"openrivers":"River Exe","CaBACatchm":"East Devon","SAP":"Yes","SAC":"No","Shape__Len":46.210161137848296,"riverName":"Exe","riverType":"Principal salmon river","salmonStat":"At risk","OrgName":""}},{"type":"Feature","geometry":{"bbox":[-3.5207705243817693,50.78303582224735,-3.5164606393511844,50.79451446787883],"type":"LineString","coordinates":[[-3.5199840830851823,50.79451446787883,0],[-3.5207705243817693,50.79298667847441,0],[-3.520742442262582,50.79213033942443,0],[-3.520164366687334,50.79063832720983,0],[-3.5200671040904226,50.78929787807042,0],[-3.5191109375528105,50.78595303250413,0],[-3.518011964363937,50.78390588937767,0],[-3.5175305287743153,50.783499810551675,0],[-3.5164606393511844,50.78303582224735,0]]},"properties":{"FID_1":3996,"openrivers":"River Exe","CaBACatchm":"East Devon","SAP":"Yes","SAC":"No","Shape__Len":2153.50628697,"riverName":"Exe","riverType":"Principal salmon river","salmonStat":"At risk","OrgName":""}},{"type":"Feature","geometry":{"bbox":[-3.5182675251057383,50.70685788920509,-3.5178776417845783,50.707725256346386],"type":"MultiLineString","coordinates":[[[-3.518200436106775,50.707725256346386,0],[-3.5182675251057383,50.70746968904421,0],[-3.5182095329591925,50.70737868902715,0]],[[-3.518190834236225,50.707349347359525,0],[-3.5178776417845783,50.70685788920509,0]]]},"properties":{"FID_1":4048,"openrivers":"River Exe","CaBACatchm":"East Devon","SAP":"Yes","SAC":"No","Shape__Len":1491.62063547,"riverName":"Exe","riverType":"Principal salmon river","salmonStat":"At risk","OrgName":""}},{"type":"Feature","geometry":{"bbox":[-3.5074210211516936,50.94268194310811,-3.499730700536517,50.95904091324734],"type":"LineString","coordinates":[[-3.499730700536517,50.95904091324734,0],[-3.4997644369344916,50.9584391988512,0],[-3.5009028807386087,50.9572555511653,0],[-3.503873267687016,50.95514809445414,0],[-3.5047567510178204,50.954187304107315,0],[-3.5061537921891603,50.95324101632341,0],[-3.5063590392567234,50.95290894912463,0],[-3.5065185128622334,50.950162181099294,0],[-3.5074210211516936,50.94763343609383,0],[-3.5070344110896006,50.946710333534554,0],[-3.5051880670430875,50.945208285177934,0],[-3.504567370450512,50.944289991344114,0],[-3.504461030325109,50.943469746722855,0],[-3.5052355721951103,50.94268194310811,0]]},"properties":{"FID_1":3710,"openrivers":"River Exe","CaBACatchm":"East Devon","SAP":"Yes","SAC":"No","Shape__Len":3270.05069778,"riverName":"Exe","riverType":"Principal salmon river","salmonStat":"At risk","OrgName":""}},{"type":"Feature","geometry":{"bbox":[-3.580213361652897,51.111810267461884,-3.5730452516838915,51.1148617032063],"type":"LineString","coordinates":[[-3.580213361652897,51.1148617032063,0],[-3.5780689792176905,51.11366213641839,0],[-3.5767272305618465,51.11268228965146,0],[-3.5756444866840296,51.11246495195684,0],[-3.574589197455097,51.11244975435486,0],[-3.5745094494471323,51.11192357456598,0],[-3.5730452516838915,51.111810267461884,0]]},"properties":{"FID_1":3730,"openrivers":"River Exe","CaBACatchm":"East Devon","SAP":"Yes","SAC":"No","Shape__Len":1050.85455793,"riverName":"Exe","riverType":"Principal salmon river","salmonStat":"At risk","OrgName":""}},{"type":"Feature","geometry":{"bbox":[-3.560751738322219,51.046806083461234,-3.558294803557036,51.04957808324499],"type":"LineString","coordinates":[[-3.560751738322219,51.04957808324499,0],[-3.560092903360546,51.049442988039125,0],[-3.5587243250161746,51.04847164112283,0],[-3.558294803557036,51.046806083461234,0]]},"properties":{"FID_1":3829,"openrivers":"River Barle","CaBACatchm":"East Devon","SAP":"Yes","SAC":"No","Shape__Len":605.6870302787395,"riverName":"Exe","riverType":"Principal salmon river","salmonStat":"At risk","OrgName":""}},{"type":"Feature","geometry":{"bbox":[-3.5613530295065305,50.75419259410991,-3.5506945714208262,50.76086307940827],"type":"LineString","coordinates":[[-3.5613530295065305,50.76086307940827,0],[-3.5591852571857743,50.759556478737174,0],[-3.554739646654175,50.7584621721011,0],[-3.5524611584583163,50.75720269895098,0],[-3.5517429131789995,50.75649611532191,0],[-3.5518955376857644,50.75597543372672,0],[-3.5506945714208262,50.755247298305406,0],[-3.5513740955858504,50.75419259410991,0]]},"properties":{"FID_1":4073,"openrivers":"River Creedy","CaBACatchm":"East Devon","SAP":"Yes","SAC":"No","Shape__Len":1827.77381064,"riverName":"Exe","riverType":"Principal salmon river","salmonStat":"At risk","OrgName":""}},{"type":"Feature","geometry":{"bbox":[-3.5217469706115003,51.015848552957245,-3.5198241928290592,51.02183784800797],"type":"LineString","coordinates":[[-3.5198241928290592,51.02183784800797,0],[-3.5209745859474197,51.020831038556075,0],[-3.520341971013366,51.018948404905906,0],[-3.5217469706115003,51.01790382986542,0],[-3.520567018723956,51.01661808229797,0],[-3.5207736581139772,51.015848552957245,0]]},"properties":{"FID_1":3647,"openrivers":"River Exe","CaBACatchm":"East Devon","SAP":"Yes","SAC":"No","Shape__Len":1202.88996043,"riverName":"Exe","riverType":"Principal salmon river","salmonStat":"At risk","OrgName":""}},{"type":"Feature","geometry":{"bbox":[-3.5157367442956002,50.85444976884036,-3.5130518038489593,50.85989909500286],"type":"LineString","coordinates":[[-3.5157367442956002,50.85989909500286,0],[-3.5153717294572,50.859141930799666,0],[-3.514847567764418,50.85928246802983,0],[-3.5144611240336654,50.85931780666807,0],[-3.514360793048184,50.85921475090635,0],[-3.5144572926181854,50.85890042330966,0],[-3.5142983956274736,50.85878585043976,0],[-3.51344067654615,50.85865579095783,0],[-3.5130637275784657,50.858396716006794,0],[-3.5130518038489593,50.858028547698446,0],[-3.5134945336464796,50.85762378791374,0],[-3.5136272297152584,50.85722918834186,0],[-3.5136124726426416,50.85647431758516,0],[-3.5136757142585022,50.85603150930672,0],[-3.5137720134202333,50.85571104636645,0],[-3.513644550719718,50.855368932076765,0],[-3.513672592702275,50.85503707739314,0],[-3.5135177940950797,50.85444976884036,0],[-3.5133724252157346,50.85445003860177,0]]},"properties":{"FID_1":4097,"openrivers":"River Dart","CaBACatchm":"East Devon","SAP":"Yes","SAC":"No","Shape__Len":1244.932075,"riverName":"Exe","riverType":"Principal salmon river","salmonStat":"At risk","OrgName":""}},{"type":"Feature","geometry":{"bbox":[-3.6125646247148406,51.063549828010885,-3.6116591409801404,51.06372493186206],"type":"LineString","coordinates":[[-3.6125646247148406,51.06372493186206,0],[-3.6116591409801404,51.063549828010885,0]]},"properties":{"FID_1":3817,"openrivers":"","CaBACatchm":"East Devon","SAP":"Yes","SAC":"No","Shape__Len":105.46208694719198,"riverName":"Exe","riverType":"Principal salmon river","salmonStat":"At risk","OrgName":""}},{"type":"Feature","geometry":{"bbox":[-3.6400779291466163,51.126463301202435,-3.6209497031645914,51.13299997591221],"type":"LineString","coordinates":[[-3.6395038115959024,51.13299997591221,0],[-3.6389624441277255,51.13295721114406,0],[-3.6387465770137895,51.13261689035521,0],[-3.6399642966690258,51.1325388324474,0],[-3.6400779291466163,51.13243804574735,0],[-3.639717359510423,51.13212448832281,0],[-3.639334497668493,51.13203696429346,0],[-3.6384002683241996,51.13233856089973,0],[-3.6379237620021487,51.13231088914641,0],[-3.6374351743807147,51.132107303898685,0],[-3.637111533071242,51.13171786052152,0],[-3.636424576614336,51.1316842283874,0],[-3.6357030314334318,51.131444239919965,0],[-3.6346180847904708,51.1306916110216,0],[-3.6338262224336226,51.12898872731792,0],[-3.6339797468993997,51.12837398526944,0],[-3.6334338260652594,51.12788844577764,0],[-3.6329261178864627,51.126735457272574,0],[-3.631105837865791,51.126463301202435,0],[-3.630335486818717,51.126542755577745,0],[-3.628577230550524,51.127513319630445,0],[-3.627023718378747,51.12763432736962,0],[-3.6270380955016335,51.12781164635178,0],[-3.628012880611764,51.12810320042871,0],[-3.6274318884105634,51.12824033926453,0],[-3.626364339210071,51.12818847193284,0],[-3.624408789438414,51.12768257060692,0],[-3.6229155728771514,51.12783622863143,0],[-3.6223900263579076,51.12754936907562,0],[-3.6209497031645914,51.127621871747365,0]]},"properties":{"FID_1":3859,"openrivers":"River Exe","CaBACatchm":"East Devon","SAP":"Yes","SAC":"No","Shape__Len":3513.94849802,"riverName":"Exe","riverType":"Principal salmon river","salmonStat":"At risk","OrgName":""}},{"type":"Feature","geometry":{"bbox":[-3.5052828223396117,50.83154153436787,-3.5043017312441234,50.83314537034745],"type":"LineString","coordinates":[[-3.5043017312441234,50.83314537034745,0],[-3.5045424563650984,50.83222315380889,0],[-3.5052828223396117,50.83154153436787,0]]},"properties":{"FID_1":3936,"openrivers":"River Exe","CaBACatchm":"East Devon","SAP":"Yes","SAC":"No","Shape__Len":310.42680243491714,"riverName":"Exe","riverType":"Principal salmon river","salmonStat":"At risk","OrgName":""}},{"type":"Feature","geometry":{"bbox":[-3.501299307143421,50.86271659264974,-3.496528394595704,50.86783027208595],"type":"LineString","coordinates":[[-3.496528394595704,50.86783027208595,0],[-3.4978696738728337,50.8667041690849,0],[-3.500166490212393,50.86572574974637,0],[-3.500681985187708,50.86529418253065,0],[-3.501008982266866,50.8646929101092,0],[-3.501299307143421,50.86271659264974,0]]},"properties":{"FID_1":4106,"openrivers":"River Exe","CaBACatchm":"East Devon","SAP":"Yes","SAC":"No","Shape__Len":1114.46791843,"riverName":"Exe","riverType":"Principal salmon river","salmonStat":"At risk","OrgName":""}},{"type":"Feature","geometry":{"bbox":[-3.5974821040290523,50.91823203010907,-3.585805438715739,50.92947419372737],"type":"LineString","coordinates":[[-3.585805438715739,50.92947419372737,0],[-3.586228761601682,50.92867820734963,0],[-3.587408558204723,50.92787023336542,0],[-3.587681593004403,50.927413441455144,0],[-3.587970847137366,50.926643282358256,0],[-3.587742390630162,50.92594734006165,0],[-3.588431547974307,50.924561099278556,0],[-3.5892256202285013,50.92398345186169,0],[-3.5910598195426533,50.92359857176772,0],[-3.591937436021335,50.923152238698385,0],[-3.5925871240297593,50.92228173529633,0],[-3.592939292948556,50.92097839137722,0],[-3.5928079856553157,50.92070390791125,0],[-3.593382023078383,50.919973467367186,0],[-3.5936340741219452,50.92001328658763,0],[-3.5941605909037118,50.91961228537202,0],[-3.5940618527304515,50.919291762697874,0],[-3.594385790138894,50.91904560151804,0],[-3.5964875011615756,50.918332144223776,0],[-3.5974821040290523,50.91823203010907,0]]},"properties":{"FID_1":3807,"openrivers":"River Dart","CaBACatchm":"East Devon","SAP":"Yes","SAC":"No","Shape__Len":2636.73725835,"riverName":"Exe","riverType":"Principal salmon river","salmonStat":"At risk","OrgName":""}},{"type":"Feature","geometry":{"bbox":[-3.540240281716785,51.09299856105955,-3.539012310132271,51.095590746703536],"type":"LineString","coordinates":[[-3.5398947107961876,51.095590746703536,0],[-3.5394190023000762,51.09507487849745,0],[-3.540240281716785,51.09341116982896,0],[-3.539012310132271,51.09329558445068,0],[-3.5390250098023923,51.09299856105955,0]]},"properties":{"FID_1":3799,"openrivers":"River Exe","CaBACatchm":"East Devon","SAP":"Yes","SAC":"No","Shape__Len":605.2922732564366,"riverName":"Exe","riverType":"Principal salmon river","salmonStat":"At risk","OrgName":""}},{"type":"Feature","geometry":{"bbox":[-3.5070113148427775,50.97313250633758,-3.4872210208642893,50.97639549881904],"type":"LineString","coordinates":[[-3.5070113148427775,50.97360083687079,0],[-3.5019836412988266,50.97313250633758,0],[-3.500102878755712,50.973428006152396,0],[-3.49733641630296,50.97352898401278,0],[-3.4935804986428383,50.97450247744647,0],[-3.491289791320034,50.975797354748764,0],[-3.4901188352520864,50.976276167593674,0],[-3.4887233971880898,50.97639549881904,0],[-3.4872210208642893,50.97594565329834,0]]},"properties":{"FID_1":3640,"openrivers":"River Exe","CaBACatchm":"East Devon","SAP":"Yes","SAC":"No","Shape__Len":2382.24117975,"riverName":"Exe","riverType":"Principal salmon river","salmonStat":"At risk","OrgName":""}},{"type":"Feature","geometry":{"bbox":[-3.6209497031645914,51.1270012148687,-3.620123948534967,51.127621871747365],"type":"LineString","coordinates":[[-3.6209497031645914,51.127621871747365,0],[-3.6207909031608096,51.12718441428322,0],[-3.620123948534967,51.1270012148687,0]]},"properties":{"FID_1":3863,"openrivers":"River Exe","CaBACatchm":"East Devon","SAP":"Yes","SAC":"No","Shape__Len":160.6273283542215,"riverName":"Exe","riverType":"Principal salmon river","salmonStat":"At risk","OrgName":""}},{"type":"Feature","geometry":{"bbox":[-3.5901235099592204,50.90401618095569,-3.5823668250139176,50.90478854521674],"type":"LineString","coordinates":[[-3.5901235099592204,50.90478854521674,0],[-3.589468210957803,50.90434051853041,0],[-3.5887956274634614,50.904269991519264,0],[-3.5883255734298145,50.90445832030693,0],[-3.587752763792709,50.90445675747131,0],[-3.5872993489344682,50.90423970889282,0],[-3.586260125719505,50.90455879281305,0],[-3.585717211712525,50.90435302644344,0],[-3.584875791467753,50.90434898152679,0],[-3.5846558344573665,50.90417938606514,0],[-3.5838869598321557,50.9044268825364,0],[-3.5833382139506345,50.90417046432063,0],[-3.582508978287484,50.904370386978904,0],[-3.5823668250139176,50.90401618095569,0]]},"properties":{"FID_1":4148,"openrivers":"River Dart","CaBACatchm":"East Devon","SAP":"Yes","SAC":"No","Shape__Len":1039.59626364,"riverName":"Exe","riverType":"Principal salmon river","salmonStat":"At risk","OrgName":""}},{"type":"Feature","geometry":{"bbox":[-3.6136760300438513,50.77961623259106,-3.6048424357785214,50.78156400457433],"type":"LineString","coordinates":[[-3.6136760300438513,50.78156400457433,0],[-3.6122277026822895,50.7814865454787,0],[-3.611328391291582,50.78107160562383,0],[-3.610377654019962,50.780926452457464,0],[-3.609068207434389,50.78034853077885,0],[-3.6064603993043987,50.779955943203205,0],[-3.6059986528494425,50.77974843874316,0],[-3.6053990949032926,50.77980777587097,0],[-3.6048424357785214,50.77961623259106,0]]},"properties":{"FID_1":4183,"openrivers":"River Creedy","CaBACatchm":"East Devon","SAP":"Yes","SAC":"No","Shape__Len":1071.95627839,"riverName":"Exe","riverType":"Principal salmon river","salmonStat":"At risk","OrgName":""}},{"type":"Feature","geometry":{"bbox":[-3.543156985884357,50.98576331364736,-3.5390824730999544,50.99290151497672],"type":"LineString","coordinates":[[-3.5426983902420273,50.99290151497672,0],[-3.543156985884357,50.9919407418527,0],[-3.5424173027125336,50.99031735194534,0],[-3.5421302164044124,50.98820432953023,0],[-3.5423267189189294,50.987715024229814,0],[-3.541946494455245,50.98756653098088,0],[-3.541359446426119,50.98694259896756,0],[-3.539654215900262,50.98644708340387,0],[-3.5390824730999544,50.98576331364736,0]]},"properties":{"FID_1":3736,"openrivers":"River Exe","CaBACatchm":"East Devon","SAP":"Yes","SAC":"No","Shape__Len":1464.16621276,"riverName":"Exe","riverType":"Principal salmon river","salmonStat":"At risk","OrgName":""}},{"type":"Feature","geometry":{"bbox":[-3.646915948824526,50.77909409871325,-3.6428961825696966,50.77997926881964],"type":"LineString","coordinates":[[-3.646915948824526,50.77909409871325,0],[-3.643759060637127,50.77954630695215,0],[-3.6428961825696966,50.77997926881964,0]]},"properties":{"FID_1":4172,"openrivers":"River Yeo","CaBACatchm":"East Devon","SAP":"Yes","SAC":"No","Shape__Len":482.9527589937748,"riverName":"Exe","riverType":"Principal salmon river","salmonStat":"At risk","OrgName":""}},{"type":"Feature","geometry":{"bbox":[-3.584617311391779,50.76086307940827,-3.5613530295065305,50.77507874246875],"type":"LineString","coordinates":[[-3.584617311391779,50.775065306884926,0],[-3.583674699766156,50.77507874246875,0],[-3.5823466313280625,50.7746189528375,0],[-3.5818470711136308,50.77409718851895,0],[-3.58047161715539,50.77395953476535,0],[-3.580110551434625,50.77326222306269,0],[-3.5791843011680498,50.77259406042614,0],[-3.5783647689731146,50.772626291422306,0],[-3.577754675763129,50.77219378149977,0],[-3.5766668236341275,50.77193113984139,0],[-3.5761837792196016,50.771509764291565,0],[-3.5745237772648775,50.7711018577379,0],[-3.573671092133773,50.77070344958311,0],[-3.5725283819470515,50.76899806810743,0],[-3.572199455377198,50.76878504320334,0],[-3.5709539573266453,50.76867727209501,0],[-3.5706524351078976,50.76803317935487,0],[-3.5692590173931813,50.76790328038125,0],[-3.568570603968089,50.767219331788745,0],[-3.567007142479676,50.76646440343779,0],[-3.566514524982669,50.76651194292051,0],[-3.565598247522528,50.76609859196761,0],[-3.564672596925877,50.76522112016161,0],[-3.565244198801997,50.76468535533329,0],[-3.5652287195264547,50.76448501019182,0],[-3.5638933518655818,50.76371951367718,0],[-3.563872043074942,50.76350575644291,0],[-3.5643654320451494,50.76324417451898,0],[-3.56431379056974,50.763043594953544,0],[-3.562346117789208,50.76131347614643,0],[-3.5613530295065305,50.76086307940827,0]]},"properties":{"FID_1":4077,"openrivers":"River Creedy","CaBACatchm":"East Devon","SAP":"Yes","SAC":"No","Shape__Len":4079.78649769,"riverName":"Exe","riverType":"Principal salmon river","salmonStat":"At risk","OrgName":""}},{"type":"Feature","geometry":{"bbox":[-3.496528394595704,50.86783027208595,-3.4896841721477845,50.87662402977951],"type":"LineString","coordinates":[[-3.4896841721477845,50.87662402977951,0],[-3.4901937913804857,50.87460328035622,0],[-3.4917895841444766,50.873184671470696,0],[-3.492542645639467,50.87207874402909,0],[-3.496528394595704,50.86783027208595,0]]},"properties":{"FID_1":3886,"openrivers":"River Exe","CaBACatchm":"East Devon","SAP":"Yes","SAC":"No","Shape__Len":1751.11641046,"riverName":"Exe","riverType":"Principal salmon river","salmonStat":"At risk","OrgName":""}},{"type":"Feature","geometry":{"bbox":[-3.555667840973172,51.09377743495532,-3.5398947107961876,51.097123007427406],"type":"LineString","coordinates":[[-3.555667840973172,51.097123007427406,0],[-3.5554460906671332,51.09664357506875,0],[-3.5544039597335986,51.09571109993236,0],[-3.5545070381781962,51.094833099135855,0],[-3.554103960490324,51.09427324849263,0],[-3.5525554404962976,51.09377743495532,0],[-3.550941931100999,51.09388193158772,0],[-3.5500316549719564,51.09410335144795,0],[-3.54810608576274,51.094990011563375,0],[-3.5465317300646197,51.095464797393404,0],[-3.5448282150980037,51.0953519610888,0],[-3.543219470824839,51.09602625937492,0],[-3.5429744442755164,51.09660656701367,0],[-3.5422648381584336,51.09680963127614,0],[-3.541222468386893,51.096849717239515,0],[-3.5408881113502426,51.09601580169398,0],[-3.5398947107961876,51.095590746703536,0]]},"properties":{"FID_1":3803,"openrivers":"River Exe","CaBACatchm":"East Devon","SAP":"Yes","SAC":"No","Shape__Len":2500.03657941,"riverName":"Exe","riverType":"Principal salmon river","salmonStat":"At risk","OrgName":""}},{"type":"Feature","geometry":{"bbox":[-3.710803253596805,50.77342224588446,-3.695198205718114,50.77686031530505],"type":"LineString","coordinates":[[-3.710803253596805,50.77464778587039,0],[-3.7098370492812407,50.77503212232823,0],[-3.709624248649558,50.7754546065828,0],[-3.7097819621793695,50.775839104198205,0],[-3.7091666059765225,50.776156417073906,0],[-3.7082506994269884,50.77616695412118,0],[-3.707682313610018,50.77588982297094,0],[-3.7075849929059044,50.77605277006894,0],[-3.707868833601699,50.77640736432551,0],[-3.707226427802955,50.77645390998984,0],[-3.7071280933720336,50.77674871564187,0],[-3.706600754814041,50.776660021115795,0],[-3.7061450758888697,50.77686031530505,0],[-3.705554088266993,50.77669862063958,0],[-3.7043739027558695,50.77684519432973,0],[-3.7038173880798873,50.77675367582732,0],[-3.703374187580157,50.776166129897625,0],[-3.702683860300286,50.775947863347064,0],[-3.7025271988006456,50.775508750790344,0],[-3.7019209988938844,50.7749469605972,0],[-3.7015867124719386,50.774994465884205,0],[-3.7011498599126242,50.77482663344862,0],[-3.700711257716837,50.77372737176723,0],[-3.6992837994461465,50.77353826542673,0],[-3.6989037282160004,50.77374669347299,0],[-3.6982588259989693,50.77342224588446,0],[-3.6975558448810317,50.773483200359806,0],[-3.697131940036356,50.773742533869246,0],[-3.695815222513298,50.77354826660617,0],[-3.695198205718114,50.77359797446396,0]]},"properties":{"FID_1":4187,"openrivers":"River Yeo","CaBACatchm":"East Devon","SAP":"Yes","SAC":"No","Shape__Len":2531.64677325,"riverName":"Exe","riverType":"Principal salmon river","salmonStat":"At risk","OrgName":""}},{"type":"Feature","geometry":{"bbox":[-3.521038066008839,50.85989909500286,-3.5157367442956002,50.86324140495289],"type":"LineString","coordinates":[[-3.521038066008839,50.86324140495289,0],[-3.5195319122499176,50.86239381552138,0],[-3.518840438182885,50.86240650707358,0],[-3.5184981767416015,50.86212416857975,0],[-3.518036516328618,50.86261455162949,0],[-3.517631034551844,50.862555615911376,0],[-3.517462838301958,50.86220724825154,0],[-3.517157093703554,50.8621257896108,0],[-3.516863198181177,50.86150773021372,0],[-3.5162377552696467,50.86108526584553,0],[-3.5159628699927934,50.86056201523751,0],[-3.5161177713076155,50.86026484433947,0],[-3.5157367442956002,50.85989909500286,0]]},"properties":{"FID_1":4101,"openrivers":"River Dart","CaBACatchm":"East Devon","SAP":"Yes","SAC":"No","Shape__Len":1057.80404447,"riverName":"Exe","riverType":"Principal salmon river","salmonStat":"At risk","OrgName":""}},{"type":"Feature","geometry":{"bbox":[-3.558294803557036,51.038265057690005,-3.5497222896346203,51.0474579160027],"type":"LineString","coordinates":[[-3.558294803557036,51.046806083461234,0],[-3.5580410976047374,51.046068700654175,0],[-3.557383078148047,51.04563275901118,0],[-3.5569461509457483,51.04557868535418,0],[-3.5541651822286733,51.04729893943365,0],[-3.5526916224017597,51.0474579160027,0],[-3.550891420090988,51.04693107556749,0],[-3.5497222896346203,51.046020289779925,0],[-3.5498143811428546,51.04515437913624,0],[-3.550569097606479,51.04442491895385,0],[-3.5509246166548505,51.04361774469853,0],[-3.551476679179376,51.04348928064401,0],[-3.552376648569252,51.04270688953209,0],[-3.5534623580514646,51.04239506198688,0],[-3.553734624799759,51.041262983874546,0],[-3.5536063004174157,51.04036024934475,0],[-3.552582005418133,51.038265057690005,0]]},"properties":{"FID_1":3833,"openrivers":"River Barle","CaBACatchm":"East Devon","SAP":"Yes","SAC":"No","Shape__Len":2895.21086769,"riverName":"Exe","riverType":"Principal salmon river","salmonStat":"At risk","OrgName":""}},{"type":"Feature","geometry":{"bbox":[-3.4988254273877626,50.91822711951141,-3.4969010460136642,50.922026850732465],"type":"LineString","coordinates":[[-3.4988254273877626,50.922026850732465,0],[-3.4981717291943832,50.92182139353025,0],[-3.497709490673784,50.92146355822766,0],[-3.496932275350362,50.920321785675554,0],[-3.4969010460136642,50.91939751130362,0],[-3.4972390785522682,50.91822711951141,0]]},"properties":{"FID_1":3676,"openrivers":"River Exe","CaBACatchm":"East Devon","SAP":"Yes","SAC":"No","Shape__Len":755.5195464555453,"riverName":"Exe","riverType":"Principal salmon river","salmonStat":"At risk","OrgName":""}},{"type":"Feature","geometry":{"bbox":[-3.5045945030076218,50.93479794017029,-3.502835540379382,50.93733618514848],"type":"LineString","coordinates":[[-3.502835540379382,50.93733618514848,0],[-3.5034089762082323,50.93604276990086,0],[-3.5045945030076218,50.93479794017029,0]]},"properties":{"FID_1":3698,"openrivers":"River Exe","CaBACatchm":"East Devon","SAP":"Yes","SAC":"No","Shape__Len":493.68169652951326,"riverName":"Exe","riverType":"Principal salmon river","salmonStat":"At risk","OrgName":""}},{"type":"Feature","geometry":{"bbox":[-3.707811236248611,51.14756465582167,-3.695279965549808,51.15019940121813],"type":"LineString","coordinates":[[-3.707811236248611,51.14811318210291,0],[-3.7069687088096352,51.1480484157778,0],[-3.705812201680746,51.14756465582167,0],[-3.705110740408059,51.14761067981898,0],[-3.704359083941003,51.14788549289381,0],[-3.704018800685653,51.147695305437125,0],[-3.702398536089333,51.147868731102,0],[-3.7006453720407633,51.14870199615927,0],[-3.699349845258019,51.14888955049993,0],[-3.6980331316020028,51.14961436705629,0],[-3.6969903565259976,51.14980946312516,0],[-3.6967480276668456,51.150149497750114,0],[-3.695279965549808,51.15019940121813,0]]},"properties":{"FID_1":3874,"openrivers":"River Exe","CaBACatchm":"East Devon","SAP":"Yes","SAC":"No","Shape__Len":1597.06549203,"riverName":"Exe","riverType":"Principal salmon river","salmonStat":"At risk","OrgName":""}},{"type":"Feature","geometry":{"bbox":[-3.594609191755778,51.04945563273776,-3.560751738322219,51.05488919462873],"type":"LineString","coordinates":[[-3.5938530814022007,51.05488919462873,0],[-3.594609191755778,51.05286108616024,0],[-3.59423884962696,51.05242232533526,0],[-3.5932254145527094,51.05211140045727,0],[-3.591754826172738,51.05206218908553,0],[-3.590433554506001,51.052298348978816,0],[-3.5858576011315404,51.05402389718449,0],[-3.5853525183869412,51.054074905136986,0],[-3.584568578972253,51.05379838383485,0],[-3.5834176304112475,51.0530228526009,0],[-3.5813030891725592,51.05200116668056,0],[-3.5788677704651852,51.051076315296285,0],[-3.578186166594678,51.051033359489146,0],[-3.5771611214532353,51.0512588032013,0],[-3.576636328479509,51.05154817775212,0],[-3.5754608024450305,51.052970195974915,0],[-3.5750170715053575,51.05313472482618,0],[-3.5742841394963247,51.05313155796477,0],[-3.5725031019364772,51.05272107195165,0],[-3.5686778935914476,51.05109785411303,0],[-3.5672782508282226,51.05018943547008,0],[-3.5656473330403733,51.0496729619256,0],[-3.5640593387248156,51.04945563273776,0],[-3.5623804422652126,51.04961478069014,0],[-3.560751738322219,51.04957808324499,0]]},"properties":{"FID_1":3825,"openrivers":"River Barle","CaBACatchm":"East Devon","SAP":"Yes","SAC":"No","Shape__Len":4852.82284934,"riverName":"Exe","riverType":"Principal salmon river","salmonStat":"At risk","OrgName":""}},{"type":"Feature","geometry":{"bbox":[-3.6428961825696966,50.77943944197215,-3.623111771975614,50.78104667824666],"type":"LineString","coordinates":[[-3.6428961825696966,50.77997926881964,0],[-3.642707659084822,50.78051739485868,0],[-3.640882623490005,50.780583825614364,0],[-3.6402783358821087,50.78011810056758,0],[-3.6399947675654203,50.7794572916932,0],[-3.63973554924929,50.77943944197215,0],[-3.639203933069794,50.779550069754876,0],[-3.637378435721046,50.78064566355102,0],[-3.635423636967226,50.78104667824666,0],[-3.6326867729086474,50.78046717268954,0],[-3.6306486653429113,50.78046438892231,0],[-3.6293479482117434,50.78016887593039,0],[-3.6269673493339365,50.780029165212156,0],[-3.625042628259719,50.7800353139982,0],[-3.623111771975614,50.78036806843297,0]]},"properties":{"FID_1":4175,"openrivers":"River Yeo","CaBACatchm":"East Devon","SAP":"Yes","SAC":"No","Shape__Len":2532.64463532,"riverName":"Exe","riverType":"Principal salmon river","salmonStat":"At risk","OrgName":""}},{"type":"Feature","geometry":{"bbox":[-3.496204130113057,50.890136041136486,-3.495733834507729,50.89232245996804],"type":"LineString","coordinates":[[-3.495733834507729,50.89232245996804,0],[-3.496204130113057,50.89097184183143,0],[-3.495823296579848,50.890136041136486,0]]},"properties":{"FID_1":4022,"openrivers":"River Exe","CaBACatchm":"East Devon","SAP":"Yes","SAC":"No","Shape__Len":397.5018676808447,"riverName":"Exe","riverType":"Principal salmon river","salmonStat":"At risk","OrgName":""}},{"type":"Feature","geometry":{"bbox":[-3.66769009455501,50.77745762694253,-3.653458246260506,50.7796770028695],"type":"LineString","coordinates":[[-3.66769009455501,50.7783767753801,0],[-3.6660932117314022,50.77755600980722,0],[-3.6653263393984608,50.777674072921776,0],[-3.66430999027353,50.77745762694253,0],[-3.662980159383946,50.777820233554245,0],[-3.662750127579609,50.778568890369506,0],[-3.6621846885071556,50.778715898170944,0],[-3.6610665485593405,50.77836120610091,0],[-3.660388977620979,50.77848623911385,0],[-3.6592841332803823,50.778358245519286,0],[-3.6587311223828225,50.778491929376045,0],[-3.6586191515186157,50.77889516945273,0],[-3.6590332694937646,50.77930954441395,0],[-3.6588276189332882,50.77945870284482,0],[-3.657595787105474,50.7794185666402,0],[-3.656705734558085,50.7796770028695,0],[-3.655882360815657,50.77962286239632,0],[-3.6550037436612817,50.77918934632166,0],[-3.653988555328419,50.77941122515295,0],[-3.653458246260506,50.77937701400019,0]]},"properties":{"FID_1":4163,"openrivers":"River Yeo","CaBACatchm":"East Devon","SAP":"Yes","SAC":"No","Shape__Len":2043.30564905,"riverName":"Exe","riverType":"Principal salmon river","salmonStat":"At risk","OrgName":""}},{"type":"Feature","geometry":{"bbox":[-3.516742077371633,50.77834095584632,-3.512620825263715,50.78303582224735],"type":"LineString","coordinates":[[-3.5164606393511844,50.78303582224735,0],[-3.515290749172034,50.782742558531055,0],[-3.5139180217390824,50.78232645945644,0],[-3.513139449414852,50.781828080876544,0],[-3.512623112756926,50.781296797479015,0],[-3.512620825263715,50.780593007150344,0],[-3.5127949012236903,50.78037400899853,0],[-3.5148281736413787,50.779627244292875,0],[-3.5152981089579747,50.778709931081394,0],[-3.515704605033819,50.77843250872858,0],[-3.516742077371633,50.77834095584632,0]]},"properties":{"FID_1":3993,"openrivers":"River Exe","CaBACatchm":"East Devon","SAP":"Yes","SAC":"No","Shape__Len":1324.44176457,"riverName":"Exe","riverType":"Principal salmon river","salmonStat":"At risk","OrgName":""}},{"type":"Feature","geometry":{"bbox":[-3.545095334869686,50.88452578633722,-3.5410558764959443,50.88799178812291],"type":"LineString","coordinates":[[-3.545095334869686,50.88799178812291,0],[-3.544777482905081,50.88772287145348,0],[-3.5432583266507054,50.8875724577117,0],[-3.5420092342561857,50.887058097927756,0],[-3.5413884886008375,50.88696305562056,0],[-3.5414143710422166,50.88658868565324,0],[-3.5410558764959443,50.886319396358886,0],[-3.5419762224971283,50.885309891613076,0],[-3.5413488134712305,50.88452578633722,0]]},"properties":{"FID_1":4015,"openrivers":"River Dart","CaBACatchm":"East Devon","SAP":"Yes","SAC":"No","Shape__Len":956.1867306596084,"riverName":"Exe","riverType":"Principal salmon river","salmonStat":"At risk","OrgName":""}},{"type":"Feature","geometry":{"bbox":[-3.5240299410153084,50.86355097964196,-3.5215669681317645,50.866481370644124],"type":"LineString","coordinates":[[-3.5238171470962376,50.866481370644124,0],[-3.5240299410153084,50.866408893633746,0],[-3.523769550563435,50.865314312232464,0],[-3.5231733657526436,50.865369851441756,0],[-3.522887962778438,50.86511996836572,0],[-3.522569103594365,50.86527791422842,0],[-3.5221437484466427,50.86456643495105,0],[-3.5222862910279176,50.86437922476521,0],[-3.5215669681317645,50.86355097964196,0]]},"properties":{"FID_1":4116,"openrivers":"River Dart","CaBACatchm":"East Devon","SAP":"Yes","SAC":"No","Shape__Len":726.0253465556123,"riverName":"Exe","riverType":"Principal salmon river","salmonStat":"At risk","OrgName":""}},{"type":"Feature","geometry":{"bbox":[-3.5264729789145,51.00965631788039,-3.518866569842864,51.015848552957245],"type":"LineString","coordinates":[[-3.5207736581139772,51.015848552957245,0],[-3.518866569842864,51.01486883792733,0],[-3.5200662726877305,51.01414116145058,0],[-3.522984996945023,51.012971186939964,0],[-3.523025125262596,51.01253386988916,0],[-3.522626278869905,51.01152527925228,0],[-3.522839716295062,51.010142508567576,0],[-3.523545093640542,51.00965631788039,0],[-3.5264729789145,51.00971405137978,0]]},"properties":{"FID_1":3643,"openrivers":"River Exe","CaBACatchm":"East Devon","SAP":"Yes","SAC":"No","Shape__Len":1794.61764158,"riverName":"Exe","riverType":"Principal salmon river","salmonStat":"At risk","OrgName":""}},{"type":"Feature","geometry":{"bbox":[-3.505210470608675,50.9338898661599,-3.5045945030076218,50.93479794017029],"type":"LineString","coordinates":[[-3.5045945030076218,50.93479794017029,0],[-3.5050727620864173,50.93432367664586,0],[-3.505210470608675,50.9338898661599,0]]},"properties":{"FID_1":3694,"openrivers":"River Exe","CaBACatchm":"East Devon","SAP":"Yes","SAC":"No","Shape__Len":177.40523057083612,"riverName":"Exe","riverType":"Principal salmon river","salmonStat":"At risk","OrgName":""}},{"type":"Feature","geometry":{"bbox":[-3.539987107076968,50.99430128681746,-3.535075697087207,51.00332905651865],"type":"LineString","coordinates":[[-3.535075697087207,51.00332905651865,0],[-3.536548864744495,51.00273736385353,0],[-3.5372190442525997,51.00142741732206,0],[-3.537125201237347,51.00064975528228,0],[-3.5363762939687553,51.00019852858055,0],[-3.536222309209411,50.99990773654407,0],[-3.5361543808262383,50.996838724591676,0],[-3.539987107076968,50.99430128681746,0]]},"properties":{"FID_1":3744,"openrivers":"River Exe","CaBACatchm":"East Devon","SAP":"Yes","SAC":"No","Shape__Len":1907.72787476,"riverName":"Exe","riverType":"Principal salmon river","salmonStat":"At risk","OrgName":""}},{"type":"Feature","geometry":{"bbox":[-3.5263652210047156,50.98421727431347,-3.52232873592005,50.98531156334214],"type":"LineString","coordinates":[[-3.5263652210047156,50.985167233343944,0],[-3.5258842584775945,50.98531156334214,0],[-3.5243643591942595,50.985012425101345,0],[-3.52232873592005,50.98421727431347,0]]},"properties":{"FID_1":3760,"openrivers":"River Exe","CaBACatchm":"East Devon","SAP":"Yes","SAC":"No","Shape__Len":503.26593763357675,"riverName":"Exe","riverType":"Principal salmon river","salmonStat":"At risk","OrgName":""}},{"type":"Feature","geometry":{"bbox":[-3.504410163865658,50.83314537034745,-3.5023279276649593,50.83780908052878],"type":"LineString","coordinates":[[-3.5023279276649593,50.83780908052878,0],[-3.5028462016905637,50.836784727976465,0],[-3.504410163865658,50.83495332540635,0],[-3.5043017312441234,50.83314537034745,0]]},"properties":{"FID_1":3939,"openrivers":"River Exe","CaBACatchm":"East Devon","SAP":"Yes","SAC":"No","Shape__Len":875.2216885871912,"riverName":"Exe","riverType":"Principal salmon river","salmonStat":"At risk","OrgName":""}},{"type":"Feature","geometry":{"bbox":[-3.5958445149068687,50.906390439638066,-3.591627767085777,50.90855837074565],"type":"LineString","coordinates":[[-3.5958445149068687,50.90855837074565,0],[-3.5953444223837585,50.90840530277939,0],[-3.5949150206448643,50.90855578018933,0],[-3.5944101287149457,50.90847445035077,0],[-3.5944078441468674,50.90823696872726,0],[-3.5940177121024015,50.90824211469386,0],[-3.5920676985549242,50.90719482746764,0],[-3.591627767085777,50.906390439638066,0]]},"properties":{"FID_1":4141,"openrivers":"River Dart","CaBACatchm":"East Devon","SAP":"Yes","SAC":"No","Shape__Len":695.2904578670705,"riverName":"Exe","riverType":"Principal salmon river","salmonStat":"At risk","OrgName":""}},{"type":"Feature","geometry":{"bbox":[-3.5519263589093444,50.74971738028447,-3.5492772159744073,50.75419259410991],"type":"LineString","coordinates":[[-3.5513740955858504,50.75419259410991,0],[-3.5519263589093444,50.7530588186069,0],[-3.551621535362484,50.752325235726936,0],[-3.5517217939913186,50.75194896573127,0],[-3.550467845565774,50.751313085984975,0],[-3.5498657902825923,50.750721319844224,0],[-3.5495153050733284,50.749844171514134,0],[-3.5492772159744073,50.74971738028447,0]]},"properties":{"FID_1":4065,"openrivers":"River Creedy","CaBACatchm":"East Devon","SAP":"Yes","SAC":"No","Shape__Len":905.8956189583665,"riverName":"Exe","riverType":"Principal salmon river","salmonStat":"At risk","OrgName":""}},{"type":"Feature","geometry":{"bbox":[-3.5676271826727897,50.89492354689236,-3.558715419126707,50.89805153435916],"type":"LineString","coordinates":[[-3.5676271826727897,50.89805153435916,0],[-3.566521076698279,50.89768282324902,0],[-3.565902651958654,50.897768643128536,0],[-3.5659225316677428,50.89754318591527,0],[-3.564924005515467,50.8976761876969,0],[-3.562724455164052,50.89731022472752,0],[-3.562912838123278,50.897011825188855,0],[-3.5622505181916098,50.896852608420794,0],[-3.562002829571391,50.89651373099769,0],[-3.5615958255473346,50.896547235846185,0],[-3.561584024026966,50.89633056700217,0],[-3.5612112313302524,50.89633249623611,0],[-3.5610507369369704,50.89584100454064,0],[-3.560456222904576,50.895374201720315,0],[-3.559777724526765,50.89539792973714,0],[-3.559649990196991,50.8951585281996,0],[-3.558955741696798,50.89492354689236,0],[-3.558715419126707,50.89500850494056,0]]},"properties":{"FID_1":4006,"openrivers":"River Dart","CaBACatchm":"East Devon","SAP":"Yes","SAC":"No","Shape__Len":1376.2025077,"riverName":"Exe","riverType":"Principal salmon river","salmonStat":"At risk","OrgName":""}},{"type":"Feature","geometry":{"bbox":[-3.535333043403003,50.75567048536306,-3.5351412561178943,50.75587086549927],"type":"LineString","coordinates":[[-3.5351412561178943,50.75587086549927,0],[-3.535333043403003,50.75567048536306,0]]},"properties":{"FID_1":3963,"openrivers":"River Exe","CaBACatchm":"East Devon","SAP":"Yes","SAC":"No","Shape__Len":41.219541863625636,"riverName":"Exe","riverType":"Principal salmon river","salmonStat":"At risk","OrgName":""}},{"type":"Feature","geometry":{"bbox":[-3.523947200054795,50.866481370644124,-3.523229627435118,50.868311171343926],"type":"LineString","coordinates":[[-3.523827960582691,50.868311171343926,0],[-3.523947200054795,50.868006362136974,0],[-3.523229627435118,50.86727801825545,0],[-3.523239594151449,50.867078148595596,0],[-3.523643611152303,50.86686423024484,0],[-3.5233743229646945,50.86673842422482,0],[-3.5235556086250908,50.86657130114941,0],[-3.5238171470962376,50.866481370644124,0]]},"properties":{"FID_1":4121,"openrivers":"River Dart","CaBACatchm":"East Devon","SAP":"Yes","SAC":"No","Shape__Len":406.8098290911161,"riverName":"Exe","riverType":"Principal salmon river","salmonStat":"At risk","OrgName":""}},{"type":"Feature","geometry":{"bbox":[-3.5350908203111873,50.75514529111925,-3.5255451585520667,50.7583620864683],"type":"LineString","coordinates":[[-3.5255451585520667,50.7583620864683,0],[-3.5260830498286646,50.75818660082623,0],[-3.5263046651232743,50.75787747482859,0],[-3.526293446375426,50.75630836461165,0],[-3.5260388205991107,50.755559040559355,0],[-3.5261201612990183,50.75537918715786,0],[-3.526625474037096,50.755188296907455,0],[-3.5274507621075184,50.75514529111925,0],[-3.5289012952368686,50.75549006109486,0],[-3.5292100659844317,50.755863554315056,0],[-3.528961134917659,50.75653862574202,0],[-3.5300828056808533,50.756957661976735,0],[-3.5308279756442578,50.756974230784465,0],[-3.5350908203111873,50.755919644242574,0]]},"properties":{"FID_1":3959,"openrivers":"River Exe","CaBACatchm":"East Devon","SAP":"Yes","SAC":"No","Shape__Len":1834.88599374,"riverName":"Exe","riverType":"Principal salmon river","salmonStat":"At risk","OrgName":""}},{"type":"Feature","geometry":{"bbox":[-3.626366694710202,51.07685070336869,-3.6172890196080183,51.08128544769123],"type":"LineString","coordinates":[[-3.626366694710202,51.08128544769123,0],[-3.6256385135153453,51.081072284402076,0],[-3.6253127287580846,51.079801230361156,0],[-3.6247979270840425,51.0792554039423,0],[-3.6236977511047312,51.07931998480248,0],[-3.6218134330538243,51.08006471503807,0],[-3.6210869913667456,51.08008406200289,0],[-3.62060544373046,51.079924910556365,0],[-3.6200217789552545,51.079494681305,0],[-3.618829301415179,51.078039306626245,0],[-3.6172890196080183,51.07685070336869,0]]},"properties":{"FID_1":3779,"openrivers":"River Barle","CaBACatchm":"East Devon","SAP":"Yes","SAC":"No","Shape__Len":1604.08617222,"riverName":"Exe","riverType":"Principal salmon river","salmonStat":"At risk","OrgName":""}},{"type":"Feature","geometry":{"bbox":[-3.512966229851766,50.97360083687079,-3.5070113148427775,50.976803529190015],"type":"LineString","coordinates":[[-3.512966229851766,50.976803529190015,0],[-3.5126537768921113,50.976372040558346,0],[-3.510819314741773,50.975111753365,0],[-3.510300774809657,50.97439037865792,0],[-3.5091570637373253,50.97394948514081,0],[-3.5070113148427775,50.97360083687079,0]]},"properties":{"FID_1":3717,"openrivers":"River Exe","CaBACatchm":"East Devon","SAP":"Yes","SAC":"No","Shape__Len":922.0396225007344,"riverName":"Exe","riverType":"Principal salmon river","salmonStat":"At risk","OrgName":""}},{"type":"Feature","geometry":{"bbox":[-3.5403889114654996,50.71469214528773,-3.5257173384079663,50.72201353320904],"type":"LineString","coordinates":[[-3.5402592332199294,50.72201353320904,0],[-3.5403889114654996,50.721660712037924,0],[-3.54004519280413,50.720031216938835,0],[-3.539394929680964,50.71927463470152,0],[-3.5383315691305848,50.7186686561646,0],[-3.5376921654140525,50.71870542129438,0],[-3.536509443428661,50.717983274613424,0],[-3.5358596625771,50.71785405555491,0],[-3.535499825560438,50.717528552379825,0],[-3.5341833078067943,50.71726645625045,0],[-3.533072403320756,50.71734888489246,0],[-3.5319994954961818,50.717714729458585,0],[-3.531893330798969,50.71798656051671,0],[-3.531188252494962,50.71810320785425,0],[-3.5304697285470774,50.71803772850666,0],[-3.5257173384079663,50.71469214528773,0]]},"properties":{"FID_1":4040,"openrivers":"River Exe","CaBACatchm":"East Devon","SAP":"Yes","SAC":"No","Shape__Len":2479.59856413,"riverName":"Exe","riverType":"Principal salmon river","salmonStat":"At risk","OrgName":""}},{"type":"Feature","geometry":{"bbox":[-3.619049512515668,51.06372493186206,-3.6125646247148406,51.0665184524171],"type":"LineString","coordinates":[[-3.619049512515668,51.0665184524171,0],[-3.6165937135789386,51.06521365067376,0],[-3.6147341991173865,51.06477082016553,0],[-3.6139451875280755,51.06426848202857,0],[-3.6125646247148406,51.06372493186206,0]]},"properties":{"FID_1":3813,"openrivers":"River Barle","CaBACatchm":"East Devon","SAP":"Yes","SAC":"No","Shape__Len":885.7369721945128,"riverName":"Exe","riverType":"Principal salmon river","salmonStat":"At risk","OrgName":""}},{"type":"Feature","geometry":{"bbox":[-3.5240351018659295,50.77479494178556,-3.516742077371633,50.781108133871555],"type":"LineString","coordinates":[[-3.516742077371633,50.77834095584632,0],[-3.517481075665129,50.778853135757274,0],[-3.5177824057082994,50.779529201987074,0],[-3.518774976419919,50.78021820904591,0],[-3.5209658300044313,50.78077242050692,0],[-3.5219741028917757,50.78055358539647,0],[-3.5231297755899327,50.781108133871555,0],[-3.5236556952191993,50.780983719253136,0],[-3.5239506915267618,50.780707095272,0],[-3.5240351018659295,50.78026675613166,0],[-3.5230314439520423,50.77968424017557,0],[-3.52266107857676,50.778985706453184,0],[-3.5231073473477372,50.777336250102046,0],[-3.5228076401305755,50.77668149061391,0],[-3.5219297903386626,50.77594749230235,0],[-3.5192580844368657,50.77479494178556,0]]},"properties":{"FID_1":3989,"openrivers":"River Exe","CaBACatchm":"East Devon","SAP":"Yes","SAC":"No","Shape__Len":2369.98414426,"riverName":"Exe","riverType":"Principal salmon river","salmonStat":"At risk","OrgName":""}},{"type":"Feature","geometry":{"bbox":[-3.509626204850482,50.83780908052878,-3.5023279276649593,50.84284986177679],"type":"LineString","coordinates":[[-3.5092823181757895,50.84284986177679,0],[-3.50957026501476,50.842556103579426,0],[-3.509626204850482,50.84208035633841,0],[-3.50884487545177,50.841368217647144,0],[-3.508474642093898,50.84111903673347,0],[-3.5079570666656053,50.841044250098456,0],[-3.5067960201155195,50.841077959957794,0],[-3.5052793852923267,50.840447779494994,0],[-3.503049856686523,50.839170171001655,0],[-3.502373729462796,50.83818692645419,0],[-3.5023279276649593,50.83780908052878,0]]},"properties":{"FID_1":3943,"openrivers":"River Exe","CaBACatchm":"East Devon","SAP":"Yes","SAC":"No","Shape__Len":1339.45965808,"riverName":"Exe","riverType":"Principal salmon river","salmonStat":"At risk","OrgName":""}},{"type":"Feature","geometry":{"bbox":[-3.5255451585520667,50.75754577817688,-3.514702996546157,50.759532558514174],"type":"LineString","coordinates":[[-3.514702996546157,50.759532558514174,0],[-3.5157433596577246,50.7590958104579,0],[-3.522474978026974,50.75754577817688,0],[-3.5242254023277093,50.757693691639005,0],[-3.5255451585520667,50.7583620864683,0]]},"properties":{"FID_1":3967,"openrivers":"River Exe","CaBACatchm":"East Devon","SAP":"Yes","SAC":"No","Shape__Len":1321.23860489,"riverName":"Exe","riverType":"Principal salmon river","salmonStat":"At risk","OrgName":""}},{"type":"Feature","geometry":{"bbox":[-3.5508718840283215,50.742940713931965,-3.547945154071119,50.74756603361789],"type":"LineString","coordinates":[[-3.547945154071119,50.74756603361789,0],[-3.548650892946249,50.746989174413315,0],[-3.5501756975697294,50.74635834446845,0],[-3.5508557988094984,50.74496853443403,0],[-3.5508718840283215,50.74445164639118,0],[-3.5505422430233446,50.743938457500654,0],[-3.5488569174578606,50.74319047995565,0],[-3.5487025421923555,50.742940713931965,0]]},"properties":{"FID_1":4058,"openrivers":"River Exe","CaBACatchm":"East Devon","SAP":"Yes","SAC":"No","Shape__Len":1051.83673028,"riverName":"Exe","riverType":"Principal salmon river","salmonStat":"At risk","OrgName":""}},{"type":"Feature","geometry":{"bbox":[-3.5151959823452623,50.75966150986817,-3.514226700778504,50.76250106149275],"type":"LineString","coordinates":[[-3.514926912231636,50.76250106149275,0],[-3.514226700778504,50.761490398082834,0],[-3.5145154049023946,50.760858460976934,0],[-3.5151959823452623,50.76052414853979,0],[-3.5145863572398355,50.75966150986817,0]]},"properties":{"FID_1":3975,"openrivers":"River Exe","CaBACatchm":"East Devon","SAP":"Yes","SAC":"No","Shape__Len":572.1634546608641,"riverName":"Exe","riverType":"Principal salmon river","salmonStat":"At risk","OrgName":""}},{"type":"Feature","geometry":{"bbox":[-3.5199840830851823,50.79451446787883,-3.517126961111095,50.79897013788914],"type":"LineString","coordinates":[[-3.5174210821932563,50.79897013788914,0],[-3.5174694570891543,50.79760746918364,0],[-3.517155407486971,50.79749302345959,0],[-3.517126961111095,50.797311368613485,0],[-3.517444439961997,50.79692286291615,0],[-3.517329799558282,50.79634950111808,0],[-3.5175210187908177,50.79587018652651,0],[-3.518323730415653,50.79500321266889,0],[-3.51901506596813,50.794688795268264,0],[-3.5199840830851823,50.79451446787883,0]]},"properties":{"FID_1":3999,"openrivers":"River Exe","CaBACatchm":"East Devon","SAP":"Yes","SAC":"No","Shape__Len":962.2885651824816,"riverName":"Exe","riverType":"Principal salmon river","salmonStat":"At risk","OrgName":""}},{"type":"Feature","geometry":{"bbox":[-3.537269391851277,51.06107066042277,-3.5295494748459024,51.06524732449111],"type":"LineString","coordinates":[[-3.537269391851277,51.06524732449111,0],[-3.5361708289058087,51.06396073526471,0],[-3.536244647560989,51.062538498620995,0],[-3.5360130275665664,51.06226248667634,0],[-3.534910100605349,51.061988924160026,0],[-3.53087820339469,51.06179708543715,0],[-3.5303920370425277,51.061655604309784,0],[-3.5295494748459024,51.06107066042277,0]]},"properties":{"FID_1":3671,"openrivers":"River Exe","CaBACatchm":"East Devon","SAP":"Yes","SAC":"No","Shape__Len":1347.46632923,"riverName":"Exe","riverType":"Principal salmon river","salmonStat":"At risk","OrgName":""}},{"type":"Feature","geometry":{"bbox":[-3.505210470608675,50.929522149269246,-3.498942266558624,50.9338898661599],"type":"LineString","coordinates":[[-3.505210470608675,50.9338898661599,0],[-3.5047355616376787,50.933606983949,0],[-3.5034234678720435,50.93358705987794,0],[-3.5025241766059603,50.933414478914834,0],[-3.501710308486141,50.93317940504036,0],[-3.501165372879735,50.93284878667576,0],[-3.500011978301552,50.932220658116414,0],[-3.4993231370716984,50.931595222094884,0],[-3.499577319880068,50.93038776674955,0],[-3.498942266558624,50.929522149269246,0]]},"properties":{"FID_1":3690,"openrivers":"River Exe","CaBACatchm":"East Devon","SAP":"Yes","SAC":"No","Shape__Len":1195.10168528,"riverName":"Exe","riverType":"Principal salmon river","salmonStat":"At risk","OrgName":""}},{"type":"Feature","geometry":{"bbox":[-3.495823296579848,50.87662402977951,-3.4883825467420895,50.890136041136486],"type":"LineString","coordinates":[[-3.495823296579848,50.890136041136486,0],[-3.495547817095956,50.889179906260765,0],[-3.494787999558771,50.88785694426626,0],[-3.494049141684941,50.887094168687966,0],[-3.492934450563844,50.885421589743515,0],[-3.490780524090589,50.88338566089408,0],[-3.4889015718442837,50.882187674648556,0],[-3.4883825467420895,50.88162152165927,0],[-3.488437356797658,50.881146963869384,0],[-3.4899992408856133,50.88017173183927,0],[-3.489520473346785,50.87820723779866,0],[-3.4896841721477845,50.87662402977951,0]]},"properties":{"FID_1":3894,"openrivers":"River Exe","CaBACatchm":"East Devon","SAP":"Yes","SAC":"No","Shape__Len":2701.5191094,"riverName":"Exe","riverType":"Principal salmon river","salmonStat":"At risk","OrgName":""}},{"type":"Feature","geometry":{"bbox":[-3.509662727514976,50.84284986177679,-3.5063173367289973,50.84999267597813],"type":"LineString","coordinates":[[-3.509662727514976,50.84999267597813,0],[-3.5080221465916455,50.84911969843874,0],[-3.5073372587126763,50.848533377971,0],[-3.5066273442481384,50.847328822068235,0],[-3.5063173367289973,50.84560405580383,0],[-3.5064872900921107,50.844856771287056,0],[-3.507367136884234,50.84370740044262,0],[-3.5092823181757895,50.84284986177679,0]]},"properties":{"FID_1":3947,"openrivers":"River Exe","CaBACatchm":"East Devon","SAP":"Yes","SAC":"No","Shape__Len":1519.44991057,"riverName":"Exe","riverType":"Principal salmon river","salmonStat":"At risk","OrgName":""}},{"type":"Feature","geometry":{"bbox":[-3.5450303791633346,50.750891531499676,-3.5353502801857277,50.75566432273881],"type":"LineString","coordinates":[[-3.5353502801857277,50.75566432273881,0],[-3.535887121218071,50.754445571253015,0],[-3.537623874719052,50.752941555986396,0],[-3.541299802684256,50.75203603700395,0],[-3.543952841143125,50.75096462298421,0],[-3.5443467342134842,50.750898071006084,0],[-3.544663681026005,50.75105206640925,0],[-3.5450303791633346,50.750891531499676,0]]},"properties":{"FID_1":4069,"openrivers":"River Exe","CaBACatchm":"East Devon","SAP":"Yes","SAC":"No","Shape__Len":1479.37015994,"riverName":"Exe","riverType":"Principal salmon river","salmonStat":"At risk","OrgName":""}},{"type":"Feature","geometry":{"bbox":[-3.665179227696472,51.14251080397927,-3.6585536467608435,51.143967962788565],"type":"LineString","coordinates":[[-3.665179227696472,51.14370750173137,0],[-3.664449033639586,51.1437333731867,0],[-3.663586378712475,51.143967962788565,0],[-3.662988104627704,51.14373034332515,0],[-3.6613000179780992,51.14371973361054,0],[-3.6606059421184334,51.14389560865832,0],[-3.6602696594330344,51.14367169792034,0],[-3.6601974779272024,51.1430185799897,0],[-3.6585536467608435,51.14251080397927,0]]},"properties":{"FID_1":3841,"openrivers":"River Exe","CaBACatchm":"East Devon","SAP":"Yes","SAC":"No","Shape__Len":910.8789161972134,"riverName":"Exe","riverType":"Principal salmon river","salmonStat":"At risk","OrgName":""}},{"type":"Feature","geometry":{"bbox":[-3.5525284652907607,50.742940713931965,-3.5487025421923555,50.74971738028447],"type":"LineString","coordinates":[[-3.5492772159744073,50.74971738028447,0],[-3.5499684687802318,50.74895472127881,0],[-3.5502483527582207,50.748965029801724,0],[-3.551494618750678,50.747827327913775,0],[-3.5518110979046513,50.74687844353608,0],[-3.55166658299525,50.74554744716721,0],[-3.5525284652907607,50.744486976174244,0],[-3.550896091405818,50.743009673080294,0],[-3.5487025421923555,50.742940713931965,0]]},"properties":{"FID_1":4054,"openrivers":"River Exe","CaBACatchm":"East Devon","SAP":"Yes","SAC":"No","Shape__Len":1606.14398885,"riverName":"Exe","riverType":"Principal salmon river","salmonStat":"At risk","OrgName":""}},{"type":"Feature","geometry":{"bbox":[-3.580715768922547,50.903731734399,-3.5800090125128645,50.90393446549214],"type":"LineString","coordinates":[[-3.580715768922547,50.903871184703505,0],[-3.5803926388966,50.90393446549214,0],[-3.5800090125128645,50.903731734399,0]]},"properties":{"FID_1":4155,"openrivers":"River Dart","CaBACatchm":"East Devon","SAP":"Yes","SAC":"No","Shape__Len":93.3824627741686,"riverName":"Exe","riverType":"Principal salmon river","salmonStat":"At risk","OrgName":""}},{"type":"Feature","geometry":{"bbox":[-3.498942266558624,50.92747751848359,-3.497300871442408,50.929522149269246],"type":"LineString","coordinates":[[-3.498942266558624,50.929522149269246,0],[-3.4973630364792503,50.928332217108796,0],[-3.497300871442408,50.92796060731092,0],[-3.4975551362550035,50.92781803889633,0],[-3.4975931508983176,50.92747751848359,0]]},"properties":{"FID_1":3684,"openrivers":"River Exe","CaBACatchm":"East Devon","SAP":"Yes","SAC":"No","Shape__Len":438.16467933941396,"riverName":"Exe","riverType":"Principal salmon river","salmonStat":"At risk","OrgName":""}},{"type":"Feature","geometry":{"bbox":[-3.684169982905275,51.14370750173137,-3.665179227696472,51.14531654442262],"type":"LineString","coordinates":[[-3.684169982905275,51.14531654442262,0],[-3.681515806666696,51.14507850835501,0],[-3.6801336080485427,51.144654141321105,0],[-3.6772335180930633,51.144485192364996,0],[-3.6752836279842422,51.144154798096025,0],[-3.6726372001615486,51.14409630806521,0],[-3.671922209844333,51.14445600555477,0],[-3.6694984154602235,51.143915296254804,0],[-3.666126437169955,51.144015045978435,0],[-3.665179227696472,51.14370750173137,0]]},"properties":{"FID_1":3837,"openrivers":"River Exe","CaBACatchm":"East Devon","SAP":"Yes","SAC":"No","Shape__Len":2196.51422595,"riverName":"Exe","riverType":"Principal salmon river","salmonStat":"At risk","OrgName":""}},{"type":"Feature","geometry":{"bbox":[-3.5469431108008544,50.72201353320904,-3.5402592332199294,50.732615643943696],"type":"LineString","coordinates":[[-3.5462866326298137,50.732615643943696,0],[-3.5459327734386497,50.731620973933055,0],[-3.546880639080083,50.729483583814705,0],[-3.5469431108008544,50.72861856427192,0],[-3.546733313777077,50.72795771371361,0],[-3.5456425289936977,50.72679870238775,0],[-3.541833773459374,50.724524219221344,0],[-3.541248432505076,50.7237801001715,0],[-3.5407520142866726,50.72271859000115,0],[-3.540731876982002,50.72218679849689,0],[-3.5402592332199294,50.72201353320904,0]]},"properties":{"FID_1":4032,"openrivers":"River Exe","CaBACatchm":"East Devon","SAP":"Yes","SAC":"No","Shape__Len":2155.87157102,"riverName":"Exe","riverType":"Principal salmon river","salmonStat":"At risk","OrgName":""}},{"type":"Feature","geometry":{"bbox":[-3.535075697087207,51.00332905651865,-3.5270543602398523,51.006462093592596],"type":"LineString","coordinates":[[-3.5270543602398523,51.006462093592596,0],[-3.5270911474852498,51.006015642901765,0],[-3.5275857350405735,51.00550753880798,0],[-3.530713717850297,51.00475424496169,0],[-3.535075697087207,51.00332905651865,0]]},"properties":{"FID_1":3752,"openrivers":"River Exe","CaBACatchm":"East Devon","SAP":"Yes","SAC":"No","Shape__Len":1104.46005152,"riverName":"Exe","riverType":"Principal salmon river","salmonStat":"At risk","OrgName":""}},{"type":"Feature","geometry":{"bbox":[-3.4986477763235997,50.965234606632336,-3.4835103298393673,50.97594565329834],"type":"LineString","coordinates":[[-3.4872210208642893,50.97594565329834,0],[-3.4862854599782156,50.975241534845054,0],[-3.484849769166317,50.974986949618994,0],[-3.4835438324014323,50.97454382230289,0],[-3.4835103298393673,50.9742211260024,0],[-3.4841087512619877,50.97312301826825,0],[-3.484590317186011,50.97268936439234,0],[-3.4856489208774732,50.972212485794536,0],[-3.4891051887911924,50.97129387997516,0],[-3.490075305253333,50.971165313100656,0],[-3.491213039551073,50.97073827468513,0],[-3.494491246853023,50.968933802165374,0],[-3.495796849005841,50.968916004789385,0],[-3.4960962660249106,50.96913888512877,0],[-3.4966697770492834,50.96920869618644,0],[-3.4983929539807206,50.968765358155714,0],[-3.4986477763235997,50.96851396767303,0],[-3.4986024734297856,50.96802244570744,0],[-3.4976726095631157,50.96667227873091,0],[-3.49675255819957,50.96593135232222,0],[-3.496840531363856,50.965234606632336,0]]},"properties":{"FID_1":3636,"openrivers":"River Exe","CaBACatchm":"East Devon","SAP":"Yes","SAC":"No","Shape__Len":3313.36138933,"riverName":"Exe","riverType":"Principal salmon river","salmonStat":"At risk","OrgName":""}},{"type":"Feature","geometry":{"bbox":[-3.548794493394629,50.73529315120854,-3.5470302044809747,50.742940713931965],"type":"LineString","coordinates":[[-3.5487025421923555,50.742940713931965,0],[-3.547376291911346,50.74071363342436,0],[-3.5470302044809747,50.73948871947185,0],[-3.5471324961768107,50.73889855480766,0],[-3.548794493394629,50.73656982219492,0],[-3.548642745404672,50.73586629429265,0],[-3.5480524437742216,50.73529315120854,0]]},"properties":{"FID_1":4051,"openrivers":"River Exe","CaBACatchm":"East Devon","SAP":"Yes","SAC":"No","Shape__Len":1436.6691701,"riverName":"Exe","riverType":"Principal salmon river","salmonStat":"At risk","OrgName":""}},{"type":"Feature","geometry":{"bbox":[-3.6116591409801404,51.05488919462873,-3.5918041490442776,51.06415985457493],"type":"LineString","coordinates":[[-3.6116591409801404,51.063549828010885,0],[-3.6113521065911907,51.06259026596503,0],[-3.6109328553663187,51.06204854362157,0],[-3.610488360956076,51.061840274341414,0],[-3.6099422607415312,51.06181722362951,0],[-3.608195596926636,51.06236881659236,0],[-3.607168620203056,51.06238906280762,0],[-3.604324999697935,51.06410959287495,0],[-3.603801674645553,51.06415985457493,0],[-3.6034019212791533,51.06403179273276,0],[-3.6031403226067695,51.06376324956309,0],[-3.6031084540228693,51.06245176568073,0],[-3.602597682389195,51.0605373850885,0],[-3.6020928803252232,51.05968402265825,0],[-3.601360114033285,51.05915501823787,0],[-3.5992741611926187,51.058080026466286,0],[-3.597393067781968,51.05687206626558,0],[-3.5962813042981927,51.05682996771567,0],[-3.592914897462005,51.057493451918496,0],[-3.5919733050797604,51.057233247412356,0],[-3.5918041490442776,51.05630314076133,0],[-3.5923086225146847,51.05588843007077,0],[-3.5932578142498524,51.055543198722276,0],[-3.5938530814022007,51.05488919462873,0]]},"properties":{"FID_1":3821,"openrivers":"River Barle","CaBACatchm":"East Devon","SAP":"Yes","SAC":"No","Shape__Len":3945.03817224,"riverName":"Exe","riverType":"Principal salmon river","salmonStat":"At risk","OrgName":""}},{"type":"Feature","geometry":{"bbox":[-3.653458246260506,50.77894506033178,-3.646915948824526,50.77988852644775],"type":"LineString","coordinates":[[-3.653458246260506,50.77937701400019,0],[-3.652527874334634,50.77988852644775,0],[-3.652332673944081,50.77986404157423,0],[-3.6521432996920513,50.77944556011914,0],[-3.651766326143308,50.77932265217613,0],[-3.649650254144213,50.77948930117982,0],[-3.648532186543575,50.779356268046435,0],[-3.6479358550701644,50.77894506033178,0],[-3.646915948824526,50.77909409871325,0]]},"properties":{"FID_1":4168,"openrivers":"River Yeo","CaBACatchm":"East Devon","SAP":"Yes","SAC":"No","Shape__Len":862.0217317546767,"riverName":"Exe","riverType":"Principal salmon river","salmonStat":"At risk","OrgName":""}},{"type":"Feature","geometry":{"bbox":[-3.540233567143223,51.06524732449111,-3.532020377310987,51.072925957722845],"type":"LineString","coordinates":[[-3.5332590681708034,51.072925957722845,0],[-3.532020377310987,51.070506712625495,0],[-3.532817504052658,51.070034298908425,0],[-3.5334000306589046,51.06940470828503,0],[-3.5344379592269597,51.06922715283669,0],[-3.5370008836591027,51.07004207140259,0],[-3.537753304742822,51.07004404975608,0],[-3.5382164693560885,51.069854320821456,0],[-3.538395893992473,51.0694283899448,0],[-3.538851396738884,51.069093971626906,0],[-3.539528879905334,51.06885968870489,0],[-3.54005398998237,51.06893712808048,0],[-3.540233567143223,51.0687829606402,0],[-3.539329720970765,51.0679074329559,0],[-3.5397638877454134,51.067184433362335,0],[-3.537269391851277,51.06524732449111,0]]},"properties":{"FID_1":3766,"openrivers":"River Exe","CaBACatchm":"East Devon","SAP":"Yes","SAC":"No","Shape__Len":2385.23048433,"riverName":"Exe","riverType":"Principal salmon river","salmonStat":"At risk","OrgName":""}},{"type":"Feature","geometry":{"bbox":[-3.533713622059986,50.86930521408343,-3.524335791792737,50.87366332741602],"type":"LineString","coordinates":[[-3.533713622059986,50.87340148614099,0],[-3.5333996521103637,50.87334967515655,0],[-3.5325875600913514,50.87366332741602,0],[-3.532312688460133,50.87326970691468,0],[-3.5318931758192056,50.873146073112736,0],[-3.531726573363624,50.87321472043655,0],[-3.5318075378136324,50.8734254479727,0],[-3.531337939146797,50.873456164012644,0],[-3.5309220538668122,50.873031295930474,0],[-3.531095332451141,50.8727587755988,0],[-3.530709203874736,50.87252165456377,0],[-3.5302882354614806,50.8726004716681,0],[-3.5299407559961393,50.872284779940216,0],[-3.5294941701324682,50.872388571554986,0],[-3.5287757840420055,50.872130708286136,0],[-3.5287578133912314,50.871950809407174,0],[-3.5283243047372976,50.87197645391316,0],[-3.5280265989910173,50.871691490847475,0],[-3.5274023525340765,50.87187782072893,0],[-3.5264941748195344,50.87155695726862,0],[-3.5260106152814052,50.87092512364646,0],[-3.526299017211762,50.87071288804852,0],[-3.5260641458870894,50.8705321388549,0],[-3.5263519505680114,50.8703930258684,0],[-3.525336232579677,50.87002463712021,0],[-3.52496653590995,50.869649326154395,0],[-3.5243548800724764,50.86960264056874,0],[-3.524335791792737,50.86930521408343,0],[-3.524746802513522,50.86935731005805,0]]},"properties":{"FID_1":4129,"openrivers":"River Dart","CaBACatchm":"East Devon","SAP":"Yes","SAC":"No","Shape__Len":1808.05036215,"riverName":"Exe","riverType":"Principal salmon river","salmonStat":"At risk","OrgName":""}},{"type":"Feature","geometry":{"bbox":[-3.695279965549808,51.14531654442262,-3.684169982905275,51.15019940121813],"type":"LineString","coordinates":[[-3.695279965549808,51.15019940121813,0],[-3.692354113439063,51.149724175716706,0],[-3.6918829295686817,51.14888206550631,0],[-3.6900634920321025,51.14746898468017,0],[-3.6893977605115134,51.147311522447744,0],[-3.688326244251347,51.14671063327194,0],[-3.686734006990624,51.14645376734305,0],[-3.6859502046508763,51.14609223191699,0],[-3.6848016528667547,51.146000522669844,0],[-3.684243954660021,51.145734458353935,0],[-3.684169982905275,51.14531654442262,0]]},"properties":{"FID_1":3870,"openrivers":"River Exe","CaBACatchm":"East Devon","SAP":"Yes","SAC":"No","Shape__Len":1629.16570689,"riverName":"Exe","riverType":"Principal salmon river","salmonStat":"At risk","OrgName":""}},{"type":"Feature","geometry":{"bbox":[-3.591627767085777,50.90478854521674,-3.5901235099592204,50.906390439638066],"type":"LineString","coordinates":[[-3.591627767085777,50.906390439638066,0],[-3.5915585170372566,50.906315929841185,0],[-3.5914494495722358,50.90620764691999,0],[-3.5915202812444478,50.90600717197137,0],[-3.591598876109134,50.9057520404424,0],[-3.5913702648808825,50.90540468789569,0],[-3.591358468900129,50.90524817136042,0],[-3.591127636194519,50.905027252311314,0],[-3.59102860762435,50.90497028346155,0],[-3.5907772434474063,50.90500133252056,0],[-3.590453871545882,50.90491365609805,0],[-3.5901235099592204,50.90478854521674,0]]},"properties":{"FID_1":4144,"openrivers":"River Dart","CaBACatchm":"East Devon","SAP":"Yes","SAC":"No","Shape__Len":386.2993892878681,"riverName":"Exe","riverType":"Principal salmon river","salmonStat":"At risk","OrgName":""}},{"type":"Feature","geometry":{"bbox":[-3.4963680557993273,50.913907279973365,-3.4946379579266096,50.91496174331174],"type":"LineString","coordinates":[[-3.4963680557993273,50.91496174331174,0],[-3.4958832943907114,50.914919311515334,0],[-3.4946379579266096,50.913907279973365,0]]},"properties":{"FID_1":3620,"openrivers":"River Exe","CaBACatchm":"East Devon","SAP":"Yes","SAC":"No","Shape__Len":280.63904606238304,"riverName":"Exe","riverType":"Principal salmon river","salmonStat":"At risk","OrgName":""}},{"type":"Feature","geometry":{"bbox":[-3.513429133339481,50.84999267597813,-3.509662727514976,50.85445003860177],"type":"LineString","coordinates":[[-3.5133724252157346,50.85445003860177,0],[-3.513429133339481,50.85392427815745,0],[-3.5116769177745746,50.85162719325864,0],[-3.511715969296819,50.85143782929257,0],[-3.510770551488942,50.85060849006094,0],[-3.509662727514976,50.84999267597813,0]]},"properties":{"FID_1":3951,"openrivers":"River Exe","CaBACatchm":"East Devon","SAP":"Yes","SAC":"No","Shape__Len":920.636435788628,"riverName":"Exe","riverType":"Principal salmon river","salmonStat":"At risk","OrgName":""}},{"type":"Feature","geometry":{"bbox":[-3.5215669681317645,50.86324140495289,-3.521038066008839,50.86355097964196],"type":"LineString","coordinates":[[-3.5215669681317645,50.86355097964196,0],[-3.521038066008839,50.86324140495289,0]]},"properties":{"FID_1":4112,"openrivers":"River Dart","CaBACatchm":"East Devon","SAP":"Yes","SAC":"No","Shape__Len":80.29712831422295,"riverName":"Exe","riverType":"Principal salmon river","salmonStat":"At risk","OrgName":""}},{"type":"Feature","geometry":{"bbox":[-3.5244714690637684,50.70806194645241,-3.5163302899521836,50.71371350499135],"type":"LineString","coordinates":[[-3.5244714690637684,50.71371350499135,0],[-3.523050517780141,50.712379201564225,0],[-3.5218254520111403,50.71157563381729,0],[-3.5187005135189997,50.710458404420166,0],[-3.51655177465241,50.70855244246657,0],[-3.5163302899521836,50.70806194645241,0]]},"properties":{"FID_1":4044,"openrivers":"River Exe","CaBACatchm":"East Devon","SAP":"Yes","SAC":"No","Shape__Len":1380.10700866,"riverName":"Exe","riverType":"Principal salmon river","salmonStat":"At risk","OrgName":""}},{"type":"Feature","geometry":{"bbox":[-3.6446820087817082,51.089154760224055,-3.630321248789406,51.10726392525714],"type":"LineString","coordinates":[[-3.6446820087817082,51.10726392525714,0],[-3.643620512486904,51.10723686908771,0],[-3.6426909992945045,51.106943465063864,0],[-3.642155460583675,51.10528298510388,0],[-3.641998052214272,51.10404956813243,0],[-3.642449324056682,51.102978369561995,0],[-3.6417956620035636,51.10192513282533,0],[-3.6433083150473156,51.098537617847356,0],[-3.643259541694743,51.09818110330508,0],[-3.642721722973429,51.09759432292758,0],[-3.6418542925234436,51.09720929950485,0],[-3.6408764945797136,51.095775710804766,0],[-3.64020878388363,51.09551619894996,0],[-3.638905473111332,51.095351396081135,0],[-3.6382373938680055,51.094988009264426,0],[-3.637845828246767,51.094483598811614,0],[-3.638138487605961,51.09375708911875,0],[-3.6402074174750174,51.09241777854985,0],[-3.6406323483109726,51.09197609795251,0],[-3.6408410338987935,51.09117826463497,0],[-3.640684830638738,51.090819654778585,0],[-3.6398503583413793,51.09023171155178,0],[-3.637368083727517,51.089156152459275,0],[-3.636761578230682,51.089154760224055,0],[-3.635445666803235,51.08946133188711,0],[-3.634842552011922,51.09001808589506,0],[-3.6352535779895687,51.09138441412117,0],[-3.63498728443203,51.09162439138011,0],[-3.6350932817856,51.09192111974371,0],[-3.6345033912694054,51.092781014891806,0],[-3.6338201778506285,51.092995162737594,0],[-3.632521760192248,51.092784084558616,0],[-3.6319315683669426,51.09288235081745,0],[-3.6309855566427127,51.09261696037228,0],[-3.630455078102559,51.092102591821906,0],[-3.630668559205596,51.09135084417799,0],[-3.630321248789406,51.09090765432826,0]]},"properties":{"FID_1":3856,"openrivers":"River Barle","CaBACatchm":"East Devon","SAP":"Yes","SAC":"No","Shape__Len":5635.62402228,"riverName":"Exe","riverType":"Principal salmon river","salmonStat":"At risk","OrgName":""}},{"type":"Feature","geometry":{"bbox":[-3.5195620059776083,50.77479494178556,-3.5192580844368657,50.77522284256848],"type":"LineString","coordinates":[[-3.5195620059776083,50.77522284256848,0],[-3.5192580844368657,50.77479494178556,0]]},"properties":{"FID_1":3987,"openrivers":"River Exe","CaBACatchm":"East Devon","SAP":"Yes","SAC":"No","Shape__Len":82.57504038600192,"riverName":"Exe","riverType":"Principal salmon river","salmonStat":"At risk","OrgName":""}},{"type":"Feature","geometry":{"bbox":[-3.495509116092536,50.892542619113954,-3.4900214770778204,50.89770457105756],"type":"LineString","coordinates":[[-3.4900214770778204,50.89770457105756,0],[-3.491635742828254,50.895090293877445,0],[-3.4927464661784953,50.893956512767765,0],[-3.4932627861112313,50.89356552998626,0],[-3.4947053771748813,50.89306886913675,0],[-3.495509116092536,50.892542619113954,0]]},"properties":{"FID_1":3898,"openrivers":"River Exe","CaBACatchm":"East Devon","SAP":"Yes","SAC":"No","Shape__Len":1132.09839324,"riverName":"Exe","riverType":"Principal salmon river","salmonStat":"At risk","OrgName":""}},{"type":"Feature","geometry":{"bbox":[-3.5413488134712305,50.87340148614099,-3.533713622059986,50.88452578633722],"type":"LineString","coordinates":[[-3.5413488134712305,50.88452578633722,0],[-3.540812967673167,50.88396098276455,0],[-3.5410940613920507,50.883712205909724,0],[-3.5410188152871167,50.88318125020846,0],[-3.5402403910541422,50.88245057430984,0],[-3.5401755139364144,50.881897447788006,0],[-3.5398262833353282,50.88184306058711,0],[-3.5401306999654114,50.881487048734535,0],[-3.5395704720504053,50.881371143545735,0],[-3.539342180879853,50.88101802320559,0],[-3.539724637459844,50.88077402782906,0],[-3.539055545220979,50.880210164920484,0],[-3.539204721042055,50.8792460120027,0],[-3.538815440703997,50.87924386118934,0],[-3.5385526086349195,50.87901107448941,0],[-3.538829952212304,50.87864903753906,0],[-3.538729288684661,50.878070391484655,0],[-3.53899435762344,50.87776310479806,0],[-3.538401970800129,50.877467843691875,0],[-3.538328299160566,50.877061061781916,0],[-3.5393270764077176,50.877089080461936,0],[-3.5395543578009026,50.87673102939929,0],[-3.5383553897605657,50.876399162556,0],[-3.53817394122195,50.876207030754685,0],[-3.537881758074723,50.87643328426053,0],[-3.537559388500474,50.87634724010251,0],[-3.53736102561552,50.87652630068387,0],[-3.537300984038528,50.87603237403181,0],[-3.537667069552296,50.8758964295063,0],[-3.537599501087546,50.87535961451092,0],[-3.536702010137604,50.87509111759869,0],[-3.53602053938717,50.87526646429327,0],[-3.5359855965313174,50.875003602499895,0],[-3.535531413704934,50.875066866608535,0],[-3.5355915425117352,50.87467370083822,0],[-3.53584019083636,50.87454991932659,0],[-3.535630639477327,50.87422883090982,0],[-3.534527982388347,50.873914094030106,0],[-3.5346143050474312,50.87350466622763,0],[-3.533819678810415,50.87359695368643,0],[-3.533713622059986,50.87340148614099,0]]},"properties":{"FID_1":4133,"openrivers":"River Dart","CaBACatchm":"East Devon","SAP":"Yes","SAC":"No","Shape__Len":3116.97946508,"riverName":"Exe","riverType":"Principal salmon river","salmonStat":"At risk","OrgName":""}},{"type":"Feature","geometry":{"bbox":[-3.574088873773956,51.097123007427406,-3.5547459062601883,51.111810267461884],"type":"LineString","coordinates":[[-3.5730452516838915,51.111810267461884,0],[-3.5725416958867053,51.11126433391154,0],[-3.572289434589684,51.11057509127857,0],[-3.57299559107151,51.10990632916965,0],[-3.5737540468874265,51.109616989448796,0],[-3.574088873773956,51.10855680772553,0],[-3.573910808591987,51.10765928059644,0],[-3.5714156196245304,51.10666070284488,0],[-3.570124549995641,51.10518943704222,0],[-3.5691946410932114,51.10466224765315,0],[-3.5683743478391485,51.10440615724737,0],[-3.5668494951180882,51.10428692875659,0],[-3.5647553737303563,51.10517234117587,0],[-3.5637630557196527,51.10537149245189,0],[-3.5627499485530003,51.10534420132032,0],[-3.5625955826111504,51.10507458688508,0],[-3.562770761876571,51.1034671896645,0],[-3.5622135063356963,51.10240258513554,0],[-3.5606843971375994,51.101705088035374,0],[-3.5593221905761987,51.10216282616905,0],[-3.558927520948687,51.10137688821296,0],[-3.5584566557115305,51.10096642938126,0],[-3.5579638941575182,51.10098342423662,0],[-3.5575550799026434,51.10135622860757,0],[-3.557309505419885,51.10112532200146,0],[-3.5574615761652044,51.10072464129057,0],[-3.556448218893779,51.1006612377727,0],[-3.5547459062601883,51.10001605810034,0],[-3.5549601509769357,51.09914800114261,0],[-3.555649366718908,51.09855088083592,0],[-3.5552726199471,51.09766208259321,0],[-3.555667840973172,51.097123007427406,0]]},"properties":{"FID_1":3725,"openrivers":"River Exe","CaBACatchm":"East Devon","SAP":"Yes","SAC":"No","Shape__Len":4679.98626444,"riverName":"Exe","riverType":"Principal salmon river","salmonStat":"At risk","OrgName":""}}],"fileName":"Salmon Migration Data/Exe_Salmon_Sites"}